warning: Git tree '/Users/matt/code/ztls' is dirty
evaluation warning: stdenv.isLinux is deprecated, use stdenv.hostPlatform.isLinux instead
0.16.0
zig build test --summary all
errq-alloc-check: early client abort
errq-alloc-check: early server abort
errq-alloc-check: ok (allocs 113313, frees 107383, live 5930)
ztest: Running 850 tests...
[1/850] PASS: test_0 (529.27ms)
[2/850] PASS: Wycheproof: X25519 shared secret tcId 1 (530.01ms)
[3/850] PASS: Wycheproof boundary: X25519 identity element is rejected (530.07ms)
[4/850] PASS: Wycheproof boundary: X25519 small-order public key is rejected (530.14ms)
[5/850] PASS: Wycheproof: AES-128-GCM AAD/tag handling tcId 2 (530.36ms)
[6/850] PASS: Wycheproof boundary: AES-256-GCM AAD/tag handling (530.37ms)
[7/850] PASS: Wycheproof: ChaCha20-Poly1305 one-byte message tcId 4 (530.38ms)
[8/850] PASS: Wycheproof boundary: ChaCha20-Poly1305 AAD handling (530.40ms)
[9/850] PASS: OpenSSL s_server interoperates with ztls client (610.16ms)
[10/850] PASS: OpenSSL s_server interoperates with ztls P-384 client (640.23ms)
[11/850] PASS: OpenSSL s_server interoperates with ztls RFC 10024 client groups (714.62ms)
[12/850] PASS: ztls client resumes with OpenSSL s_server (PSK resumption) (741.10ms)
[13/850] PASS: ztls client sends 0-RTT early data to OpenSSL s_server (767.38ms)
[14/850] PASS: OpenSSL s_client interoperates with ztls server (806.31ms)
[15/850] PASS: OpenSSL s_client resumes with ztls server-issued ticket (831.77ms)
[16/850] PASS: OpenSSL s_client interoperates with ztls P-384 server (847.87ms)
[17/850] PASS: OpenSSL s_client interoperates with ztls RFC 10024 server groups (889.71ms)
[18/850] PASS: OpenSSL s_client with -cert interoperates with ztls server (required client auth) (906.44ms)
[19/850] PASS: ztls client with credentials interoperates with OpenSSL s_server -Verify (933.25ms)
[20/850] PASS: ztls-to-ztls TCP KeyUpdate round trip with ChaCha20-Poly1305 (976.12ms)
[21/850] PASS: backend.x25519: RFC 7748 §5.2 shared secret (976.20ms)
[22/850] PASS: backend.x25519: RFC 7748 §6.1 mutual key agreement (976.32ms)
[23/850] PASS: backend.x25519: Wycheproof tcId 1 shared secret (976.38ms)
[24/850] PASS: backend.x25519: all-zero public key is rejected (IdentityElement) (976.44ms)
[25/850] PASS: backend.x25519: small-order public key is rejected (IdentityElement) (976.50ms)
[26/850] PASS: backend.aead: round-trip for every advertised cipher suite (976.52ms)
[27/850] PASS: backend.aead: tag corruption is rejected for every advertised cipher suite (976.54ms)
[28/850] PASS: backend.aead: ciphertext corruption is rejected for every advertised cipher suite (976.55ms)
[29/850] PASS: backend.aead: Wycheproof AES-128-GCM tcId 2 (976.56ms)
[30/850] PASS: backend.aead: Wycheproof AES-256-GCM AAD boundary (976.57ms)
[31/850] PASS: backend.aead: Wycheproof ChaCha20-Poly1305 AAD boundary (976.59ms)
[32/850] PASS: backend.aead: ChaCha20-Poly1305 RFC 8439 §2.8.2 known-answer vector (976.60ms)
[33/850] PASS: backend.p256: mutual key agreement with fixed scalars (976.82ms)
[34/850] PASS: backend.p256: non-04 SEC1 prefix is rejected (976.85ms)
[35/850] PASS: backend.p256: off-curve point is rejected (976.86ms)
[36/850] PASS: backend.p256: zero scalar private key is rejected (976.87ms)
[37/850] PASS: backend.p256: Wycheproof tcId 1 shared secret (976.97ms)
[38/850] PASS: backend.p384: mutual key agreement with fixed scalars (980.47ms)
[39/850] PASS: backend.p384: non-04 SEC1 prefix is rejected (981.60ms)
[40/850] PASS: backend.p384: off-curve point is rejected (981.62ms)
[41/850] PASS: backend.p384: zero scalar private key is rejected (981.63ms)
[42/850] PASS: backend.p384: Wycheproof tcId 1 shared secret (983.36ms)
[43/850] PASS: backend.sign: RSA-PSS SHA-256 sign/verify round-trip (984.68ms)
[44/850] PASS: backend.sign: RSA-PSS SHA-256 rejects tampered signature (985.59ms)
[45/850] PASS: backend.sign: RSA-PSS SHA-384 sign/verify round-trip and tamper rejection (986.51ms)
[46/850] PASS: backend.sign: ECDSA P-256 SHA-256 sign/verify round-trip (986.66ms)
[47/850] PASS: backend.sign: ECDSA P-256 SHA-256 rejects tampered signature (986.74ms)
[48/850] PASS: backend.sign: ECDSA P-384 SHA-384 sign/verify round-trip and tamper rejection (989.02ms)
[49/850] PASS: backend.sign: BufferTooShort on undersized output (989.06ms)
[50/850] PASS: backend.sign: key/scheme mismatch is a libcrypto failure (989.10ms)
[51/850] PASS: backend.sign: Wycheproof RSA-PSS tcId 3 verify (989.15ms)
[52/850] PASS: backend.sign: Wycheproof RSA-PSS tcId 62 invalid signature (989.20ms)
[53/850] PASS: backend.sign: Wycheproof ECDSA P-256 tcId 1 verify (989.28ms)
[54/850] PASS: backend.sign: Wycheproof ECDSA P-256 tcId 6 invalid signature (989.31ms)
[55/850] PASS: backend.sign: Wycheproof ECDSA P-384 tcId 1 verify (989.83ms)
[56/850] PASS: backend.sign: Wycheproof ECDSA P-384 tcId 6 invalid signature (989.87ms)
[57/850] PASS: backend error-queue hygiene: malformed EC public key leaves no residue (#88) (989.88ms)
[58/850] PASS: backend error-queue hygiene: caller queue entries survive a failing wrapper (#88) (990.14ms)
[59/850] PASS: backend error-queue hygiene: scalar key load does not nest guards (#88) (990.22ms)
[60/850] PASS: backend error-queue hygiene: repeated failures leave the queue empty each round (#88) (990.31ms)
[61/850] PASS: backend error-queue hygiene: successful key load preserves caller entries (#88) (990.41ms)
[62/850] PASS: backend error-queue hygiene: failed signature verification leaves no residue (#88) (990.46ms)
[63/850] PASS: backend error-queue hygiene: failed record decrypt leaves no residue (#88) (990.47ms)
[64/850] PASS: backend error-queue hygiene: failed decrypt preserves caller entries exactly (#88) (990.55ms)
[65/850] PASS: backend error-queue hygiene: DER key load preservation is lane-dependent (#88) (990.67ms)
[66/850] PASS: backend error-queue hygiene: scheme inference preserves caller entries (#112) (990.77ms)
[67/850] PASS: backend error-queue hygiene: declined encrypted PEM loads leave no residue (#114) (990.84ms)
[68/850] PASS: backend error-queue hygiene: cert/key mismatch preservation is lane-dependent (#113) (991.06ms)
[69/850] PASS: RFC 5280 §4.2.1.10 name-constraint verdicts vs OpenSSL 3.6.3 ground truth (991.56ms)
[70/850] PASS: fuzz: verifyNameConstraints handles arbitrary NameConstraints and SAN DER (991.79ms)
[71/850] PASS: capi: ztls_version returns a non-empty string (991.79ms)
[72/850] PASS: capi: insecure client init is explicitly named (991.80ms)
[73/850] PASS: capi: size and alignment are non-zero and sane (991.80ms)
[74/850] PASS: capi: NULL parameters are rejected (991.81ms)
[75/850] PASS: capi: full client handshake through the C ABI (992.47ms)
[76/850] PASS: capi: send_application_data before connected fails (992.53ms)
[77/850] PASS: capi: KeyUpdate response is surfaced as a write event (993.10ms)
[78/850] PASS: capi: KeyUpdate without response maps to none without pending write (993.64ms)
[79/850] PASS: capi: NewSessionTicket maps to none without pending write (994.18ms)
[80/850] PASS: encrypt: rejects mismatched plaintext and ciphertext lengths (994.18ms)
[81/850] PASS: decrypt: rejects mismatched plaintext and ciphertext lengths (994.19ms)
[82/850] PASS: Aes128Gcm: encrypt/decrypt round-trip (994.20ms)
[83/850] PASS: Aes256Gcm: encrypt/decrypt round-trip (994.21ms)
[84/850] PASS: ChaCha20Poly1305: encrypt/decrypt round-trip (994.22ms)
[85/850] PASS: ChaCha20Poly1305: RFC 8439 known-answer vector (994.23ms)
[86/850] PASS: ChaCha20Poly1305: empty plaintext known-answer vector (994.24ms)
[87/850] PASS: ChaCha20Poly1305: authentication failure on tampered ciphertext (994.25ms)
[88/850] PASS: ChaCha20Poly1305: authentication failure on tampered tag (994.26ms)
[89/850] PASS: ChaCha20Poly1305: authentication failure on tampered ad (994.27ms)
[90/850] PASS: decrypt: authentication failure on tampered ciphertext (994.27ms)
[91/850] PASS: decrypt: authentication failure on tampered tag (994.28ms)
[92/850] PASS: decrypt: authentication failure on tampered ad (994.29ms)
[93/850] PASS: construct: seq 0 is just the IV (994.29ms)
[94/850] PASS: construct: seq increments flip the right bytes (994.30ms)
[95/850] PASS: construct: XOR with non-zero IV (994.31ms)
[96/850] PASS: construct: seq max u64 produces expected nonce (994.32ms)
[97/850] PASS: parse: close_notify (994.32ms)
[98/850] PASS: parse: warning-level error alert is fatal (994.33ms)
[99/850] PASS: parse: unknown alert description is fatal (994.33ms)
[100/850] PASS: parse: user_canceled is not fatal (994.34ms)
[101/850] PASS: parse: truncated (994.34ms)
[102/850] PASS: parse: rejects coalesced alert bytes (994.35ms)
[103/850] PASS: encode (994.35ms)
[104/850] PASS: fuzz: parse handles arbitrary input (994.50ms)
[105/850] PASS: alertForError: certificate failures map to certificate alerts (994.51ms)
[106/850] PASS: alertForError: parser and semantic failures map to protocol alerts (994.51ms)
[107/850] PASS: alertForError: provider failure maps to internal_error (994.52ms)
[108/850] PASS: alertForError: unknown error maps to internal_error (994.52ms)
[109/850] PASS: parse: oversized cert_len does not overflow bounds check (994.53ms)
[110/850] PASS: parseClientCertificate: oversized ctx_len does not overflow (994.53ms)
[111/850] PASS: parse: extracts public key from ECDSA P-256 certificate (994.55ms)
[112/850] PASS: parse: wrong handshake type (994.56ms)
[113/850] PASS: parse: rejects mismatched Certificate handshake body length (994.57ms)
[114/850] PASS: encodeWithRequestContext: encodes empty client certificate list (994.57ms)
[115/850] PASS: encodeWithRequestContext: rejects oversized request context (994.58ms)
[116/850] PASS: parseClientCertificate: accepts empty certificate with matching context (994.59ms)
[117/850] PASS: parseClientCertificate: rejects mismatched request context (994.59ms)
[118/850] PASS: parse: rejects non-empty server certificate request context (994.60ms)
[119/850] PASS: parse: rejects empty certificate list (994.60ms)
[120/850] PASS: parse: rejects certificate list length shorter than entries (994.61ms)
[121/850] PASS: encode: round trips certificate chain (1001.54ms)
[122/850] PASS: parse: rejects unsupported CertificateEntry status_request (1.55ms)
[123/850] PASS: parse: rejects unsupported CertificateEntry SCT (1.55ms)
[124/850] PASS: parse: rejects forbidden CertificateEntry status_request_v2 (1.56ms)
[125/850] PASS: parse: rejects duplicate CertificateEntry status_request (1.57ms)
[126/850] PASS: parse: rejects malformed CertificateEntry extension length (1.57ms)
[127/850] PASS: parse: ignores unknown CertificateEntry extension (1.58ms)
[128/850] PASS: parse: validates hostname (1.59ms)
[129/850] PASS: parse: rejects hostname mismatch (1.60ms)
[130/850] PASS: parse: rejects missing trust anchor by default (1.61ms)
[131/850] PASS: parse: validates leaf against trust bundle (8.80ms)
[132/850] PASS: parse: validates leaf-intermediate-root chain (22.69ms)
[133/850] PASS: parse: rejects end-entity certificate used as issuer (22.79ms)
[134/850] PASS: parse: rejects chain with intermediate before leaf (22.88ms)
[135/850] PASS: parse: anchors chain below a cross-signed root (43.49ms)
[136/850] PASS: parse: rejects cross-signed root without a bundle anchor below it (57.18ms)
[137/850] PASS: parse: rejects chain with missing intermediate (57.27ms)
[138/850] PASS: parse: rejects chain hostname mismatch (57.36ms)
[139/850] PASS: parse: rejects untrusted leaf when bundle misses issuer (57.37ms)
[140/850] PASS: parse: accepts chain with matching DNS name constraints (71.11ms)
[141/850] PASS: parse: rejects chain with excluded DNS name constraints (84.92ms)
[142/850] PASS: parse: rejects chain outside permitted DNS name constraints (98.78ms)
[143/850] PASS: parse: insecure no-anchor path still enforces name constraints (105.63ms)
[144/850] PASS: parse: rejects signed unprocessed critical extension for both roles (105.72ms)
[145/850] PASS: parse: accepts signed noncritical extension and supported critical extensions (133.32ms)
[146/850] PASS: parse: rejects signed SAN with an invalid wrapper (133.43ms)
[147/850] PASS: parse: rejects chain exceeding pathLenConstraint zero (154.23ms)
[148/850] PASS: parse: accepts pathLenConstraint zero with a CA target (168.01ms)
[149/850] PASS: parse: rejects chain exceeding pathLenConstraint one (195.49ms)
[150/850] PASS: parse: accepts chain at pathLenConstraint one (216.10ms)
[151/850] PASS: parse: imposes no path-length limit when pathLenConstraint is absent (236.81ms)
[152/850] PASS: parse: enforces the tightest of multiple pathLenConstraints (264.35ms)
[153/850] PASS: parse: accepts multiple satisfied pathLenConstraints (285.02ms)
[154/850] PASS: parse: self-issued intermediate does not consume path length (305.75ms)
[155/850] PASS: parse: intermediate below a self-issued certificate still counts (333.48ms)
[156/850] PASS: parse: trust anchor pathLenConstraint limits intermediates below it (354.29ms)
[157/850] PASS: parse: trust anchor pathLenConstraint satisfied (368.01ms)
[158/850] PASS: parse: certificates above the anchored path are outside the path (395.45ms)
[159/850] PASS: parse: cross-signed root constraint binds inside the anchored path (423.06ms)
[160/850] PASS: parseClientChain: rejects client chain exceeding pathLenConstraint zero (443.82ms)
[161/850] PASS: parseClientChain: accepts client chain at pathLenConstraint zero (457.71ms)
[162/850] PASS: parse: insecure no-anchor path still enforces pathLenConstraint (471.46ms)
[163/850] PASS: parse: insecure no-anchor path accepts constrained chain with self-issued steps (485.27ms)
[164/850] PASS: parse: malformed DER length is rejected, not crashed (485.27ms)
[165/850] PASS: certificate_policy.verifyServerAuth: non-v3 certificates are rejected (485.28ms)
[166/850] PASS: certificate_policy.verifyServerAuth: KeyUsage without digitalSignature is rejected (485.29ms)
[167/850] PASS: certificate_policy.verifyServerAuth: EKU without serverAuth is rejected (485.29ms)
[168/850] PASS: certificate_policy.verifyClientAuth: EKU without clientAuth is rejected (485.30ms)
[169/850] PASS: certificate_policy.verifyClientAuth: KeyUsage without digitalSignature is rejected (485.30ms)
[170/850] PASS: certificate_policy.verifyClientAuth: clientAuth EKU is accepted (485.31ms)
[171/850] PASS: certificate_policy.verifyServerAuth: legacy certificate signatures are rejected (485.32ms)
[172/850] PASS: certificate_policy.verifyServerAuth: RSA PKCS1 SHA-256 certificate signature is accepted (485.32ms)
[173/850] PASS: certificate_policy: Ed25519 chain signature algorithm accepted when advertised (485.33ms)
[174/850] PASS: certificate_policy: Ed25519 chain signature algorithm rejected when not advertised (485.33ms)
[175/850] PASS: parse: Ed25519 self-signed certificate verified via std.crypto (485.34ms)
[176/850] PASS: certificate_policy.verifyServerAuth: rejects certificate signature outside policy (485.35ms)
[177/850] PASS: certificate signature policy checks non-self-signed chain certificates (485.35ms)
[178/850] PASS: certificate signature policy skips self-signed chain certificates (485.36ms)
[179/850] PASS: certificate_policy.verifyServerAuth: unrestricted supported leaf is accepted (485.37ms)
[180/850] PASS: encodeCertificateVerify: wraps signature (485.37ms)
[181/850] PASS: verifySignature: valid ECDSA P-256 signature (485.50ms)
[182/850] PASS: verifySignature: valid RSA-PSS SHA-256 signature (485.56ms)
[183/850] PASS: verifySignature: rejects RSA-PSS signature with wrong salt length (485.61ms)
[184/850] PASS: verifySignature: wrong transcript hash (485.69ms)
[185/850] PASS: verifySignature: rejects scheme absent from offered list (485.70ms)
[186/850] PASS: verifySignature: client CV rejects scheme absent from offered list (485.71ms)
[187/850] PASS: verifySignature: rejects RSA PKCS1 CertificateVerify scheme (485.72ms)
[188/850] PASS: verifySignature: rejects certificate key and scheme mismatch (485.74ms)
[189/850] PASS: verifySignature: server signature is not valid for client context (485.82ms)
[190/850] PASS: verifySignature: wrong handshake type (485.83ms)
[191/850] PASS: parse: extracts critical name constraints (485.85ms)
[192/850] PASS: parse: extracts non-critical name constraints (485.86ms)
[193/850] PASS: fuzz: parse handles arbitrary input (485.93ms)
[194/850] PASS: CertificateChain: single certificate view (485.94ms)
[195/850] PASS: CertificateChain.fromPem: decodes a certificate chain (485.96ms)
[196/850] PASS: CertificateChain.fromPem: rejects malformed input (485.97ms)
[197/850] PASS: CertificateChain.fromPem: rejects exhausted caller storage (485.98ms)
[198/850] PASS: fuzz: CertificateChain.fromPem handles arbitrary input (486.05ms)
[199/850] PASS: active backend identity matches the private provider facade (486.06ms)
[200/850] PASS: hybrid capability queries match the active backend (486.06ms)
[201/850] PASS: validateHybridGroups reports local policy faults (486.07ms)
[202/850] PASS: requiresP384 identifies only P-384 hybrid policy (486.08ms)
[203/850] PASS: CipherSuite wire values (486.09ms)
[204/850] PASS: PskOfferIter: walks identity/binder pairs in offer order (486.09ms)
[205/850] PASS: PskOfferIter: rejects oversized lengths (486.10ms)
[206/850] PASS: PskOfferIter: rejects a slack-byte identities vector (486.10ms)
[207/850] PASS: PskOfferIter: rejects more binders than identities (486.11ms)
[208/850] PASS: encode: size matches encodedLen (486.12ms)
[209/850] PASS: encodeWithPsk: pre_shared_key is last, binder prefix and offset are correct (486.12ms)
[210/850] PASS: encodeWithPsk: rejects unsupported binder length (486.13ms)
[211/850] PASS: parse: ClientHello with pre_shared_key round-trips (486.14ms)
[212/850] PASS: encodeWithP256: size matches encodedLenWithP256 (486.15ms)
[213/850] PASS: encode: handshake type and legacy version (486.15ms)
[214/850] PASS: encode: cipher suites match backend capabilities (486.16ms)
[215/850] PASS: encode: legacy_session_id is empty (486.17ms)
[216/850] PASS: encode: supported_groups contains X25519 (486.17ms)
[217/850] PASS: encode: key_share contains public key (486.18ms)
[218/850] PASS: encodeWithP256: includes X25519 and secp256r1 key shares (486.19ms)
[219/850] PASS: encodeWithP256P384: includes X25519, secp256r1, and secp384r1 key shares (486.20ms)
[220/850] PASS: encodeWithP256P384: size matches encodedLenWithP256P384 (486.20ms)
[221/850] PASS: parse: accepts secp384r1 key share (487.36ms)
[222/850] PASS: parse: rejects compressed secp384r1 key share (487.37ms)
[223/850] PASS: encodeRetryAfterHrr: secp384r1 selected, no cookie (487.38ms)
[224/850] PASS: encode: SNI present when server_name set (487.39ms)
[225/850] PASS: encode: SNI absent when server_name is null (487.39ms)
[226/850] PASS: encode: supported_versions contains TLS 1.3 (487.40ms)
[227/850] PASS: encode: signature_algorithms match backend capabilities (487.41ms)
[228/850] PASS: encode: signature_algorithms_cert match backend capabilities (487.41ms)
[229/850] PASS: encode: ALPN present when protocols set (487.42ms)
[230/850] PASS: encode: rejects invalid ALPN protocols (487.43ms)
[231/850] PASS: parse: encoded ClientHello (487.44ms)
[232/850] PASS: parse: tracks offered SNI extension presence (487.44ms)
[233/850] PASS: parse: tracks offered record_size_limit extension presence (487.45ms)
[234/850] PASS: parse: accepts secp256r1 supported group and key share (487.49ms)
[235/850] PASS: parseSupportedGroups: records RFC 10024 groups (487.50ms)
[236/850] PASS: parse: rejects malformed X25519 key share (487.50ms)
[237/850] PASS: parse: rejects key share outside supported_groups (487.54ms)
[238/850] PASS: parse: rejects oversized legacy_session_id (487.55ms)
[239/850] PASS: parse: rejects SSLv3-or-lower legacy_version (487.56ms)
[240/850] PASS: parse: rejects missing supported_versions (487.56ms)
[241/850] PASS: parse: rejects supported_versions without TLS 1.3 (487.57ms)
[242/850] PASS: parse: rejects missing supported_groups (487.58ms)
[243/850] PASS: parse: rejects missing signature_algorithms (487.59ms)
[244/850] PASS: parse: rejects malformed signature_algorithms (487.59ms)
[245/850] PASS: parse: rejects signature_algorithms without TLS 1.3 handshake scheme (487.60ms)
[246/850] PASS: parse: rejects malformed ClientHello (487.61ms)
[247/850] PASS: parse: rejects malformed compression methods (487.62ms)
[248/850] PASS: parse: no shared supported group is rejected (487.63ms)
[249/850] PASS: parse: rejects duplicate x25519 key share entries (487.63ms)
[250/850] PASS: parseKeyShare: retains all RFC 10024 hybrid entries (487.65ms)
[251/850] PASS: encode: buffer too short (487.65ms)
[252/850] PASS: encode: server_name too long (487.66ms)
[253/850] PASS: parse: rejects duplicate supported_groups (487.66ms)
[254/850] PASS: parse: missing X25519 key share leaves public key null (487.67ms)
[255/850] PASS: parse: rejects duplicate signature_algorithms (487.68ms)
[256/850] PASS: parse: rejects duplicate signature_algorithms_cert (487.69ms)
[257/850] PASS: parse: ignores unknown extension (487.69ms)
[258/850] PASS: parse: ignores unknown supported_groups entries (487.70ms)
[259/850] PASS: fuzz: parse handles arbitrary input (487.77ms)
[260/850] PASS: encodeRetryAfterHrr: X25519 selected, no cookie (487.78ms)
[261/850] PASS: encodeRetryAfterHrr: preserves PSK key exchange mode (487.78ms)
[262/850] PASS: encodeRetryAfterHrr: secp256r1 selected, no cookie (487.79ms)
[263/850] PASS: encodeRetryAfterHrr: includes cookie when provided (487.80ms)
[264/850] PASS: encodeRetryAfterHrr: preserves SNI and ALPN from ClientHello1 (487.81ms)
[265/850] PASS: encodeRetryAfterHrr: rejects unsupported group (487.82ms)
[266/850] PASS: encodeRetryAfterHrr: missing configured hybrid share is a policy error (487.82ms)
[267/850] PASS: encodeWithHybridGroups: rejects unknown share group without panic (487.83ms)
[268/850] PASS: KEM key_share round-trip: ClientHello encode → parse preserves 1216-byte public key (487.85ms)
[269/850] PASS: parse: psk_key_exchange_modes list_len 0xFF rejected without overflow (487.86ms)
[270/850] PASS: SessionTicket.secureZero erases identity, PSK, and metadata (487.86ms)
[271/850] PASS: HybridPolicy.validate rejects an initial share outside its group list (487.87ms)
[272/850] PASS: Config.validate reports unavailable groups and missing P-384 material (487.93ms)
[273/850] PASS: start validates hybrid policy before key generation and output (488.07ms)
[274/850] PASS: transcript hash: RFC 8448 §3 ClientHello || ServerHello (488.12ms)
[275/850] PASS: deriveHandshakeKeys: RFC 8448 §3 server handshake key/iv/finished (488.20ms)
[276/850] PASS: processServerHello: RFC 8448 §3 installs server handshake keys (488.33ms)
[277/850] PASS: processServerHello: accepts secp256r1 key_share (488.52ms)
[278/850] PASS: processServerHello: rejects invalid secp256r1 point (488.59ms)
[279/850] PASS: processServerHello: rejects unoffered secp256r1 key_share (488.66ms)
[280/850] PASS: processServerHello: rejects mismatched session id echo (488.70ms)
[281/850] PASS: processServerHello: rejects unoffered cipher suite (488.77ms)
[282/850] PASS: processFlight: stores selected ALPN (488.89ms)
[283/850] PASS: processFlight: rejects unoffered ALPN (489.01ms)
[284/850] PASS: processFlight: rejects unanchored Certificate by default (489.59ms)
[285/850] PASS: processFlight: rejects non-empty server Certificate request context (489.99ms)
[286/850] PASS: processFlight: rejects empty server Certificate list (490.40ms)
[287/850] PASS: processFlight: rejects unsolicited EncryptedExtensions ALPN (490.52ms)
[288/850] PASS: processFlight: rejects unrequested server CertificateEntry status_request (490.92ms)
[289/850] PASS: processFlight: RFC 8448 §3 full server flight to connected (491.35ms)
[290/850] PASS: processFlight: rejects handshake message after server Finished (491.78ms)
[291/850] PASS: processFlight: handshake message spanning records needs buffer (492.19ms)
[292/850] PASS: processFlight: reassembles handshake message split across records (492.64ms)
[293/850] PASS: processFlight: buffered path rejects handshake message after server Finished (493.07ms)
[294/850] PASS: processFlight: RFC 8448 §3 flight split one message per record (493.50ms)
[295/850] PASS: handleRecord: malformed ServerHello is rejected (493.55ms)
[296/850] PASS: processFlight: rejects Finished before EncryptedExtensions (493.67ms)
[297/850] PASS: processFlight: rejects CertificateVerify before Certificate (494.08ms)
[298/850] PASS: processFlight: rejects Finished before CertificateVerify (494.48ms)
[299/850] PASS: processFlight: rejects unoffered CertificateVerify scheme (494.90ms)
[300/850] PASS: processFlight: rejects wrong CertificateVerify signature (495.32ms)
[301/850] PASS: processFlight: rejects wrong server Finished verify_data (495.75ms)
[302/850] PASS: handleRecord: plaintext fatal alert in wait_sh (495.82ms)
[303/850] PASS: handleRecord: malformed alert record does not set or replace lastPeerAlert (495.86ms)
[304/850] PASS: handleRecord: unknown alert codes are preserved (495.91ms)
[305/850] PASS: handleRecord: lastPeerAlert replaced by later alert, preserved by close/malformed (495.95ms)
[306/850] PASS: handleRecord: rejects ChangeCipherSpec before ClientHello (496.01ms)
[307/850] PASS: handleRecord: drops valid ChangeCipherSpec after ClientHello (496.06ms)
[308/850] PASS: handleRecord: rejects malformed ChangeCipherSpec payload (496.10ms)
[309/850] PASS: handleRecord: encrypted fatal alert during server flight (496.22ms)
[310/850] PASS: handleRecord: rejects server KeyUpdate before Finished (496.35ms)
[311/850] PASS: handleRecord: truncated encrypted flight is rejected (496.74ms)
[312/850] PASS: handleRecord: corrupted encrypted flight is rejected (497.14ms)
[313/850] PASS: handleRecord: post-handshake unexpected inner content type is rejected (497.62ms)
[314/850] PASS: handleRecord: encrypted application data during server flight is rejected (497.75ms)
[315/850] PASS: clientFinished: RFC 8448 §3 emits Finished and upgrades to app keys (498.21ms)
[316/850] PASS: processFlight: accepts CertificateRequest before server Certificate (498.61ms)
[317/850] PASS: processFlight: rejects non-empty handshake CertificateRequest context (499.00ms)
[318/850] PASS: clientFinished: sends empty Certificate before Finished for CertificateRequest (499.46ms)
[319/850] PASS: clientFinished: empty CertificateRequest with no credentials still finishes (499.93ms)
[320/850] PASS: client auth: setCredentials stores client credentials (500.01ms)
[321/850] PASS: ratchetClientKey: RFC 8446 §7.2 next application write key (500.48ms)
[322/850] PASS: handleRecord: application data resets both post-handshake flood counters (500.96ms)
[323/850] PASS: receiveRecord: RX progresses while a client TX record is pending (501.43ms)
[324/850] PASS: receiveKtlsRecord: client processes kernel-decrypted records (501.92ms)
[325/850] PASS: receiveKtlsRecord: client finds KeyUpdate after NewSessionTicket (502.40ms)
[326/850] PASS: ratchetKtlsTx: client advances only an idle TX epoch (502.87ms)
[327/850] PASS: handleRecord: server KeyUpdate(update_requested) ratchets rx and responds (503.36ms)
[328/850] PASS: handleRecord: KeyUpdate not at record boundary is rejected (503.83ms)
[329/850] PASS: handleRecord: invalid server KeyUpdate request is rejected (504.33ms)
[330/850] PASS: handleRecord: server KeyUpdate(update_not_requested) surfaces key_update rx only (504.82ms)
[331/850] PASS: handleRecord: self-initiated sendKeyUpdate response surfaces rx only (505.30ms)
[332/850] PASS: sendAlert: plaintext fatal alert before ServerHello (505.34ms)
[333/850] PASS: sendAlert: encrypted close_notify after handshake (505.81ms)
[334/850] PASS: handleRecord: close_notify returns closed (506.28ms)
[335/850] PASS: handleRecord: fatal alert returns PeerAlert (506.74ms)
[336/850] PASS: handleRecord: NewSessionTicket is surfaced as an event (507.23ms)
[337/850] PASS: clientFinished: RFC 8448 §4 resumption_master_secret over the live transcript (507.69ms)
[338/850] PASS: startWithPsk: binder matches an independent HMAC over the prefix (507.79ms)
[339/850] PASS: startWithPsk: advertises configured RFC 10024 key share (507.96ms)
[340/850] PASS: startWithPsk: ticket without early-data permission omits early_data (508.10ms)
[341/850] PASS: EncryptedExtensions: rejects early_data when server declined PSK (508.27ms)
[342/850] PASS: EncryptedExtensions: rejects early_data without early traffic keys (508.44ms)
[343/850] PASS: EncryptedExtensions: rejects early_data after HelloRetryRequest (508.60ms)
[344/850] PASS: processServerHello rejects selected PSK with incompatible cipher suite hash (508.80ms)
[345/850] PASS: handleRecord: PSK-offering client rejects bare Finished unless server selected PSK (509.23ms)
[346/850] PASS: handleRecord: accepts 17 consecutive NewSessionTickets (509.73ms)
[347/850] PASS: handleRecord: NewSessionTicket flood is rejected with ticket-specific error (510.24ms)
[348/850] PASS: handleRecord: malformed NewSessionTicket is rejected (510.71ms)
[349/850] PASS: handleRecord: KeyUpdate flood is rejected (511.44ms)
[350/850] PASS: handleRecord: empty application data does not reset flood counters (511.90ms)
[351/850] PASS: handleRecord: KeyUpdate flood cap fires despite empty app-data interleaving (512.69ms)
[352/850] PASS: start: uses Config host_name for SNI and policy (512.75ms)
[353/850] PASS: handleRecord: drives RFC 8448 §3 handshake to connected (513.23ms)
[354/850] PASS: handleRecord: unacknowledged write blocks further calls (513.69ms)
[355/850] PASS: sendEarlyData: unacknowledged write blocks further early data (513.79ms)
[356/850] PASS: handleRecord: zero-length plaintext handshake is rejected (513.83ms)
[357/850] PASS: handleRecord: zero-length encrypted handshake is rejected (513.95ms)
[358/850] PASS: handleRecord: all-zero inner plaintext maps to unexpected_message (514.42ms)
[359/850] PASS: handleRecord: application_data before ServerHello is rejected (514.47ms)
[360/850] PASS: HandshakeReader: splits coalesced messages (514.48ms)
[361/850] PASS: HandshakeReader: truncated body is UnexpectedEof (514.48ms)
[362/850] PASS: fuzz: HandshakeReader handles arbitrary input (514.53ms)
[363/850] PASS: fuzz: processFlight handles arbitrary decrypted bytes (515.06ms)
[364/850] PASS: fuzz: 0-RTT client state machine handles arbitrary inbound records (515.31ms)
[365/850] PASS: processHelloRetryRequest: rejects already-offered key_share group (515.35ms)
[366/850] PASS: processHelloRetryRequest: secp256r1 selected produces ClientHello2 (515.40ms)
[367/850] PASS: processHelloRetryRequest: transcript collapse matches §4.4.1 (515.45ms)
[368/850] PASS: processHelloRetryRequest: removes PSK with incompatible hash (515.61ms)
[369/850] PASS: processHelloRetryRequest: rejects second HRR (515.65ms)
[370/850] PASS: processHelloRetryRequest: rejects unoffered selected_group (515.69ms)
[371/850] PASS: processServerHello: post-HRR rejects mismatched cipher suite (515.74ms)
[372/850] PASS: processServerHello: post-HRR rejects mismatched key_share group (515.79ms)
[373/850] PASS: processServerHello: post-HRR accepts matching ServerHello (516.05ms)
[374/850] PASS: handleRecord: HRR returns ClientHello2 as write event (516.10ms)
[375/850] PASS: processHelloRetryRequest: returns null for normal ServerHello (516.14ms)
[376/850] PASS: processHelloRetryRequest: HRR with cookie echoes cookie in CH2 (516.18ms)
[377/850] PASS: deinit leaves caller-owned buffers to the caller (516.69ms)
[378/850] PASS: secureZero zeroes all secret material (517.88ms)
[379/850] PASS: Array.secureZero clears contents (517.88ms)
[380/850] PASS: lastIndexOfNonZero: last byte non-zero (fast path) (517.89ms)
[381/850] PASS: lastIndexOfNonZero: all zeros (517.89ms)
[382/850] PASS: lastIndexOfNonZero: single non-zero byte at start (517.90ms)
[383/850] PASS: lastIndexOfNonZero: single byte, non-zero (517.90ms)
[384/850] PASS: lastIndexOfNonZero: single byte, zero (517.91ms)
[385/850] PASS: lastIndexOfNonZero: non-zero in scalar tail (517.91ms)
[386/850] PASS: lastIndexOfNonZero: exactly chunk_len bytes, non-zero at start (517.92ms)
[387/850] PASS: lastIndexOfNonZero: exactly chunk_len bytes, all zeros (517.93ms)
[388/850] PASS: lastIndexOfNonZero: large buffer, non-zero in first chunk (517.93ms)
[389/850] PASS: lastIndexOfNonZero: large buffer, non-zero in middle chunk (517.94ms)
[390/850] PASS: lastIndexOfNonZero: large buffer, all zeros (517.94ms)
[391/850] PASS: encrypt: buffer too short (517.95ms)
[392/850] PASS: encrypt: sequence number overflow (517.95ms)
[393/850] PASS: deinit: clears caller-visible traffic key material (517.96ms)
[394/850] PASS: ktlsInfo: AES-GCM salt and IV reconstruct RFC 8446 nonce (517.97ms)
[395/850] PASS: ktlsInfo: cipher type uses Linux UAPI values (517.99ms)
[396/850] PASS: ktlsInfo: exported key material survives RecordLayer deinit (517.99ms)
[397/850] PASS: KtlsInfo.secureZero erases exported traffic material (518.00ms)
[398/850] PASS: encrypt/decrypt: key update required at AEAD usage limit (518.01ms)
[399/850] PASS: encryptPrepared/decrypt: round-trip (518.02ms)
[400/850] PASS: encrypt/decrypt: round-trip (518.03ms)
[401/850] PASS: encrypt/decrypt: sequence numbers advance (518.04ms)
[402/850] PASS: decrypt: failed auth exposes backend failure buffer behavior (518.04ms)
[403/850] PASS: decrypt: replayed record is rejected (518.05ms)
[404/850] PASS: encrypt/decrypt: zero-length application data (518.06ms)
[405/850] PASS: decrypt: rejects all-zero inner plaintext (518.07ms)
[406/850] PASS: encrypt/decrypt: maximum plaintext fragment length (518.17ms)
[407/850] PASS: decrypt: wrong content type (518.18ms)
[408/850] PASS: decrypt: payload shorter than tag (518.18ms)
[409/850] PASS: decrypt: truncated ciphertext record (518.19ms)
[410/850] PASS: decrypt: sequence number overflow (518.19ms)
[411/850] PASS: fuzz: decrypt handles arbitrary input (518.40ms)
[412/850] PASS: PendingWrite: mark and clear (518.40ms)
[413/850] PASS: SliceBuffer: append and retain (518.41ms)
[414/850] PASS: append and slice (518.41ms)
[415/850] PASS: appendAssumeCapacity (518.42ms)
[416/850] PASS: secureZero clears full storage and length (518.42ms)
[417/850] PASS: append returns error on overflow (518.43ms)
[418/850] PASS: clear resets length (518.44ms)
[419/850] PASS: Reader iterates coalesced messages (518.44ms)
[420/850] PASS: parseKeyUpdate (518.45ms)
[421/850] PASS: rejectDuplicateExtensions: rejects more than the extension count cap (518.45ms)
[422/850] PASS: rejectDuplicateExtensions: rejects duplicate unknown type (518.46ms)
[423/850] PASS: rejectDuplicateExtensions: accepts distinct extension types (518.46ms)
[424/850] PASS: ExtensionType.isGrease: detects reserved GREASE extension code points (518.47ms)
[425/850] PASS: rejectDuplicateExtensions: rejects malformed block (518.47ms)
[426/850] PASS: RFC 10024 hybrid groups round-trip (524.88ms)
[427/850] PASS: hybrid decapsulation rejects wrong server share length (524.96ms)
[428/850] PASS: NamedGroup wire identifiers (524.97ms)
[429/850] PASS: RFC 10024 hybrid group sizes (524.97ms)
[430/850] PASS: HkdfSha256.trafficKey: RFC 8448 §3 server handshake (524.98ms)
[431/850] PASS: HkdfSha384: traffic key/iv, finished key, traffic-upd (independent vector) (525.04ms)
[432/850] PASS: HkdfSha256.trafficIv: RFC 8448 §3 server handshake (525.05ms)
[433/850] PASS: HkdfSha256.earlySecret: RFC 8448 §3 (525.06ms)
[434/850] PASS: HkdfSha256: RFC 8448 §3/§4 PSK and resumption secrets (525.09ms)
[435/850] PASS: HkdfSha256.handshakeSecret: RFC 8448 §3 (525.10ms)
[436/850] PASS: HkdfSha256.masterSecret: RFC 8448 §3 (525.11ms)
[437/850] PASS: HkdfSha256.clientHandshakeTrafficSecret: RFC 8448 §3 (525.12ms)
[438/850] PASS: HkdfSha256.finishedKey: RFC 8448 §3 server (525.13ms)
[439/850] PASS: HkdfSha256.nextTrafficSecret: RFC 8446 §7.2 (525.14ms)
[440/850] PASS: HkdfSha256.serverHandshakeTrafficSecret: RFC 8448 §3 (525.15ms)
[441/850] PASS: sharedSecret: RFC 7748 X25519 vector (525.21ms)
[442/850] PASS: KeyPair.generateDeterministic: RFC 7748 public keys (525.26ms)
[443/850] PASS: KeyPair.generateDeterministic emits uncompressed SEC1 public key (525.29ms)
[444/850] PASS: sharedSecret: P-256 deterministic peers agree (525.53ms)
[445/850] PASS: KeyPair.generate: healthy entropy path (525.59ms)
[446/850] PASS: KeyPair.secureZero erases secret and public material (525.62ms)
[447/850] PASS: generateRetry: a LibcryptoFailed attempt is terminal, not retried (525.62ms)
[448/850] PASS: generateRetry: an invalid scalar retries exactly to the bound (525.64ms)
[449/850] PASS: generateRetry: retries a bad draw and succeeds (525.67ms)
[450/850] PASS: KeyPair.generateDeterministic enforces the scalar range [1, n-1] (525.71ms)
[451/850] PASS: sharedSecret: rejects compressed P-256 point (525.77ms)
[452/850] PASS: KeyPair.generateDeterministic emits uncompressed SEC1 public key (526.90ms)
[453/850] PASS: KeyPair.secureZero erases secret and public material (528.09ms)
[454/850] PASS: sharedSecret: P-384 deterministic peers agree (533.80ms)
[455/850] PASS: generateRetry: a LibcryptoFailed attempt is terminal, not retried (533.81ms)
[456/850] PASS: generateRetry: an invalid scalar retries exactly to the bound (533.84ms)
[457/850] PASS: generateRetry: retries a bad draw and succeeds (534.99ms)
[458/850] PASS: KeyPair.generateDeterministic enforces the scalar range [1, n-1] (536.11ms)
[459/850] PASS: sharedSecret: rejects compressed P-384 point (538.37ms)
[460/850] PASS: active backend matches the selected libcrypto headers (538.38ms)
[461/850] PASS: capabilities are non-empty for the active backend (538.38ms)
[462/850] PASS: x25519 handle shape matches active backend (538.39ms)
[463/850] PASS: client group capabilities match implemented client key-share plumbing (538.39ms)
[464/850] PASS: aead context shape matches active backend (538.40ms)
[465/850] SKIP: aws-lc aead deinit clears inline context (538.41ms)
[466/850] PASS: capability helpers recognize advertised algorithms (538.41ms)
[467/850] PASS: fips: chacha20_poly1305_sha256 excluded from FIPS cipher_suites (538.42ms)
[468/850] PASS: fips: rsa_pkcs1_sha* excluded from FIPS certificate_signature_schemes (538.42ms)
[469/850] PASS: fips: ed25519 excluded from FIPS certificate_signature_schemes (538.43ms)
[470/850] PASS: fips: ML-KEM disabled in FIPS capability table (538.43ms)
[471/850] PASS: fips: FIPS capabilities are a subset of non-FIPS capabilities (538.44ms)
[472/850] PASS: fips: active capabilities follow FIPS identity (538.44ms)
[473/850] PASS: OpenSSL AEAD initialization rejects wrong key length (538.45ms)
[474/850] PASS: Parsed.verifyHostName rejects universal tag 2 as dNSName (538.46ms)
[475/850] PASS: Parsed.verifyHostName requires dNSName SAN (538.46ms)
[476/850] PASS: Parsed.checkHostName rejects public suffix wildcard (538.47ms)
[477/850] PASS: Parsed.checkHostName RFC 6125 compliance (538.48ms)
[478/850] PASS: Parsed.allowsKeyUsage reads digitalSignature (538.48ms)
[479/850] PASS: Parsed.allowsKeyUsage rejects malformed empty bit payload (538.49ms)
[480/850] PASS: Parsed.allowsExtKeyUsage finds serverAuth (538.49ms)
[481/850] PASS: Parsed.allowsExtKeyUsage rejects non-SEQUENCE wrapper (538.50ms)
[482/850] PASS: Parsed.nameConstraints extracts extension value (538.50ms)
[483/850] PASS: Parsed.nameConstraints absent returns empty (538.51ms)
[484/850] PASS: Parsed.verifyNameConstraints: DNS permitted subtree (538.52ms)
[485/850] PASS: Parsed.verifyNameConstraints: DNS permitted subtree mismatch (538.52ms)
[486/850] PASS: Parsed.verifyNameConstraints: DNS excluded subtree (538.53ms)
[487/850] PASS: Parsed.verifyNameConstraints: mixed DNS SAN violation is rejected (538.54ms)
[488/850] PASS: Parsed.verifyNameConstraints: DNS common name fallback (538.54ms)
[489/850] PASS: Parsed.verifyNameConstraints: IP permitted subnet (538.55ms)
[490/850] PASS: Parsed.verifyNameConstraints: permitted subtrees are type-specific (538.55ms)
[491/850] PASS: Parsed.verifyNameConstraints: email permitted subtree (538.56ms)
[492/850] PASS: Parsed.verifyNameConstraints: email mailbox local part is case-sensitive (538.57ms)
[493/850] PASS: Parsed.verifyNameConstraints: URI excluded subtree (538.57ms)
[494/850] PASS: Parsed.verifyNameConstraints: URI strips userinfo before host matching (538.58ms)
[495/850] PASS: Parsed.verifyNameConstraints: explicit minimum zero is accepted (538.59ms)
[496/850] PASS: Parsed.verifyNameConstraints: critical unsupported subtree is rejected (538.59ms)
[497/850] PASS: Parsed.verifyNameConstraints: non-critical unsupported subtree is ignored (538.60ms)
[498/850] PASS: parseBasicConstraints rejects pathLenConstraint without cA (538.60ms)
[499/850] PASS: parse rejects unknown critical extension (538.61ms)
[500/850] PASS: parse rejects duplicate recognized extensions (538.62ms)
[501/850] PASS: parse accepts old and new authority key identifier OIDs (538.63ms)
[502/850] PASS: parseBitString rejects empty bit string content (538.63ms)
[503/850] PASS: parseTime maps UTCTime centuries and expires 1999 certificates (538.64ms)
[504/850] PASS: parseTime enforces GeneralizedTime certificate grammar (538.65ms)
[505/850] PASS: parseTime rejects impossible dates and accepts leap day (538.66ms)
[506/850] PASS: certificate_parser.decltest.parseTimeDigits (538.66ms)
[507/850] PASS: certificate_parser.decltest.parseYear4 (538.67ms)
[508/850] PASS: certificate_parser.test_0 (538.67ms)
[509/850] PASS: PrivateKey.sign: RSA-PSS SHA-256 uses TLS parameters (539.59ms)
[510/850] PASS: PrivateKey.sign: short RSA-PSS output buffer is rejected (539.62ms)
[511/850] PASS: PrivateKey.sign: key and scheme mismatch is a libcrypto failure (539.67ms)
[512/850] PASS: PrivateKey.sign: deterministic ECDSA matches the RFC 6979 vector (539.81ms)
[513/850] PASS: PrivateKey.sign: deterministic ECDSA P-384 matches the RFC 6979 A.2.6 vector (542.20ms)
[514/850] PASS: PrivateKey.sign: deterministic nonce with RSA-PSS is rejected (542.24ms)
[515/850] PASS: PrivateKey.fromPemAuto: RSA PKCS#8 and PKCS#1 both infer rsa_pss_rsae_sha256 (543.14ms)
[516/850] PASS: PrivateKey.fromPemAuto: P-256 infers ecdsa_secp256r1_sha256 and signs (543.20ms)
[517/850] PASS: PrivateKey.fromPemAuto: P-384 infers ecdsa_secp384r1_sha384 and signs (543.85ms)
[518/850] PASS: PrivateKey.fromPemAuto: P-521 is rejected at load by the capability gate (543.95ms)
[519/850] PASS: PrivateKey.fromPemAuto: Ed25519 is rejected at load by the capability gate (544.05ms)
[520/850] PASS: PrivateKey.fromPemAuto: secp224r1 has no CertificateVerify scheme (544.10ms)
[521/850] PASS: PrivateKey.fromPemAuto: garbage PEM fails at load (544.11ms)
[522/850] PASS: PrivateKey.fromPem: encrypted PEM fails at load (544.19ms)
[523/850] PASS: PrivateKey.fromPemAuto: encrypted PEM fails at load (544.24ms)
[524/850] PASS: PrivateKey.pairsWith: P-256 scalar key pairs with its leaf certificate (544.43ms)
[525/850] PASS: PrivateKey.pairsWith: auto-inferred RSA and P-256 keys pair with their leaves (544.54ms)
[526/850] PASS: PrivateKey.pairsWith: same-algorithm mismatch is a named error (544.59ms)
[527/850] PASS: PrivateKey.pairsWith: cross-algorithm mismatch is a named error (544.64ms)
[528/850] PASS: PrivateKey.pairsWith: garbage leaf DER is not a certificate (544.66ms)
[529/850] PASS: PrivateKey.pairsWith: trailing bytes make leaf DER invalid (544.71ms)
[530/850] PASS: ML-KEM-768 encapsulate/decapsulate round-trip (544.79ms)
[531/850] PASS: ML-KEM-1024 encapsulate/decapsulate round-trip (544.90ms)
[532/850] PASS: ML-KEM encapsulation-key modulus boundary (544.92ms)
[533/850] PASS: ML-KEM rejects non-canonical encapsulation keys (544.93ms)
[534/850] PASS: ML-KEM rejects a wrong-length ciphertext (544.96ms)
[535/850] PASS: classify: bounded PSK identity admission is a buffer-class limit (544.96ms)
[536/850] PASS: classify: certificate failures never fall into a generic bucket (544.97ms)
[537/850] PASS: classify: authentication failures are their own class (544.97ms)
[538/850] PASS: classify: remaining buckets (544.98ms)
[539/850] PASS: parseHeader: valid plaintext record (544.98ms)
[540/850] PASS: parseHeader: application_data record (TLSCiphertext) (544.99ms)
[541/850] PASS: parseHeader: ignores legacy_record_version (544.99ms)
[542/850] PASS: parseHeader: buffer too short (545.00ms)
[543/850] PASS: parseHeader: exactly 5 bytes (header only, no fragment) (545.00ms)
[544/850] PASS: parseHeader: max valid length (545.01ms)
[545/850] PASS: parseHeader: length exceeds max (545.01ms)
[546/850] PASS: Header.init round-trips with parseHeader (545.02ms)
[547/850] PASS: Header.write: emits TLS 1.2 legacy_record_version (545.02ms)
[548/850] PASS: fuzz: parseHeader handles arbitrary input (545.27ms)
[549/850] PASS: kernel cipher_type values match KtlsCipherType (545.28ms)
[550/850] PASS: kernel socket option constants (545.28ms)
[551/850] PASS: packed kTLS info secureZero methods erase every byte (545.29ms)
[552/850] PASS: packAesGcm128 splits the 12-byte IV and copies key/seq (545.29ms)
[553/850] PASS: packAesGcm128 rejects a non-AES-GCM-128 info (545.30ms)
[554/850] PASS: packChaCha20Poly1305 uses the full 12-byte IV (545.31ms)
[555/850] PASS: packAesGcm256 copies the 32-byte key and splits the IV (545.31ms)
[556/850] PASS: install errno decode maps onto InstallError (545.32ms)
[557/850] PASS: a record-type cmsg occupies the kernel's CMSG_LEN and CMSG_SPACE (545.32ms)
[558/850] PASS: ControlBuffer.init writes one cmsg and zeroes the padding (545.33ms)
[559/850] PASS: parseRecordType rejects control data off the kTLS contract (545.34ms)
[560/850] PASS: ulpInstall attaches once, and only to an established TCP socket (545.44ms)
[561/850] PASS: txInstall and rxInstall accept a synthetic TLS 1.3 AES-128-GCM key (545.49ms)
[562/850] PASS: installs without the ULP are typed Unavailable errors, not panics (545.52ms)
[563/850] PASS: a crypto_info the kernel cannot use is a typed EINVAL failure (545.55ms)
[564/850] PASS: record-type cmsg round-trips through a live kTLS pair (545.60ms)
[565/850] PASS: Outbox: fresh outbox is not write-blocked (545.61ms)
[566/850] PASS: Outbox: send drains fully and completes write once (545.61ms)
[567/850] PASS: Outbox: partial send stays blocked and does not complete write (545.62ms)
[568/850] PASS: Outbox: zero-byte progress stays blocked (545.62ms)
[569/850] PASS: Outbox: idle flush is drained without completing write (545.63ms)
[570/850] PASS: Outbox: partial drain resumes across flush calls (545.63ms)
[571/850] PASS: Outbox: queue while blocked returns PendingWrite (545.64ms)
[572/850] PASS: Outbox: writer error leaves pending tail and does not complete write (545.65ms)
[573/850] PASS: Outbox: writer over-reporting bytes returns WriteOverflow (545.65ms)
[574/850] PASS: Outbox: sequential records complete once each (545.66ms)
[575/850] PASS: next: two records coalesced in one fill (545.67ms)
[576/850] PASS: next: record split across two fills (545.68ms)
[577/850] PASS: next: truncated records return null (545.70ms)
[578/850] PASS: next: in-place mutation of a returned record survives across next() (545.71ms)
[579/850] PASS: next: oversized length is rejected (545.72ms)
[580/850] PASS: isEmpty distinguishes drained, partial, and complete records (545.73ms)
[581/850] PASS: parse: rejects oversized legacy_session_id_echo without overflow (545.74ms)
[582/850] PASS: encode: round trips through parse (545.75ms)
[583/850] PASS: parse: accepts secp256r1 key_share (545.75ms)
[584/850] PASS: parse: rejects compressed secp256r1 key_share (545.76ms)
[585/850] PASS: parse: accepts secp384r1 key_share (545.77ms)
[586/850] PASS: parse: rejects compressed secp384r1 key_share (545.78ms)
[587/850] PASS: encode: echoes session id (545.78ms)
[588/850] PASS: parse: RFC 8448 §3 ServerHello (545.79ms)
[589/850] PASS: parse: wrong handshake type (545.80ms)
[590/850] PASS: parse: truncated message (545.80ms)
[591/850] PASS: parse: rejects HelloRetryRequest (545.81ms)
[592/850] PASS: parse: missing extensions / no supported_versions yields UnsupportedTlsVersion (545.81ms)
[593/850] PASS: parse: rejects mismatched handshake length (545.82ms)
[594/850] PASS: parse: rejects unknown cipher suite (545.82ms)
[595/850] PASS: parse: rejects oversized extensions block (545.83ms)
[596/850] PASS: parse: rejects duplicate supported_versions (545.84ms)
[597/850] PASS: parse: rejects duplicate key_share (545.84ms)
[598/850] PASS: parse: rejects unknown unsolicited extension (545.85ms)
[599/850] PASS: parse: rejects GREASE ServerHello extension (545.86ms)
[600/850] PASS: parse: rejects forbidden signature_algorithms extension (545.86ms)
[601/850] PASS: parse: rejects forbidden heartbeat extension (545.87ms)
[602/850] PASS: parse: rejects record_size_limit in ServerHello (545.88ms)
[603/850] PASS: parse: rejects key_share for unsupported group (545.88ms)
[604/850] PASS: parse: unsupported TLS version in supported_versions is illegal_parameter (545.89ms)
[605/850] PASS: parse: rejects TLS 1.2 downgrade sentinel (545.90ms)
[606/850] PASS: parse: rejects TLS 1.1 downgrade sentinel (545.90ms)
[607/850] PASS: parse: rejects downgrade sentinel when supported_versions selects TLS 1.3 (545.91ms)
[608/850] PASS: parse: accepts non-0x0303 legacy_version when supported_versions selects TLS 1.3 (545.92ms)
[609/850] PASS: parse: no supported_versions + downgrade sentinel yields IllegalParameter (545.93ms)
[610/850] PASS: parse: rejects ServerHello without supported_versions as legacy (545.94ms)
[611/850] PASS: parse: rejects SSLv3-or-lower legacy version (545.94ms)
[612/850] PASS: parse: rejects mismatched session id echo (545.95ms)
[613/850] PASS: parse: rejects non-zero compression method (545.95ms)
[614/850] PASS: fuzz: parse handles arbitrary input (546.02ms)
[615/850] PASS: encodeHelloRetryRequest: parse round-trip (546.03ms)
[616/850] PASS: parseHelloRetryRequest: rejects mismatched session id echo (546.04ms)
[617/850] PASS: parseHelloRetryRequest: RFC 8448 §5 (546.04ms)
[618/850] PASS: parseHelloRetryRequest: no cookie (546.05ms)
[619/850] PASS: parseHelloRetryRequest: rejects non-HRR Random (546.05ms)
[620/850] PASS: parseHelloRetryRequest: rejects wrong type (546.06ms)
[621/850] PASS: parseHelloRetryRequest: rejects TLS 1.2 in supported_versions (546.06ms)
[622/850] PASS: parseHelloRetryRequest: ignores non-0x0303 legacy_version (546.07ms)
[623/850] PASS: parseHelloRetryRequest: rejects SSLv3-or-lower legacy version (546.07ms)
[624/850] PASS: parseHelloRetryRequest: rejects non-zero compression method (546.08ms)
[625/850] PASS: parseHelloRetryRequest: rejects unknown cipher suite (546.09ms)
[626/850] PASS: parseHelloRetryRequest: rejects trailing bytes after extensions (546.09ms)
[627/850] PASS: parseHelloRetryRequest: rejects cookie extension trailing bytes (546.10ms)
[628/850] PASS: parseHelloRetryRequest: rejects missing supported_versions (546.10ms)
[629/850] PASS: parseHelloRetryRequest: rejects unknown unsolicited extension (546.11ms)
[630/850] PASS: parseHelloRetryRequest: rejects record_size_limit (546.12ms)
[631/850] PASS: KEM key_share round-trip: ServerHello encode → parse preserves 1120-byte ciphertext (546.14ms)
[632/850] PASS: fuzz: parseHelloRetryRequest handles arbitrary input (546.21ms)
[633/850] PASS: Config.validate reports invalid lists and missing P-384 material (546.27ms)
[634/850] PASS: sendAlert: plaintext fatal alert before ClientHello (546.34ms)
[635/850] PASS: sendAlert: encrypted close_notify after handshake (546.60ms)
[636/850] PASS: handleRecord: rejects ChangeCipherSpec before ClientHello (546.66ms)
[637/850] PASS: handleRecord: drops valid ChangeCipherSpec while waiting for client Finished (546.83ms)
[638/850] PASS: handleRecord: rejects malformed ChangeCipherSpec payload (547.01ms)
[639/850] PASS: handleRecord: ClientHello returns ServerHello write and enforces pending write (547.18ms)
[640/850] PASS: handleRecord: zero-length plaintext handshake is rejected (547.24ms)
[641/850] PASS: handleRecord: rejects application_data before connected (547.31ms)
[642/850] PASS: acceptClientHello: emits ServerHello and installs handshake keys (547.60ms)
[643/850] PASS: acceptClientHello: negotiates secp256r1 key share (547.84ms)
[644/850] PASS: acceptClientHello: negotiates secp384r1 key share (553.78ms)
[645/850] PASS: acceptClientHello: emits HelloRetryRequest for missing secp256r1 key share (553.91ms)
[646/850] PASS: acceptClientHello: rejects ClientHello2 with changed SNI or ALPN after HRR (554.10ms)
[647/850] PASS: acceptClientHello: rejects early_data in ClientHello2 after HRR (554.21ms)
[648/850] PASS: acceptClientHello: rejects replaced PSK identity in ClientHello2 despite valid binder (554.33ms)
[649/850] PASS: acceptClientHello: rejects added, reordered, or dropped PSK identities in CH2 (554.63ms)
[650/850] PASS: acceptClientHello: accepts permitted ClientHello2 PSK updates after HRR (555.24ms)
[651/850] PASS: acceptClientHello: bounded PSK identity admission before HelloRetryRequest (555.49ms)
[652/850] PASS: acceptClientHello: rejects removal of an unknown identity whose binder claims the HRR hash (555.60ms)
[653/850] PASS: acceptClientHello: HRR path rejects a slack-byte identities vector in CH1 (555.69ms)
[654/850] PASS: acceptClientHello: HRR path rejects a slack-byte identities vector in CH2 (555.80ms)
[655/850] PASS: acceptClientHello: PSK selection rejects a slack-byte identities vector (555.89ms)
[656/850] PASS: acceptClientHello: rejects ClientHello2 that ignores HRR selected group (556.03ms)
[657/850] PASS: acceptClientHello: rejects ClientHello2 with extra key share (556.16ms)
[658/850] PASS: acceptClientHello: HRR sends at most one compatibility ChangeCipherSpec (556.34ms)
[659/850] PASS: acceptClientHello: emits compatibility ChangeCipherSpec for non-empty legacy_session_id (556.51ms)
[660/850] PASS: sendAnonymousFlightForTest: client decrypts EncryptedExtensions and Finished (556.82ms)
[661/850] PASS: sendPreparedServerFlight: credentials and pending write are enforced (557.22ms)
[662/850] PASS: sendPreparedServerFlight: encryption failure preserves handshake write epoch (557.59ms)
[663/850] PASS: sendAuthenticatedFlight: client decrypts authenticated server flight (557.95ms)
[664/850] PASS: sendAuthenticatedFlight: optional client auth sends CertificateRequest (558.31ms)
[665/850] PASS: NewSessionTicket emission derives matching client and server PSKs (558.84ms)
[666/850] PASS: NewSessionTicket emission rejects stale prepared PSK objects (559.35ms)
[667/850] PASS: server-issued NewSessionTicket resumes and can be renewed (560.34ms)
[668/850] PASS: NewSessionTicket emission owns unique bounded nonces (560.97ms)
[669/850] PASS: NewSessionTicket emission enforces write and kTLS ordering (561.48ms)
[670/850] PASS: NewSessionTicket emission preserves state on encoding failure (562.00ms)
[671/850] PASS: discardTicketPsk burns nonce and erases key material (562.51ms)
[672/850] PASS: processClientFinished: optional client auth accepts empty Certificate (563.01ms)
[673/850] PASS: processClientFinished: required client auth rejects empty Certificate (563.50ms)
[674/850] PASS: processClientFinished: required client auth verifies real client Certificate + CV (564.19ms)
[675/850] PASS: processClientFinished: bad client Finished does not retain identity (564.83ms)
[676/850] PASS: processClientFinished: client identity requires caller-owned storage (565.46ms)
[677/850] PASS: processClientFinished: required client auth rejects forged CertificateVerify (566.08ms)
[678/850] PASS: sendAuthenticatedFlight: client processes CertificateVerify and Finished (566.52ms)
[679/850] PASS: processClientFinished: verifies Finished and installs app keys (566.74ms)
[680/850] PASS: processClientFinished: rejects bad verify_data (566.93ms)
[681/850] PASS: processClientFinished: rejects EndOfEarlyData when 0-RTT was not accepted (567.12ms)
[682/850] PASS: handleRecord: rejects second plaintext ClientHello before Finished (567.31ms)
[683/850] PASS: handleRecord: rejects protected ClientHello after connected (567.53ms)
[684/850] PASS: handleRecord: rejects client KeyUpdate before Finished (567.72ms)
[685/850] PASS: receiveRecord: RX progresses while a server TX record is pending (567.94ms)
[686/850] PASS: receiveKtlsRecord: server processes kernel-decrypted records (568.20ms)
[687/850] PASS: ratchetKtlsTx: server advances only an idle TX epoch (568.42ms)
[688/850] PASS: handleRecord: client KeyUpdate(update_requested) ratchets rx and responds (568.65ms)
[689/850] PASS: handleRecord: client KeyUpdate(update_not_requested) ratchets rx only (568.87ms)
[690/850] PASS: sendKeyUpdate: server-initiated KeyUpdate encrypts under old key then ratchets tx (569.09ms)
[691/850] PASS: handleRecord: self-initiated sendKeyUpdate response surfaces rx only (569.32ms)
[692/850] PASS: handleRecord: KeyUpdate not at record boundary is rejected (569.53ms)
[693/850] PASS: handleRecord: invalid client KeyUpdate request is rejected (569.74ms)
[694/850] PASS: handleRecord: zero-length encrypted handshake is rejected (569.96ms)
[695/850] PASS: handleRecord: all-zero inner plaintext maps to unexpected_message (570.17ms)
[696/850] PASS: handleRecord: illegal post-handshake inner content type is rejected (570.38ms)
[697/850] PASS: handleRecord: empty application data does not reset post-handshake flood counter (570.59ms)
[698/850] PASS: handleRecord: KeyUpdate flood is rejected (571.07ms)
[699/850] PASS: handleRecord: KeyUpdate flood cap fires despite empty app-data interleaving (571.47ms)
[700/850] PASS: EstablishedSession: struct stays compact against the handshake engine (571.47ms)
[701/850] PASS: extractEstablished: connected events match the handshake engine (571.94ms)
[702/850] PASS: extractEstablished: engine is consumed and immediate deinit is safe (572.17ms)
[703/850] PASS: extractEstablished: moved-from rx/tx are wiped, the session's copies stay live (572.39ms)
[704/850] PASS: extractEstablished: deferred KeyUpdate obligation blocks application writes (572.62ms)
[705/850] PASS: extractEstablished: KeyUpdate flood cap survives extraction and resets on app data (572.99ms)
[706/850] PASS: extractEstablished: KeyUpdate fragment carries across extraction (573.21ms)
[707/850] PASS: extractEstablished: KeyUpdate record-boundary and fragment rules hold (573.42ms)
[708/850] PASS: extractEstablished: close_notify and fatal alerts keep server semantics (573.64ms)
[709/850] PASS: extractEstablished: sendAlert latches and ratchetTx advances the TX epoch (573.86ms)
[710/850] PASS: extractEstablished: SHA-384 suite ratchets and exchanges app data (574.47ms)
[711/850] PASS: extractEstablished: NewSessionTicket is issued before extraction (574.99ms)
[712/850] PASS: key update: simultaneous update_requested remains connected (575.56ms)
[713/850] PASS: fuzz: ServerHandshake.handleRecord rejects arbitrary input (575.68ms)
[714/850] PASS: fuzz: connected ServerHandshake.handleRecord rejects arbitrary input (577.05ms)
[715/850] PASS: application data: server sends and receives (577.26ms)
[716/850] PASS: in-memory authenticated client-server handshake reaches app data (577.78ms)
[717/850] PASS: in-memory authenticated client-server handshake suite matrix (579.85ms)
[718/850] PASS: in-memory KeyUpdate round trip across all cipher suites (582.18ms)
[719/850] PASS: selectPsk: verifies the binder for a matching PSK identity (582.28ms)
[720/850] PASS: selectPsk: returns null when the PSK binder does not verify (582.37ms)
[721/850] PASS: selectPsk: oversized binders_len does not overflow (582.45ms)
[722/850] PASS: PSK offer without psk_key_exchange_modes aborts (582.59ms)
[723/850] PASS: PSK offer with only psk_ke disables resumption and ticket issuance (582.82ms)
[724/850] PASS: client authentication policy declines PSK resumption (583.48ms)
[725/850] PASS: PSK selection skips cipher suites with an incompatible hash (584.13ms)
[726/850] PASS: in-memory PSK resumption reaches app data (584.56ms)
[727/850] PASS: in-memory RFC 10024 PSK resumption matrix reaches app data (591.99ms)
[728/850] PASS: in-memory RFC 10024 PSK resumption survives HRR (599.43ms)
[729/850] PASS: in-memory RFC 10024 SHA-384 PSK resumption survives HRR (609.70ms)
[730/850] PASS: PSK fast-path rejects bare Finished when server did NOT select PSK (610.02ms)
[731/850] PASS: in-memory 0-RTT early data is decrypted by the server (610.47ms)
[732/850] PASS: 0-RTT: accepted early data distinguishes authentication and handshake errors (611.31ms)
[733/850] PASS: 0-RTT: server rejects early data exceeding max_early_data_size (611.57ms)
[734/850] PASS: 0-RTT: max u32 early-data limit rejects bytes beyond remaining budget (611.63ms)
[735/850] PASS: 0-RTT: no PSK selected means early data is skipped and 1-RTT completes (612.20ms)
[736/850] PASS: 0-RTT: declined early records in flight are skipped and 1-RTT completes (612.65ms)
[737/850] PASS: 0-RTT: required client auth declines PSK, skips early data, completes 1-RTT (613.32ms)
[738/850] PASS: 0-RTT: decline skip budget exhaustion aborts the handshake (613.56ms)
[739/850] PASS: 0-RTT: corrupted record after the skip window aborts (613.88ms)
[740/850] PASS: 0-RTT: HRR decline skips in-flight early data and the retry handshake completes (614.46ms)
[741/850] PASS: 0-RTT: default decline-skip budget covers a full max-size early record (615.01ms)
[742/850] PASS: 0-RTT: HRR decline skip budget exhaustion aborts the handshake (615.17ms)
[743/850] PASS: 0-RTT: HRR decline skip rejects malformed application_data records (615.34ms)
[744/850] PASS: 0-RTT: HRR skip window closes at ClientHello2 (615.68ms)
[745/850] PASS: 0-RTT: server declines, client sends no EndOfEarlyData (616.14ms)
[746/850] PASS: 0-RTT: client rejects server-sent EndOfEarlyData (616.21ms)
[747/850] PASS: 0-RTT: processClientFinished rejects Finished before EndOfEarlyData (616.51ms)
[748/850] PASS: preferredHybridShare follows server preference (616.58ms)
[749/850] PASS: in-memory RFC 10024 hybrid group matrix reaches app data (624.22ms)
[750/850] PASS: RFC 10024 hybrid group matrix negotiates through HRR (631.14ms)
[751/850] PASS: hybrid share requires explicit server policy (631.38ms)
[752/850] PASS: in-memory HRR round trip reaches app data (631.91ms)
[753/850] PASS: acceptClientHello: server suite preference (632.10ms)
[754/850] PASS: acceptClientHello: exposes SNI via clientServerName (632.28ms)
[755/850] PASS: acceptClientHello: clientServerName is null when SNI absent (632.45ms)
[756/850] PASS: acceptClientHello: rejects unsupported suite (632.54ms)
[757/850] PASS: acceptClientHello: ignores unknown cipher suites in mixed list (632.86ms)
[758/850] PASS: acceptClientHello: rejects ClientHello with no shared group (632.95ms)
[759/850] PASS: handleRecord: reassembles ClientHello split across records (633.12ms)
[760/850] PASS: handleRecord: reassembles ClientHello with header and body in separate records (633.30ms)
[761/850] PASS: handleRecord: rejects CCS while ClientHello fragment pending (633.39ms)
[762/850] PASS: handleRecord: processes alert while ClientHello fragment pending (633.47ms)
[763/850] PASS: handleRecord: plaintext fatal alert in wait_ch records detail (633.60ms)
[764/850] PASS: handleRecord: unknown alert codes are preserved (633.67ms)
[765/850] PASS: handleRecord: lastPeerAlert replaced by later alert, preserved by close/malformed (633.73ms)
[766/850] PASS: handleRecord: rejects fragmented ClientHello without reassembly buffer (633.82ms)
[767/850] PASS: handleRecord: state reset after invalid fragmented ClientHello (633.99ms)
[768/850] PASS: handleRecord: rejects trailing bytes after fragmented ClientHello (634.17ms)
[769/850] PASS: handleRecord: reassembles ClientHello2 split across records after HRR (634.35ms)
[770/850] PASS: handleRecord: reassembles fragmented client Finished across encrypted records (634.56ms)
[771/850] PASS: handleRecord: rejects interleaved alert during Finished fragment reassembly (634.76ms)
[772/850] PASS: handleRecord: rejects plaintext alert during Finished fragment reassembly (634.95ms)
[773/850] PASS: handleRecord: encrypted fatal alert while waiting for Finished records detail (635.14ms)
[774/850] PASS: handleRecord: rejects plaintext alert while waiting for Finished (635.33ms)
[775/850] PASS: handleRecord: rejects zero-length encrypted handshake while waiting for Finished (635.52ms)
[776/850] PASS: handleRecord: reassembles ClientHello when handshake header is split after 1 byte (635.69ms)
[777/850] PASS: handleRecord: server reassembles 1-byte fragmented KeyUpdate(update_requested) (635.93ms)
[778/850] PASS: handleRecord: fragmented KeyUpdate(update_not_requested) works (636.20ms)
[779/850] PASS: handleRecord: non-KeyUpdate fragment starts are rejected (636.42ms)
[780/850] PASS: handleRecord: KeyUpdate with trailing record bytes is rejected before ratchet (636.63ms)
[781/850] PASS: handleRecord: app-data interleaving during KeyUpdate reassembly is rejected (636.85ms)
[782/850] PASS: receiveApplicationData: app-data interleaving during KeyUpdate reassembly is rejected (637.06ms)
[783/850] PASS: handleRecord: alert interleaving during KeyUpdate reassembly is rejected (637.28ms)
[784/850] PASS: handleRecord: connected close_notify is clean, fatal alert records detail (637.49ms)
[785/850] PASS: handleRecord: zero-length handshake during KeyUpdate reassembly is rejected (637.71ms)
[786/850] PASS: handleRecord: ClientHello body_len 0xFFFFFF rejected without overflow (fast path) (637.78ms)
[787/850] PASS: handleRecord: split-header reassembly body_len 0xFFFFFF rejected without overflow (637.85ms)
[788/850] PASS: deinit leaves caller-owned buffers to the caller (638.03ms)
[789/850] PASS: fill writes caller buffer (638.03ms)
[790/850] PASS: encode: empty EncryptedExtensions (638.04ms)
[791/850] PASS: encode: ALPN EncryptedExtensions (638.04ms)
[792/850] PASS: encode: early_data accepted in EncryptedExtensions (638.05ms)
[793/850] PASS: encode: early_data omitted when not accepted (638.05ms)
[794/850] PASS: parse: valid EncryptedExtensions (638.06ms)
[795/850] PASS: parse: ALPN selection (638.07ms)
[796/850] PASS: parse: rejects unsolicited ALPN (638.07ms)
[797/850] PASS: parse: rejects unoffered ALPN (638.08ms)
[798/850] PASS: parse: rejects duplicate ALPN extension (638.08ms)
[799/850] PASS: parse: rejects multiple ALPN protocols (638.09ms)
[800/850] PASS: parse: rejects forbidden supported_versions extension (638.09ms)
[801/850] PASS: parse: rejects forbidden key_share extension (638.10ms)
[802/850] PASS: parse: rejects forbidden heartbeat extension (638.10ms)
[803/850] PASS: parse: rejects GREASE EncryptedExtensions extension (638.11ms)
[804/850] PASS: parse: rejects unknown unsolicited extension (638.11ms)
[805/850] PASS: parse: accepts server_name acknowledgment when SNI offered (638.12ms)
[806/850] PASS: parse: rejects server_name when SNI not offered (638.12ms)
[807/850] PASS: parse: rejects server_name acknowledgment with non-empty extension_data (638.13ms)
[808/850] PASS: parse: rejects unoffered record_size_limit in EncryptedExtensions (638.13ms)
[809/850] PASS: parse: accepts offered record_size_limit in EncryptedExtensions (638.14ms)
[810/850] PASS: parse: rejects malformed record_size_limit in EncryptedExtensions (638.15ms)
[811/850] PASS: parse: ignores supported_groups extension (638.15ms)
[812/850] PASS: parse: wrong handshake type (638.16ms)
[813/850] PASS: parse: truncated (638.16ms)
[814/850] PASS: encode round-trips via parse (638.17ms)
[815/850] PASS: parse rejects wrong handshake type (638.17ms)
[816/850] PASS: parse rejects missing signature_algorithms (638.18ms)
[817/850] PASS: parse rejects duplicate signature_algorithms (638.18ms)
[818/850] PASS: encodedLen is accurate (638.19ms)
[819/850] PASS: verify: wrong verify_data (638.20ms)
[820/850] PASS: verify: wrong handshake type (638.20ms)
[821/850] PASS: encode then verify round-trip (638.21ms)
[822/850] PASS: encode and parse NewSessionTicket round trip (638.22ms)
[823/850] PASS: encode validates NewSessionTicket bounds before writing (638.22ms)
[824/850] PASS: parse: valid NewSessionTicket (638.23ms)
[825/850] PASS: parse: captures early_data max_early_data_size (638.23ms)
[826/850] PASS: parse: skips unknown ticket extension (638.24ms)
[827/850] PASS: parse: skips GREASE ticket extension (638.25ms)
[828/850] PASS: parse: rejects duplicate early_data extension (638.25ms)
[829/850] PASS: parse: rejects malformed early_data length (638.26ms)
[830/850] PASS: parse: wrong handshake type (638.26ms)
[831/850] PASS: parse: rejects length mismatch (638.27ms)
[832/850] PASS: parse: rejects empty ticket (638.27ms)
[833/850] PASS: parse: rejects malformed extensions length (638.28ms)
[834/850] PASS: fuzz: parse handles arbitrary input (638.32ms)
[835/850] PASS: Writer.append: u8 (638.33ms)
[836/850] PASS: Writer.append: u16 big-endian (638.33ms)
[837/850] PASS: Writer.append: u24 big-endian (638.34ms)
[838/850] PASS: Writer.appendSlice (638.34ms)
[839/850] PASS: Writer.append: enum (638.35ms)
[840/850] PASS: Reader.read: u8 (638.35ms)
[841/850] PASS: Reader.read: u16 big-endian (638.36ms)
[842/850] PASS: Reader.read: enum (638.36ms)
[843/850] PASS: Reader.readSlice: zero-copy (638.37ms)
[844/850] PASS: Reader.read: UnexpectedEof (638.37ms)
[845/850] PASS: Reader assume methods skip bounds checks after caller validation (638.38ms)
[846/850] PASS: Writer.reserve: write directly into buffer (638.38ms)
[847/850] PASS: Writer: sequential appends (638.39ms)
[848/850] PASS: messageHashSynthetic: SHA-256 header (638.39ms)
[849/850] PASS: messageHashSynthetic: SHA-384 header (638.40ms)
[850/850] PASS: messageHashSynthetic: RFC 8448 §5 ClientHello1 SHA-256 (638.40ms)

ztest: 849 passed, 0 failed, 1 skipped (of 850 total) in 1638ms
ALL TESTS PASSED
encrypted-pem-check: ok (pipe, terminal)
Build Summary: 8/8 steps succeeded
test success
+- run test success 1s
|  +- compile test Debug native-native cached 21ms MaxRSS:52M
|     +- options cached
+- run exe errq-alloc-check success 39ms
|  +- compile exe errq-alloc-check Debug native-native cached 21ms MaxRSS:52M
|     +- options (reused)
+- run exe encrypted-pem-check success 3ms
   +- compile exe encrypted-pem-check Debug native-native cached 21ms MaxRSS:52M
      +- options (reused)

libcrypto family: aws-lc (/nix/store/HASH-aws-lc-5.5.0-dev/include)
encrypted-pem-check: ok (pipe, terminal)
errq-alloc-check: early client abort
errq-alloc-check: early server abort
errq-alloc-check: ok (allocs 6120, frees 6120, live 0)
ztest: Running 850 tests...
[1/850] PASS: test_0 (546.55ms)
[2/850] PASS: Wycheproof: X25519 shared secret tcId 1 (546.61ms)
[3/850] PASS: Wycheproof boundary: X25519 identity element is rejected (546.64ms)
[4/850] PASS: Wycheproof boundary: X25519 small-order public key is rejected (546.67ms)
[5/850] PASS: Wycheproof: AES-128-GCM AAD/tag handling tcId 2 (546.70ms)
[6/850] PASS: Wycheproof boundary: AES-256-GCM AAD/tag handling (546.71ms)
[7/850] PASS: Wycheproof: ChaCha20-Poly1305 one-byte message tcId 4 (546.72ms)
[8/850] PASS: Wycheproof boundary: ChaCha20-Poly1305 AAD handling (546.73ms)
[9/850] PASS: OpenSSL s_server interoperates with ztls client (626.03ms)
[10/850] PASS: OpenSSL s_server interoperates with ztls P-384 client (653.40ms)
[11/850] PASS: OpenSSL s_server interoperates with ztls RFC 10024 client groups (750.08ms)
[12/850] PASS: ztls client resumes with OpenSSL s_server (PSK resumption) (776.38ms)
[13/850] PASS: ztls client sends 0-RTT early data to OpenSSL s_server (802.47ms)
[14/850] PASS: OpenSSL s_client interoperates with ztls server (840.62ms)
[15/850] PASS: OpenSSL s_client resumes with ztls server-issued ticket (866.06ms)
[16/850] PASS: OpenSSL s_client interoperates with ztls P-384 server (880.09ms)
[17/850] PASS: OpenSSL s_client interoperates with ztls RFC 10024 server groups (919.29ms)
[18/850] PASS: OpenSSL s_client with -cert interoperates with ztls server (required client auth) (936.16ms)
[19/850] PASS: ztls client with credentials interoperates with OpenSSL s_server -Verify (962.62ms)
[20/850] PASS: ztls-to-ztls TCP KeyUpdate round trip with ChaCha20-Poly1305 (1008.08ms)
[21/850] PASS: backend.x25519: RFC 7748 §5.2 shared secret (8.12ms)
[22/850] PASS: backend.x25519: RFC 7748 §6.1 mutual key agreement (8.19ms)
[23/850] PASS: backend.x25519: Wycheproof tcId 1 shared secret (8.22ms)
[24/850] PASS: backend.x25519: all-zero public key is rejected (IdentityElement) (8.25ms)
[25/850] PASS: backend.x25519: small-order public key is rejected (IdentityElement) (8.29ms)
[26/850] PASS: backend.aead: round-trip for every advertised cipher suite (8.30ms)
[27/850] PASS: backend.aead: tag corruption is rejected for every advertised cipher suite (8.31ms)
[28/850] PASS: backend.aead: ciphertext corruption is rejected for every advertised cipher suite (8.32ms)
[29/850] PASS: backend.aead: Wycheproof AES-128-GCM tcId 2 (8.33ms)
[30/850] PASS: backend.aead: Wycheproof AES-256-GCM AAD boundary (8.35ms)
[31/850] PASS: backend.aead: Wycheproof ChaCha20-Poly1305 AAD boundary (8.36ms)
[32/850] PASS: backend.aead: ChaCha20-Poly1305 RFC 8439 §2.8.2 known-answer vector (8.38ms)
[33/850] PASS: backend.p256: mutual key agreement with fixed scalars (8.50ms)
[34/850] PASS: backend.p256: non-04 SEC1 prefix is rejected (8.52ms)
[35/850] PASS: backend.p256: off-curve point is rejected (8.53ms)
[36/850] PASS: backend.p256: zero scalar private key is rejected (8.54ms)
[37/850] PASS: backend.p256: Wycheproof tcId 1 shared secret (8.60ms)
[38/850] PASS: backend.p384: mutual key agreement with fixed scalars (9.06ms)
[39/850] PASS: backend.p384: non-04 SEC1 prefix is rejected (9.16ms)
[40/850] PASS: backend.p384: off-curve point is rejected (9.17ms)
[41/850] PASS: backend.p384: zero scalar private key is rejected (9.18ms)
[42/850] PASS: backend.p384: Wycheproof tcId 1 shared secret (9.41ms)
[43/850] PASS: backend.sign: RSA-PSS SHA-256 sign/verify round-trip (10.27ms)
[44/850] PASS: backend.sign: RSA-PSS SHA-256 rejects tampered signature (11.10ms)
[45/850] PASS: backend.sign: RSA-PSS SHA-384 sign/verify round-trip and tamper rejection (11.95ms)
[46/850] PASS: backend.sign: ECDSA P-256 SHA-256 sign/verify round-trip (12.05ms)
[47/850] PASS: backend.sign: ECDSA P-256 SHA-256 rejects tampered signature (12.09ms)
[48/850] PASS: backend.sign: ECDSA P-384 SHA-384 sign/verify round-trip and tamper rejection (12.45ms)
[49/850] PASS: backend.sign: BufferTooShort on undersized output (12.57ms)
[50/850] PASS: backend.sign: key/scheme mismatch is a libcrypto failure (12.59ms)
[51/850] PASS: backend.sign: Wycheproof RSA-PSS tcId 3 verify (12.63ms)
[52/850] PASS: backend.sign: Wycheproof RSA-PSS tcId 62 invalid signature (12.66ms)
[53/850] PASS: backend.sign: Wycheproof ECDSA P-256 tcId 1 verify (12.72ms)
[54/850] PASS: backend.sign: Wycheproof ECDSA P-256 tcId 6 invalid signature (12.73ms)
[55/850] PASS: backend.sign: Wycheproof ECDSA P-384 tcId 1 verify (12.91ms)
[56/850] PASS: backend.sign: Wycheproof ECDSA P-384 tcId 6 invalid signature (12.93ms)
[57/850] PASS: backend error-queue hygiene: malformed EC public key leaves no residue (#88) (12.93ms)
[58/850] PASS: backend error-queue hygiene: caller queue entries survive a failing wrapper (#88) (12.94ms)
[59/850] PASS: backend error-queue hygiene: scalar key load does not nest guards (#88) (12.95ms)
[60/850] PASS: backend error-queue hygiene: repeated failures leave the queue empty each round (#88) (12.96ms)
[61/850] PASS: backend error-queue hygiene: successful key load preserves caller entries (#88) (12.98ms)
[62/850] PASS: backend error-queue hygiene: failed signature verification leaves no residue (#88) (13.00ms)
[63/850] PASS: backend error-queue hygiene: failed record decrypt leaves no residue (#88) (13.01ms)
[64/850] PASS: backend error-queue hygiene: failed decrypt preserves caller entries exactly (#88) (13.02ms)
[65/850] PASS: backend error-queue hygiene: DER key load preservation is lane-dependent (#88) (13.02ms)
[66/850] PASS: backend error-queue hygiene: scheme inference preserves caller entries (#112) (13.04ms)
[67/850] PASS: backend error-queue hygiene: declined encrypted PEM loads leave no residue (#114) (13.07ms)
[68/850] PASS: backend error-queue hygiene: cert/key mismatch preservation is lane-dependent (#113) (13.11ms)
[69/850] PASS: RFC 5280 §4.2.1.10 name-constraint verdicts vs OpenSSL 3.6.3 ground truth (13.60ms)
[70/850] PASS: fuzz: verifyNameConstraints handles arbitrary NameConstraints and SAN DER (13.80ms)
[71/850] PASS: capi: ztls_version returns a non-empty string (13.80ms)
[72/850] PASS: capi: insecure client init is explicitly named (13.81ms)
[73/850] PASS: capi: size and alignment are non-zero and sane (13.81ms)
[74/850] PASS: capi: NULL parameters are rejected (13.82ms)
[75/850] PASS: capi: full client handshake through the C ABI (14.26ms)
[76/850] PASS: capi: send_application_data before connected fails (14.30ms)
[77/850] PASS: capi: KeyUpdate response is surfaced as a write event (14.69ms)
[78/850] PASS: capi: KeyUpdate without response maps to none without pending write (15.08ms)
[79/850] PASS: capi: NewSessionTicket maps to none without pending write (15.45ms)
[80/850] PASS: encrypt: rejects mismatched plaintext and ciphertext lengths (15.46ms)
[81/850] PASS: decrypt: rejects mismatched plaintext and ciphertext lengths (15.46ms)
[82/850] PASS: Aes128Gcm: encrypt/decrypt round-trip (15.47ms)
[83/850] PASS: Aes256Gcm: encrypt/decrypt round-trip (15.48ms)
[84/850] PASS: ChaCha20Poly1305: encrypt/decrypt round-trip (15.48ms)
[85/850] PASS: ChaCha20Poly1305: RFC 8439 known-answer vector (15.50ms)
[86/850] PASS: ChaCha20Poly1305: empty plaintext known-answer vector (15.51ms)
[87/850] PASS: ChaCha20Poly1305: authentication failure on tampered ciphertext (15.52ms)
[88/850] PASS: ChaCha20Poly1305: authentication failure on tampered tag (15.53ms)
[89/850] PASS: ChaCha20Poly1305: authentication failure on tampered ad (15.53ms)
[90/850] PASS: decrypt: authentication failure on tampered ciphertext (15.54ms)
[91/850] PASS: decrypt: authentication failure on tampered tag (15.55ms)
[92/850] PASS: decrypt: authentication failure on tampered ad (15.55ms)
[93/850] PASS: construct: seq 0 is just the IV (15.56ms)
[94/850] PASS: construct: seq increments flip the right bytes (15.57ms)
[95/850] PASS: construct: XOR with non-zero IV (15.57ms)
[96/850] PASS: construct: seq max u64 produces expected nonce (15.58ms)
[97/850] PASS: parse: close_notify (15.58ms)
[98/850] PASS: parse: warning-level error alert is fatal (15.59ms)
[99/850] PASS: parse: unknown alert description is fatal (15.59ms)
[100/850] PASS: parse: user_canceled is not fatal (15.60ms)
[101/850] PASS: parse: truncated (15.60ms)
[102/850] PASS: parse: rejects coalesced alert bytes (15.61ms)
[103/850] PASS: encode (15.61ms)
[104/850] PASS: fuzz: parse handles arbitrary input (15.74ms)
[105/850] PASS: alertForError: certificate failures map to certificate alerts (15.74ms)
[106/850] PASS: alertForError: parser and semantic failures map to protocol alerts (15.75ms)
[107/850] PASS: alertForError: provider failure maps to internal_error (15.75ms)
[108/850] PASS: alertForError: unknown error maps to internal_error (15.76ms)
[109/850] PASS: parse: oversized cert_len does not overflow bounds check (15.76ms)
[110/850] PASS: parseClientCertificate: oversized ctx_len does not overflow (15.77ms)
[111/850] PASS: parse: extracts public key from ECDSA P-256 certificate (15.79ms)
[112/850] PASS: parse: wrong handshake type (15.79ms)
[113/850] PASS: parse: rejects mismatched Certificate handshake body length (15.80ms)
[114/850] PASS: encodeWithRequestContext: encodes empty client certificate list (15.81ms)
[115/850] PASS: encodeWithRequestContext: rejects oversized request context (15.81ms)
[116/850] PASS: parseClientCertificate: accepts empty certificate with matching context (15.82ms)
[117/850] PASS: parseClientCertificate: rejects mismatched request context (15.82ms)
[118/850] PASS: parse: rejects non-empty server certificate request context (15.83ms)
[119/850] PASS: parse: rejects empty certificate list (15.84ms)
[120/850] PASS: parse: rejects certificate list length shorter than entries (15.84ms)
[121/850] PASS: encode: round trips certificate chain (22.77ms)
[122/850] PASS: parse: rejects unsupported CertificateEntry status_request (22.78ms)
[123/850] PASS: parse: rejects unsupported CertificateEntry SCT (22.79ms)
[124/850] PASS: parse: rejects forbidden CertificateEntry status_request_v2 (22.80ms)
[125/850] PASS: parse: rejects duplicate CertificateEntry status_request (22.80ms)
[126/850] PASS: parse: rejects malformed CertificateEntry extension length (22.81ms)
[127/850] PASS: parse: ignores unknown CertificateEntry extension (22.82ms)
[128/850] PASS: parse: validates hostname (22.83ms)
[129/850] PASS: parse: rejects hostname mismatch (22.84ms)
[130/850] PASS: parse: rejects missing trust anchor by default (22.85ms)
[131/850] PASS: parse: validates leaf against trust bundle (29.99ms)
[132/850] PASS: parse: validates leaf-intermediate-root chain (43.79ms)
[133/850] PASS: parse: rejects end-entity certificate used as issuer (43.89ms)
[134/850] PASS: parse: rejects chain with intermediate before leaf (43.99ms)
[135/850] PASS: parse: anchors chain below a cross-signed root (64.52ms)
[136/850] PASS: parse: rejects cross-signed root without a bundle anchor below it (78.19ms)
[137/850] PASS: parse: rejects chain with missing intermediate (78.28ms)
[138/850] PASS: parse: rejects chain hostname mismatch (78.36ms)
[139/850] PASS: parse: rejects untrusted leaf when bundle misses issuer (78.37ms)
[140/850] PASS: parse: accepts chain with matching DNS name constraints (92.25ms)
[141/850] PASS: parse: rejects chain with excluded DNS name constraints (106.00ms)
[142/850] PASS: parse: rejects chain outside permitted DNS name constraints (119.76ms)
[143/850] PASS: parse: insecure no-anchor path still enforces name constraints (126.65ms)
[144/850] PASS: parse: rejects signed unprocessed critical extension for both roles (126.75ms)
[145/850] PASS: parse: accepts signed noncritical extension and supported critical extensions (154.32ms)
[146/850] PASS: parse: rejects signed SAN with an invalid wrapper (154.43ms)
[147/850] PASS: parse: rejects chain exceeding pathLenConstraint zero (175.13ms)
[148/850] PASS: parse: accepts pathLenConstraint zero with a CA target (189.06ms)
[149/850] PASS: parse: rejects chain exceeding pathLenConstraint one (216.45ms)
[150/850] PASS: parse: accepts chain at pathLenConstraint one (237.06ms)
[151/850] PASS: parse: imposes no path-length limit when pathLenConstraint is absent (257.77ms)
[152/850] PASS: parse: enforces the tightest of multiple pathLenConstraints (285.27ms)
[153/850] PASS: parse: accepts multiple satisfied pathLenConstraints (305.94ms)
[154/850] PASS: parse: self-issued intermediate does not consume path length (326.72ms)
[155/850] PASS: parse: intermediate below a self-issued certificate still counts (354.32ms)
[156/850] PASS: parse: trust anchor pathLenConstraint limits intermediates below it (375.05ms)
[157/850] PASS: parse: trust anchor pathLenConstraint satisfied (388.87ms)
[158/850] PASS: parse: certificates above the anchored path are outside the path (416.56ms)
[159/850] PASS: parse: cross-signed root constraint binds inside the anchored path (444.05ms)
[160/850] PASS: parseClientChain: rejects client chain exceeding pathLenConstraint zero (464.72ms)
[161/850] PASS: parseClientChain: accepts client chain at pathLenConstraint zero (478.52ms)
[162/850] PASS: parse: insecure no-anchor path still enforces pathLenConstraint (492.32ms)
[163/850] PASS: parse: insecure no-anchor path accepts constrained chain with self-issued steps (506.08ms)
[164/850] PASS: parse: malformed DER length is rejected, not crashed (506.09ms)
[165/850] PASS: certificate_policy.verifyServerAuth: non-v3 certificates are rejected (506.10ms)
[166/850] PASS: certificate_policy.verifyServerAuth: KeyUsage without digitalSignature is rejected (506.10ms)
[167/850] PASS: certificate_policy.verifyServerAuth: EKU without serverAuth is rejected (506.11ms)
[168/850] PASS: certificate_policy.verifyClientAuth: EKU without clientAuth is rejected (506.11ms)
[169/850] PASS: certificate_policy.verifyClientAuth: KeyUsage without digitalSignature is rejected (506.12ms)
[170/850] PASS: certificate_policy.verifyClientAuth: clientAuth EKU is accepted (506.12ms)
[171/850] PASS: certificate_policy.verifyServerAuth: legacy certificate signatures are rejected (506.13ms)
[172/850] PASS: certificate_policy.verifyServerAuth: RSA PKCS1 SHA-256 certificate signature is accepted (506.14ms)
[173/850] PASS: certificate_policy: Ed25519 chain signature algorithm accepted when advertised (506.14ms)
[174/850] PASS: certificate_policy: Ed25519 chain signature algorithm rejected when not advertised (506.15ms)
[175/850] PASS: parse: Ed25519 self-signed certificate verified via std.crypto (506.16ms)
[176/850] PASS: certificate_policy.verifyServerAuth: rejects certificate signature outside policy (506.16ms)
[177/850] PASS: certificate signature policy checks non-self-signed chain certificates (506.17ms)
[178/850] PASS: certificate signature policy skips self-signed chain certificates (506.17ms)
[179/850] PASS: certificate_policy.verifyServerAuth: unrestricted supported leaf is accepted (506.18ms)
[180/850] PASS: encodeCertificateVerify: wraps signature (506.19ms)
[181/850] PASS: verifySignature: valid ECDSA P-256 signature (506.26ms)
[182/850] PASS: verifySignature: valid RSA-PSS SHA-256 signature (506.30ms)
[183/850] PASS: verifySignature: rejects RSA-PSS signature with wrong salt length (506.33ms)
[184/850] PASS: verifySignature: wrong transcript hash (506.38ms)
[185/850] PASS: verifySignature: rejects scheme absent from offered list (506.39ms)
[186/850] PASS: verifySignature: client CV rejects scheme absent from offered list (506.40ms)
[187/850] PASS: verifySignature: rejects RSA PKCS1 CertificateVerify scheme (506.41ms)
[188/850] PASS: verifySignature: rejects certificate key and scheme mismatch (506.42ms)
[189/850] PASS: verifySignature: server signature is not valid for client context (506.48ms)
[190/850] PASS: verifySignature: wrong handshake type (506.49ms)
[191/850] PASS: parse: extracts critical name constraints (506.50ms)
[192/850] PASS: parse: extracts non-critical name constraints (506.51ms)
[193/850] PASS: fuzz: parse handles arbitrary input (506.60ms)
[194/850] PASS: CertificateChain: single certificate view (506.60ms)
[195/850] PASS: CertificateChain.fromPem: decodes a certificate chain (506.62ms)
[196/850] PASS: CertificateChain.fromPem: rejects malformed input (506.63ms)
[197/850] PASS: CertificateChain.fromPem: rejects exhausted caller storage (506.64ms)
[198/850] PASS: fuzz: CertificateChain.fromPem handles arbitrary input (506.73ms)
[199/850] PASS: active backend identity matches the private provider facade (506.73ms)
[200/850] PASS: hybrid capability queries match the active backend (506.74ms)
[201/850] PASS: validateHybridGroups reports local policy faults (506.75ms)
[202/850] PASS: requiresP384 identifies only P-384 hybrid policy (506.75ms)
[203/850] PASS: CipherSuite wire values (506.76ms)
[204/850] PASS: PskOfferIter: walks identity/binder pairs in offer order (506.76ms)
[205/850] PASS: PskOfferIter: rejects oversized lengths (506.77ms)
[206/850] PASS: PskOfferIter: rejects a slack-byte identities vector (506.77ms)
[207/850] PASS: PskOfferIter: rejects more binders than identities (506.78ms)
[208/850] PASS: encode: size matches encodedLen (506.79ms)
[209/850] PASS: encodeWithPsk: pre_shared_key is last, binder prefix and offset are correct (506.79ms)
[210/850] PASS: encodeWithPsk: rejects unsupported binder length (506.80ms)
[211/850] PASS: parse: ClientHello with pre_shared_key round-trips (506.81ms)
[212/850] PASS: encodeWithP256: size matches encodedLenWithP256 (506.82ms)
[213/850] PASS: encode: handshake type and legacy version (506.82ms)
[214/850] PASS: encode: cipher suites match backend capabilities (506.83ms)
[215/850] PASS: encode: legacy_session_id is empty (506.84ms)
[216/850] PASS: encode: supported_groups contains X25519 (506.84ms)
[217/850] PASS: encode: key_share contains public key (506.85ms)
[218/850] PASS: encodeWithP256: includes X25519 and secp256r1 key shares (506.86ms)
[219/850] PASS: encodeWithP256P384: includes X25519, secp256r1, and secp384r1 key shares (506.87ms)
[220/850] PASS: encodeWithP256P384: size matches encodedLenWithP256P384 (506.88ms)
[221/850] PASS: parse: accepts secp384r1 key share (506.99ms)
[222/850] PASS: parse: rejects compressed secp384r1 key share (506.99ms)
[223/850] PASS: encodeRetryAfterHrr: secp384r1 selected, no cookie (507.00ms)
[224/850] PASS: encode: SNI present when server_name set (507.01ms)
[225/850] PASS: encode: SNI absent when server_name is null (507.02ms)
[226/850] PASS: encode: supported_versions contains TLS 1.3 (507.02ms)
[227/850] PASS: encode: signature_algorithms match backend capabilities (507.03ms)
[228/850] PASS: encode: signature_algorithms_cert match backend capabilities (507.04ms)
[229/850] PASS: encode: ALPN present when protocols set (507.04ms)
[230/850] PASS: encode: rejects invalid ALPN protocols (507.05ms)
[231/850] PASS: parse: encoded ClientHello (507.06ms)
[232/850] PASS: parse: tracks offered SNI extension presence (507.07ms)
[233/850] PASS: parse: tracks offered record_size_limit extension presence (507.07ms)
[234/850] PASS: parse: accepts secp256r1 supported group and key share (507.11ms)
[235/850] PASS: parseSupportedGroups: records RFC 10024 groups (507.11ms)
[236/850] PASS: parse: rejects malformed X25519 key share (507.12ms)
[237/850] PASS: parse: rejects key share outside supported_groups (507.15ms)
[238/850] PASS: parse: rejects oversized legacy_session_id (507.16ms)
[239/850] PASS: parse: rejects SSLv3-or-lower legacy_version (507.16ms)
[240/850] PASS: parse: rejects missing supported_versions (507.17ms)
[241/850] PASS: parse: rejects supported_versions without TLS 1.3 (507.18ms)
[242/850] PASS: parse: rejects missing supported_groups (507.19ms)
[243/850] PASS: parse: rejects missing signature_algorithms (507.20ms)
[244/850] PASS: parse: rejects malformed signature_algorithms (507.20ms)
[245/850] PASS: parse: rejects signature_algorithms without TLS 1.3 handshake scheme (507.21ms)
[246/850] PASS: parse: rejects malformed ClientHello (507.22ms)
[247/850] PASS: parse: rejects malformed compression methods (507.23ms)
[248/850] PASS: parse: no shared supported group is rejected (507.24ms)
[249/850] PASS: parse: rejects duplicate x25519 key share entries (507.24ms)
[250/850] PASS: parseKeyShare: retains all RFC 10024 hybrid entries (507.25ms)
[251/850] PASS: encode: buffer too short (507.26ms)
[252/850] PASS: encode: server_name too long (507.26ms)
[253/850] PASS: parse: rejects duplicate supported_groups (507.27ms)
[254/850] PASS: parse: missing X25519 key share leaves public key null (507.28ms)
[255/850] PASS: parse: rejects duplicate signature_algorithms (507.28ms)
[256/850] PASS: parse: rejects duplicate signature_algorithms_cert (507.29ms)
[257/850] PASS: parse: ignores unknown extension (507.30ms)
[258/850] PASS: parse: ignores unknown supported_groups entries (507.30ms)
[259/850] PASS: fuzz: parse handles arbitrary input (507.39ms)
[260/850] PASS: encodeRetryAfterHrr: X25519 selected, no cookie (507.39ms)
[261/850] PASS: encodeRetryAfterHrr: preserves PSK key exchange mode (507.40ms)
[262/850] PASS: encodeRetryAfterHrr: secp256r1 selected, no cookie (507.41ms)
[263/850] PASS: encodeRetryAfterHrr: includes cookie when provided (507.42ms)
[264/850] PASS: encodeRetryAfterHrr: preserves SNI and ALPN from ClientHello1 (507.43ms)
[265/850] PASS: encodeRetryAfterHrr: rejects unsupported group (507.43ms)
[266/850] PASS: encodeRetryAfterHrr: missing configured hybrid share is a policy error (507.44ms)
[267/850] PASS: encodeWithHybridGroups: rejects unknown share group without panic (507.45ms)
[268/850] PASS: KEM key_share round-trip: ClientHello encode → parse preserves 1216-byte public key (507.47ms)
[269/850] PASS: parse: psk_key_exchange_modes list_len 0xFF rejected without overflow (507.47ms)
[270/850] PASS: SessionTicket.secureZero erases identity, PSK, and metadata (507.48ms)
[271/850] PASS: HybridPolicy.validate rejects an initial share outside its group list (507.49ms)
[272/850] PASS: Config.validate reports unavailable groups and missing P-384 material (507.52ms)
[273/850] PASS: start validates hybrid policy before key generation and output (507.61ms)
[274/850] PASS: transcript hash: RFC 8448 §3 ClientHello || ServerHello (507.65ms)
[275/850] PASS: deriveHandshakeKeys: RFC 8448 §3 server handshake key/iv/finished (507.71ms)
[276/850] PASS: processServerHello: RFC 8448 §3 installs server handshake keys (507.80ms)
[277/850] PASS: processServerHello: accepts secp256r1 key_share (507.93ms)
[278/850] PASS: processServerHello: rejects invalid secp256r1 point (508.00ms)
[279/850] PASS: processServerHello: rejects unoffered secp256r1 key_share (508.05ms)
[280/850] PASS: processServerHello: rejects mismatched session id echo (508.09ms)
[281/850] PASS: processServerHello: rejects unoffered cipher suite (508.13ms)
[282/850] PASS: processFlight: stores selected ALPN (508.22ms)
[283/850] PASS: processFlight: rejects unoffered ALPN (508.30ms)
[284/850] PASS: processFlight: rejects unanchored Certificate by default (508.83ms)
[285/850] PASS: processFlight: rejects non-empty server Certificate request context (509.19ms)
[286/850] PASS: processFlight: rejects empty server Certificate list (509.53ms)
[287/850] PASS: processFlight: rejects unsolicited EncryptedExtensions ALPN (509.62ms)
[288/850] PASS: processFlight: rejects unrequested server CertificateEntry status_request (509.96ms)
[289/850] PASS: processFlight: RFC 8448 §3 full server flight to connected (510.33ms)
[290/850] PASS: processFlight: rejects handshake message after server Finished (510.69ms)
[291/850] PASS: processFlight: handshake message spanning records needs buffer (511.03ms)
[292/850] PASS: processFlight: reassembles handshake message split across records (511.39ms)
[293/850] PASS: processFlight: buffered path rejects handshake message after server Finished (511.75ms)
[294/850] PASS: processFlight: RFC 8448 §3 flight split one message per record (512.14ms)
[295/850] PASS: handleRecord: malformed ServerHello is rejected (512.19ms)
[296/850] PASS: processFlight: rejects Finished before EncryptedExtensions (512.27ms)
[297/850] PASS: processFlight: rejects CertificateVerify before Certificate (512.62ms)
[298/850] PASS: processFlight: rejects Finished before CertificateVerify (512.97ms)
[299/850] PASS: processFlight: rejects unoffered CertificateVerify scheme (513.32ms)
[300/850] PASS: processFlight: rejects wrong CertificateVerify signature (513.69ms)
[301/850] PASS: processFlight: rejects wrong server Finished verify_data (514.05ms)
[302/850] PASS: handleRecord: plaintext fatal alert in wait_sh (514.10ms)
[303/850] PASS: handleRecord: malformed alert record does not set or replace lastPeerAlert (514.14ms)
[304/850] PASS: handleRecord: unknown alert codes are preserved (514.17ms)
[305/850] PASS: handleRecord: lastPeerAlert replaced by later alert, preserved by close/malformed (514.20ms)
[306/850] PASS: handleRecord: rejects ChangeCipherSpec before ClientHello (514.22ms)
[307/850] PASS: handleRecord: drops valid ChangeCipherSpec after ClientHello (514.26ms)
[308/850] PASS: handleRecord: rejects malformed ChangeCipherSpec payload (514.29ms)
[309/850] PASS: handleRecord: encrypted fatal alert during server flight (514.37ms)
[310/850] PASS: handleRecord: rejects server KeyUpdate before Finished (514.46ms)
[311/850] PASS: handleRecord: truncated encrypted flight is rejected (514.80ms)
[312/850] PASS: handleRecord: corrupted encrypted flight is rejected (515.14ms)
[313/850] PASS: handleRecord: post-handshake unexpected inner content type is rejected (515.55ms)
[314/850] PASS: handleRecord: encrypted application data during server flight is rejected (515.64ms)
[315/850] PASS: clientFinished: RFC 8448 §3 emits Finished and upgrades to app keys (516.06ms)
[316/850] PASS: processFlight: accepts CertificateRequest before server Certificate (516.41ms)
[317/850] PASS: processFlight: rejects non-empty handshake CertificateRequest context (516.75ms)
[318/850] PASS: clientFinished: sends empty Certificate before Finished for CertificateRequest (517.16ms)
[319/850] PASS: clientFinished: empty CertificateRequest with no credentials still finishes (517.56ms)
[320/850] PASS: client auth: setCredentials stores client credentials (517.59ms)
[321/850] PASS: ratchetClientKey: RFC 8446 §7.2 next application write key (517.99ms)
[322/850] PASS: handleRecord: application data resets both post-handshake flood counters (518.41ms)
[323/850] PASS: receiveRecord: RX progresses while a client TX record is pending (518.83ms)
[324/850] PASS: receiveKtlsRecord: client processes kernel-decrypted records (519.25ms)
[325/850] PASS: receiveKtlsRecord: client finds KeyUpdate after NewSessionTicket (519.68ms)
[326/850] PASS: ratchetKtlsTx: client advances only an idle TX epoch (520.12ms)
[327/850] PASS: handleRecord: server KeyUpdate(update_requested) ratchets rx and responds (520.57ms)
[328/850] PASS: handleRecord: KeyUpdate not at record boundary is rejected (520.97ms)
[329/850] PASS: handleRecord: invalid server KeyUpdate request is rejected (521.37ms)
[330/850] PASS: handleRecord: server KeyUpdate(update_not_requested) surfaces key_update rx only (521.78ms)
[331/850] PASS: handleRecord: self-initiated sendKeyUpdate response surfaces rx only (522.20ms)
[332/850] PASS: sendAlert: plaintext fatal alert before ServerHello (522.23ms)
[333/850] PASS: sendAlert: encrypted close_notify after handshake (522.63ms)
[334/850] PASS: handleRecord: close_notify returns closed (523.05ms)
[335/850] PASS: handleRecord: fatal alert returns PeerAlert (523.45ms)
[336/850] PASS: handleRecord: NewSessionTicket is surfaced as an event (523.87ms)
[337/850] PASS: clientFinished: RFC 8448 §4 resumption_master_secret over the live transcript (524.30ms)
[338/850] PASS: startWithPsk: binder matches an independent HMAC over the prefix (524.38ms)
[339/850] PASS: startWithPsk: advertises configured RFC 10024 key share (524.50ms)
[340/850] PASS: startWithPsk: ticket without early-data permission omits early_data (524.55ms)
[341/850] PASS: EncryptedExtensions: rejects early_data when server declined PSK (524.66ms)
[342/850] PASS: EncryptedExtensions: rejects early_data without early traffic keys (524.77ms)
[343/850] PASS: EncryptedExtensions: rejects early_data after HelloRetryRequest (524.89ms)
[344/850] PASS: processServerHello rejects selected PSK with incompatible cipher suite hash (525.02ms)
[345/850] PASS: handleRecord: PSK-offering client rejects bare Finished unless server selected PSK (525.31ms)
[346/850] PASS: handleRecord: accepts 17 consecutive NewSessionTickets (525.74ms)
[347/850] PASS: handleRecord: NewSessionTicket flood is rejected with ticket-specific error (526.18ms)
[348/850] PASS: handleRecord: malformed NewSessionTicket is rejected (526.58ms)
[349/850] PASS: handleRecord: KeyUpdate flood is rejected (527.25ms)
[350/850] PASS: handleRecord: empty application data does not reset flood counters (527.66ms)
[351/850] PASS: handleRecord: KeyUpdate flood cap fires despite empty app-data interleaving (528.41ms)
[352/850] PASS: start: uses Config host_name for SNI and policy (528.45ms)
[353/850] PASS: handleRecord: drives RFC 8448 §3 handshake to connected (528.87ms)
[354/850] PASS: handleRecord: unacknowledged write blocks further calls (529.27ms)
[355/850] PASS: sendEarlyData: unacknowledged write blocks further early data (529.34ms)
[356/850] PASS: handleRecord: zero-length plaintext handshake is rejected (529.37ms)
[357/850] PASS: handleRecord: zero-length encrypted handshake is rejected (529.46ms)
[358/850] PASS: handleRecord: all-zero inner plaintext maps to unexpected_message (529.86ms)
[359/850] PASS: handleRecord: application_data before ServerHello is rejected (529.89ms)
[360/850] PASS: HandshakeReader: splits coalesced messages (529.90ms)
[361/850] PASS: HandshakeReader: truncated body is UnexpectedEof (529.91ms)
[362/850] PASS: fuzz: HandshakeReader handles arbitrary input (529.96ms)
[363/850] PASS: fuzz: processFlight handles arbitrary decrypted bytes (530.41ms)
[364/850] PASS: fuzz: 0-RTT client state machine handles arbitrary inbound records (530.67ms)
[365/850] PASS: processHelloRetryRequest: rejects already-offered key_share group (530.71ms)
[366/850] PASS: processHelloRetryRequest: secp256r1 selected produces ClientHello2 (530.75ms)
[367/850] PASS: processHelloRetryRequest: transcript collapse matches §4.4.1 (530.78ms)
[368/850] PASS: processHelloRetryRequest: removes PSK with incompatible hash (530.91ms)
[369/850] PASS: processHelloRetryRequest: rejects second HRR (530.94ms)
[370/850] PASS: processHelloRetryRequest: rejects unoffered selected_group (530.97ms)
[371/850] PASS: processServerHello: post-HRR rejects mismatched cipher suite (531.01ms)
[372/850] PASS: processServerHello: post-HRR rejects mismatched key_share group (531.05ms)
[373/850] PASS: processServerHello: post-HRR accepts matching ServerHello (531.18ms)
[374/850] PASS: handleRecord: HRR returns ClientHello2 as write event (531.22ms)
[375/850] PASS: processHelloRetryRequest: returns null for normal ServerHello (531.25ms)
[376/850] PASS: processHelloRetryRequest: HRR with cookie echoes cookie in CH2 (531.29ms)
[377/850] PASS: deinit leaves caller-owned buffers to the caller (531.76ms)
[378/850] PASS: secureZero zeroes all secret material (531.89ms)
[379/850] PASS: Array.secureZero clears contents (531.89ms)
[380/850] PASS: lastIndexOfNonZero: last byte non-zero (fast path) (531.90ms)
[381/850] PASS: lastIndexOfNonZero: all zeros (531.90ms)
[382/850] PASS: lastIndexOfNonZero: single non-zero byte at start (531.91ms)
[383/850] PASS: lastIndexOfNonZero: single byte, non-zero (531.91ms)
[384/850] PASS: lastIndexOfNonZero: single byte, zero (531.92ms)
[385/850] PASS: lastIndexOfNonZero: non-zero in scalar tail (531.92ms)
[386/850] PASS: lastIndexOfNonZero: exactly chunk_len bytes, non-zero at start (531.93ms)
[387/850] PASS: lastIndexOfNonZero: exactly chunk_len bytes, all zeros (531.93ms)
[388/850] PASS: lastIndexOfNonZero: large buffer, non-zero in first chunk (531.94ms)
[389/850] PASS: lastIndexOfNonZero: large buffer, non-zero in middle chunk (531.95ms)
[390/850] PASS: lastIndexOfNonZero: large buffer, all zeros (531.96ms)
[391/850] PASS: encrypt: buffer too short (531.96ms)
[392/850] PASS: encrypt: sequence number overflow (531.99ms)
[393/850] PASS: deinit: clears caller-visible traffic key material (532.00ms)
[394/850] PASS: ktlsInfo: AES-GCM salt and IV reconstruct RFC 8446 nonce (532.01ms)
[395/850] PASS: ktlsInfo: cipher type uses Linux UAPI values (532.02ms)
[396/850] PASS: ktlsInfo: exported key material survives RecordLayer deinit (532.03ms)
[397/850] PASS: KtlsInfo.secureZero erases exported traffic material (532.04ms)
[398/850] PASS: encrypt/decrypt: key update required at AEAD usage limit (532.05ms)
[399/850] PASS: encryptPrepared/decrypt: round-trip (532.05ms)
[400/850] PASS: encrypt/decrypt: round-trip (532.06ms)
[401/850] PASS: encrypt/decrypt: sequence numbers advance (532.07ms)
[402/850] PASS: decrypt: failed auth exposes backend failure buffer behavior (532.08ms)
[403/850] PASS: decrypt: replayed record is rejected (532.09ms)
[404/850] PASS: encrypt/decrypt: zero-length application data (532.10ms)
[405/850] PASS: decrypt: rejects all-zero inner plaintext (532.10ms)
[406/850] PASS: encrypt/decrypt: maximum plaintext fragment length (532.20ms)
[407/850] PASS: decrypt: wrong content type (532.21ms)
[408/850] PASS: decrypt: payload shorter than tag (532.22ms)
[409/850] PASS: decrypt: truncated ciphertext record (532.22ms)
[410/850] PASS: decrypt: sequence number overflow (532.23ms)
[411/850] PASS: fuzz: decrypt handles arbitrary input (532.47ms)
[412/850] PASS: PendingWrite: mark and clear (532.48ms)
[413/850] PASS: SliceBuffer: append and retain (532.48ms)
[414/850] PASS: append and slice (532.49ms)
[415/850] PASS: appendAssumeCapacity (532.49ms)
[416/850] PASS: secureZero clears full storage and length (532.50ms)
[417/850] PASS: append returns error on overflow (532.50ms)
[418/850] PASS: clear resets length (532.51ms)
[419/850] PASS: Reader iterates coalesced messages (532.51ms)
[420/850] PASS: parseKeyUpdate (532.52ms)
[421/850] PASS: rejectDuplicateExtensions: rejects more than the extension count cap (532.52ms)
[422/850] PASS: rejectDuplicateExtensions: rejects duplicate unknown type (532.53ms)
[423/850] PASS: rejectDuplicateExtensions: accepts distinct extension types (532.53ms)
[424/850] PASS: ExtensionType.isGrease: detects reserved GREASE extension code points (532.54ms)
[425/850] PASS: rejectDuplicateExtensions: rejects malformed block (532.54ms)
[426/850] PASS: RFC 10024 hybrid groups round-trip (533.50ms)
[427/850] PASS: hybrid decapsulation rejects wrong server share length (533.54ms)
[428/850] PASS: NamedGroup wire identifiers (533.55ms)
[429/850] PASS: RFC 10024 hybrid group sizes (533.55ms)
[430/850] PASS: HkdfSha256.trafficKey: RFC 8448 §3 server handshake (533.56ms)
[431/850] PASS: HkdfSha384: traffic key/iv, finished key, traffic-upd (independent vector) (533.62ms)
[432/850] PASS: HkdfSha256.trafficIv: RFC 8448 §3 server handshake (533.63ms)
[433/850] PASS: HkdfSha256.earlySecret: RFC 8448 §3 (533.63ms)
[434/850] PASS: HkdfSha256: RFC 8448 §3/§4 PSK and resumption secrets (533.66ms)
[435/850] PASS: HkdfSha256.handshakeSecret: RFC 8448 §3 (533.67ms)
[436/850] PASS: HkdfSha256.masterSecret: RFC 8448 §3 (533.69ms)
[437/850] PASS: HkdfSha256.clientHandshakeTrafficSecret: RFC 8448 §3 (533.70ms)
[438/850] PASS: HkdfSha256.finishedKey: RFC 8448 §3 server (533.70ms)
[439/850] PASS: HkdfSha256.nextTrafficSecret: RFC 8446 §7.2 (533.71ms)
[440/850] PASS: HkdfSha256.serverHandshakeTrafficSecret: RFC 8448 §3 (533.72ms)
[441/850] PASS: sharedSecret: RFC 7748 X25519 vector (533.76ms)
[442/850] PASS: KeyPair.generateDeterministic: RFC 7748 public keys (533.78ms)
[443/850] PASS: KeyPair.generateDeterministic emits uncompressed SEC1 public key (533.80ms)
[444/850] PASS: sharedSecret: P-256 deterministic peers agree (533.94ms)
[445/850] PASS: KeyPair.generate: healthy entropy path (533.98ms)
[446/850] PASS: KeyPair.secureZero erases secret and public material (534.00ms)
[447/850] PASS: generateRetry: a LibcryptoFailed attempt is terminal, not retried (534.00ms)
[448/850] PASS: generateRetry: an invalid scalar retries exactly to the bound (534.01ms)
[449/850] PASS: generateRetry: retries a bad draw and succeeds (534.03ms)
[450/850] PASS: KeyPair.generateDeterministic enforces the scalar range [1, n-1] (534.05ms)
[451/850] PASS: sharedSecret: rejects compressed P-256 point (534.09ms)
[452/850] PASS: KeyPair.generateDeterministic emits uncompressed SEC1 public key (534.19ms)
[453/850] PASS: KeyPair.secureZero erases secret and public material (534.28ms)
[454/850] PASS: sharedSecret: P-384 deterministic peers agree (534.91ms)
[455/850] PASS: generateRetry: a LibcryptoFailed attempt is terminal, not retried (534.91ms)
[456/850] PASS: generateRetry: an invalid scalar retries exactly to the bound (534.92ms)
[457/850] PASS: generateRetry: retries a bad draw and succeeds (535.02ms)
[458/850] PASS: KeyPair.generateDeterministic enforces the scalar range [1, n-1] (535.12ms)
[459/850] PASS: sharedSecret: rejects compressed P-384 point (535.30ms)
[460/850] PASS: active backend matches the selected libcrypto headers (535.31ms)
[461/850] PASS: capabilities are non-empty for the active backend (535.31ms)
[462/850] PASS: x25519 handle shape matches active backend (535.32ms)
[463/850] PASS: client group capabilities match implemented client key-share plumbing (535.32ms)
[464/850] PASS: aead context shape matches active backend (535.33ms)
[465/850] PASS: aws-lc aead deinit clears inline context (535.34ms)
[466/850] PASS: capability helpers recognize advertised algorithms (535.34ms)
[467/850] PASS: fips: chacha20_poly1305_sha256 excluded from FIPS cipher_suites (535.35ms)
[468/850] PASS: fips: rsa_pkcs1_sha* excluded from FIPS certificate_signature_schemes (535.35ms)
[469/850] PASS: fips: ed25519 excluded from FIPS certificate_signature_schemes (535.36ms)
[470/850] PASS: fips: ML-KEM disabled in FIPS capability table (535.37ms)
[471/850] PASS: fips: FIPS capabilities are a subset of non-FIPS capabilities (535.37ms)
[472/850] PASS: fips: active capabilities follow FIPS identity (535.38ms)
[473/850] PASS: Parsed.verifyHostName rejects universal tag 2 as dNSName (535.38ms)
[474/850] PASS: Parsed.verifyHostName requires dNSName SAN (535.39ms)
[475/850] PASS: Parsed.checkHostName rejects public suffix wildcard (535.40ms)
[476/850] PASS: Parsed.checkHostName RFC 6125 compliance (535.40ms)
[477/850] PASS: Parsed.allowsKeyUsage reads digitalSignature (535.41ms)
[478/850] PASS: Parsed.allowsKeyUsage rejects malformed empty bit payload (535.41ms)
[479/850] PASS: Parsed.allowsExtKeyUsage finds serverAuth (535.42ms)
[480/850] PASS: Parsed.allowsExtKeyUsage rejects non-SEQUENCE wrapper (535.43ms)
[481/850] PASS: Parsed.nameConstraints extracts extension value (535.43ms)
[482/850] PASS: Parsed.nameConstraints absent returns empty (535.44ms)
[483/850] PASS: Parsed.verifyNameConstraints: DNS permitted subtree (535.44ms)
[484/850] PASS: Parsed.verifyNameConstraints: DNS permitted subtree mismatch (535.45ms)
[485/850] PASS: Parsed.verifyNameConstraints: DNS excluded subtree (535.46ms)
[486/850] PASS: Parsed.verifyNameConstraints: mixed DNS SAN violation is rejected (535.46ms)
[487/850] PASS: Parsed.verifyNameConstraints: DNS common name fallback (535.47ms)
[488/850] PASS: Parsed.verifyNameConstraints: IP permitted subnet (535.47ms)
[489/850] PASS: Parsed.verifyNameConstraints: permitted subtrees are type-specific (535.48ms)
[490/850] PASS: Parsed.verifyNameConstraints: email permitted subtree (535.49ms)
[491/850] PASS: Parsed.verifyNameConstraints: email mailbox local part is case-sensitive (535.49ms)
[492/850] PASS: Parsed.verifyNameConstraints: URI excluded subtree (535.50ms)
[493/850] PASS: Parsed.verifyNameConstraints: URI strips userinfo before host matching (535.51ms)
[494/850] PASS: Parsed.verifyNameConstraints: explicit minimum zero is accepted (535.51ms)
[495/850] PASS: Parsed.verifyNameConstraints: critical unsupported subtree is rejected (535.52ms)
[496/850] PASS: Parsed.verifyNameConstraints: non-critical unsupported subtree is ignored (535.53ms)
[497/850] PASS: parseBasicConstraints rejects pathLenConstraint without cA (535.53ms)
[498/850] PASS: parse rejects unknown critical extension (535.54ms)
[499/850] PASS: parse rejects duplicate recognized extensions (535.55ms)
[500/850] PASS: parse accepts old and new authority key identifier OIDs (535.55ms)
[501/850] PASS: parseBitString rejects empty bit string content (535.56ms)
[502/850] PASS: parseTime maps UTCTime centuries and expires 1999 certificates (535.57ms)
[503/850] PASS: parseTime enforces GeneralizedTime certificate grammar (535.57ms)
[504/850] PASS: parseTime rejects impossible dates and accepts leap day (535.58ms)
[505/850] PASS: certificate_parser.decltest.parseTimeDigits (535.59ms)
[506/850] PASS: certificate_parser.decltest.parseYear4 (535.59ms)
[507/850] PASS: certificate_parser.test_0 (535.60ms)
[508/850] PASS: PrivateKey.sign: RSA-PSS SHA-256 uses TLS parameters (536.45ms)
[509/850] PASS: PrivateKey.sign: short RSA-PSS output buffer is rejected (536.58ms)
[510/850] PASS: PrivateKey.sign: key and scheme mismatch is a libcrypto failure (536.60ms)
[511/850] PASS: PrivateKey.sign: deterministic ECDSA matches the RFC 6979 vector (536.62ms)
[512/850] PASS: PrivateKey.sign: deterministic ECDSA P-384 matches the RFC 6979 A.2.6 vector (536.71ms)
[513/850] PASS: PrivateKey.sign: deterministic nonce with RSA-PSS is rejected (536.83ms)
[514/850] PASS: PrivateKey.fromPemAuto: RSA PKCS#8 and PKCS#1 both infer rsa_pss_rsae_sha256 (537.76ms)
[515/850] PASS: PrivateKey.fromPemAuto: P-256 infers ecdsa_secp256r1_sha256 and signs (537.80ms)
[516/850] PASS: PrivateKey.fromPemAuto: P-384 infers ecdsa_secp384r1_sha384 and signs (537.92ms)
[517/850] PASS: PrivateKey.fromPemAuto: P-521 is rejected at load by the capability gate (538.08ms)
[518/850] PASS: PrivateKey.fromPemAuto: Ed25519 is rejected at load by the capability gate (538.11ms)
[519/850] PASS: PrivateKey.fromPemAuto: secp224r1 has no CertificateVerify scheme (538.14ms)
[520/850] PASS: PrivateKey.fromPemAuto: garbage PEM fails at load (538.14ms)
[521/850] PASS: PrivateKey.fromPem: encrypted PEM fails at load (538.28ms)
[522/850] PASS: PrivateKey.fromPemAuto: encrypted PEM fails at load (538.31ms)
[523/850] PASS: PrivateKey.pairsWith: P-256 scalar key pairs with its leaf certificate (538.34ms)
[524/850] PASS: PrivateKey.pairsWith: auto-inferred RSA and P-256 keys pair with their leaves (538.50ms)
[525/850] PASS: PrivateKey.pairsWith: same-algorithm mismatch is a named error (538.52ms)
[526/850] PASS: PrivateKey.pairsWith: cross-algorithm mismatch is a named error (538.55ms)
[527/850] PASS: PrivateKey.pairsWith: garbage leaf DER is not a certificate (538.57ms)
[528/850] PASS: PrivateKey.pairsWith: trailing bytes make leaf DER invalid (538.70ms)
[529/850] PASS: OpenSSL AEAD initialization rejects wrong key length (538.70ms)
[530/850] PASS: ML-KEM-768 encapsulate/decapsulate round-trip (538.75ms)
[531/850] PASS: ML-KEM-1024 encapsulate/decapsulate round-trip (538.80ms)
[532/850] PASS: ML-KEM encapsulation-key modulus boundary (538.83ms)
[533/850] PASS: ML-KEM rejects non-canonical encapsulation keys (538.83ms)
[534/850] PASS: ML-KEM rejects a wrong-length ciphertext (538.85ms)
[535/850] PASS: classify: bounded PSK identity admission is a buffer-class limit (538.85ms)
[536/850] PASS: classify: certificate failures never fall into a generic bucket (538.86ms)
[537/850] PASS: classify: authentication failures are their own class (538.86ms)
[538/850] PASS: classify: remaining buckets (538.87ms)
[539/850] PASS: parseHeader: valid plaintext record (538.88ms)
[540/850] PASS: parseHeader: application_data record (TLSCiphertext) (538.88ms)
[541/850] PASS: parseHeader: ignores legacy_record_version (538.89ms)
[542/850] PASS: parseHeader: buffer too short (538.89ms)
[543/850] PASS: parseHeader: exactly 5 bytes (header only, no fragment) (538.90ms)
[544/850] PASS: parseHeader: max valid length (538.90ms)
[545/850] PASS: parseHeader: length exceeds max (538.91ms)
[546/850] PASS: Header.init round-trips with parseHeader (538.91ms)
[547/850] PASS: Header.write: emits TLS 1.2 legacy_record_version (538.92ms)
[548/850] PASS: fuzz: parseHeader handles arbitrary input (539.16ms)
[549/850] PASS: kernel cipher_type values match KtlsCipherType (539.17ms)
[550/850] PASS: kernel socket option constants (539.17ms)
[551/850] PASS: packed kTLS info secureZero methods erase every byte (539.18ms)
[552/850] PASS: packAesGcm128 splits the 12-byte IV and copies key/seq (539.19ms)
[553/850] PASS: packAesGcm128 rejects a non-AES-GCM-128 info (539.19ms)
[554/850] PASS: packChaCha20Poly1305 uses the full 12-byte IV (539.20ms)
[555/850] PASS: packAesGcm256 copies the 32-byte key and splits the IV (539.20ms)
[556/850] PASS: install errno decode maps onto InstallError (539.21ms)
[557/850] PASS: a record-type cmsg occupies the kernel's CMSG_LEN and CMSG_SPACE (539.21ms)
[558/850] PASS: ControlBuffer.init writes one cmsg and zeroes the padding (539.22ms)
[559/850] PASS: parseRecordType rejects control data off the kTLS contract (539.23ms)
[560/850] PASS: ulpInstall attaches once, and only to an established TCP socket (539.32ms)
[561/850] PASS: txInstall and rxInstall accept a synthetic TLS 1.3 AES-128-GCM key (539.37ms)
[562/850] PASS: installs without the ULP are typed Unavailable errors, not panics (539.40ms)
[563/850] PASS: a crypto_info the kernel cannot use is a typed EINVAL failure (539.43ms)
[564/850] PASS: record-type cmsg round-trips through a live kTLS pair (539.49ms)
[565/850] PASS: Outbox: fresh outbox is not write-blocked (539.49ms)
[566/850] PASS: Outbox: send drains fully and completes write once (539.50ms)
[567/850] PASS: Outbox: partial send stays blocked and does not complete write (539.51ms)
[568/850] PASS: Outbox: zero-byte progress stays blocked (539.51ms)
[569/850] PASS: Outbox: idle flush is drained without completing write (539.52ms)
[570/850] PASS: Outbox: partial drain resumes across flush calls (539.52ms)
[571/850] PASS: Outbox: queue while blocked returns PendingWrite (539.53ms)
[572/850] PASS: Outbox: writer error leaves pending tail and does not complete write (539.53ms)
[573/850] PASS: Outbox: writer over-reporting bytes returns WriteOverflow (539.54ms)
[574/850] PASS: Outbox: sequential records complete once each (539.54ms)
[575/850] PASS: next: two records coalesced in one fill (539.56ms)
[576/850] PASS: next: record split across two fills (539.57ms)
[577/850] PASS: next: truncated records return null (539.59ms)
[578/850] PASS: next: in-place mutation of a returned record survives across next() (539.60ms)
[579/850] PASS: next: oversized length is rejected (539.61ms)
[580/850] PASS: isEmpty distinguishes drained, partial, and complete records (539.62ms)
[581/850] PASS: parse: rejects oversized legacy_session_id_echo without overflow (539.62ms)
[582/850] PASS: encode: round trips through parse (539.63ms)
[583/850] PASS: parse: accepts secp256r1 key_share (539.64ms)
[584/850] PASS: parse: rejects compressed secp256r1 key_share (539.65ms)
[585/850] PASS: parse: accepts secp384r1 key_share (539.66ms)
[586/850] PASS: parse: rejects compressed secp384r1 key_share (539.66ms)
[587/850] PASS: encode: echoes session id (539.67ms)
[588/850] PASS: parse: RFC 8448 §3 ServerHello (539.68ms)
[589/850] PASS: parse: wrong handshake type (539.68ms)
[590/850] PASS: parse: truncated message (539.69ms)
[591/850] PASS: parse: rejects HelloRetryRequest (539.69ms)
[592/850] PASS: parse: missing extensions / no supported_versions yields UnsupportedTlsVersion (539.70ms)
[593/850] PASS: parse: rejects mismatched handshake length (539.71ms)
[594/850] PASS: parse: rejects unknown cipher suite (539.71ms)
[595/850] PASS: parse: rejects oversized extensions block (539.72ms)
[596/850] PASS: parse: rejects duplicate supported_versions (539.72ms)
[597/850] PASS: parse: rejects duplicate key_share (539.73ms)
[598/850] PASS: parse: rejects unknown unsolicited extension (539.74ms)
[599/850] PASS: parse: rejects GREASE ServerHello extension (539.74ms)
[600/850] PASS: parse: rejects forbidden signature_algorithms extension (539.75ms)
[601/850] PASS: parse: rejects forbidden heartbeat extension (539.76ms)
[602/850] PASS: parse: rejects record_size_limit in ServerHello (539.77ms)
[603/850] PASS: parse: rejects key_share for unsupported group (539.77ms)
[604/850] PASS: parse: unsupported TLS version in supported_versions is illegal_parameter (539.78ms)
[605/850] PASS: parse: rejects TLS 1.2 downgrade sentinel (539.79ms)
[606/850] PASS: parse: rejects TLS 1.1 downgrade sentinel (539.79ms)
[607/850] PASS: parse: rejects downgrade sentinel when supported_versions selects TLS 1.3 (539.80ms)
[608/850] PASS: parse: accepts non-0x0303 legacy_version when supported_versions selects TLS 1.3 (539.81ms)
[609/850] PASS: parse: no supported_versions + downgrade sentinel yields IllegalParameter (539.82ms)
[610/850] PASS: parse: rejects ServerHello without supported_versions as legacy (539.82ms)
[611/850] PASS: parse: rejects SSLv3-or-lower legacy version (539.83ms)
[612/850] PASS: parse: rejects mismatched session id echo (539.84ms)
[613/850] PASS: parse: rejects non-zero compression method (539.84ms)
[614/850] PASS: fuzz: parse handles arbitrary input (539.91ms)
[615/850] PASS: encodeHelloRetryRequest: parse round-trip (539.92ms)
[616/850] PASS: parseHelloRetryRequest: rejects mismatched session id echo (539.92ms)
[617/850] PASS: parseHelloRetryRequest: RFC 8448 §5 (539.93ms)
[618/850] PASS: parseHelloRetryRequest: no cookie (539.93ms)
[619/850] PASS: parseHelloRetryRequest: rejects non-HRR Random (539.94ms)
[620/850] PASS: parseHelloRetryRequest: rejects wrong type (539.94ms)
[621/850] PASS: parseHelloRetryRequest: rejects TLS 1.2 in supported_versions (539.95ms)
[622/850] PASS: parseHelloRetryRequest: ignores non-0x0303 legacy_version (539.95ms)
[623/850] PASS: parseHelloRetryRequest: rejects SSLv3-or-lower legacy version (539.96ms)
[624/850] PASS: parseHelloRetryRequest: rejects non-zero compression method (539.99ms)
[625/850] PASS: parseHelloRetryRequest: rejects unknown cipher suite (539.99ms)
[626/850] PASS: parseHelloRetryRequest: rejects trailing bytes after extensions (540.00ms)
[627/850] PASS: parseHelloRetryRequest: rejects cookie extension trailing bytes (540.06ms)
[628/850] PASS: parseHelloRetryRequest: rejects missing supported_versions (540.06ms)
[629/850] PASS: parseHelloRetryRequest: rejects unknown unsolicited extension (540.07ms)
[630/850] PASS: parseHelloRetryRequest: rejects record_size_limit (540.08ms)
[631/850] PASS: KEM key_share round-trip: ServerHello encode → parse preserves 1120-byte ciphertext (540.10ms)
[632/850] PASS: fuzz: parseHelloRetryRequest handles arbitrary input (540.17ms)
[633/850] PASS: Config.validate reports invalid lists and missing P-384 material (540.21ms)
[634/850] PASS: sendAlert: plaintext fatal alert before ClientHello (540.25ms)
[635/850] PASS: sendAlert: encrypted close_notify after handshake (540.44ms)
[636/850] PASS: handleRecord: rejects ChangeCipherSpec before ClientHello (540.48ms)
[637/850] PASS: handleRecord: drops valid ChangeCipherSpec while waiting for client Finished (540.59ms)
[638/850] PASS: handleRecord: rejects malformed ChangeCipherSpec payload (540.69ms)
[639/850] PASS: handleRecord: ClientHello returns ServerHello write and enforces pending write (540.80ms)
[640/850] PASS: handleRecord: zero-length plaintext handshake is rejected (540.84ms)
[641/850] PASS: handleRecord: rejects application_data before connected (540.88ms)
[642/850] PASS: acceptClientHello: emits ServerHello and installs handshake keys (541.07ms)
[643/850] PASS: acceptClientHello: negotiates secp256r1 key share (541.23ms)
[644/850] PASS: acceptClientHello: negotiates secp384r1 key share (541.99ms)
[645/850] PASS: acceptClientHello: emits HelloRetryRequest for missing secp256r1 key share (542.07ms)
[646/850] PASS: acceptClientHello: rejects ClientHello2 with changed SNI or ALPN after HRR (542.18ms)
[647/850] PASS: acceptClientHello: rejects early_data in ClientHello2 after HRR (542.25ms)
[648/850] PASS: acceptClientHello: rejects replaced PSK identity in ClientHello2 despite valid binder (542.35ms)
[649/850] PASS: acceptClientHello: rejects added, reordered, or dropped PSK identities in CH2 (542.57ms)
[650/850] PASS: acceptClientHello: accepts permitted ClientHello2 PSK updates after HRR (543.00ms)
[651/850] PASS: acceptClientHello: bounded PSK identity admission before HelloRetryRequest (543.16ms)
[652/850] PASS: acceptClientHello: rejects removal of an unknown identity whose binder claims the HRR hash (543.24ms)
[653/850] PASS: acceptClientHello: HRR path rejects a slack-byte identities vector in CH1 (543.30ms)
[654/850] PASS: acceptClientHello: HRR path rejects a slack-byte identities vector in CH2 (543.36ms)
[655/850] PASS: acceptClientHello: PSK selection rejects a slack-byte identities vector (543.41ms)
[656/850] PASS: acceptClientHello: rejects ClientHello2 that ignores HRR selected group (543.49ms)
[657/850] PASS: acceptClientHello: rejects ClientHello2 with extra key share (543.57ms)
[658/850] PASS: acceptClientHello: HRR sends at most one compatibility ChangeCipherSpec (543.68ms)
[659/850] PASS: acceptClientHello: emits compatibility ChangeCipherSpec for non-empty legacy_session_id (543.79ms)
[660/850] PASS: sendAnonymousFlightForTest: client decrypts EncryptedExtensions and Finished (544.02ms)
[661/850] PASS: sendPreparedServerFlight: credentials and pending write are enforced (544.27ms)
[662/850] PASS: sendPreparedServerFlight: encryption failure preserves handshake write epoch (544.51ms)
[663/850] PASS: sendAuthenticatedFlight: client decrypts authenticated server flight (544.74ms)
[664/850] PASS: sendAuthenticatedFlight: optional client auth sends CertificateRequest (544.97ms)
[665/850] PASS: NewSessionTicket emission derives matching client and server PSKs (545.34ms)
[666/850] PASS: NewSessionTicket emission rejects stale prepared PSK objects (545.70ms)
[667/850] PASS: server-issued NewSessionTicket resumes and can be renewed (546.38ms)
[668/850] PASS: NewSessionTicket emission owns unique bounded nonces (546.84ms)
[669/850] PASS: NewSessionTicket emission enforces write and kTLS ordering (547.18ms)
[670/850] PASS: NewSessionTicket emission preserves state on encoding failure (547.54ms)
[671/850] PASS: discardTicketPsk burns nonce and erases key material (547.89ms)
[672/850] PASS: processClientFinished: optional client auth accepts empty Certificate (548.26ms)
[673/850] PASS: processClientFinished: required client auth rejects empty Certificate (548.60ms)
[674/850] PASS: processClientFinished: required client auth verifies real client Certificate + CV (549.04ms)
[675/850] PASS: processClientFinished: bad client Finished does not retain identity (549.45ms)
[676/850] PASS: processClientFinished: client identity requires caller-owned storage (549.88ms)
[677/850] PASS: processClientFinished: required client auth rejects forged CertificateVerify (550.28ms)
[678/850] PASS: sendAuthenticatedFlight: client processes CertificateVerify and Finished (550.57ms)
[679/850] PASS: processClientFinished: verifies Finished and installs app keys (550.71ms)
[680/850] PASS: processClientFinished: rejects bad verify_data (550.84ms)
[681/850] PASS: processClientFinished: rejects EndOfEarlyData when 0-RTT was not accepted (550.96ms)
[682/850] PASS: handleRecord: rejects second plaintext ClientHello before Finished (551.09ms)
[683/850] PASS: handleRecord: rejects protected ClientHello after connected (551.24ms)
[684/850] PASS: handleRecord: rejects client KeyUpdate before Finished (551.36ms)
[685/850] PASS: receiveRecord: RX progresses while a server TX record is pending (551.52ms)
[686/850] PASS: receiveKtlsRecord: server processes kernel-decrypted records (551.69ms)
[687/850] PASS: ratchetKtlsTx: server advances only an idle TX epoch (551.84ms)
[688/850] PASS: handleRecord: client KeyUpdate(update_requested) ratchets rx and responds (552.09ms)
[689/850] PASS: handleRecord: client KeyUpdate(update_not_requested) ratchets rx only (552.25ms)
[690/850] PASS: sendKeyUpdate: server-initiated KeyUpdate encrypts under old key then ratchets tx (552.41ms)
[691/850] PASS: handleRecord: self-initiated sendKeyUpdate response surfaces rx only (552.57ms)
[692/850] PASS: handleRecord: KeyUpdate not at record boundary is rejected (552.72ms)
[693/850] PASS: handleRecord: invalid client KeyUpdate request is rejected (552.87ms)
[694/850] PASS: handleRecord: zero-length encrypted handshake is rejected (553.01ms)
[695/850] PASS: handleRecord: all-zero inner plaintext maps to unexpected_message (553.16ms)
[696/850] PASS: handleRecord: illegal post-handshake inner content type is rejected (553.31ms)
[697/850] PASS: handleRecord: empty application data does not reset post-handshake flood counter (553.46ms)
[698/850] PASS: handleRecord: KeyUpdate flood is rejected (553.87ms)
[699/850] PASS: handleRecord: KeyUpdate flood cap fires despite empty app-data interleaving (554.20ms)
[700/850] PASS: EstablishedSession: struct stays compact against the handshake engine (554.20ms)
[701/850] PASS: extractEstablished: connected events match the handshake engine (554.53ms)
[702/850] PASS: extractEstablished: engine is consumed and immediate deinit is safe (554.68ms)
[703/850] PASS: extractEstablished: moved-from rx/tx are wiped, the session's copies stay live (554.83ms)
[704/850] PASS: extractEstablished: deferred KeyUpdate obligation blocks application writes (555.00ms)
[705/850] PASS: extractEstablished: KeyUpdate flood cap survives extraction and resets on app data (555.31ms)
[706/850] PASS: extractEstablished: KeyUpdate fragment carries across extraction (555.47ms)
[707/850] PASS: extractEstablished: KeyUpdate record-boundary and fragment rules hold (555.62ms)
[708/850] PASS: extractEstablished: close_notify and fatal alerts keep server semantics (555.77ms)
[709/850] PASS: extractEstablished: sendAlert latches and ratchetTx advances the TX epoch (555.93ms)
[710/850] PASS: extractEstablished: SHA-384 suite ratchets and exchanges app data (556.49ms)
[711/850] PASS: extractEstablished: NewSessionTicket is issued before extraction (556.85ms)
[712/850] PASS: key update: simultaneous update_requested remains connected (557.27ms)
[713/850] PASS: fuzz: ServerHandshake.handleRecord rejects arbitrary input (557.36ms)
[714/850] PASS: fuzz: connected ServerHandshake.handleRecord rejects arbitrary input (558.37ms)
[715/850] PASS: application data: server sends and receives (558.52ms)
[716/850] PASS: in-memory authenticated client-server handshake reaches app data (558.87ms)
[717/850] PASS: in-memory authenticated client-server handshake suite matrix (560.49ms)
[718/850] PASS: in-memory KeyUpdate round trip across all cipher suites (562.31ms)
[719/850] PASS: selectPsk: verifies the binder for a matching PSK identity (562.38ms)
[720/850] PASS: selectPsk: returns null when the PSK binder does not verify (562.45ms)
[721/850] PASS: selectPsk: oversized binders_len does not overflow (562.51ms)
[722/850] PASS: PSK offer without psk_key_exchange_modes aborts (562.60ms)
[723/850] PASS: PSK offer with only psk_ke disables resumption and ticket issuance (562.76ms)
[724/850] PASS: client authentication policy declines PSK resumption (563.20ms)
[725/850] PASS: PSK selection skips cipher suites with an incompatible hash (563.68ms)
[726/850] PASS: in-memory PSK resumption reaches app data (564.00ms)
[727/850] PASS: in-memory RFC 10024 PSK resumption matrix reaches app data (565.88ms)
[728/850] PASS: in-memory RFC 10024 PSK resumption survives HRR (567.75ms)
[729/850] PASS: in-memory RFC 10024 SHA-384 PSK resumption survives HRR (572.41ms)
[730/850] PASS: PSK fast-path rejects bare Finished when server did NOT select PSK (572.61ms)
[731/850] PASS: in-memory 0-RTT early data is decrypted by the server (572.95ms)
[732/850] PASS: 0-RTT: accepted early data distinguishes authentication and handshake errors (573.57ms)
[733/850] PASS: 0-RTT: server rejects early data exceeding max_early_data_size (573.76ms)
[734/850] PASS: 0-RTT: max u32 early-data limit rejects bytes beyond remaining budget (573.80ms)
[735/850] PASS: 0-RTT: no PSK selected means early data is skipped and 1-RTT completes (574.17ms)
[736/850] PASS: 0-RTT: declined early records in flight are skipped and 1-RTT completes (574.49ms)
[737/850] PASS: 0-RTT: required client auth declines PSK, skips early data, completes 1-RTT (574.96ms)
[738/850] PASS: 0-RTT: decline skip budget exhaustion aborts the handshake (575.12ms)
[739/850] PASS: 0-RTT: corrupted record after the skip window aborts (575.34ms)
[740/850] PASS: 0-RTT: HRR decline skips in-flight early data and the retry handshake completes (575.76ms)
[741/850] PASS: 0-RTT: default decline-skip budget covers a full max-size early record (576.18ms)
[742/850] PASS: 0-RTT: HRR decline skip budget exhaustion aborts the handshake (576.30ms)
[743/850] PASS: 0-RTT: HRR decline skip rejects malformed application_data records (576.42ms)
[744/850] PASS: 0-RTT: HRR skip window closes at ClientHello2 (576.65ms)
[745/850] PASS: 0-RTT: server declines, client sends no EndOfEarlyData (576.97ms)
[746/850] PASS: 0-RTT: client rejects server-sent EndOfEarlyData (577.01ms)
[747/850] PASS: 0-RTT: processClientFinished rejects Finished before EndOfEarlyData (577.22ms)
[748/850] PASS: preferredHybridShare follows server preference (577.27ms)
[749/850] PASS: in-memory RFC 10024 hybrid group matrix reaches app data (579.21ms)
[750/850] PASS: RFC 10024 hybrid group matrix negotiates through HRR (580.65ms)
[751/850] PASS: hybrid share requires explicit server policy (580.80ms)
[752/850] PASS: in-memory HRR round trip reaches app data (581.16ms)
[753/850] PASS: acceptClientHello: server suite preference (581.27ms)
[754/850] PASS: acceptClientHello: exposes SNI via clientServerName (581.37ms)
[755/850] PASS: acceptClientHello: clientServerName is null when SNI absent (581.48ms)
[756/850] PASS: acceptClientHello: rejects unsupported suite (581.53ms)
[757/850] PASS: acceptClientHello: ignores unknown cipher suites in mixed list (581.77ms)
[758/850] PASS: acceptClientHello: rejects ClientHello with no shared group (581.83ms)
[759/850] PASS: handleRecord: reassembles ClientHello split across records (581.93ms)
[760/850] PASS: handleRecord: reassembles ClientHello with header and body in separate records (582.04ms)
[761/850] PASS: handleRecord: rejects CCS while ClientHello fragment pending (582.09ms)
[762/850] PASS: handleRecord: processes alert while ClientHello fragment pending (582.14ms)
[763/850] PASS: handleRecord: plaintext fatal alert in wait_ch records detail (582.22ms)
[764/850] PASS: handleRecord: unknown alert codes are preserved (582.26ms)
[765/850] PASS: handleRecord: lastPeerAlert replaced by later alert, preserved by close/malformed (582.30ms)
[766/850] PASS: handleRecord: rejects fragmented ClientHello without reassembly buffer (582.36ms)
[767/850] PASS: handleRecord: state reset after invalid fragmented ClientHello (582.47ms)
[768/850] PASS: handleRecord: rejects trailing bytes after fragmented ClientHello (582.58ms)
[769/850] PASS: handleRecord: reassembles ClientHello2 split across records after HRR (582.69ms)
[770/850] PASS: handleRecord: reassembles fragmented client Finished across encrypted records (582.84ms)
[771/850] PASS: handleRecord: rejects interleaved alert during Finished fragment reassembly (582.96ms)
[772/850] PASS: handleRecord: rejects plaintext alert during Finished fragment reassembly (583.09ms)
[773/850] PASS: handleRecord: encrypted fatal alert while waiting for Finished records detail (583.21ms)
[774/850] PASS: handleRecord: rejects plaintext alert while waiting for Finished (583.33ms)
[775/850] PASS: handleRecord: rejects zero-length encrypted handshake while waiting for Finished (583.45ms)
[776/850] PASS: handleRecord: reassembles ClientHello when handshake header is split after 1 byte (583.56ms)
[777/850] PASS: handleRecord: server reassembles 1-byte fragmented KeyUpdate(update_requested) (583.73ms)
[778/850] PASS: handleRecord: fragmented KeyUpdate(update_not_requested) works (583.89ms)
[779/850] PASS: handleRecord: non-KeyUpdate fragment starts are rejected (584.06ms)
[780/850] PASS: handleRecord: KeyUpdate with trailing record bytes is rejected before ratchet (584.21ms)
[781/850] PASS: handleRecord: app-data interleaving during KeyUpdate reassembly is rejected (584.36ms)
[782/850] PASS: receiveApplicationData: app-data interleaving during KeyUpdate reassembly is rejected (584.51ms)
[783/850] PASS: handleRecord: alert interleaving during KeyUpdate reassembly is rejected (584.66ms)
[784/850] PASS: handleRecord: connected close_notify is clean, fatal alert records detail (584.81ms)
[785/850] PASS: handleRecord: zero-length handshake during KeyUpdate reassembly is rejected (584.95ms)
[786/850] PASS: handleRecord: ClientHello body_len 0xFFFFFF rejected without overflow (fast path) (585.00ms)
[787/850] PASS: handleRecord: split-header reassembly body_len 0xFFFFFF rejected without overflow (585.04ms)
[788/850] PASS: deinit leaves caller-owned buffers to the caller (585.19ms)
[789/850] PASS: fill writes caller buffer (585.20ms)
[790/850] PASS: encode: empty EncryptedExtensions (585.20ms)
[791/850] PASS: encode: ALPN EncryptedExtensions (585.21ms)
[792/850] PASS: encode: early_data accepted in EncryptedExtensions (585.21ms)
[793/850] PASS: encode: early_data omitted when not accepted (585.22ms)
[794/850] PASS: parse: valid EncryptedExtensions (585.22ms)
[795/850] PASS: parse: ALPN selection (585.23ms)
[796/850] PASS: parse: rejects unsolicited ALPN (585.23ms)
[797/850] PASS: parse: rejects unoffered ALPN (585.24ms)
[798/850] PASS: parse: rejects duplicate ALPN extension (585.24ms)
[799/850] PASS: parse: rejects multiple ALPN protocols (585.25ms)
[800/850] PASS: parse: rejects forbidden supported_versions extension (585.25ms)
[801/850] PASS: parse: rejects forbidden key_share extension (585.26ms)
[802/850] PASS: parse: rejects forbidden heartbeat extension (585.27ms)
[803/850] PASS: parse: rejects GREASE EncryptedExtensions extension (585.27ms)
[804/850] PASS: parse: rejects unknown unsolicited extension (585.28ms)
[805/850] PASS: parse: accepts server_name acknowledgment when SNI offered (585.28ms)
[806/850] PASS: parse: rejects server_name when SNI not offered (585.29ms)
[807/850] PASS: parse: rejects server_name acknowledgment with non-empty extension_data (585.29ms)
[808/850] PASS: parse: rejects unoffered record_size_limit in EncryptedExtensions (585.30ms)
[809/850] PASS: parse: accepts offered record_size_limit in EncryptedExtensions (585.30ms)
[810/850] PASS: parse: rejects malformed record_size_limit in EncryptedExtensions (585.31ms)
[811/850] PASS: parse: ignores supported_groups extension (585.31ms)
[812/850] PASS: parse: wrong handshake type (585.32ms)
[813/850] PASS: parse: truncated (585.32ms)
[814/850] PASS: encode round-trips via parse (585.33ms)
[815/850] PASS: parse rejects wrong handshake type (585.34ms)
[816/850] PASS: parse rejects missing signature_algorithms (585.34ms)
[817/850] PASS: parse rejects duplicate signature_algorithms (585.35ms)
[818/850] PASS: encodedLen is accurate (585.35ms)
[819/850] PASS: verify: wrong verify_data (585.36ms)
[820/850] PASS: verify: wrong handshake type (585.36ms)
[821/850] PASS: encode then verify round-trip (585.37ms)
[822/850] PASS: encode and parse NewSessionTicket round trip (585.38ms)
[823/850] PASS: encode validates NewSessionTicket bounds before writing (585.39ms)
[824/850] PASS: parse: valid NewSessionTicket (585.39ms)
[825/850] PASS: parse: captures early_data max_early_data_size (585.40ms)
[826/850] PASS: parse: skips unknown ticket extension (585.40ms)
[827/850] PASS: parse: skips GREASE ticket extension (585.41ms)
[828/850] PASS: parse: rejects duplicate early_data extension (585.41ms)
[829/850] PASS: parse: rejects malformed early_data length (585.42ms)
[830/850] PASS: parse: wrong handshake type (585.42ms)
[831/850] PASS: parse: rejects length mismatch (585.43ms)
[832/850] PASS: parse: rejects empty ticket (585.43ms)
[833/850] PASS: parse: rejects malformed extensions length (585.44ms)
[834/850] PASS: fuzz: parse handles arbitrary input (585.49ms)
[835/850] PASS: Writer.append: u8 (585.50ms)
[836/850] PASS: Writer.append: u16 big-endian (585.50ms)
[837/850] PASS: Writer.append: u24 big-endian (585.51ms)
[838/850] PASS: Writer.appendSlice (585.51ms)
[839/850] PASS: Writer.append: enum (585.52ms)
[840/850] PASS: Reader.read: u8 (585.52ms)
[841/850] PASS: Reader.read: u16 big-endian (585.53ms)
[842/850] PASS: Reader.read: enum (585.53ms)
[843/850] PASS: Reader.readSlice: zero-copy (585.54ms)
[844/850] PASS: Reader.read: UnexpectedEof (585.54ms)
[845/850] PASS: Reader assume methods skip bounds checks after caller validation (585.55ms)
[846/850] PASS: Writer.reserve: write directly into buffer (585.55ms)
[847/850] PASS: Writer: sequential appends (585.56ms)
[848/850] PASS: messageHashSynthetic: SHA-256 header (585.56ms)
[849/850] PASS: messageHashSynthetic: SHA-384 header (585.57ms)
[850/850] PASS: messageHashSynthetic: RFC 8448 §5 ClientHello1 SHA-256 (585.57ms)

ztest: 850 passed, 0 failed, 0 skipped (of 850 total) in 1586ms
ALL TESTS PASSED
Build Summary: 8/8 steps succeeded
test success
+- run test success 1s
|  +- compile test Debug native-native success 46s MaxRSS:715M
|     +- options success
+- run exe errq-alloc-check success 24ms
|  +- compile exe errq-alloc-check Debug native-native success 31s MaxRSS:322M
|     +- options (reused)
+- run exe encrypted-pem-check success 6ms
   +- compile exe encrypted-pem-check Debug native-native success 31s MaxRSS:855M
      +- options (reused)

libcrypto family: boringssl (/nix/store/HASH-boringssl-0.20260803.0-dev/include)
errq-alloc-check: skipped for boringssl
encrypted-pem-check: ok (pipe, terminal)
ztest: Running 850 tests...
[1/850] PASS: test_0 (745.68ms)
[2/850] PASS: Wycheproof: X25519 shared secret tcId 1 (745.75ms)
[3/850] PASS: Wycheproof boundary: X25519 identity element is rejected (745.79ms)
[4/850] PASS: Wycheproof boundary: X25519 small-order public key is rejected (745.83ms)
[5/850] PASS: Wycheproof: AES-128-GCM AAD/tag handling tcId 2 (745.86ms)
[6/850] PASS: Wycheproof boundary: AES-256-GCM AAD/tag handling (745.87ms)
[7/850] PASS: Wycheproof: ChaCha20-Poly1305 one-byte message tcId 4 (745.89ms)
[8/850] PASS: Wycheproof boundary: ChaCha20-Poly1305 AAD handling (745.90ms)
[9/850] PASS: OpenSSL s_server interoperates with ztls client (825.59ms)
[10/850] PASS: OpenSSL s_server interoperates with ztls P-384 client (854.42ms)
[11/850] PASS: OpenSSL s_server interoperates with ztls RFC 10024 client groups (927.24ms)
[12/850] PASS: ztls client resumes with OpenSSL s_server (PSK resumption) (953.57ms)
[13/850] PASS: ztls client sends 0-RTT early data to OpenSSL s_server (980.06ms)
[14/850] PASS: OpenSSL s_client interoperates with ztls server (1018.64ms)
[15/850] PASS: OpenSSL s_client resumes with ztls server-issued ticket (43.99ms)
[16/850] PASS: OpenSSL s_client interoperates with ztls P-384 server (58.87ms)
[17/850] PASS: OpenSSL s_client interoperates with ztls RFC 10024 server groups (99.06ms)
[18/850] PASS: OpenSSL s_client with -cert interoperates with ztls server (required client auth) (115.90ms)
[19/850] PASS: ztls client with credentials interoperates with OpenSSL s_server -Verify (142.39ms)
[20/850] PASS: ztls-to-ztls TCP KeyUpdate round trip with ChaCha20-Poly1305 (184.09ms)
[21/850] PASS: backend.x25519: RFC 7748 §5.2 shared secret (184.14ms)
[22/850] PASS: backend.x25519: RFC 7748 §6.1 mutual key agreement (184.24ms)
[23/850] PASS: backend.x25519: Wycheproof tcId 1 shared secret (184.28ms)
[24/850] PASS: backend.x25519: all-zero public key is rejected (IdentityElement) (184.32ms)
[25/850] PASS: backend.x25519: small-order public key is rejected (IdentityElement) (184.36ms)
[26/850] PASS: backend.aead: round-trip for every advertised cipher suite (184.37ms)
[27/850] PASS: backend.aead: tag corruption is rejected for every advertised cipher suite (184.39ms)
[28/850] PASS: backend.aead: ciphertext corruption is rejected for every advertised cipher suite (184.40ms)
[29/850] PASS: backend.aead: Wycheproof AES-128-GCM tcId 2 (184.41ms)
[30/850] PASS: backend.aead: Wycheproof AES-256-GCM AAD boundary (184.42ms)
[31/850] PASS: backend.aead: Wycheproof ChaCha20-Poly1305 AAD boundary (184.43ms)
[32/850] PASS: backend.aead: ChaCha20-Poly1305 RFC 8439 §2.8.2 known-answer vector (184.45ms)
[33/850] PASS: backend.p256: mutual key agreement with fixed scalars (184.58ms)
[34/850] PASS: backend.p256: non-04 SEC1 prefix is rejected (184.61ms)
[35/850] PASS: backend.p256: off-curve point is rejected (184.62ms)
[36/850] PASS: backend.p256: zero scalar private key is rejected (184.62ms)
[37/850] PASS: backend.p256: Wycheproof tcId 1 shared secret (184.68ms)
[38/850] PASS: backend.p384: mutual key agreement with fixed scalars (186.61ms)
[39/850] PASS: backend.p384: non-04 SEC1 prefix is rejected (187.25ms)
[40/850] PASS: backend.p384: off-curve point is rejected (187.26ms)
[41/850] PASS: backend.p384: zero scalar private key is rejected (187.26ms)
[42/850] PASS: backend.p384: Wycheproof tcId 1 shared secret (188.22ms)
[43/850] PASS: backend.sign: RSA-PSS SHA-256 sign/verify round-trip (189.02ms)
[44/850] PASS: backend.sign: RSA-PSS SHA-256 rejects tampered signature (189.78ms)
[45/850] PASS: backend.sign: RSA-PSS SHA-384 sign/verify round-trip and tamper rejection (190.55ms)
[46/850] PASS: backend.sign: ECDSA P-256 SHA-256 sign/verify round-trip (190.64ms)
[47/850] PASS: backend.sign: ECDSA P-256 SHA-256 rejects tampered signature (190.68ms)
[48/850] PASS: backend.sign: ECDSA P-384 SHA-384 sign/verify round-trip and tamper rejection (192.05ms)
[49/850] PASS: backend.sign: BufferTooShort on undersized output (192.14ms)
[50/850] PASS: backend.sign: key/scheme mismatch is a libcrypto failure (192.16ms)
[51/850] PASS: backend.sign: Wycheproof RSA-PSS tcId 3 verify (192.20ms)
[52/850] PASS: backend.sign: Wycheproof RSA-PSS tcId 62 invalid signature (192.23ms)
[53/850] PASS: backend.sign: Wycheproof ECDSA P-256 tcId 1 verify (192.28ms)
[54/850] PASS: backend.sign: Wycheproof ECDSA P-256 tcId 6 invalid signature (192.29ms)
[55/850] PASS: backend.sign: Wycheproof ECDSA P-384 tcId 1 verify (192.64ms)
[56/850] PASS: backend.sign: Wycheproof ECDSA P-384 tcId 6 invalid signature (192.65ms)
[57/850] PASS: backend error-queue hygiene: malformed EC public key leaves no residue (#88) (192.66ms)
[58/850] PASS: backend error-queue hygiene: caller queue entries survive a failing wrapper (#88) (192.67ms)
[59/850] PASS: backend error-queue hygiene: scalar key load does not nest guards (#88) (192.68ms)
[60/850] PASS: backend error-queue hygiene: repeated failures leave the queue empty each round (#88) (192.69ms)
[61/850] PASS: backend error-queue hygiene: successful key load preserves caller entries (#88) (192.71ms)
[62/850] PASS: backend error-queue hygiene: failed signature verification leaves no residue (#88) (192.73ms)
[63/850] PASS: backend error-queue hygiene: failed record decrypt leaves no residue (#88) (192.74ms)
[64/850] PASS: backend error-queue hygiene: failed decrypt preserves caller entries exactly (#88) (192.74ms)
[65/850] PASS: backend error-queue hygiene: DER key load preservation is lane-dependent (#88) (192.75ms)
[66/850] PASS: backend error-queue hygiene: scheme inference preserves caller entries (#112) (192.77ms)
[67/850] PASS: backend error-queue hygiene: declined encrypted PEM loads leave no residue (#114) (192.80ms)
[68/850] PASS: backend error-queue hygiene: cert/key mismatch preservation is lane-dependent (#113) (192.84ms)
[69/850] PASS: RFC 5280 §4.2.1.10 name-constraint verdicts vs OpenSSL 3.6.3 ground truth (193.34ms)
[70/850] PASS: fuzz: verifyNameConstraints handles arbitrary NameConstraints and SAN DER (193.53ms)
[71/850] PASS: capi: ztls_version returns a non-empty string (193.54ms)
[72/850] PASS: capi: insecure client init is explicitly named (193.54ms)
[73/850] PASS: capi: size and alignment are non-zero and sane (193.55ms)
[74/850] PASS: capi: NULL parameters are rejected (193.55ms)
[75/850] PASS: capi: full client handshake through the C ABI (194.04ms)
[76/850] PASS: capi: send_application_data before connected fails (194.09ms)
[77/850] PASS: capi: KeyUpdate response is surfaced as a write event (194.54ms)
[78/850] PASS: capi: KeyUpdate without response maps to none without pending write (194.96ms)
[79/850] PASS: capi: NewSessionTicket maps to none without pending write (195.36ms)
[80/850] PASS: encrypt: rejects mismatched plaintext and ciphertext lengths (195.37ms)
[81/850] PASS: decrypt: rejects mismatched plaintext and ciphertext lengths (195.38ms)
[82/850] PASS: Aes128Gcm: encrypt/decrypt round-trip (195.39ms)
[83/850] PASS: Aes256Gcm: encrypt/decrypt round-trip (195.39ms)
[84/850] PASS: ChaCha20Poly1305: encrypt/decrypt round-trip (195.40ms)
[85/850] PASS: ChaCha20Poly1305: RFC 8439 known-answer vector (195.42ms)
[86/850] PASS: ChaCha20Poly1305: empty plaintext known-answer vector (195.42ms)
[87/850] PASS: ChaCha20Poly1305: authentication failure on tampered ciphertext (195.43ms)
[88/850] PASS: ChaCha20Poly1305: authentication failure on tampered tag (195.44ms)
[89/850] PASS: ChaCha20Poly1305: authentication failure on tampered ad (195.45ms)
[90/850] PASS: decrypt: authentication failure on tampered ciphertext (195.45ms)
[91/850] PASS: decrypt: authentication failure on tampered tag (195.46ms)
[92/850] PASS: decrypt: authentication failure on tampered ad (195.47ms)
[93/850] PASS: construct: seq 0 is just the IV (195.47ms)
[94/850] PASS: construct: seq increments flip the right bytes (195.48ms)
[95/850] PASS: construct: XOR with non-zero IV (195.48ms)
[96/850] PASS: construct: seq max u64 produces expected nonce (195.49ms)
[97/850] PASS: parse: close_notify (195.49ms)
[98/850] PASS: parse: warning-level error alert is fatal (195.50ms)
[99/850] PASS: parse: unknown alert description is fatal (195.50ms)
[100/850] PASS: parse: user_canceled is not fatal (195.51ms)
[101/850] PASS: parse: truncated (195.51ms)
[102/850] PASS: parse: rejects coalesced alert bytes (195.52ms)
[103/850] PASS: encode (195.52ms)
[104/850] PASS: fuzz: parse handles arbitrary input (195.65ms)
[105/850] PASS: alertForError: certificate failures map to certificate alerts (195.65ms)
[106/850] PASS: alertForError: parser and semantic failures map to protocol alerts (195.66ms)
[107/850] PASS: alertForError: provider failure maps to internal_error (195.66ms)
[108/850] PASS: alertForError: unknown error maps to internal_error (195.67ms)
[109/850] PASS: parse: oversized cert_len does not overflow bounds check (195.67ms)
[110/850] PASS: parseClientCertificate: oversized ctx_len does not overflow (195.68ms)
[111/850] PASS: parse: extracts public key from ECDSA P-256 certificate (195.70ms)
[112/850] PASS: parse: wrong handshake type (195.71ms)
[113/850] PASS: parse: rejects mismatched Certificate handshake body length (195.71ms)
[114/850] PASS: encodeWithRequestContext: encodes empty client certificate list (195.72ms)
[115/850] PASS: encodeWithRequestContext: rejects oversized request context (195.72ms)
[116/850] PASS: parseClientCertificate: accepts empty certificate with matching context (195.73ms)
[117/850] PASS: parseClientCertificate: rejects mismatched request context (195.74ms)
[118/850] PASS: parse: rejects non-empty server certificate request context (195.74ms)
[119/850] PASS: parse: rejects empty certificate list (195.75ms)
[120/850] PASS: parse: rejects certificate list length shorter than entries (195.75ms)
[121/850] PASS: encode: round trips certificate chain (202.67ms)
[122/850] PASS: parse: rejects unsupported CertificateEntry status_request (202.68ms)
[123/850] PASS: parse: rejects unsupported CertificateEntry SCT (202.69ms)
[124/850] PASS: parse: rejects forbidden CertificateEntry status_request_v2 (202.70ms)
[125/850] PASS: parse: rejects duplicate CertificateEntry status_request (202.70ms)
[126/850] PASS: parse: rejects malformed CertificateEntry extension length (202.71ms)
[127/850] PASS: parse: ignores unknown CertificateEntry extension (202.72ms)
[128/850] PASS: parse: validates hostname (202.73ms)
[129/850] PASS: parse: rejects hostname mismatch (202.74ms)
[130/850] PASS: parse: rejects missing trust anchor by default (202.75ms)
[131/850] PASS: parse: validates leaf against trust bundle (209.93ms)
[132/850] PASS: parse: validates leaf-intermediate-root chain (223.77ms)
[133/850] PASS: parse: rejects end-entity certificate used as issuer (223.87ms)
[134/850] PASS: parse: rejects chain with intermediate before leaf (223.96ms)
[135/850] PASS: parse: anchors chain below a cross-signed root (244.56ms)
[136/850] PASS: parse: rejects cross-signed root without a bundle anchor below it (258.22ms)
[137/850] PASS: parse: rejects chain with missing intermediate (258.31ms)
[138/850] PASS: parse: rejects chain hostname mismatch (258.39ms)
[139/850] PASS: parse: rejects untrusted leaf when bundle misses issuer (258.40ms)
[140/850] PASS: parse: accepts chain with matching DNS name constraints (272.14ms)
[141/850] PASS: parse: rejects chain with excluded DNS name constraints (285.91ms)
[142/850] PASS: parse: rejects chain outside permitted DNS name constraints (299.75ms)
[143/850] PASS: parse: insecure no-anchor path still enforces name constraints (306.59ms)
[144/850] PASS: parse: rejects signed unprocessed critical extension for both roles (306.69ms)
[145/850] PASS: parse: accepts signed noncritical extension and supported critical extensions (334.31ms)
[146/850] PASS: parse: rejects signed SAN with an invalid wrapper (334.42ms)
[147/850] PASS: parse: rejects chain exceeding pathLenConstraint zero (355.21ms)
[148/850] PASS: parse: accepts pathLenConstraint zero with a CA target (368.99ms)
[149/850] PASS: parse: rejects chain exceeding pathLenConstraint one (396.47ms)
[150/850] PASS: parse: accepts chain at pathLenConstraint one (417.05ms)
[151/850] PASS: parse: imposes no path-length limit when pathLenConstraint is absent (437.79ms)
[152/850] PASS: parse: enforces the tightest of multiple pathLenConstraints (465.33ms)
[153/850] PASS: parse: accepts multiple satisfied pathLenConstraints (485.98ms)
[154/850] PASS: parse: self-issued intermediate does not consume path length (506.69ms)
[155/850] PASS: parse: intermediate below a self-issued certificate still counts (534.41ms)
[156/850] PASS: parse: trust anchor pathLenConstraint limits intermediates below it (555.21ms)
[157/850] PASS: parse: trust anchor pathLenConstraint satisfied (568.92ms)
[158/850] PASS: parse: certificates above the anchored path are outside the path (596.35ms)
[159/850] PASS: parse: cross-signed root constraint binds inside the anchored path (623.91ms)
[160/850] PASS: parseClientChain: rejects client chain exceeding pathLenConstraint zero (644.68ms)
[161/850] PASS: parseClientChain: accepts client chain at pathLenConstraint zero (658.54ms)
[162/850] PASS: parse: insecure no-anchor path still enforces pathLenConstraint (672.29ms)
[163/850] PASS: parse: insecure no-anchor path accepts constrained chain with self-issued steps (686.08ms)
[164/850] PASS: parse: malformed DER length is rejected, not crashed (686.08ms)
[165/850] PASS: certificate_policy.verifyServerAuth: non-v3 certificates are rejected (686.09ms)
[166/850] PASS: certificate_policy.verifyServerAuth: KeyUsage without digitalSignature is rejected (686.10ms)
[167/850] PASS: certificate_policy.verifyServerAuth: EKU without serverAuth is rejected (686.10ms)
[168/850] PASS: certificate_policy.verifyClientAuth: EKU without clientAuth is rejected (686.11ms)
[169/850] PASS: certificate_policy.verifyClientAuth: KeyUsage without digitalSignature is rejected (686.11ms)
[170/850] PASS: certificate_policy.verifyClientAuth: clientAuth EKU is accepted (686.12ms)
[171/850] PASS: certificate_policy.verifyServerAuth: legacy certificate signatures are rejected (686.12ms)
[172/850] PASS: certificate_policy.verifyServerAuth: RSA PKCS1 SHA-256 certificate signature is accepted (686.13ms)
[173/850] PASS: certificate_policy: Ed25519 chain signature algorithm accepted when advertised (686.13ms)
[174/850] PASS: certificate_policy: Ed25519 chain signature algorithm rejected when not advertised (686.14ms)
[175/850] PASS: parse: Ed25519 self-signed certificate verified via std.crypto (686.15ms)
[176/850] PASS: certificate_policy.verifyServerAuth: rejects certificate signature outside policy (686.16ms)
[177/850] PASS: certificate signature policy checks non-self-signed chain certificates (686.16ms)
[178/850] PASS: certificate signature policy skips self-signed chain certificates (686.17ms)
[179/850] PASS: certificate_policy.verifyServerAuth: unrestricted supported leaf is accepted (686.17ms)
[180/850] PASS: encodeCertificateVerify: wraps signature (686.18ms)
[181/850] PASS: verifySignature: valid ECDSA P-256 signature (686.26ms)
[182/850] PASS: verifySignature: valid RSA-PSS SHA-256 signature (686.29ms)
[183/850] PASS: verifySignature: rejects RSA-PSS signature with wrong salt length (686.32ms)
[184/850] PASS: verifySignature: wrong transcript hash (686.37ms)
[185/850] PASS: verifySignature: rejects scheme absent from offered list (686.38ms)
[186/850] PASS: verifySignature: client CV rejects scheme absent from offered list (686.39ms)
[187/850] PASS: verifySignature: rejects RSA PKCS1 CertificateVerify scheme (686.40ms)
[188/850] PASS: verifySignature: rejects certificate key and scheme mismatch (686.41ms)
[189/850] PASS: verifySignature: server signature is not valid for client context (686.47ms)
[190/850] PASS: verifySignature: wrong handshake type (686.48ms)
[191/850] PASS: parse: extracts critical name constraints (686.49ms)
[192/850] PASS: parse: extracts non-critical name constraints (686.50ms)
[193/850] PASS: fuzz: parse handles arbitrary input (686.57ms)
[194/850] PASS: CertificateChain: single certificate view (686.58ms)
[195/850] PASS: CertificateChain.fromPem: decodes a certificate chain (686.59ms)
[196/850] PASS: CertificateChain.fromPem: rejects malformed input (686.60ms)
[197/850] PASS: CertificateChain.fromPem: rejects exhausted caller storage (686.62ms)
[198/850] PASS: fuzz: CertificateChain.fromPem handles arbitrary input (686.69ms)
[199/850] PASS: active backend identity matches the private provider facade (686.69ms)
[200/850] PASS: hybrid capability queries match the active backend (686.70ms)
[201/850] PASS: validateHybridGroups reports local policy faults (686.71ms)
[202/850] PASS: requiresP384 identifies only P-384 hybrid policy (686.71ms)
[203/850] PASS: CipherSuite wire values (686.72ms)
[204/850] PASS: PskOfferIter: walks identity/binder pairs in offer order (686.73ms)
[205/850] PASS: PskOfferIter: rejects oversized lengths (686.73ms)
[206/850] PASS: PskOfferIter: rejects a slack-byte identities vector (686.74ms)
[207/850] PASS: PskOfferIter: rejects more binders than identities (686.74ms)
[208/850] PASS: encode: size matches encodedLen (686.75ms)
[209/850] PASS: encodeWithPsk: pre_shared_key is last, binder prefix and offset are correct (686.76ms)
[210/850] PASS: encodeWithPsk: rejects unsupported binder length (686.76ms)
[211/850] PASS: parse: ClientHello with pre_shared_key round-trips (686.77ms)
[212/850] PASS: encodeWithP256: size matches encodedLenWithP256 (686.78ms)
[213/850] PASS: encode: handshake type and legacy version (686.79ms)
[214/850] PASS: encode: cipher suites match backend capabilities (686.79ms)
[215/850] PASS: encode: legacy_session_id is empty (686.80ms)
[216/850] PASS: encode: supported_groups contains X25519 (686.81ms)
[217/850] PASS: encode: key_share contains public key (686.81ms)
[218/850] PASS: encodeWithP256: includes X25519 and secp256r1 key shares (686.82ms)
[219/850] PASS: encodeWithP256P384: includes X25519, secp256r1, and secp384r1 key shares (686.83ms)
[220/850] PASS: encodeWithP256P384: size matches encodedLenWithP256P384 (686.84ms)
[221/850] PASS: parse: accepts secp384r1 key share (687.49ms)
[222/850] PASS: parse: rejects compressed secp384r1 key share (687.50ms)
[223/850] PASS: encodeRetryAfterHrr: secp384r1 selected, no cookie (687.51ms)
[224/850] PASS: encode: SNI present when server_name set (687.52ms)
[225/850] PASS: encode: SNI absent when server_name is null (687.52ms)
[226/850] PASS: encode: supported_versions contains TLS 1.3 (687.53ms)
[227/850] PASS: encode: signature_algorithms match backend capabilities (687.54ms)
[228/850] PASS: encode: signature_algorithms_cert match backend capabilities (687.54ms)
[229/850] PASS: encode: ALPN present when protocols set (687.55ms)
[230/850] PASS: encode: rejects invalid ALPN protocols (687.55ms)
[231/850] PASS: parse: encoded ClientHello (687.56ms)
[232/850] PASS: parse: tracks offered SNI extension presence (687.57ms)
[233/850] PASS: parse: tracks offered record_size_limit extension presence (687.58ms)
[234/850] PASS: parse: accepts secp256r1 supported group and key share (687.62ms)
[235/850] PASS: parseSupportedGroups: records RFC 10024 groups (687.63ms)
[236/850] PASS: parse: rejects malformed X25519 key share (687.64ms)
[237/850] PASS: parse: rejects key share outside supported_groups (687.67ms)
[238/850] PASS: parse: rejects oversized legacy_session_id (687.68ms)
[239/850] PASS: parse: rejects SSLv3-or-lower legacy_version (687.68ms)
[240/850] PASS: parse: rejects missing supported_versions (687.69ms)
[241/850] PASS: parse: rejects supported_versions without TLS 1.3 (687.70ms)
[242/850] PASS: parse: rejects missing supported_groups (687.71ms)
[243/850] PASS: parse: rejects missing signature_algorithms (687.71ms)
[244/850] PASS: parse: rejects malformed signature_algorithms (687.72ms)
[245/850] PASS: parse: rejects signature_algorithms without TLS 1.3 handshake scheme (687.73ms)
[246/850] PASS: parse: rejects malformed ClientHello (687.74ms)
[247/850] PASS: parse: rejects malformed compression methods (687.75ms)
[248/850] PASS: parse: no shared supported group is rejected (687.75ms)
[249/850] PASS: parse: rejects duplicate x25519 key share entries (687.76ms)
[250/850] PASS: parseKeyShare: retains all RFC 10024 hybrid entries (687.77ms)
[251/850] PASS: encode: buffer too short (687.78ms)
[252/850] PASS: encode: server_name too long (687.78ms)
[253/850] PASS: parse: rejects duplicate supported_groups (687.79ms)
[254/850] PASS: parse: missing X25519 key share leaves public key null (687.79ms)
[255/850] PASS: parse: rejects duplicate signature_algorithms (687.80ms)
[256/850] PASS: parse: rejects duplicate signature_algorithms_cert (687.81ms)
[257/850] PASS: parse: ignores unknown extension (687.82ms)
[258/850] PASS: parse: ignores unknown supported_groups entries (687.82ms)
[259/850] PASS: fuzz: parse handles arbitrary input (687.89ms)
[260/850] PASS: encodeRetryAfterHrr: X25519 selected, no cookie (687.90ms)
[261/850] PASS: encodeRetryAfterHrr: preserves PSK key exchange mode (687.91ms)
[262/850] PASS: encodeRetryAfterHrr: secp256r1 selected, no cookie (687.91ms)
[263/850] PASS: encodeRetryAfterHrr: includes cookie when provided (687.92ms)
[264/850] PASS: encodeRetryAfterHrr: preserves SNI and ALPN from ClientHello1 (687.93ms)
[265/850] PASS: encodeRetryAfterHrr: rejects unsupported group (687.94ms)
[266/850] PASS: encodeRetryAfterHrr: missing configured hybrid share is a policy error (687.94ms)
[267/850] PASS: encodeWithHybridGroups: rejects unknown share group without panic (687.95ms)
[268/850] PASS: KEM key_share round-trip: ClientHello encode → parse preserves 1216-byte public key (687.99ms)
[269/850] PASS: parse: psk_key_exchange_modes list_len 0xFF rejected without overflow (688.01ms)
[270/850] PASS: SessionTicket.secureZero erases identity, PSK, and metadata (688.02ms)
[271/850] PASS: HybridPolicy.validate rejects an initial share outside its group list (688.02ms)
[272/850] PASS: Config.validate reports unavailable groups and missing P-384 material (688.07ms)
[273/850] PASS: start validates hybrid policy before key generation and output (688.17ms)
[274/850] PASS: transcript hash: RFC 8448 §3 ClientHello || ServerHello (688.22ms)
[275/850] PASS: deriveHandshakeKeys: RFC 8448 §3 server handshake key/iv/finished (688.28ms)
[276/850] PASS: processServerHello: RFC 8448 §3 installs server handshake keys (688.38ms)
[277/850] PASS: processServerHello: accepts secp256r1 key_share (688.52ms)
[278/850] PASS: processServerHello: rejects invalid secp256r1 point (688.57ms)
[279/850] PASS: processServerHello: rejects unoffered secp256r1 key_share (688.63ms)
[280/850] PASS: processServerHello: rejects mismatched session id echo (688.66ms)
[281/850] PASS: processServerHello: rejects unoffered cipher suite (688.72ms)
[282/850] PASS: processFlight: stores selected ALPN (688.81ms)
[283/850] PASS: processFlight: rejects unoffered ALPN (688.91ms)
[284/850] PASS: processFlight: rejects unanchored Certificate by default (689.46ms)
[285/850] PASS: processFlight: rejects non-empty server Certificate request context (689.83ms)
[286/850] PASS: processFlight: rejects empty server Certificate list (690.18ms)
[287/850] PASS: processFlight: rejects unsolicited EncryptedExtensions ALPN (690.28ms)
[288/850] PASS: processFlight: rejects unrequested server CertificateEntry status_request (690.63ms)
[289/850] PASS: processFlight: RFC 8448 §3 full server flight to connected (691.02ms)
[290/850] PASS: processFlight: rejects handshake message after server Finished (691.39ms)
[291/850] PASS: processFlight: handshake message spanning records needs buffer (691.74ms)
[292/850] PASS: processFlight: reassembles handshake message split across records (692.14ms)
[293/850] PASS: processFlight: buffered path rejects handshake message after server Finished (692.52ms)
[294/850] PASS: processFlight: RFC 8448 §3 flight split one message per record (692.90ms)
[295/850] PASS: handleRecord: malformed ServerHello is rejected (692.94ms)
[296/850] PASS: processFlight: rejects Finished before EncryptedExtensions (693.04ms)
[297/850] PASS: processFlight: rejects CertificateVerify before Certificate (693.43ms)
[298/850] PASS: processFlight: rejects Finished before CertificateVerify (693.79ms)
[299/850] PASS: processFlight: rejects unoffered CertificateVerify scheme (694.16ms)
[300/850] PASS: processFlight: rejects wrong CertificateVerify signature (694.53ms)
[301/850] PASS: processFlight: rejects wrong server Finished verify_data (694.90ms)
[302/850] PASS: handleRecord: plaintext fatal alert in wait_sh (694.96ms)
[303/850] PASS: handleRecord: malformed alert record does not set or replace lastPeerAlert (695.00ms)
[304/850] PASS: handleRecord: unknown alert codes are preserved (695.04ms)
[305/850] PASS: handleRecord: lastPeerAlert replaced by later alert, preserved by close/malformed (695.07ms)
[306/850] PASS: handleRecord: rejects ChangeCipherSpec before ClientHello (695.10ms)
[307/850] PASS: handleRecord: drops valid ChangeCipherSpec after ClientHello (695.14ms)
[308/850] PASS: handleRecord: rejects malformed ChangeCipherSpec payload (695.17ms)
[309/850] PASS: handleRecord: encrypted fatal alert during server flight (695.27ms)
[310/850] PASS: handleRecord: rejects server KeyUpdate before Finished (695.36ms)
[311/850] PASS: handleRecord: truncated encrypted flight is rejected (695.71ms)
[312/850] PASS: handleRecord: corrupted encrypted flight is rejected (696.09ms)
[313/850] PASS: handleRecord: post-handshake unexpected inner content type is rejected (696.52ms)
[314/850] PASS: handleRecord: encrypted application data during server flight is rejected (696.62ms)
[315/850] PASS: clientFinished: RFC 8448 §3 emits Finished and upgrades to app keys (697.03ms)
[316/850] PASS: processFlight: accepts CertificateRequest before server Certificate (697.40ms)
[317/850] PASS: processFlight: rejects non-empty handshake CertificateRequest context (697.75ms)
[318/850] PASS: clientFinished: sends empty Certificate before Finished for CertificateRequest (698.16ms)
[319/850] PASS: clientFinished: empty CertificateRequest with no credentials still finishes (698.57ms)
[320/850] PASS: client auth: setCredentials stores client credentials (698.61ms)
[321/850] PASS: ratchetClientKey: RFC 8446 §7.2 next application write key (699.03ms)
[322/850] PASS: handleRecord: application data resets both post-handshake flood counters (699.44ms)
[323/850] PASS: receiveRecord: RX progresses while a client TX record is pending (699.86ms)
[324/850] PASS: receiveKtlsRecord: client processes kernel-decrypted records (700.32ms)
[325/850] PASS: receiveKtlsRecord: client finds KeyUpdate after NewSessionTicket (700.76ms)
[326/850] PASS: ratchetKtlsTx: client advances only an idle TX epoch (701.18ms)
[327/850] PASS: handleRecord: server KeyUpdate(update_requested) ratchets rx and responds (701.61ms)
[328/850] PASS: handleRecord: KeyUpdate not at record boundary is rejected (702.03ms)
[329/850] PASS: handleRecord: invalid server KeyUpdate request is rejected (702.44ms)
[330/850] PASS: handleRecord: server KeyUpdate(update_not_requested) surfaces key_update rx only (702.86ms)
[331/850] PASS: handleRecord: self-initiated sendKeyUpdate response surfaces rx only (703.29ms)
[332/850] PASS: sendAlert: plaintext fatal alert before ServerHello (703.33ms)
[333/850] PASS: sendAlert: encrypted close_notify after handshake (703.74ms)
[334/850] PASS: handleRecord: close_notify returns closed (704.20ms)
[335/850] PASS: handleRecord: fatal alert returns PeerAlert (704.62ms)
[336/850] PASS: handleRecord: NewSessionTicket is surfaced as an event (705.06ms)
[337/850] PASS: clientFinished: RFC 8448 §4 resumption_master_secret over the live transcript (705.46ms)
[338/850] PASS: startWithPsk: binder matches an independent HMAC over the prefix (705.55ms)
[339/850] PASS: startWithPsk: advertises configured RFC 10024 key share (705.69ms)
[340/850] PASS: startWithPsk: ticket without early-data permission omits early_data (705.76ms)
[341/850] PASS: EncryptedExtensions: rejects early_data when server declined PSK (705.89ms)
[342/850] PASS: EncryptedExtensions: rejects early_data without early traffic keys (706.02ms)
[343/850] PASS: EncryptedExtensions: rejects early_data after HelloRetryRequest (706.16ms)
[344/850] PASS: processServerHello rejects selected PSK with incompatible cipher suite hash (706.32ms)
[345/850] PASS: handleRecord: PSK-offering client rejects bare Finished unless server selected PSK (706.66ms)
[346/850] PASS: handleRecord: accepts 17 consecutive NewSessionTickets (707.09ms)
[347/850] PASS: handleRecord: NewSessionTicket flood is rejected with ticket-specific error (707.53ms)
[348/850] PASS: handleRecord: malformed NewSessionTicket is rejected (707.95ms)
[349/850] PASS: handleRecord: KeyUpdate flood is rejected (708.67ms)
[350/850] PASS: handleRecord: empty application data does not reset flood counters (709.09ms)
[351/850] PASS: handleRecord: KeyUpdate flood cap fires despite empty app-data interleaving (709.79ms)
[352/850] PASS: start: uses Config host_name for SNI and policy (709.83ms)
[353/850] PASS: handleRecord: drives RFC 8448 §3 handshake to connected (710.25ms)
[354/850] PASS: handleRecord: unacknowledged write blocks further calls (710.67ms)
[355/850] PASS: sendEarlyData: unacknowledged write blocks further early data (710.75ms)
[356/850] PASS: handleRecord: zero-length plaintext handshake is rejected (710.79ms)
[357/850] PASS: handleRecord: zero-length encrypted handshake is rejected (710.88ms)
[358/850] PASS: handleRecord: all-zero inner plaintext maps to unexpected_message (711.30ms)
[359/850] PASS: handleRecord: application_data before ServerHello is rejected (711.34ms)
[360/850] PASS: HandshakeReader: splits coalesced messages (711.35ms)
[361/850] PASS: HandshakeReader: truncated body is UnexpectedEof (711.35ms)
[362/850] PASS: fuzz: HandshakeReader handles arbitrary input (711.40ms)
[363/850] PASS: fuzz: processFlight handles arbitrary decrypted bytes (711.85ms)
[364/850] PASS: fuzz: 0-RTT client state machine handles arbitrary inbound records (712.12ms)
[365/850] PASS: processHelloRetryRequest: rejects already-offered key_share group (712.16ms)
[366/850] PASS: processHelloRetryRequest: secp256r1 selected produces ClientHello2 (712.20ms)
[367/850] PASS: processHelloRetryRequest: transcript collapse matches §4.4.1 (712.24ms)
[368/850] PASS: processHelloRetryRequest: removes PSK with incompatible hash (712.38ms)
[369/850] PASS: processHelloRetryRequest: rejects second HRR (712.42ms)
[370/850] PASS: processHelloRetryRequest: rejects unoffered selected_group (712.46ms)
[371/850] PASS: processServerHello: post-HRR rejects mismatched cipher suite (712.50ms)
[372/850] PASS: processServerHello: post-HRR rejects mismatched key_share group (712.54ms)
[373/850] PASS: processServerHello: post-HRR accepts matching ServerHello (712.68ms)
[374/850] PASS: handleRecord: HRR returns ClientHello2 as write event (712.72ms)
[375/850] PASS: processHelloRetryRequest: returns null for normal ServerHello (712.76ms)
[376/850] PASS: processHelloRetryRequest: HRR with cookie echoes cookie in CH2 (712.80ms)
[377/850] PASS: deinit leaves caller-owned buffers to the caller (713.29ms)
[378/850] PASS: secureZero zeroes all secret material (713.97ms)
[379/850] PASS: Array.secureZero clears contents (713.98ms)
[380/850] PASS: lastIndexOfNonZero: last byte non-zero (fast path) (713.99ms)
[381/850] PASS: lastIndexOfNonZero: all zeros (713.99ms)
[382/850] PASS: lastIndexOfNonZero: single non-zero byte at start (714.00ms)
[383/850] PASS: lastIndexOfNonZero: single byte, non-zero (714.00ms)
[384/850] PASS: lastIndexOfNonZero: single byte, zero (714.01ms)
[385/850] PASS: lastIndexOfNonZero: non-zero in scalar tail (714.01ms)
[386/850] PASS: lastIndexOfNonZero: exactly chunk_len bytes, non-zero at start (714.02ms)
[387/850] PASS: lastIndexOfNonZero: exactly chunk_len bytes, all zeros (714.02ms)
[388/850] PASS: lastIndexOfNonZero: large buffer, non-zero in first chunk (714.03ms)
[389/850] PASS: lastIndexOfNonZero: large buffer, non-zero in middle chunk (714.03ms)
[390/850] PASS: lastIndexOfNonZero: large buffer, all zeros (714.04ms)
[391/850] PASS: encrypt: buffer too short (714.04ms)
[392/850] PASS: encrypt: sequence number overflow (714.05ms)
[393/850] PASS: deinit: clears caller-visible traffic key material (714.06ms)
[394/850] PASS: ktlsInfo: AES-GCM salt and IV reconstruct RFC 8446 nonce (714.07ms)
[395/850] PASS: ktlsInfo: cipher type uses Linux UAPI values (714.08ms)
[396/850] PASS: ktlsInfo: exported key material survives RecordLayer deinit (714.08ms)
[397/850] PASS: KtlsInfo.secureZero erases exported traffic material (714.09ms)
[398/850] PASS: encrypt/decrypt: key update required at AEAD usage limit (714.10ms)
[399/850] PASS: encryptPrepared/decrypt: round-trip (714.11ms)
[400/850] PASS: encrypt/decrypt: round-trip (714.11ms)
[401/850] PASS: encrypt/decrypt: sequence numbers advance (714.12ms)
[402/850] PASS: decrypt: failed auth exposes backend failure buffer behavior (714.13ms)
[403/850] PASS: decrypt: replayed record is rejected (714.14ms)
[404/850] PASS: encrypt/decrypt: zero-length application data (714.15ms)
[405/850] PASS: decrypt: rejects all-zero inner plaintext (714.15ms)
[406/850] PASS: encrypt/decrypt: maximum plaintext fragment length (714.25ms)
[407/850] PASS: decrypt: wrong content type (714.26ms)
[408/850] PASS: decrypt: payload shorter than tag (714.26ms)
[409/850] PASS: decrypt: truncated ciphertext record (714.27ms)
[410/850] PASS: decrypt: sequence number overflow (714.27ms)
[411/850] PASS: fuzz: decrypt handles arbitrary input (714.52ms)
[412/850] PASS: PendingWrite: mark and clear (714.53ms)
[413/850] PASS: SliceBuffer: append and retain (714.53ms)
[414/850] PASS: append and slice (714.54ms)
[415/850] PASS: appendAssumeCapacity (714.54ms)
[416/850] PASS: secureZero clears full storage and length (714.55ms)
[417/850] PASS: append returns error on overflow (714.55ms)
[418/850] PASS: clear resets length (714.56ms)
[419/850] PASS: Reader iterates coalesced messages (714.56ms)
[420/850] PASS: parseKeyUpdate (714.57ms)
[421/850] PASS: rejectDuplicateExtensions: rejects more than the extension count cap (714.57ms)
[422/850] PASS: rejectDuplicateExtensions: rejects duplicate unknown type (714.58ms)
[423/850] PASS: rejectDuplicateExtensions: accepts distinct extension types (714.58ms)
[424/850] PASS: ExtensionType.isGrease: detects reserved GREASE extension code points (714.59ms)
[425/850] PASS: rejectDuplicateExtensions: rejects malformed block (714.59ms)
[426/850] PASS: RFC 10024 hybrid groups round-trip (718.24ms)
[427/850] PASS: hybrid decapsulation rejects wrong server share length (718.31ms)
[428/850] PASS: NamedGroup wire identifiers (718.32ms)
[429/850] PASS: RFC 10024 hybrid group sizes (718.32ms)
[430/850] PASS: HkdfSha256.trafficKey: RFC 8448 §3 server handshake (718.33ms)
[431/850] PASS: HkdfSha384: traffic key/iv, finished key, traffic-upd (independent vector) (718.39ms)
[432/850] PASS: HkdfSha256.trafficIv: RFC 8448 §3 server handshake (718.40ms)
[433/850] PASS: HkdfSha256.earlySecret: RFC 8448 §3 (718.40ms)
[434/850] PASS: HkdfSha256: RFC 8448 §3/§4 PSK and resumption secrets (718.43ms)
[435/850] PASS: HkdfSha256.handshakeSecret: RFC 8448 §3 (718.44ms)
[436/850] PASS: HkdfSha256.masterSecret: RFC 8448 §3 (718.46ms)
[437/850] PASS: HkdfSha256.clientHandshakeTrafficSecret: RFC 8448 §3 (718.47ms)
[438/850] PASS: HkdfSha256.finishedKey: RFC 8448 §3 server (718.48ms)
[439/850] PASS: HkdfSha256.nextTrafficSecret: RFC 8446 §7.2 (718.49ms)
[440/850] PASS: HkdfSha256.serverHandshakeTrafficSecret: RFC 8448 §3 (718.50ms)
[441/850] PASS: sharedSecret: RFC 7748 X25519 vector (718.54ms)
[442/850] PASS: KeyPair.generateDeterministic: RFC 7748 public keys (718.58ms)
[443/850] PASS: KeyPair.generateDeterministic emits uncompressed SEC1 public key (718.60ms)
[444/850] PASS: sharedSecret: P-256 deterministic peers agree (718.75ms)
[445/850] PASS: KeyPair.generate: healthy entropy path (718.79ms)
[446/850] PASS: KeyPair.secureZero erases secret and public material (718.82ms)
[447/850] PASS: generateRetry: a LibcryptoFailed attempt is terminal, not retried (718.82ms)
[448/850] PASS: generateRetry: an invalid scalar retries exactly to the bound (718.83ms)
[449/850] PASS: generateRetry: retries a bad draw and succeeds (718.86ms)
[450/850] PASS: KeyPair.generateDeterministic enforces the scalar range [1, n-1] (718.88ms)
[451/850] PASS: sharedSecret: rejects compressed P-256 point (718.92ms)
[452/850] PASS: KeyPair.generateDeterministic emits uncompressed SEC1 public key (719.57ms)
[453/850] PASS: KeyPair.secureZero erases secret and public material (720.23ms)
[454/850] PASS: sharedSecret: P-384 deterministic peers agree (723.35ms)
[455/850] PASS: generateRetry: a LibcryptoFailed attempt is terminal, not retried (723.35ms)
[456/850] PASS: generateRetry: an invalid scalar retries exactly to the bound (723.36ms)
[457/850] PASS: generateRetry: retries a bad draw and succeeds (724.02ms)
[458/850] PASS: KeyPair.generateDeterministic enforces the scalar range [1, n-1] (724.66ms)
[459/850] PASS: sharedSecret: rejects compressed P-384 point (725.90ms)
[460/850] PASS: active backend matches the selected libcrypto headers (725.91ms)
[461/850] PASS: capabilities are non-empty for the active backend (725.91ms)
[462/850] PASS: x25519 handle shape matches active backend (725.92ms)
[463/850] PASS: client group capabilities match implemented client key-share plumbing (725.92ms)
[464/850] PASS: aead context shape matches active backend (725.93ms)
[465/850] SKIP: aws-lc aead deinit clears inline context (725.93ms)
[466/850] PASS: capability helpers recognize advertised algorithms (725.94ms)
[467/850] SKIP: fips: chacha20_poly1305_sha256 excluded from FIPS cipher_suites (725.94ms)
[468/850] SKIP: fips: rsa_pkcs1_sha* excluded from FIPS certificate_signature_schemes (725.95ms)
[469/850] SKIP: fips: ed25519 excluded from FIPS certificate_signature_schemes (725.96ms)
[470/850] SKIP: fips: ML-KEM disabled in FIPS capability table (725.96ms)
[471/850] SKIP: fips: FIPS capabilities are a subset of non-FIPS capabilities (725.97ms)
[472/850] PASS: fips: active capabilities follow FIPS identity (725.97ms)
[473/850] PASS: Parsed.verifyHostName rejects universal tag 2 as dNSName (725.98ms)
[474/850] PASS: Parsed.verifyHostName requires dNSName SAN (725.98ms)
[475/850] PASS: Parsed.checkHostName rejects public suffix wildcard (725.99ms)
[476/850] PASS: Parsed.checkHostName RFC 6125 compliance (726.00ms)
[477/850] PASS: Parsed.allowsKeyUsage reads digitalSignature (726.00ms)
[478/850] PASS: Parsed.allowsKeyUsage rejects malformed empty bit payload (726.01ms)
[479/850] PASS: Parsed.allowsExtKeyUsage finds serverAuth (726.02ms)
[480/850] PASS: Parsed.allowsExtKeyUsage rejects non-SEQUENCE wrapper (726.02ms)
[481/850] PASS: Parsed.nameConstraints extracts extension value (726.03ms)
[482/850] PASS: Parsed.nameConstraints absent returns empty (726.03ms)
[483/850] PASS: Parsed.verifyNameConstraints: DNS permitted subtree (726.04ms)
[484/850] PASS: Parsed.verifyNameConstraints: DNS permitted subtree mismatch (726.04ms)
[485/850] PASS: Parsed.verifyNameConstraints: DNS excluded subtree (726.05ms)
[486/850] PASS: Parsed.verifyNameConstraints: mixed DNS SAN violation is rejected (726.06ms)
[487/850] PASS: Parsed.verifyNameConstraints: DNS common name fallback (726.06ms)
[488/850] PASS: Parsed.verifyNameConstraints: IP permitted subnet (726.07ms)
[489/850] PASS: Parsed.verifyNameConstraints: permitted subtrees are type-specific (726.08ms)
[490/850] PASS: Parsed.verifyNameConstraints: email permitted subtree (726.08ms)
[491/850] PASS: Parsed.verifyNameConstraints: email mailbox local part is case-sensitive (726.09ms)
[492/850] PASS: Parsed.verifyNameConstraints: URI excluded subtree (726.10ms)
[493/850] PASS: Parsed.verifyNameConstraints: URI strips userinfo before host matching (726.10ms)
[494/850] PASS: Parsed.verifyNameConstraints: explicit minimum zero is accepted (726.11ms)
[495/850] PASS: Parsed.verifyNameConstraints: critical unsupported subtree is rejected (726.11ms)
[496/850] PASS: Parsed.verifyNameConstraints: non-critical unsupported subtree is ignored (726.12ms)
[497/850] PASS: parseBasicConstraints rejects pathLenConstraint without cA (726.13ms)
[498/850] PASS: parse rejects unknown critical extension (726.13ms)
[499/850] PASS: parse rejects duplicate recognized extensions (726.14ms)
[500/850] PASS: parse accepts old and new authority key identifier OIDs (726.15ms)
[501/850] PASS: parseBitString rejects empty bit string content (726.15ms)
[502/850] PASS: parseTime maps UTCTime centuries and expires 1999 certificates (726.16ms)
[503/850] PASS: parseTime enforces GeneralizedTime certificate grammar (726.17ms)
[504/850] PASS: parseTime rejects impossible dates and accepts leap day (726.17ms)
[505/850] PASS: certificate_parser.decltest.parseTimeDigits (726.18ms)
[506/850] PASS: certificate_parser.decltest.parseYear4 (726.19ms)
[507/850] PASS: certificate_parser.test_0 (726.19ms)
[508/850] PASS: PrivateKey.sign: RSA-PSS SHA-256 uses TLS parameters (726.95ms)
[509/850] PASS: PrivateKey.sign: short RSA-PSS output buffer is rejected (727.04ms)
[510/850] PASS: PrivateKey.sign: key and scheme mismatch is a libcrypto failure (727.06ms)
[511/850] PASS: PrivateKey.sign: deterministic ECDSA matches the RFC 6979 vector (727.08ms)
[512/850] PASS: PrivateKey.sign: deterministic ECDSA P-384 matches the RFC 6979 A.2.6 vector (727.68ms)
[513/850] PASS: PrivateKey.sign: deterministic nonce with RSA-PSS is rejected (727.77ms)
[514/850] PASS: PrivateKey.fromPemAuto: RSA PKCS#8 and PKCS#1 both infer rsa_pss_rsae_sha256 (728.65ms)
[515/850] PASS: PrivateKey.fromPemAuto: P-256 infers ecdsa_secp256r1_sha256 and signs (728.69ms)
[516/850] PASS: PrivateKey.fromPemAuto: P-384 infers ecdsa_secp384r1_sha384 and signs (729.34ms)
[517/850] PASS: PrivateKey.fromPemAuto: P-521 is rejected at load by the capability gate (730.91ms)
[518/850] PASS: PrivateKey.fromPemAuto: Ed25519 is rejected at load by the capability gate (730.95ms)
[519/850] PASS: PrivateKey.fromPemAuto: secp224r1 has no CertificateVerify scheme (731.05ms)
[520/850] PASS: PrivateKey.fromPemAuto: garbage PEM fails at load (731.06ms)
[521/850] PASS: PrivateKey.fromPem: encrypted PEM fails at load (731.16ms)
[522/850] PASS: PrivateKey.fromPemAuto: encrypted PEM fails at load (731.19ms)
[523/850] PASS: PrivateKey.pairsWith: P-256 scalar key pairs with its leaf certificate (731.22ms)
[524/850] PASS: PrivateKey.pairsWith: auto-inferred RSA and P-256 keys pair with their leaves (731.33ms)
[525/850] PASS: PrivateKey.pairsWith: same-algorithm mismatch is a named error (731.35ms)
[526/850] PASS: PrivateKey.pairsWith: cross-algorithm mismatch is a named error (731.37ms)
[527/850] PASS: PrivateKey.pairsWith: garbage leaf DER is not a certificate (731.39ms)
[528/850] PASS: PrivateKey.pairsWith: trailing bytes make leaf DER invalid (731.48ms)
[529/850] SKIP: OpenSSL AEAD initialization rejects wrong key length (731.49ms)
[530/850] PASS: ML-KEM-768 encapsulate/decapsulate round-trip (731.56ms)
[531/850] PASS: ML-KEM-1024 encapsulate/decapsulate round-trip (731.66ms)
[532/850] PASS: ML-KEM encapsulation-key modulus boundary (731.69ms)
[533/850] PASS: ML-KEM rejects non-canonical encapsulation keys (731.69ms)
[534/850] PASS: ML-KEM rejects a wrong-length ciphertext (731.72ms)
[535/850] PASS: classify: bounded PSK identity admission is a buffer-class limit (731.73ms)
[536/850] PASS: classify: certificate failures never fall into a generic bucket (731.73ms)
[537/850] PASS: classify: authentication failures are their own class (731.74ms)
[538/850] PASS: classify: remaining buckets (731.74ms)
[539/850] PASS: parseHeader: valid plaintext record (731.75ms)
[540/850] PASS: parseHeader: application_data record (TLSCiphertext) (731.75ms)
[541/850] PASS: parseHeader: ignores legacy_record_version (731.76ms)
[542/850] PASS: parseHeader: buffer too short (731.77ms)
[543/850] PASS: parseHeader: exactly 5 bytes (header only, no fragment) (731.77ms)
[544/850] PASS: parseHeader: max valid length (731.78ms)
[545/850] PASS: parseHeader: length exceeds max (731.78ms)
[546/850] PASS: Header.init round-trips with parseHeader (731.78ms)
[547/850] PASS: Header.write: emits TLS 1.2 legacy_record_version (731.79ms)
[548/850] PASS: fuzz: parseHeader handles arbitrary input (732.11ms)
[549/850] PASS: kernel cipher_type values match KtlsCipherType (732.11ms)
[550/850] PASS: kernel socket option constants (732.12ms)
[551/850] PASS: packed kTLS info secureZero methods erase every byte (732.13ms)
[552/850] PASS: packAesGcm128 splits the 12-byte IV and copies key/seq (732.13ms)
[553/850] PASS: packAesGcm128 rejects a non-AES-GCM-128 info (732.14ms)
[554/850] PASS: packChaCha20Poly1305 uses the full 12-byte IV (732.14ms)
[555/850] PASS: packAesGcm256 copies the 32-byte key and splits the IV (732.15ms)
[556/850] PASS: install errno decode maps onto InstallError (732.15ms)
[557/850] PASS: a record-type cmsg occupies the kernel's CMSG_LEN and CMSG_SPACE (732.16ms)
[558/850] PASS: ControlBuffer.init writes one cmsg and zeroes the padding (732.17ms)
[559/850] PASS: parseRecordType rejects control data off the kTLS contract (732.17ms)
[560/850] PASS: ulpInstall attaches once, and only to an established TCP socket (732.27ms)
[561/850] PASS: txInstall and rxInstall accept a synthetic TLS 1.3 AES-128-GCM key (732.32ms)
[562/850] PASS: installs without the ULP are typed Unavailable errors, not panics (732.36ms)
[563/850] PASS: a crypto_info the kernel cannot use is a typed EINVAL failure (732.39ms)
[564/850] PASS: record-type cmsg round-trips through a live kTLS pair (732.45ms)
[565/850] PASS: Outbox: fresh outbox is not write-blocked (732.45ms)
[566/850] PASS: Outbox: send drains fully and completes write once (732.46ms)
[567/850] PASS: Outbox: partial send stays blocked and does not complete write (732.47ms)
[568/850] PASS: Outbox: zero-byte progress stays blocked (732.47ms)
[569/850] PASS: Outbox: idle flush is drained without completing write (732.48ms)
[570/850] PASS: Outbox: partial drain resumes across flush calls (732.48ms)
[571/850] PASS: Outbox: queue while blocked returns PendingWrite (732.49ms)
[572/850] PASS: Outbox: writer error leaves pending tail and does not complete write (732.49ms)
[573/850] PASS: Outbox: writer over-reporting bytes returns WriteOverflow (732.50ms)
[574/850] PASS: Outbox: sequential records complete once each (732.50ms)
[575/850] PASS: next: two records coalesced in one fill (732.52ms)
[576/850] PASS: next: record split across two fills (732.53ms)
[577/850] PASS: next: truncated records return null (732.55ms)
[578/850] PASS: next: in-place mutation of a returned record survives across next() (732.56ms)
[579/850] PASS: next: oversized length is rejected (732.57ms)
[580/850] PASS: isEmpty distinguishes drained, partial, and complete records (732.58ms)
[581/850] PASS: parse: rejects oversized legacy_session_id_echo without overflow (732.58ms)
[582/850] PASS: encode: round trips through parse (732.59ms)
[583/850] PASS: parse: accepts secp256r1 key_share (732.60ms)
[584/850] PASS: parse: rejects compressed secp256r1 key_share (732.61ms)
[585/850] PASS: parse: accepts secp384r1 key_share (732.62ms)
[586/850] PASS: parse: rejects compressed secp384r1 key_share (732.62ms)
[587/850] PASS: encode: echoes session id (732.63ms)
[588/850] PASS: parse: RFC 8448 §3 ServerHello (732.64ms)
[589/850] PASS: parse: wrong handshake type (732.64ms)
[590/850] PASS: parse: truncated message (732.65ms)
[591/850] PASS: parse: rejects HelloRetryRequest (732.65ms)
[592/850] PASS: parse: missing extensions / no supported_versions yields UnsupportedTlsVersion (732.66ms)
[593/850] PASS: parse: rejects mismatched handshake length (732.67ms)
[594/850] PASS: parse: rejects unknown cipher suite (732.67ms)
[595/850] PASS: parse: rejects oversized extensions block (732.68ms)
[596/850] PASS: parse: rejects duplicate supported_versions (732.69ms)
[597/850] PASS: parse: rejects duplicate key_share (732.69ms)
[598/850] PASS: parse: rejects unknown unsolicited extension (732.70ms)
[599/850] PASS: parse: rejects GREASE ServerHello extension (732.71ms)
[600/850] PASS: parse: rejects forbidden signature_algorithms extension (732.71ms)
[601/850] PASS: parse: rejects forbidden heartbeat extension (732.72ms)
[602/850] PASS: parse: rejects record_size_limit in ServerHello (732.73ms)
[603/850] PASS: parse: rejects key_share for unsupported group (732.73ms)
[604/850] PASS: parse: unsupported TLS version in supported_versions is illegal_parameter (732.74ms)
[605/850] PASS: parse: rejects TLS 1.2 downgrade sentinel (732.75ms)
[606/850] PASS: parse: rejects TLS 1.1 downgrade sentinel (732.75ms)
[607/850] PASS: parse: rejects downgrade sentinel when supported_versions selects TLS 1.3 (732.76ms)
[608/850] PASS: parse: accepts non-0x0303 legacy_version when supported_versions selects TLS 1.3 (732.77ms)
[609/850] PASS: parse: no supported_versions + downgrade sentinel yields IllegalParameter (732.77ms)
[610/850] PASS: parse: rejects ServerHello without supported_versions as legacy (732.78ms)
[611/850] PASS: parse: rejects SSLv3-or-lower legacy version (732.79ms)
[612/850] PASS: parse: rejects mismatched session id echo (732.79ms)
[613/850] PASS: parse: rejects non-zero compression method (732.80ms)
[614/850] PASS: fuzz: parse handles arbitrary input (732.87ms)
[615/850] PASS: encodeHelloRetryRequest: parse round-trip (732.87ms)
[616/850] PASS: parseHelloRetryRequest: rejects mismatched session id echo (732.88ms)
[617/850] PASS: parseHelloRetryRequest: RFC 8448 §5 (732.89ms)
[618/850] PASS: parseHelloRetryRequest: no cookie (732.89ms)
[619/850] PASS: parseHelloRetryRequest: rejects non-HRR Random (732.90ms)
[620/850] PASS: parseHelloRetryRequest: rejects wrong type (732.90ms)
[621/850] PASS: parseHelloRetryRequest: rejects TLS 1.2 in supported_versions (732.91ms)
[622/850] PASS: parseHelloRetryRequest: ignores non-0x0303 legacy_version (732.91ms)
[623/850] PASS: parseHelloRetryRequest: rejects SSLv3-or-lower legacy version (732.92ms)
[624/850] PASS: parseHelloRetryRequest: rejects non-zero compression method (732.92ms)
[625/850] PASS: parseHelloRetryRequest: rejects unknown cipher suite (732.93ms)
[626/850] PASS: parseHelloRetryRequest: rejects trailing bytes after extensions (732.93ms)
[627/850] PASS: parseHelloRetryRequest: rejects cookie extension trailing bytes (732.94ms)
[628/850] PASS: parseHelloRetryRequest: rejects missing supported_versions (732.95ms)
[629/850] PASS: parseHelloRetryRequest: rejects unknown unsolicited extension (732.95ms)
[630/850] PASS: parseHelloRetryRequest: rejects record_size_limit (732.96ms)
[631/850] PASS: KEM key_share round-trip: ServerHello encode → parse preserves 1120-byte ciphertext (732.98ms)
[632/850] PASS: fuzz: parseHelloRetryRequest handles arbitrary input (733.05ms)
[633/850] PASS: Config.validate reports invalid lists and missing P-384 material (733.10ms)
[634/850] PASS: sendAlert: plaintext fatal alert before ClientHello (733.15ms)
[635/850] PASS: sendAlert: encrypted close_notify after handshake (733.38ms)
[636/850] PASS: handleRecord: rejects ChangeCipherSpec before ClientHello (733.43ms)
[637/850] PASS: handleRecord: drops valid ChangeCipherSpec while waiting for client Finished (733.57ms)
[638/850] PASS: handleRecord: rejects malformed ChangeCipherSpec payload (733.70ms)
[639/850] PASS: handleRecord: ClientHello returns ServerHello write and enforces pending write (733.84ms)
[640/850] PASS: handleRecord: zero-length plaintext handshake is rejected (733.89ms)
[641/850] PASS: handleRecord: rejects application_data before connected (733.95ms)
[642/850] PASS: acceptClientHello: emits ServerHello and installs handshake keys (734.18ms)
[643/850] PASS: acceptClientHello: negotiates secp256r1 key share (734.36ms)
[644/850] PASS: acceptClientHello: negotiates secp384r1 key share (737.68ms)
[645/850] PASS: acceptClientHello: emits HelloRetryRequest for missing secp256r1 key share (737.79ms)
[646/850] PASS: acceptClientHello: rejects ClientHello2 with changed SNI or ALPN after HRR (737.95ms)
[647/850] PASS: acceptClientHello: rejects early_data in ClientHello2 after HRR (738.04ms)
[648/850] PASS: acceptClientHello: rejects replaced PSK identity in ClientHello2 despite valid binder (738.15ms)
[649/850] PASS: acceptClientHello: rejects added, reordered, or dropped PSK identities in CH2 (738.42ms)
[650/850] PASS: acceptClientHello: accepts permitted ClientHello2 PSK updates after HRR (738.92ms)
[651/850] PASS: acceptClientHello: bounded PSK identity admission before HelloRetryRequest (739.13ms)
[652/850] PASS: acceptClientHello: rejects removal of an unknown identity whose binder claims the HRR hash (739.23ms)
[653/850] PASS: acceptClientHello: HRR path rejects a slack-byte identities vector in CH1 (739.31ms)
[654/850] PASS: acceptClientHello: HRR path rejects a slack-byte identities vector in CH2 (739.39ms)
[655/850] PASS: acceptClientHello: PSK selection rejects a slack-byte identities vector (739.47ms)
[656/850] PASS: acceptClientHello: rejects ClientHello2 that ignores HRR selected group (739.57ms)
[657/850] PASS: acceptClientHello: rejects ClientHello2 with extra key share (739.67ms)
[658/850] PASS: acceptClientHello: HRR sends at most one compatibility ChangeCipherSpec (739.82ms)
[659/850] PASS: acceptClientHello: emits compatibility ChangeCipherSpec for non-empty legacy_session_id (739.95ms)
[660/850] PASS: sendAnonymousFlightForTest: client decrypts EncryptedExtensions and Finished (740.22ms)
[661/850] PASS: sendPreparedServerFlight: credentials and pending write are enforced (740.52ms)
[662/850] PASS: sendPreparedServerFlight: encryption failure preserves handshake write epoch (740.80ms)
[663/850] PASS: sendAuthenticatedFlight: client decrypts authenticated server flight (741.07ms)
[664/850] PASS: sendAuthenticatedFlight: optional client auth sends CertificateRequest (741.35ms)
[665/850] PASS: NewSessionTicket emission derives matching client and server PSKs (741.76ms)
[666/850] PASS: NewSessionTicket emission rejects stale prepared PSK objects (742.16ms)
[667/850] PASS: server-issued NewSessionTicket resumes and can be renewed (742.93ms)
[668/850] PASS: NewSessionTicket emission owns unique bounded nonces (743.43ms)
[669/850] PASS: NewSessionTicket emission enforces write and kTLS ordering (743.82ms)
[670/850] PASS: NewSessionTicket emission preserves state on encoding failure (744.26ms)
[671/850] PASS: discardTicketPsk burns nonce and erases key material (744.65ms)
[672/850] PASS: processClientFinished: optional client auth accepts empty Certificate (745.04ms)
[673/850] PASS: processClientFinished: required client auth rejects empty Certificate (745.41ms)
[674/850] PASS: processClientFinished: required client auth verifies real client Certificate + CV (745.90ms)
[675/850] PASS: processClientFinished: bad client Finished does not retain identity (746.36ms)
[676/850] PASS: processClientFinished: client identity requires caller-owned storage (746.82ms)
[677/850] PASS: processClientFinished: required client auth rejects forged CertificateVerify (747.27ms)
[678/850] PASS: sendAuthenticatedFlight: client processes CertificateVerify and Finished (747.60ms)
[679/850] PASS: processClientFinished: verifies Finished and installs app keys (747.77ms)
[680/850] PASS: processClientFinished: rejects bad verify_data (747.93ms)
[681/850] PASS: processClientFinished: rejects EndOfEarlyData when 0-RTT was not accepted (748.10ms)
[682/850] PASS: handleRecord: rejects second plaintext ClientHello before Finished (748.26ms)
[683/850] PASS: handleRecord: rejects protected ClientHello after connected (748.44ms)
[684/850] PASS: handleRecord: rejects client KeyUpdate before Finished (748.59ms)
[685/850] PASS: receiveRecord: RX progresses while a server TX record is pending (748.78ms)
[686/850] PASS: receiveKtlsRecord: server processes kernel-decrypted records (748.98ms)
[687/850] PASS: ratchetKtlsTx: server advances only an idle TX epoch (749.17ms)
[688/850] PASS: handleRecord: client KeyUpdate(update_requested) ratchets rx and responds (749.37ms)
[689/850] PASS: handleRecord: client KeyUpdate(update_not_requested) ratchets rx only (749.55ms)
[690/850] PASS: sendKeyUpdate: server-initiated KeyUpdate encrypts under old key then ratchets tx (749.74ms)
[691/850] PASS: handleRecord: self-initiated sendKeyUpdate response surfaces rx only (749.93ms)
[692/850] PASS: handleRecord: KeyUpdate not at record boundary is rejected (750.11ms)
[693/850] PASS: handleRecord: invalid client KeyUpdate request is rejected (750.28ms)
[694/850] PASS: handleRecord: zero-length encrypted handshake is rejected (750.46ms)
[695/850] PASS: handleRecord: all-zero inner plaintext maps to unexpected_message (750.64ms)
[696/850] PASS: handleRecord: illegal post-handshake inner content type is rejected (750.81ms)
[697/850] PASS: handleRecord: empty application data does not reset post-handshake flood counter (750.99ms)
[698/850] PASS: handleRecord: KeyUpdate flood is rejected (751.43ms)
[699/850] PASS: handleRecord: KeyUpdate flood cap fires despite empty app-data interleaving (751.78ms)
[700/850] PASS: EstablishedSession: struct stays compact against the handshake engine (751.79ms)
[701/850] PASS: extractEstablished: connected events match the handshake engine (752.20ms)
[702/850] PASS: extractEstablished: engine is consumed and immediate deinit is safe (752.38ms)
[703/850] PASS: extractEstablished: moved-from rx/tx are wiped, the session's copies stay live (752.56ms)
[704/850] PASS: extractEstablished: deferred KeyUpdate obligation blocks application writes (752.76ms)
[705/850] PASS: extractEstablished: KeyUpdate flood cap survives extraction and resets on app data (753.10ms)
[706/850] PASS: extractEstablished: KeyUpdate fragment carries across extraction (753.28ms)
[707/850] PASS: extractEstablished: KeyUpdate record-boundary and fragment rules hold (753.46ms)
[708/850] PASS: extractEstablished: close_notify and fatal alerts keep server semantics (753.64ms)
[709/850] PASS: extractEstablished: sendAlert latches and ratchetTx advances the TX epoch (753.83ms)
[710/850] PASS: extractEstablished: SHA-384 suite ratchets and exchanges app data (754.40ms)
[711/850] PASS: extractEstablished: NewSessionTicket is issued before extraction (754.80ms)
[712/850] PASS: key update: simultaneous update_requested remains connected (755.26ms)
[713/850] PASS: fuzz: ServerHandshake.handleRecord rejects arbitrary input (755.36ms)
[714/850] PASS: fuzz: connected ServerHandshake.handleRecord rejects arbitrary input (756.56ms)
[715/850] PASS: application data: server sends and receives (756.75ms)
[716/850] PASS: in-memory authenticated client-server handshake reaches app data (757.14ms)
[717/850] PASS: in-memory authenticated client-server handshake suite matrix (758.85ms)
[718/850] PASS: in-memory KeyUpdate round trip across all cipher suites (760.83ms)
[719/850] PASS: selectPsk: verifies the binder for a matching PSK identity (760.91ms)
[720/850] PASS: selectPsk: returns null when the PSK binder does not verify (760.99ms)
[721/850] PASS: selectPsk: oversized binders_len does not overflow (761.06ms)
[722/850] PASS: PSK offer without psk_key_exchange_modes aborts (761.18ms)
[723/850] PASS: PSK offer with only psk_ke disables resumption and ticket issuance (761.38ms)
[724/850] PASS: client authentication policy declines PSK resumption (761.86ms)
[725/850] PASS: PSK selection skips cipher suites with an incompatible hash (762.40ms)
[726/850] PASS: in-memory PSK resumption reaches app data (762.75ms)
[727/850] PASS: in-memory RFC 10024 PSK resumption matrix reaches app data (767.30ms)
[728/850] PASS: in-memory RFC 10024 PSK resumption survives HRR (771.88ms)
[729/850] PASS: in-memory RFC 10024 SHA-384 PSK resumption survives HRR (779.21ms)
[730/850] PASS: PSK fast-path rejects bare Finished when server did NOT select PSK (779.46ms)
[731/850] PASS: in-memory 0-RTT early data is decrypted by the server (779.84ms)
[732/850] PASS: 0-RTT: accepted early data distinguishes authentication and handshake errors (780.54ms)
[733/850] PASS: 0-RTT: server rejects early data exceeding max_early_data_size (780.77ms)
[734/850] PASS: 0-RTT: max u32 early-data limit rejects bytes beyond remaining budget (780.82ms)
[735/850] PASS: 0-RTT: no PSK selected means early data is skipped and 1-RTT completes (781.24ms)
[736/850] PASS: 0-RTT: declined early records in flight are skipped and 1-RTT completes (781.60ms)
[737/850] PASS: 0-RTT: required client auth declines PSK, skips early data, completes 1-RTT (782.10ms)
[738/850] PASS: 0-RTT: decline skip budget exhaustion aborts the handshake (782.29ms)
[739/850] PASS: 0-RTT: corrupted record after the skip window aborts (782.55ms)
[740/850] PASS: 0-RTT: HRR decline skips in-flight early data and the retry handshake completes (783.04ms)
[741/850] PASS: 0-RTT: default decline-skip budget covers a full max-size early record (783.46ms)
[742/850] PASS: 0-RTT: HRR decline skip budget exhaustion aborts the handshake (783.60ms)
[743/850] PASS: 0-RTT: HRR decline skip rejects malformed application_data records (783.74ms)
[744/850] PASS: 0-RTT: HRR skip window closes at ClientHello2 (784.04ms)
[745/850] PASS: 0-RTT: server declines, client sends no EndOfEarlyData (784.40ms)
[746/850] PASS: 0-RTT: client rejects server-sent EndOfEarlyData (784.46ms)
[747/850] PASS: 0-RTT: processClientFinished rejects Finished before EndOfEarlyData (784.70ms)
[748/850] PASS: preferredHybridShare follows server preference (784.76ms)
[749/850] PASS: in-memory RFC 10024 hybrid group matrix reaches app data (789.40ms)
[750/850] PASS: RFC 10024 hybrid group matrix negotiates through HRR (793.50ms)
[751/850] PASS: hybrid share requires explicit server policy (793.69ms)
[752/850] PASS: in-memory HRR round trip reaches app data (794.08ms)
[753/850] PASS: acceptClientHello: server suite preference (794.22ms)
[754/850] PASS: acceptClientHello: exposes SNI via clientServerName (794.36ms)
[755/850] PASS: acceptClientHello: clientServerName is null when SNI absent (794.49ms)
[756/850] PASS: acceptClientHello: rejects unsupported suite (794.57ms)
[757/850] PASS: acceptClientHello: ignores unknown cipher suites in mixed list (794.84ms)
[758/850] PASS: acceptClientHello: rejects ClientHello with no shared group (794.92ms)
[759/850] PASS: handleRecord: reassembles ClientHello split across records (795.05ms)
[760/850] PASS: handleRecord: reassembles ClientHello with header and body in separate records (795.19ms)
[761/850] PASS: handleRecord: rejects CCS while ClientHello fragment pending (795.26ms)
[762/850] PASS: handleRecord: processes alert while ClientHello fragment pending (795.33ms)
[763/850] PASS: handleRecord: plaintext fatal alert in wait_ch records detail (795.44ms)
[764/850] PASS: handleRecord: unknown alert codes are preserved (795.49ms)
[765/850] PASS: handleRecord: lastPeerAlert replaced by later alert, preserved by close/malformed (795.55ms)
[766/850] PASS: handleRecord: rejects fragmented ClientHello without reassembly buffer (795.62ms)
[767/850] PASS: handleRecord: state reset after invalid fragmented ClientHello (795.76ms)
[768/850] PASS: handleRecord: rejects trailing bytes after fragmented ClientHello (795.89ms)
[769/850] PASS: handleRecord: reassembles ClientHello2 split across records after HRR (796.06ms)
[770/850] PASS: handleRecord: reassembles fragmented client Finished across encrypted records (796.23ms)
[771/850] PASS: handleRecord: rejects interleaved alert during Finished fragment reassembly (796.39ms)
[772/850] PASS: handleRecord: rejects plaintext alert during Finished fragment reassembly (796.54ms)
[773/850] PASS: handleRecord: encrypted fatal alert while waiting for Finished records detail (796.70ms)
[774/850] PASS: handleRecord: rejects plaintext alert while waiting for Finished (796.85ms)
[775/850] PASS: handleRecord: rejects zero-length encrypted handshake while waiting for Finished (797.00ms)
[776/850] PASS: handleRecord: reassembles ClientHello when handshake header is split after 1 byte (797.14ms)
[777/850] PASS: handleRecord: server reassembles 1-byte fragmented KeyUpdate(update_requested) (797.34ms)
[778/850] PASS: handleRecord: fragmented KeyUpdate(update_not_requested) works (797.53ms)
[779/850] PASS: handleRecord: non-KeyUpdate fragment starts are rejected (797.71ms)
[780/850] PASS: handleRecord: KeyUpdate with trailing record bytes is rejected before ratchet (797.88ms)
[781/850] PASS: handleRecord: app-data interleaving during KeyUpdate reassembly is rejected (798.06ms)
[782/850] PASS: receiveApplicationData: app-data interleaving during KeyUpdate reassembly is rejected (798.24ms)
[783/850] PASS: handleRecord: alert interleaving during KeyUpdate reassembly is rejected (798.41ms)
[784/850] PASS: handleRecord: connected close_notify is clean, fatal alert records detail (798.59ms)
[785/850] PASS: handleRecord: zero-length handshake during KeyUpdate reassembly is rejected (798.77ms)
[786/850] PASS: handleRecord: ClientHello body_len 0xFFFFFF rejected without overflow (fast path) (798.82ms)
[787/850] PASS: handleRecord: split-header reassembly body_len 0xFFFFFF rejected without overflow (798.88ms)
[788/850] PASS: deinit leaves caller-owned buffers to the caller (799.04ms)
[789/850] PASS: fill writes caller buffer (799.05ms)
[790/850] PASS: encode: empty EncryptedExtensions (799.06ms)
[791/850] PASS: encode: ALPN EncryptedExtensions (799.06ms)
[792/850] PASS: encode: early_data accepted in EncryptedExtensions (799.07ms)
[793/850] PASS: encode: early_data omitted when not accepted (799.07ms)
[794/850] PASS: parse: valid EncryptedExtensions (799.08ms)
[795/850] PASS: parse: ALPN selection (799.08ms)
[796/850] PASS: parse: rejects unsolicited ALPN (799.09ms)
[797/850] PASS: parse: rejects unoffered ALPN (799.09ms)
[798/850] PASS: parse: rejects duplicate ALPN extension (799.10ms)
[799/850] PASS: parse: rejects multiple ALPN protocols (799.10ms)
[800/850] PASS: parse: rejects forbidden supported_versions extension (799.11ms)
[801/850] PASS: parse: rejects forbidden key_share extension (799.11ms)
[802/850] PASS: parse: rejects forbidden heartbeat extension (799.12ms)
[803/850] PASS: parse: rejects GREASE EncryptedExtensions extension (799.12ms)
[804/850] PASS: parse: rejects unknown unsolicited extension (799.13ms)
[805/850] PASS: parse: accepts server_name acknowledgment when SNI offered (799.14ms)
[806/850] PASS: parse: rejects server_name when SNI not offered (799.14ms)
[807/850] PASS: parse: rejects server_name acknowledgment with non-empty extension_data (799.15ms)
[808/850] PASS: parse: rejects unoffered record_size_limit in EncryptedExtensions (799.15ms)
[809/850] PASS: parse: accepts offered record_size_limit in EncryptedExtensions (799.16ms)
[810/850] PASS: parse: rejects malformed record_size_limit in EncryptedExtensions (799.16ms)
[811/850] PASS: parse: ignores supported_groups extension (799.17ms)
[812/850] PASS: parse: wrong handshake type (799.17ms)
[813/850] PASS: parse: truncated (799.18ms)
[814/850] PASS: encode round-trips via parse (799.18ms)
[815/850] PASS: parse rejects wrong handshake type (799.19ms)
[816/850] PASS: parse rejects missing signature_algorithms (799.19ms)
[817/850] PASS: parse rejects duplicate signature_algorithms (799.20ms)
[818/850] PASS: encodedLen is accurate (799.20ms)
[819/850] PASS: verify: wrong verify_data (799.21ms)
[820/850] PASS: verify: wrong handshake type (799.22ms)
[821/850] PASS: encode then verify round-trip (799.23ms)
[822/850] PASS: encode and parse NewSessionTicket round trip (799.23ms)
[823/850] PASS: encode validates NewSessionTicket bounds before writing (799.24ms)
[824/850] PASS: parse: valid NewSessionTicket (799.24ms)
[825/850] PASS: parse: captures early_data max_early_data_size (799.25ms)
[826/850] PASS: parse: skips unknown ticket extension (799.26ms)
[827/850] PASS: parse: skips GREASE ticket extension (799.26ms)
[828/850] PASS: parse: rejects duplicate early_data extension (799.27ms)
[829/850] PASS: parse: rejects malformed early_data length (799.27ms)
[830/850] PASS: parse: wrong handshake type (799.28ms)
[831/850] PASS: parse: rejects length mismatch (799.28ms)
[832/850] PASS: parse: rejects empty ticket (799.29ms)
[833/850] PASS: parse: rejects malformed extensions length (799.29ms)
[834/850] PASS: fuzz: parse handles arbitrary input (799.34ms)
[835/850] PASS: Writer.append: u8 (799.34ms)
[836/850] PASS: Writer.append: u16 big-endian (799.35ms)
[837/850] PASS: Writer.append: u24 big-endian (799.35ms)
[838/850] PASS: Writer.appendSlice (799.36ms)
[839/850] PASS: Writer.append: enum (799.36ms)
[840/850] PASS: Reader.read: u8 (799.37ms)
[841/850] PASS: Reader.read: u16 big-endian (799.37ms)
[842/850] PASS: Reader.read: enum (799.38ms)
[843/850] PASS: Reader.readSlice: zero-copy (799.38ms)
[844/850] PASS: Reader.read: UnexpectedEof (799.39ms)
[845/850] PASS: Reader assume methods skip bounds checks after caller validation (799.39ms)
[846/850] PASS: Writer.reserve: write directly into buffer (799.40ms)
[847/850] PASS: Writer: sequential appends (799.40ms)
[848/850] PASS: messageHashSynthetic: SHA-256 header (799.41ms)
[849/850] PASS: messageHashSynthetic: SHA-384 header (799.41ms)
[850/850] PASS: messageHashSynthetic: RFC 8448 §5 ClientHello1 SHA-256 (799.42ms)

ztest: 843 passed, 0 failed, 7 skipped (of 850 total) in 1799ms
ALL TESTS PASSED
Build Summary: 8/8 steps succeeded
test success
+- run test success 1s
|  +- compile test Debug native-native success 17s MaxRSS:717M
|     +- options success
+- run exe errq-alloc-check success 1ms
|  +- compile exe errq-alloc-check Debug native-native success 1s MaxRSS:271M
|     +- options (reused)
+- run exe encrypted-pem-check success 2ms
   +- compile exe encrypted-pem-check Debug native-native success 2s MaxRSS:293M
      +- options (reused)

zig fmt --check src/ examples/ bench/ shared/ tests/distribution-consumer/ build.zig
ziglint build.zig examples bench shared tests/distribution-consumer $(fd --extension zig --exclude certificate_parser.zig . src)
ast-grep scan --rule rules/no-ztls-owned-allocations.yml src --globs '*.zig' --globs '!src/test/**' --globs '!src/bench/**' --globs '!src/interop.zig' --report-style short
ast-grep scan --rule rules/no-c-pointer-types.yml src --globs '*.zig' --report-style short
# std-alias rules: enforce the aliases we always want. certificate_parser.zig
# is an upstream-derived std fork kept close to upstream, so it is excluded
# like ziglint does.
rc=0; for rule in rules/std-alias-*.yml; do ast-grep scan --rule "$rule" src examples bench shared --globs '*.zig' --globs '!src/certificate_parser.zig' --report-style short || rc=1; done; exit $rc
shellcheck --severity=warning scripts/*.sh infra/bench/*.sh infra/iam/*.sh
pinact run --fix=false --no-api .github/workflows/*.yml
zizmor .github
 INFO zizmor: 🌈 zizmor v1.30.1
 WARN audit: zizmor: zizmor is running in offline mode by default; some audits and auto-fixes will not be available. see https://docs.zizmor.sh/usage/#operating-modes for details
 INFO audit: zizmor: 🌈 completed .github/dependabot.yml
 INFO audit: zizmor: 🌈 completed .github/workflows/ci.yml
 INFO audit: zizmor: 🌈 completed .github/workflows/tls-anvil-client.yml
 INFO audit: zizmor: 🌈 completed .github/workflows/tls-anvil-server.yml
 INFO audit: zizmor: 🌈 completed .github/workflows/update-flake-lock.yml
 INFO audit: zizmor: 🌈 completed .github/workflows/zizmor.yml
No findings to report. Good job! (21 suppressed)
no status-language drift
no active-work headings referencing issues
README index matches research files
no closed-issue citations in research doc headings
no tracked binary fixture files
cargo fmt --check --manifest-path bench/rustls/Cargo.toml
cargo clippy --all-targets --release --manifest-path bench/rustls/Cargo.toml -- -D warnings
    Finished `release` profile [optimized] target(s) in 0.01s
just conformance/lint
uv run ruff format --check .
12 files already formatted
uv run ruff check .
All checks passed!
uv run ty check .
All checks passed!
zig fmt --check build.zig src/
ziglint build.zig src/
just --check --fmt --unstable --justfile justfile
./scripts/consumer-gate.sh --selftest
consumer-gate selftest: 23 checks passed
zig build example-tcp_loopback --summary all
[tcp]    server listening on 127.0.0.1:39959
[client] connected to 127.0.0.1:39959
[server] accepted connection
[client] ClientHello sent → state=wait_sh
[client] handshake complete (ALPN=h2)
[client] sent: GET / HTTP/1.0

[server] handshake complete (ALPN=h2)
[client] received: HTTP/1.0 200 OK
Content-Length: 5

hello

=== TCP loopback OK ===
Build Summary: 4/4 steps succeeded
example-tcp_loopback success
+- run exe tcp_loopback success 45ms
   +- compile exe tcp_loopback Debug native-native cached 20ms MaxRSS:53M
      +- options cached

zig build example-in_memory_handshake --summary all
[client] ClientHello sent → state=wait_sh
[server] ServerHello sent → state=wait_client_finished
[client] handshake keys installed → state=wait_ee
[server] authenticated flight sent → state=wait_client_finished
[client] Finished sent → state=connected
[server] client Finished verified → state=connected

=== handshake complete (ALPN=h2) ===

[app]    client → server: ping
[app]    server → client: pong

=== in-memory handshake OK ===
Build Summary: 4/4 steps succeeded
example-in_memory_handshake success
+- run exe in_memory_handshake success 3ms
   +- compile exe in_memory_handshake Debug native-native cached 19ms MaxRSS:53M
      +- options cached

zig build example-epoll_pingpong --summary all
[server] listening on 127.0.0.1:38527
[client] connected to 127.0.0.1:38527
[server] accepted connection
[client] ClientHello sent → state=wait_sh
[client] handshake complete (ALPN=pingpong)
[server] handshake complete (ALPN=pingpong)
[client] received: pong 1
[client] received: pong 2
[client] received: pong 3
[client] received: pong 4

=== epoll ping-pong OK ===
Build Summary: 4/4 steps succeeded
example-epoll_pingpong success
+- run exe epoll_pingpong success 63ms
   +- compile exe epoll_pingpong Debug native-native cached 19ms MaxRSS:53M
      +- options cached

zig build example-iouring_pingpong --summary all
[iouring] server listening on 127.0.0.1:35861
[client] connected to 127.0.0.1:35861
[server] accepted connection
[client] ClientHello sent → state=wait_sh
[client] handshake complete (ALPN=pingpong)
[server] handshake complete (ALPN=pingpong)
[client] received: pong 1
[client] received: pong 2
[client] received: pong 3
[client] received: pong 4

=== io_uring ping-pong OK ===
Build Summary: 4/4 steps succeeded
example-iouring_pingpong success
+- run exe iouring_pingpong success 50ms
   +- compile exe iouring_pingpong Debug native-native cached 18ms MaxRSS:52M
      +- options cached

just integrations/ztls-std/ci
zig fmt --check build.zig src/ examples/
ziglint build.zig src/ examples/
rc=0; for rule in ../../rules/std-alias-*.yml; do ast-grep scan --rule "$rule" src examples --globs '*.zig' --report-style short || rc=1; done; exit $rc
just --check --fmt --unstable --justfile justfile
zig build test --summary all
ztest: Running 6 tests...
[1/6] PASS: ztls_std.Client interoperates with openssl s_server (305.07ms)
[2/6] PASS: openssl s_client interoperates with ztls_std.Server (311.76ms)
[3/6] PASS: ztls_std.Client credentials interoperate with openssl s_server -Verify (341.12ms)
[4/6] PASS: ztls_std.Client without credentials is rejected by openssl s_server -Verify (369.85ms)
[5/6] PASS: openssl s_client credentials interoperate with a requiring ztls_std.Server (421.60ms)
[6/6] PASS: openssl s_client without credentials receives certificate_required from ztls_std.Server (428.14ms)

ztest: 6 passed, 0 failed, 0 skipped (of 6 total) in 428ms
ALL TESTS PASSED
ztest: Running 2 tests...
[1/2] PASS: crlfTranslate: bare LF becomes CRLF, existing CRLF is untouched (431.90ms)
[2/2] PASS: crlfTranslate: carries CR state across chunks (431.91ms)

ztest: 2 passed, 0 failed, 0 skipped (of 2 total) in 432ms
ALL TESTS PASSED
ztest: Running 36 tests...
[1/36] PASS: option preflight reports hybrid policy faults without a socket (435.43ms)
[2/36] PASS: round-trip: handshake, both directions, ALPN, close_notify (437.22ms)
[3/36] PASS: split halves: blocked read permits write progress (438.00ms)
[4/36] PASS: split halves: KeyUpdate response precedes concurrent application data (438.73ms)
[5/36] PASS: split halves: writer drains a published KeyUpdate request (439.33ms)
[6/36] PASS: split halves: closeWrite drains a published KeyUpdate request (439.90ms)
[7/36] PASS: split halves: KeyUpdate response precedes concurrent close_notify (440.64ms)
[8/36] PASS: split halves: torn TX poisons later writes (441.17ms)
[9/36] PASS: split halves: abort wakes blocked read before teardown (441.68ms)
[10/36] PASS: split halves: abort wakes blocked write before teardown (442.20ms)
[11/36] PASS: info: peer_chain is empty without peer_chain_storage (442.71ms)
[12/36] PASS: deinit zeroes the wrapper's own buffers, including the retained chain (443.85ms)
[13/36] PASS: reader: peek past the current record keeps the unconsumed tail (494.58ms)
[14/36] PASS: reader: takeDelimiterInclusive spans a record boundary (545.30ms)
[15/36] PASS: reader: a line longer than read_buffer reports StreamTooLong (545.95ms)
[16/36] PASS: reader: stream to a writer drains the connection (546.51ms)
[17/36] PASS: closeWrite: preserves the peer's response (547.07ms)
[18/36] PASS: closeWrite: reads through a later KeyUpdate request (547.68ms)
[19/36] PASS: close: flushes staged plaintext before close_notify (548.26ms)
[20/36] PASS: writer: a large write spans multiple records (548.95ms)
[21/36] PASS: writer: rejects writes after closeWrite (549.50ms)
[22/36] PASS: accept: empty cert_chain fails and cleans up after itself (549.56ms)
[23/36] PASS: abortBeforeInit: peer sees EOF and deinit stays a no-op (549.60ms)
[24/36] PASS: connect: hostname mismatch surfaces as CertificateVerificationFailed (550.02ms)
[25/36] PASS: alpn: no overlap fails both sides with a reason (550.22ms)
[26/36] PASS: readError: a forged record is reported as TlsDecryptError (550.74ms)
[27/36] PASS: readError: a peer fatal alert is reported as TlsAlertReceived (551.27ms)
[28/36] PASS: readError: null on a healthy connection (551.78ms)
[29/36] PASS: reader: a flood of empty records is bounded, not an infinite read (552.40ms)
[30/36] PASS: reader: a few empty records are skipped, then real data arrives (552.93ms)
[31/36] PASS: hasBuffered: drains coalesced records without a transport read (560.92ms)
[32/36] PASS: client auth: required insecure mTLS retains the exact client leaf DER (561.63ms)
[33/36] PASS: client auth: optional with no client certificate succeeds, identity null (562.18ms)
[34/36] PASS: client auth: required with no client certificate is rejected (562.72ms)
[35/36] PASS: client credentials: empty chain is InvalidOptions before wire I/O (562.97ms)
[36/36] PASS: client auth: undersized identity storage surfaces HandshakeBufferTooShort (563.63ms)

ztest: 36 passed, 0 failed, 0 skipped (of 36 total) in 564ms
ALL TESTS PASSED
ztest: Running 1 test...
[1/1] PASS: smoke: ztls_std import resolves (596.17ms)

ztest: 1 passed, 0 failed, 0 skipped (of 1 total) in 596ms
ALL TESTS PASSED
no tests found
ztest: Running 5 tests...
[1/5] PASS: public error mapping: a cert failure never degrades to a protocol error (431.86ms)
[2/5] PASS: public error mapping: client-credential faults are InvalidOptions (431.87ms)
[3/5] PASS: public error mapping: undersized client-identity storage is HandshakeBufferTooShort (431.87ms)
[4/5] PASS: alert fidelity: specific descriptions, silence after a peer alert (431.88ms)
[5/5] PASS: Config: buffer sizing is the whole story of the Stream footprint (431.88ms)

ztest: 5 passed, 0 failed, 0 skipped (of 5 total) in 432ms
ALL TESTS PASSED
Build Summary: 15/15 steps succeeded
test success
+- run test success 1ms
|  +- compile test Debug native success 1s MaxRSS:297M
|     +- options cached
+- run test success 131ms
|  +- compile test Debug native cached 18ms MaxRSS:52M
|     +- options (reused)
+- run test success 161ms
|  +- compile test Debug native cached 19ms MaxRSS:52M
|     +- options (reused)
+- run test success 2ms
|  +- compile test Debug native cached 20ms MaxRSS:53M
|     +- options (reused)
+- run test success 1ms
|  +- compile test Debug native cached 21ms MaxRSS:53M
|     +- options (reused)
+- run test success 2ms
   +- compile test Debug native cached 21ms MaxRSS:52M
      +- options (reused)
      +- options cached

zig build build-examples
just integrations/ztls-xev/ci
zig fmt --check build.zig src/ examples/
ziglint build.zig src/ examples/
rc=0; for rule in ../../rules/std-alias-*.yml; do ast-grep scan --rule "$rule" src examples --globs '*.zig' --report-style short || rc=1; done; exit $rc
just --check --fmt --unstable --justfile justfile
zig build test --summary all
ztest: Running 1 test...
[1/1] PASS: credentials build from the embedded fixture (643.85ms)

ztest: 1 passed, 0 failed, 0 skipped (of 1 total) in 644ms
ALL TESTS PASSED
ztest: Running 1 test...
[1/1] PASS: resolve: an IP literal needs no DNS (646.94ms)

ztest: 1 passed, 0 failed, 0 skipped (of 1 total) in 647ms
ALL TESTS PASSED
ztest: Running 9 tests...
[1/9] PASS: libxev backend matches the platform (649.83ms)
[2/9] PASS: the close thread-pool guard is active exactly where close needs a pool (649.84ms)
[3/9] PASS: xev client: handshake, write, read, close_notify (660.21ms)
[4/9] PASS: xev server: handshake, echo, and close against an xev client (661.06ms)
[5/9] PASS: xev server: a client that handshakes then leaves without speaking (661.71ms)
[6/9] PASS: close: closeReset with a read in flight cancels it, then closes (668.09ms)
[7/9] PASS: close: orderly close with a read in flight still sends close_notify (674.34ms)
[8/9] PASS: close: closeReset with a write in flight cancels it, then closes (680.97ms)
[9/9] PASS: close: orderly close with a write in flight abandons close_notify (687.46ms)

ztest: 9 passed, 0 failed, 0 skipped (of 9 total) in 687ms
ALL TESTS PASSED
ztest: Running 17 tests...
[1/17] PASS: State.isShuttingDown: classifies every state, and only the closing pair (691.88ms)
[2/17] PASS: isTls: only the TLS Handshake ContentType qualifies (691.90ms)
[3/17] PASS: fromCore: projections that matter (691.90ms)
[4/17] PASS: root.test_0 (691.91ms)
[5/17] PASS: init: insecure config needs no allocator and anchors nothing (691.92ms)
[6/17] PASS: init: a borrowed bundle is anchored and not owned (691.92ms)
[7/17] PASS: init: local policy faults are explicit (691.93ms)
[8/17] PASS: initSystemBundle: policy validation precedes trust-store allocation (691.93ms)
[9/17] PASS: config is reusable across connections: no per-connection state (691.94ms)
[10/17] PASS: init: credentials are borrowed verbatim (692.37ms)
[11/17] PASS: init: local policy faults are explicit (692.40ms)
[12/17] PASS: config is reusable across connections: no per-connection state (692.40ms)
[13/17] PASS: TestConn.Storage: every field owns its bytes inline, so a whole-struct wipe is sound (692.41ms)
[14/17] PASS: TestConn.Storage: secureZero clears all three buffers in one pass (692.88ms)
[15/17] PASS: Buffers: documented minimums match what init asserts (692.89ms)
[16/17] PASS: TestConn.alertFor: every error is classified, and peer-fault errors get an alert (692.89ms)
[17/17] PASS: Slot: take clears before invoking so a callback may re-arm (692.90ms)

ztest: 17 passed, 0 failed, 0 skipped (of 17 total) in 693ms
ALL TESTS PASSED
Build Summary: 10/10 steps succeeded
test success
+- run test success 3ms
|  +- compile test Debug native cached 21ms MaxRSS:53M
|     +- options cached
+- run test success 41ms
|  +- compile test Debug native cached 18ms MaxRSS:53M
|     +- options (reused)
+- run test success 1ms
|  +- compile test Debug native cached 20ms MaxRSS:52M
|     +- options (reused)
+- run test success 1ms
   +- compile test Debug native cached 21ms MaxRSS:52M
      +- options (reused)

zig build build-examples
if [ "$(uname -s)" = Linux ]; then just integrations/ztls-ktls/ci; else echo "ztls-ktls: Linux-only, skipped"; fi
zig fmt --check build.zig src/ examples/
ziglint build.zig src/ examples/
rc=0; for rule in ../../rules/std-alias-*.yml; do ast-grep scan --rule "$rule" src examples --globs '*.zig' --report-style short || rc=1; done; exit $rc
just --check --fmt --unstable --justfile justfile
zig build test --summary all
ztest: Running 11 tests...
[1/11] PASS: Linux kTLS AES-128-GCM handoff, rekey, and clean closure (920.31ms)
[2/11] PASS: Linux kTLS AES-256-GCM handoff, rekey, and clean closure (964.58ms)
[3/11] PASS: Linux kTLS ChaCha20-Poly1305 handoff, rekey, and clean closure (1008.27ms)
[4/11] PASS: Linux kTLS client and server roles interoperate (52.26ms)
[5/11] PASS: Linux kTLS handles empty data then coalesced ticket and KeyUpdate (144.20ms)
[6/11] PASS: Linux kTLS drains forced read-ahead before handoff (145.04ms)
[7/11] PASS: Linux kTLS pending-write handoff drains existing read-ahead (145.80ms)
[8/11] PASS: Linux kTLS rejects handoff until NewSessionTicket is flushed (146.58ms)
[9/11] PASS: Linux kTLS rejects handoff with a KeyUpdate response owed (188.27ms)
[10/11] PASS: Linux kTLS rejects a bare FIN as truncated TLS (232.15ms)
[11/11] PASS: Linux kTLS rejects fragmented KeyUpdate without hanging (280.13ms)

ztest: 11 passed, 0 failed, 0 skipped (of 11 total) in 1280ms
ALL TESTS PASSED
ztest: Running 5 tests...
[1/5] PASS: empty application data is not a clean TLS close (707.46ms)
[2/5] PASS: received bytes require kTLS record metadata (707.47ms)
[3/5] PASS: root.test_0 (707.48ms)
[4/5] PASS: record reports require MSG_EOR in this integration (707.49ms)
[5/5] PASS: client and server connection types share the core KeyUpdate enum (707.49ms)

ztest: 5 passed, 0 failed, 0 skipped (of 5 total) in 707ms
ALL TESTS PASSED
Build Summary: 6/6 steps succeeded
test success
+- run test success 1ms
|  +- compile test Debug native success 1s MaxRSS:286M
|     +- options cached
+- run test success 408ms
   +- compile test Debug native cached 20ms MaxRSS:53M
      +- options (reused)

zig build build-examples
./scripts/distribution-smoke.sh integrations
Build Summary: 5/5 steps succeeded
install success
+- install ztls-distribution-consumer success
   +- compile exe ztls-distribution-consumer Debug native success 3s MaxRSS:375M
      +- options success
      +- options success

Build Summary: 5/5 steps succeeded
install success
+- install ztls-distribution-consumer success
   +- compile exe ztls-distribution-consumer Debug native success 1s MaxRSS:269M
      +- options success
      +- options cached

Build Summary: 5/5 steps succeeded
install success
+- install ztls-distribution-consumer success
   +- compile exe ztls-distribution-consumer Debug native success 1s MaxRSS:274M
      +- options success
      +- options cached

ztls integrations distribution smoke passed from an isolated fetched package
if [ "$(uname -s)" = Linux ]; then just check-memory; fi
Memory evidence: /tmp/nix-shell.CbBkV3/ztls-memory.ypLVn6
warning: Git tree '/Users/matt/code/ztls' is dirty
Memory evidence retained: /tmp/nix-shell.CbBkV3/ztls-memory.ypLVn6
error: recipe `check-memory` failed on line 9 with exit code 1
error: recipe `ci-0_16` failed on line 29 with exit code 1
