==3813177== Memcheck, a memory error detector
==3813177== Copyright (C) 2002-2026, and GNU GPL'd, by Julian Seward et al.
==3813177== Using Valgrind-3.27.1 and LibVEX; rerun with -h for copyright info
==3813177== Command: /tmp/ztls-production.DCwJ3H/valgrind-bin/bin/test
==3813177== Parent PID: 3813176
==3813177== 
==3813177== Conditional jump or move depends on uninitialised value(s)
==3813177==    at 0x4B223D0: OPENSSL_strlcpy (in /nix/store/HASH-openssl-3.6.4/lib/libcrypto.so.3)
==3813177==    by 0x4B5CB27: OBJ_obj2txt (in /nix/store/HASH-openssl-3.6.4/lib/libcrypto.so.3)
==3813177==    by 0x4B1BD4B: get_legacy_cipher_names (in /nix/store/HASH-openssl-3.6.4/lib/libcrypto.so.3)
==3813177==    by 0x4B1751F: OPENSSL_LH_doall_arg_thunk (in /nix/store/HASH-openssl-3.6.4/lib/libcrypto.so.3)
==3813177==    by 0x4B5A893: OBJ_NAME_do_all (in /nix/store/HASH-openssl-3.6.4/lib/libcrypto.so.3)
==3813177==    by 0x4B19FE7: ossl_namemap_stored (in /nix/store/HASH-openssl-3.6.4/lib/libcrypto.so.3)
==3813177==    by 0x4AE1BEB: evp_generic_fetch (in /nix/store/HASH-openssl-3.6.4/lib/libcrypto.so.3)
==3813177==    by 0x4AFDACF: EVP_PKEY_CTX_new_from_name (in /nix/store/HASH-openssl-3.6.4/lib/libcrypto.so.3)
==3813177==    by 0x4AF7F5B: EVP_PKEY_new_raw_private_key (in /nix/store/HASH-openssl-3.6.4/lib/libcrypto.so.3)
==3813177==    by 0x127A617: crypto.backend_openssl.privateKeyFromSecret (backend_openssl.zig:274)
==3813177==    by 0x123C973: privateKeyFromSecret (backend.zig:222)
==3813177==    by 0x123C973: x25519.privateKey (x25519.zig:45)
==3813177==    by 0x121DE9B: x25519.sharedSecret (x25519.zig:64)
==3813177==  Uninitialised value was created by a stack allocation
==3813177==    at 0x4B5C768: OBJ_obj2txt (in /nix/store/HASH-openssl-3.6.4/lib/libcrypto.so.3)
==3813177== 
==3813177== Conditional jump or move depends on uninitialised value(s)
==3813177==    at 0x4B1A344: ossl_namemap_name2num (in /nix/store/HASH-openssl-3.6.4/lib/libcrypto.so.3)
==3813177==    by 0x4B1A72B: namemap_add_name (in /nix/store/HASH-openssl-3.6.4/lib/libcrypto.so.3)
==3813177==    by 0x4B1B96B: ossl_namemap_add_name (in /nix/store/HASH-openssl-3.6.4/lib/libcrypto.so.3)
==3813177==    by 0x4B1BD63: get_legacy_cipher_names (in /nix/store/HASH-openssl-3.6.4/lib/libcrypto.so.3)
==3813177==    by 0x4B1751F: OPENSSL_LH_doall_arg_thunk (in /nix/store/HASH-openssl-3.6.4/lib/libcrypto.so.3)
==3813177==    by 0x4B5A893: OBJ_NAME_do_all (in /nix/store/HASH-openssl-3.6.4/lib/libcrypto.so.3)
==3813177==    by 0x4B19FE7: ossl_namemap_stored (in /nix/store/HASH-openssl-3.6.4/lib/libcrypto.so.3)
==3813177==    by 0x4AE1BEB: evp_generic_fetch (in /nix/store/HASH-openssl-3.6.4/lib/libcrypto.so.3)
==3813177==    by 0x4AFDACF: EVP_PKEY_CTX_new_from_name (in /nix/store/HASH-openssl-3.6.4/lib/libcrypto.so.3)
==3813177==    by 0x4AF7F5B: EVP_PKEY_new_raw_private_key (in /nix/store/HASH-openssl-3.6.4/lib/libcrypto.so.3)
==3813177==    by 0x127A617: crypto.backend_openssl.privateKeyFromSecret (backend_openssl.zig:274)
==3813177==    by 0x123C973: privateKeyFromSecret (backend.zig:222)
==3813177==    by 0x123C973: x25519.privateKey (x25519.zig:45)
==3813177==  Uninitialised value was created by a stack allocation
==3813177==    at 0x4B1BC60: get_legacy_cipher_names (in /nix/store/HASH-openssl-3.6.4/lib/libcrypto.so.3)
==3813177== 
==3813177== Conditional jump or move depends on uninitialised value(s)
==3813177==    at 0x4B1A9C8: namemap_add_name (in /nix/store/HASH-openssl-3.6.4/lib/libcrypto.so.3)
==3813177==    by 0x4B1B96B: ossl_namemap_add_name (in /nix/store/HASH-openssl-3.6.4/lib/libcrypto.so.3)
==3813177==    by 0x4B1BD63: get_legacy_cipher_names (in /nix/store/HASH-openssl-3.6.4/lib/libcrypto.so.3)
==3813177==    by 0x4B1751F: OPENSSL_LH_doall_arg_thunk (in /nix/store/HASH-openssl-3.6.4/lib/libcrypto.so.3)
==3813177==    by 0x4B5A893: OBJ_NAME_do_all (in /nix/store/HASH-openssl-3.6.4/lib/libcrypto.so.3)
==3813177==    by 0x4B19FE7: ossl_namemap_stored (in /nix/store/HASH-openssl-3.6.4/lib/libcrypto.so.3)
==3813177==    by 0x4AE1BEB: evp_generic_fetch (in /nix/store/HASH-openssl-3.6.4/lib/libcrypto.so.3)
==3813177==    by 0x4AFDACF: EVP_PKEY_CTX_new_from_name (in /nix/store/HASH-openssl-3.6.4/lib/libcrypto.so.3)
==3813177==    by 0x4AF7F5B: EVP_PKEY_new_raw_private_key (in /nix/store/HASH-openssl-3.6.4/lib/libcrypto.so.3)
==3813177==    by 0x127A617: crypto.backend_openssl.privateKeyFromSecret (backend_openssl.zig:274)
==3813177==    by 0x123C973: privateKeyFromSecret (backend.zig:222)
==3813177==    by 0x123C973: x25519.privateKey (x25519.zig:45)
==3813177==    by 0x121DE9B: x25519.sharedSecret (x25519.zig:64)
==3813177==  Uninitialised value was created by a stack allocation
==3813177==    at 0x4B1BC60: get_legacy_cipher_names (in /nix/store/HASH-openssl-3.6.4/lib/libcrypto.so.3)
==3813177== 
==3813177== Conditional jump or move depends on uninitialised value(s)
==3813177==    at 0x4B1A318: ossl_namemap_name2num (in /nix/store/HASH-openssl-3.6.4/lib/libcrypto.so.3)
==3813177==    by 0x4B1A72B: namemap_add_name (in /nix/store/HASH-openssl-3.6.4/lib/libcrypto.so.3)
==3813177==    by 0x4B1B96B: ossl_namemap_add_name (in /nix/store/HASH-openssl-3.6.4/lib/libcrypto.so.3)
==3813177==    by 0x4B1BD63: get_legacy_cipher_names (in /nix/store/HASH-openssl-3.6.4/lib/libcrypto.so.3)
==3813177==    by 0x4B1751F: OPENSSL_LH_doall_arg_thunk (in /nix/store/HASH-openssl-3.6.4/lib/libcrypto.so.3)
==3813177==    by 0x4B5A893: OBJ_NAME_do_all (in /nix/store/HASH-openssl-3.6.4/lib/libcrypto.so.3)
==3813177==    by 0x4B19FE7: ossl_namemap_stored (in /nix/store/HASH-openssl-3.6.4/lib/libcrypto.so.3)
==3813177==    by 0x4AE1BEB: evp_generic_fetch (in /nix/store/HASH-openssl-3.6.4/lib/libcrypto.so.3)
==3813177==    by 0x4AFDACF: EVP_PKEY_CTX_new_from_name (in /nix/store/HASH-openssl-3.6.4/lib/libcrypto.so.3)
==3813177==    by 0x4AF7F5B: EVP_PKEY_new_raw_private_key (in /nix/store/HASH-openssl-3.6.4/lib/libcrypto.so.3)
==3813177==    by 0x127A617: crypto.backend_openssl.privateKeyFromSecret (backend_openssl.zig:274)
==3813177==    by 0x123C973: privateKeyFromSecret (backend.zig:222)
==3813177==    by 0x123C973: x25519.privateKey (x25519.zig:45)
==3813177==  Uninitialised value was created by a stack allocation
==3813177==    at 0x4B1BC60: get_legacy_cipher_names (in /nix/store/HASH-openssl-3.6.4/lib/libcrypto.so.3)
==3813177== 
==3813177== Conditional jump or move depends on uninitialised value(s)
==3813177==    at 0x4B1A99C: namemap_add_name (in /nix/store/HASH-openssl-3.6.4/lib/libcrypto.so.3)
==3813177==    by 0x4B1B96B: ossl_namemap_add_name (in /nix/store/HASH-openssl-3.6.4/lib/libcrypto.so.3)
==3813177==    by 0x4B1BD63: get_legacy_cipher_names (in /nix/store/HASH-openssl-3.6.4/lib/libcrypto.so.3)
==3813177==    by 0x4B1751F: OPENSSL_LH_doall_arg_thunk (in /nix/store/HASH-openssl-3.6.4/lib/libcrypto.so.3)
==3813177==    by 0x4B5A893: OBJ_NAME_do_all (in /nix/store/HASH-openssl-3.6.4/lib/libcrypto.so.3)
==3813177==    by 0x4B19FE7: ossl_namemap_stored (in /nix/store/HASH-openssl-3.6.4/lib/libcrypto.so.3)
==3813177==    by 0x4AE1BEB: evp_generic_fetch (in /nix/store/HASH-openssl-3.6.4/lib/libcrypto.so.3)
==3813177==    by 0x4AFDACF: EVP_PKEY_CTX_new_from_name (in /nix/store/HASH-openssl-3.6.4/lib/libcrypto.so.3)
==3813177==    by 0x4AF7F5B: EVP_PKEY_new_raw_private_key (in /nix/store/HASH-openssl-3.6.4/lib/libcrypto.so.3)
==3813177==    by 0x127A617: crypto.backend_openssl.privateKeyFromSecret (backend_openssl.zig:274)
==3813177==    by 0x123C973: privateKeyFromSecret (backend.zig:222)
==3813177==    by 0x123C973: x25519.privateKey (x25519.zig:45)
==3813177==    by 0x121DE9B: x25519.sharedSecret (x25519.zig:64)
==3813177==  Uninitialised value was created by a stack allocation
==3813177==    at 0x4B1BC60: get_legacy_cipher_names (in /nix/store/HASH-openssl-3.6.4/lib/libcrypto.so.3)
==3813177== 
==3813177== Conditional jump or move depends on uninitialised value(s)
==3813177==    at 0x4B223D0: OPENSSL_strlcpy (in /nix/store/HASH-openssl-3.6.4/lib/libcrypto.so.3)
==3813177==    by 0x4B5CB27: OBJ_obj2txt (in /nix/store/HASH-openssl-3.6.4/lib/libcrypto.so.3)
==3813177==    by 0x4B1BC37: get_legacy_md_names (in /nix/store/HASH-openssl-3.6.4/lib/libcrypto.so.3)
==3813177==    by 0x4B1751F: OPENSSL_LH_doall_arg_thunk (in /nix/store/HASH-openssl-3.6.4/lib/libcrypto.so.3)
==3813177==    by 0x4B5A893: OBJ_NAME_do_all (in /nix/store/HASH-openssl-3.6.4/lib/libcrypto.so.3)
==3813177==    by 0x4B19FFB: ossl_namemap_stored (in /nix/store/HASH-openssl-3.6.4/lib/libcrypto.so.3)
==3813177==    by 0x4AE1BEB: evp_generic_fetch (in /nix/store/HASH-openssl-3.6.4/lib/libcrypto.so.3)
==3813177==    by 0x4AFDACF: EVP_PKEY_CTX_new_from_name (in /nix/store/HASH-openssl-3.6.4/lib/libcrypto.so.3)
==3813177==    by 0x4AF7F5B: EVP_PKEY_new_raw_private_key (in /nix/store/HASH-openssl-3.6.4/lib/libcrypto.so.3)
==3813177==    by 0x127A617: crypto.backend_openssl.privateKeyFromSecret (backend_openssl.zig:274)
==3813177==    by 0x123C973: privateKeyFromSecret (backend.zig:222)
==3813177==    by 0x123C973: x25519.privateKey (x25519.zig:45)
==3813177==    by 0x121DE9B: x25519.sharedSecret (x25519.zig:64)
==3813177==  Uninitialised value was created by a stack allocation
==3813177==    at 0x4B5C768: OBJ_obj2txt (in /nix/store/HASH-openssl-3.6.4/lib/libcrypto.so.3)
==3813177== 
==3813177== Conditional jump or move depends on uninitialised value(s)
==3813177==    at 0x4B1A344: ossl_namemap_name2num (in /nix/store/HASH-openssl-3.6.4/lib/libcrypto.so.3)
==3813177==    by 0x4B1A72B: namemap_add_name (in /nix/store/HASH-openssl-3.6.4/lib/libcrypto.so.3)
==3813177==    by 0x4B1B96B: ossl_namemap_add_name (in /nix/store/HASH-openssl-3.6.4/lib/libcrypto.so.3)
==3813177==    by 0x4B1BC4F: get_legacy_md_names (in /nix/store/HASH-openssl-3.6.4/lib/libcrypto.so.3)
==3813177==    by 0x4B1751F: OPENSSL_LH_doall_arg_thunk (in /nix/store/HASH-openssl-3.6.4/lib/libcrypto.so.3)
==3813177==    by 0x4B5A893: OBJ_NAME_do_all (in /nix/store/HASH-openssl-3.6.4/lib/libcrypto.so.3)
==3813177==    by 0x4B19FFB: ossl_namemap_stored (in /nix/store/HASH-openssl-3.6.4/lib/libcrypto.so.3)
==3813177==    by 0x4AE1BEB: evp_generic_fetch (in /nix/store/HASH-openssl-3.6.4/lib/libcrypto.so.3)
==3813177==    by 0x4AFDACF: EVP_PKEY_CTX_new_from_name (in /nix/store/HASH-openssl-3.6.4/lib/libcrypto.so.3)
==3813177==    by 0x4AF7F5B: EVP_PKEY_new_raw_private_key (in /nix/store/HASH-openssl-3.6.4/lib/libcrypto.so.3)
==3813177==    by 0x127A617: crypto.backend_openssl.privateKeyFromSecret (backend_openssl.zig:274)
==3813177==    by 0x123C973: privateKeyFromSecret (backend.zig:222)
==3813177==    by 0x123C973: x25519.privateKey (x25519.zig:45)
==3813177==  Uninitialised value was created by a stack allocation
==3813177==    at 0x4B1BB4C: get_legacy_md_names (in /nix/store/HASH-openssl-3.6.4/lib/libcrypto.so.3)
==3813177== 
==3813177== Conditional jump or move depends on uninitialised value(s)
==3813177==    at 0x4B1A9C8: namemap_add_name (in /nix/store/HASH-openssl-3.6.4/lib/libcrypto.so.3)
==3813177==    by 0x4B1B96B: ossl_namemap_add_name (in /nix/store/HASH-openssl-3.6.4/lib/libcrypto.so.3)
==3813177==    by 0x4B1BC4F: get_legacy_md_names (in /nix/store/HASH-openssl-3.6.4/lib/libcrypto.so.3)
==3813177==    by 0x4B1751F: OPENSSL_LH_doall_arg_thunk (in /nix/store/HASH-openssl-3.6.4/lib/libcrypto.so.3)
==3813177==    by 0x4B5A893: OBJ_NAME_do_all (in /nix/store/HASH-openssl-3.6.4/lib/libcrypto.so.3)
==3813177==    by 0x4B19FFB: ossl_namemap_stored (in /nix/store/HASH-openssl-3.6.4/lib/libcrypto.so.3)
==3813177==    by 0x4AE1BEB: evp_generic_fetch (in /nix/store/HASH-openssl-3.6.4/lib/libcrypto.so.3)
==3813177==    by 0x4AFDACF: EVP_PKEY_CTX_new_from_name (in /nix/store/HASH-openssl-3.6.4/lib/libcrypto.so.3)
==3813177==    by 0x4AF7F5B: EVP_PKEY_new_raw_private_key (in /nix/store/HASH-openssl-3.6.4/lib/libcrypto.so.3)
==3813177==    by 0x127A617: crypto.backend_openssl.privateKeyFromSecret (backend_openssl.zig:274)
==3813177==    by 0x123C973: privateKeyFromSecret (backend.zig:222)
==3813177==    by 0x123C973: x25519.privateKey (x25519.zig:45)
==3813177==    by 0x121DE9B: x25519.sharedSecret (x25519.zig:64)
==3813177==  Uninitialised value was created by a stack allocation
==3813177==    at 0x4B1BB4C: get_legacy_md_names (in /nix/store/HASH-openssl-3.6.4/lib/libcrypto.so.3)
==3813177== 
==3813177== Conditional jump or move depends on uninitialised value(s)
==3813177==    at 0x4B1A318: ossl_namemap_name2num (in /nix/store/HASH-openssl-3.6.4/lib/libcrypto.so.3)
==3813177==    by 0x4B1A72B: namemap_add_name (in /nix/store/HASH-openssl-3.6.4/lib/libcrypto.so.3)
==3813177==    by 0x4B1B96B: ossl_namemap_add_name (in /nix/store/HASH-openssl-3.6.4/lib/libcrypto.so.3)
==3813177==    by 0x4B1BC4F: get_legacy_md_names (in /nix/store/HASH-openssl-3.6.4/lib/libcrypto.so.3)
==3813177==    by 0x4B1751F: OPENSSL_LH_doall_arg_thunk (in /nix/store/HASH-openssl-3.6.4/lib/libcrypto.so.3)
==3813177==    by 0x4B5A893: OBJ_NAME_do_all (in /nix/store/HASH-openssl-3.6.4/lib/libcrypto.so.3)
==3813177==    by 0x4B19FFB: ossl_namemap_stored (in /nix/store/HASH-openssl-3.6.4/lib/libcrypto.so.3)
==3813177==    by 0x4AE1BEB: evp_generic_fetch (in /nix/store/HASH-openssl-3.6.4/lib/libcrypto.so.3)
==3813177==    by 0x4AFDACF: EVP_PKEY_CTX_new_from_name (in /nix/store/HASH-openssl-3.6.4/lib/libcrypto.so.3)
==3813177==    by 0x4AF7F5B: EVP_PKEY_new_raw_private_key (in /nix/store/HASH-openssl-3.6.4/lib/libcrypto.so.3)
==3813177==    by 0x127A617: crypto.backend_openssl.privateKeyFromSecret (backend_openssl.zig:274)
==3813177==    by 0x123C973: privateKeyFromSecret (backend.zig:222)
==3813177==    by 0x123C973: x25519.privateKey (x25519.zig:45)
==3813177==  Uninitialised value was created by a stack allocation
==3813177==    at 0x4B1BB4C: get_legacy_md_names (in /nix/store/HASH-openssl-3.6.4/lib/libcrypto.so.3)
==3813177== 
==3813177== Conditional jump or move depends on uninitialised value(s)
==3813177==    at 0x4B1A99C: namemap_add_name (in /nix/store/HASH-openssl-3.6.4/lib/libcrypto.so.3)
==3813177==    by 0x4B1B96B: ossl_namemap_add_name (in /nix/store/HASH-openssl-3.6.4/lib/libcrypto.so.3)
==3813177==    by 0x4B1BC4F: get_legacy_md_names (in /nix/store/HASH-openssl-3.6.4/lib/libcrypto.so.3)
==3813177==    by 0x4B1751F: OPENSSL_LH_doall_arg_thunk (in /nix/store/HASH-openssl-3.6.4/lib/libcrypto.so.3)
==3813177==    by 0x4B5A893: OBJ_NAME_do_all (in /nix/store/HASH-openssl-3.6.4/lib/libcrypto.so.3)
==3813177==    by 0x4B19FFB: ossl_namemap_stored (in /nix/store/HASH-openssl-3.6.4/lib/libcrypto.so.3)
==3813177==    by 0x4AE1BEB: evp_generic_fetch (in /nix/store/HASH-openssl-3.6.4/lib/libcrypto.so.3)
==3813177==    by 0x4AFDACF: EVP_PKEY_CTX_new_from_name (in /nix/store/HASH-openssl-3.6.4/lib/libcrypto.so.3)
==3813177==    by 0x4AF7F5B: EVP_PKEY_new_raw_private_key (in /nix/store/HASH-openssl-3.6.4/lib/libcrypto.so.3)
==3813177==    by 0x127A617: crypto.backend_openssl.privateKeyFromSecret (backend_openssl.zig:274)
==3813177==    by 0x123C973: privateKeyFromSecret (backend.zig:222)
==3813177==    by 0x123C973: x25519.privateKey (x25519.zig:45)
==3813177==    by 0x121DE9B: x25519.sharedSecret (x25519.zig:64)
==3813177==  Uninitialised value was created by a stack allocation
==3813177==    at 0x4B1BB4C: get_legacy_md_names (in /nix/store/HASH-openssl-3.6.4/lib/libcrypto.so.3)
==3813177== 
==3813177== Conditional jump or move depends on uninitialised value(s)
==3813177==    at 0x4B223D0: OPENSSL_strlcpy (in /nix/store/HASH-openssl-3.6.4/lib/libcrypto.so.3)
==3813177==    by 0x4B5CB27: OBJ_obj2txt (in /nix/store/HASH-openssl-3.6.4/lib/libcrypto.so.3)
==3813177==    by 0x4B1BAF3: get_legacy_evp_names (in /nix/store/HASH-openssl-3.6.4/lib/libcrypto.so.3)
==3813177==    by 0x4B1A047: ossl_namemap_stored (in /nix/store/HASH-openssl-3.6.4/lib/libcrypto.so.3)
==3813177==    by 0x4AE1BEB: evp_generic_fetch (in /nix/store/HASH-openssl-3.6.4/lib/libcrypto.so.3)
==3813177==    by 0x4AFDACF: EVP_PKEY_CTX_new_from_name (in /nix/store/HASH-openssl-3.6.4/lib/libcrypto.so.3)
==3813177==    by 0x4AF7F5B: EVP_PKEY_new_raw_private_key (in /nix/store/HASH-openssl-3.6.4/lib/libcrypto.so.3)
==3813177==    by 0x127A617: crypto.backend_openssl.privateKeyFromSecret (backend_openssl.zig:274)
==3813177==    by 0x123C973: privateKeyFromSecret (backend.zig:222)
==3813177==    by 0x123C973: x25519.privateKey (x25519.zig:45)
==3813177==    by 0x121DE9B: x25519.sharedSecret (x25519.zig:64)
==3813177==    by 0x13EB27B: wycheproof.test.Wycheproof: X25519 shared secret tcId 1 (wycheproof.zig:35)
==3813177==    by 0x13D7EB7: test_runner.main (test_runner.zig:278)
==3813177==  Uninitialised value was created by a stack allocation
==3813177==    at 0x4B5C768: OBJ_obj2txt (in /nix/store/HASH-openssl-3.6.4/lib/libcrypto.so.3)
==3813177== 
==3813177== Conditional jump or move depends on uninitialised value(s)
==3813177==    at 0x4B1A344: ossl_namemap_name2num (in /nix/store/HASH-openssl-3.6.4/lib/libcrypto.so.3)
==3813177==    by 0x4B1A72B: namemap_add_name (in /nix/store/HASH-openssl-3.6.4/lib/libcrypto.so.3)
==3813177==    by 0x4B1B96B: ossl_namemap_add_name (in /nix/store/HASH-openssl-3.6.4/lib/libcrypto.so.3)
==3813177==    by 0x4B1BB0B: get_legacy_evp_names (in /nix/store/HASH-openssl-3.6.4/lib/libcrypto.so.3)
==3813177==    by 0x4B1A047: ossl_namemap_stored (in /nix/store/HASH-openssl-3.6.4/lib/libcrypto.so.3)
==3813177==    by 0x4AE1BEB: evp_generic_fetch (in /nix/store/HASH-openssl-3.6.4/lib/libcrypto.so.3)
==3813177==    by 0x4AFDACF: EVP_PKEY_CTX_new_from_name (in /nix/store/HASH-openssl-3.6.4/lib/libcrypto.so.3)
==3813177==    by 0x4AF7F5B: EVP_PKEY_new_raw_private_key (in /nix/store/HASH-openssl-3.6.4/lib/libcrypto.so.3)
==3813177==    by 0x127A617: crypto.backend_openssl.privateKeyFromSecret (backend_openssl.zig:274)
==3813177==    by 0x123C973: privateKeyFromSecret (backend.zig:222)
==3813177==    by 0x123C973: x25519.privateKey (x25519.zig:45)
==3813177==    by 0x121DE9B: x25519.sharedSecret (x25519.zig:64)
==3813177==    by 0x13EB27B: wycheproof.test.Wycheproof: X25519 shared secret tcId 1 (wycheproof.zig:35)
==3813177==  Uninitialised value was created by a stack allocation
==3813177==    at 0x4B1B9E0: get_legacy_evp_names (in /nix/store/HASH-openssl-3.6.4/lib/libcrypto.so.3)
==3813177== 
==3813177== Conditional jump or move depends on uninitialised value(s)
==3813177==    at 0x4B1A9C8: namemap_add_name (in /nix/store/HASH-openssl-3.6.4/lib/libcrypto.so.3)
==3813177==    by 0x4B1B96B: ossl_namemap_add_name (in /nix/store/HASH-openssl-3.6.4/lib/libcrypto.so.3)
==3813177==    by 0x4B1BB0B: get_legacy_evp_names (in /nix/store/HASH-openssl-3.6.4/lib/libcrypto.so.3)
==3813177==    by 0x4B1A047: ossl_namemap_stored (in /nix/store/HASH-openssl-3.6.4/lib/libcrypto.so.3)
==3813177==    by 0x4AE1BEB: evp_generic_fetch (in /nix/store/HASH-openssl-3.6.4/lib/libcrypto.so.3)
==3813177==    by 0x4AFDACF: EVP_PKEY_CTX_new_from_name (in /nix/store/HASH-openssl-3.6.4/lib/libcrypto.so.3)
==3813177==    by 0x4AF7F5B: EVP_PKEY_new_raw_private_key (in /nix/store/HASH-openssl-3.6.4/lib/libcrypto.so.3)
==3813177==    by 0x127A617: crypto.backend_openssl.privateKeyFromSecret (backend_openssl.zig:274)
==3813177==    by 0x123C973: privateKeyFromSecret (backend.zig:222)
==3813177==    by 0x123C973: x25519.privateKey (x25519.zig:45)
==3813177==    by 0x121DE9B: x25519.sharedSecret (x25519.zig:64)
==3813177==    by 0x13EB27B: wycheproof.test.Wycheproof: X25519 shared secret tcId 1 (wycheproof.zig:35)
==3813177==    by 0x13D7EB7: test_runner.main (test_runner.zig:278)
==3813177==  Uninitialised value was created by a stack allocation
==3813177==    at 0x4B1B9E0: get_legacy_evp_names (in /nix/store/HASH-openssl-3.6.4/lib/libcrypto.so.3)
==3813177== 
==3813177== Conditional jump or move depends on uninitialised value(s)
==3813177==    at 0x4B223D0: OPENSSL_strlcpy (in /nix/store/HASH-openssl-3.6.4/lib/libcrypto.so.3)
==3813177==    by 0x4B5CB27: OBJ_obj2txt (in /nix/store/HASH-openssl-3.6.4/lib/libcrypto.so.3)
==3813177==    by 0x4B1BAF3: get_legacy_evp_names (in /nix/store/HASH-openssl-3.6.4/lib/libcrypto.so.3)
==3813177==    by 0x4B1A0AF: ossl_namemap_stored (in /nix/store/HASH-openssl-3.6.4/lib/libcrypto.so.3)
==3813177==    by 0x4AE1BEB: evp_generic_fetch (in /nix/store/HASH-openssl-3.6.4/lib/libcrypto.so.3)
==3813177==    by 0x4AFDACF: EVP_PKEY_CTX_new_from_name (in /nix/store/HASH-openssl-3.6.4/lib/libcrypto.so.3)
==3813177==    by 0x4AF7F5B: EVP_PKEY_new_raw_private_key (in /nix/store/HASH-openssl-3.6.4/lib/libcrypto.so.3)
==3813177==    by 0x127A617: crypto.backend_openssl.privateKeyFromSecret (backend_openssl.zig:274)
==3813177==    by 0x123C973: privateKeyFromSecret (backend.zig:222)
==3813177==    by 0x123C973: x25519.privateKey (x25519.zig:45)
==3813177==    by 0x121DE9B: x25519.sharedSecret (x25519.zig:64)
==3813177==    by 0x13EB27B: wycheproof.test.Wycheproof: X25519 shared secret tcId 1 (wycheproof.zig:35)
==3813177==    by 0x13D7EB7: test_runner.main (test_runner.zig:278)
==3813177==  Uninitialised value was created by a stack allocation
==3813177==    at 0x4B5C768: OBJ_obj2txt (in /nix/store/HASH-openssl-3.6.4/lib/libcrypto.so.3)
==3813177== 
==3813177== Conditional jump or move depends on uninitialised value(s)
==3813177==    at 0x4B1A318: ossl_namemap_name2num (in /nix/store/HASH-openssl-3.6.4/lib/libcrypto.so.3)
==3813177==    by 0x4B1A72B: namemap_add_name (in /nix/store/HASH-openssl-3.6.4/lib/libcrypto.so.3)
==3813177==    by 0x4B1B96B: ossl_namemap_add_name (in /nix/store/HASH-openssl-3.6.4/lib/libcrypto.so.3)
==3813177==    by 0x4B1BB0B: get_legacy_evp_names (in /nix/store/HASH-openssl-3.6.4/lib/libcrypto.so.3)
==3813177==    by 0x4B1A0AF: ossl_namemap_stored (in /nix/store/HASH-openssl-3.6.4/lib/libcrypto.so.3)
==3813177==    by 0x4AE1BEB: evp_generic_fetch (in /nix/store/HASH-openssl-3.6.4/lib/libcrypto.so.3)
==3813177==    by 0x4AFDACF: EVP_PKEY_CTX_new_from_name (in /nix/store/HASH-openssl-3.6.4/lib/libcrypto.so.3)
==3813177==    by 0x4AF7F5B: EVP_PKEY_new_raw_private_key (in /nix/store/HASH-openssl-3.6.4/lib/libcrypto.so.3)
==3813177==    by 0x127A617: crypto.backend_openssl.privateKeyFromSecret (backend_openssl.zig:274)
==3813177==    by 0x123C973: privateKeyFromSecret (backend.zig:222)
==3813177==    by 0x123C973: x25519.privateKey (x25519.zig:45)
==3813177==    by 0x121DE9B: x25519.sharedSecret (x25519.zig:64)
==3813177==    by 0x13EB27B: wycheproof.test.Wycheproof: X25519 shared secret tcId 1 (wycheproof.zig:35)
==3813177==  Uninitialised value was created by a stack allocation
==3813177==    at 0x4B1B9E0: get_legacy_evp_names (in /nix/store/HASH-openssl-3.6.4/lib/libcrypto.so.3)
==3813177== 
==3813177== Conditional jump or move depends on uninitialised value(s)
==3813177==    at 0x4B1A99C: namemap_add_name (in /nix/store/HASH-openssl-3.6.4/lib/libcrypto.so.3)
==3813177==    by 0x4B1B96B: ossl_namemap_add_name (in /nix/store/HASH-openssl-3.6.4/lib/libcrypto.so.3)
==3813177==    by 0x4B1BB0B: get_legacy_evp_names (in /nix/store/HASH-openssl-3.6.4/lib/libcrypto.so.3)
==3813177==    by 0x4B1A0AF: ossl_namemap_stored (in /nix/store/HASH-openssl-3.6.4/lib/libcrypto.so.3)
==3813177==    by 0x4AE1BEB: evp_generic_fetch (in /nix/store/HASH-openssl-3.6.4/lib/libcrypto.so.3)
==3813177==    by 0x4AFDACF: EVP_PKEY_CTX_new_from_name (in /nix/store/HASH-openssl-3.6.4/lib/libcrypto.so.3)
==3813177==    by 0x4AF7F5B: EVP_PKEY_new_raw_private_key (in /nix/store/HASH-openssl-3.6.4/lib/libcrypto.so.3)
==3813177==    by 0x127A617: crypto.backend_openssl.privateKeyFromSecret (backend_openssl.zig:274)
==3813177==    by 0x123C973: privateKeyFromSecret (backend.zig:222)
==3813177==    by 0x123C973: x25519.privateKey (x25519.zig:45)
==3813177==    by 0x121DE9B: x25519.sharedSecret (x25519.zig:64)
==3813177==    by 0x13EB27B: wycheproof.test.Wycheproof: X25519 shared secret tcId 1 (wycheproof.zig:35)
==3813177==    by 0x13D7EB7: test_runner.main (test_runner.zig:278)
==3813177==  Uninitialised value was created by a stack allocation
==3813177==    at 0x4B1B9E0: get_legacy_evp_names (in /nix/store/HASH-openssl-3.6.4/lib/libcrypto.so.3)
==3813177== 
==3813177== Conditional jump or move depends on uninitialised value(s)
==3813177==    at 0x4B1A9C8: namemap_add_name (in /nix/store/HASH-openssl-3.6.4/lib/libcrypto.so.3)
==3813177==    by 0x4B1B96B: ossl_namemap_add_name (in /nix/store/HASH-openssl-3.6.4/lib/libcrypto.so.3)
==3813177==    by 0x4B1BB0B: get_legacy_evp_names (in /nix/store/HASH-openssl-3.6.4/lib/libcrypto.so.3)
==3813177==    by 0x4B1A0AF: ossl_namemap_stored (in /nix/store/HASH-openssl-3.6.4/lib/libcrypto.so.3)
==3813177==    by 0x4AE1BEB: evp_generic_fetch (in /nix/store/HASH-openssl-3.6.4/lib/libcrypto.so.3)
==3813177==    by 0x4AFDACF: EVP_PKEY_CTX_new_from_name (in /nix/store/HASH-openssl-3.6.4/lib/libcrypto.so.3)
==3813177==    by 0x4AF7F5B: EVP_PKEY_new_raw_private_key (in /nix/store/HASH-openssl-3.6.4/lib/libcrypto.so.3)
==3813177==    by 0x127A617: crypto.backend_openssl.privateKeyFromSecret (backend_openssl.zig:274)
==3813177==    by 0x123C973: privateKeyFromSecret (backend.zig:222)
==3813177==    by 0x123C973: x25519.privateKey (x25519.zig:45)
==3813177==    by 0x121DE9B: x25519.sharedSecret (x25519.zig:64)
==3813177==    by 0x13EB27B: wycheproof.test.Wycheproof: X25519 shared secret tcId 1 (wycheproof.zig:35)
==3813177==    by 0x13D7EB7: test_runner.main (test_runner.zig:278)
==3813177==  Uninitialised value was created by a stack allocation
==3813177==    at 0x4B1B9E0: get_legacy_evp_names (in /nix/store/HASH-openssl-3.6.4/lib/libcrypto.so.3)
==3813177== 
==3813177== Conditional jump or move depends on uninitialised value(s)
==3813177==    at 0x4B223D0: OPENSSL_strlcpy (in /nix/store/HASH-openssl-3.6.4/lib/libcrypto.so.3)
==3813177==    by 0x4B5CB27: OBJ_obj2txt (in /nix/store/HASH-openssl-3.6.4/lib/libcrypto.so.3)
==3813177==    by 0x4B1BAF3: get_legacy_evp_names (in /nix/store/HASH-openssl-3.6.4/lib/libcrypto.so.3)
==3813177==    by 0x4B1A0EB: ossl_namemap_stored (in /nix/store/HASH-openssl-3.6.4/lib/libcrypto.so.3)
==3813177==    by 0x4AE1BEB: evp_generic_fetch (in /nix/store/HASH-openssl-3.6.4/lib/libcrypto.so.3)
==3813177==    by 0x4AFDACF: EVP_PKEY_CTX_new_from_name (in /nix/store/HASH-openssl-3.6.4/lib/libcrypto.so.3)
==3813177==    by 0x4AF7F5B: EVP_PKEY_new_raw_private_key (in /nix/store/HASH-openssl-3.6.4/lib/libcrypto.so.3)
==3813177==    by 0x127A617: crypto.backend_openssl.privateKeyFromSecret (backend_openssl.zig:274)
==3813177==    by 0x123C973: privateKeyFromSecret (backend.zig:222)
==3813177==    by 0x123C973: x25519.privateKey (x25519.zig:45)
==3813177==    by 0x121DE9B: x25519.sharedSecret (x25519.zig:64)
==3813177==    by 0x13EB27B: wycheproof.test.Wycheproof: X25519 shared secret tcId 1 (wycheproof.zig:35)
==3813177==    by 0x13D7EB7: test_runner.main (test_runner.zig:278)
==3813177==  Uninitialised value was created by a stack allocation
==3813177==    at 0x4B5C768: OBJ_obj2txt (in /nix/store/HASH-openssl-3.6.4/lib/libcrypto.so.3)
==3813177== 
==3813177== Conditional jump or move depends on uninitialised value(s)
==3813177==    at 0x4B1A9C8: namemap_add_name (in /nix/store/HASH-openssl-3.6.4/lib/libcrypto.so.3)
==3813177==    by 0x4B1B96B: ossl_namemap_add_name (in /nix/store/HASH-openssl-3.6.4/lib/libcrypto.so.3)
==3813177==    by 0x4B1BB0B: get_legacy_evp_names (in /nix/store/HASH-openssl-3.6.4/lib/libcrypto.so.3)
==3813177==    by 0x4B1A0EB: ossl_namemap_stored (in /nix/store/HASH-openssl-3.6.4/lib/libcrypto.so.3)
==3813177==    by 0x4AE1BEB: evp_generic_fetch (in /nix/store/HASH-openssl-3.6.4/lib/libcrypto.so.3)
==3813177==    by 0x4AFDACF: EVP_PKEY_CTX_new_from_name (in /nix/store/HASH-openssl-3.6.4/lib/libcrypto.so.3)
==3813177==    by 0x4AF7F5B: EVP_PKEY_new_raw_private_key (in /nix/store/HASH-openssl-3.6.4/lib/libcrypto.so.3)
==3813177==    by 0x127A617: crypto.backend_openssl.privateKeyFromSecret (backend_openssl.zig:274)
==3813177==    by 0x123C973: privateKeyFromSecret (backend.zig:222)
==3813177==    by 0x123C973: x25519.privateKey (x25519.zig:45)
==3813177==    by 0x121DE9B: x25519.sharedSecret (x25519.zig:64)
==3813177==    by 0x13EB27B: wycheproof.test.Wycheproof: X25519 shared secret tcId 1 (wycheproof.zig:35)
==3813177==    by 0x13D7EB7: test_runner.main (test_runner.zig:278)
==3813177==  Uninitialised value was created by a stack allocation
==3813177==    at 0x4B1B9E0: get_legacy_evp_names (in /nix/store/HASH-openssl-3.6.4/lib/libcrypto.so.3)
==3813177== 
==3813177== Conditional jump or move depends on uninitialised value(s)
==3813177==    at 0x4B1A99C: namemap_add_name (in /nix/store/HASH-openssl-3.6.4/lib/libcrypto.so.3)
==3813177==    by 0x4B1B96B: ossl_namemap_add_name (in /nix/store/HASH-openssl-3.6.4/lib/libcrypto.so.3)
==3813177==    by 0x4B1BB0B: get_legacy_evp_names (in /nix/store/HASH-openssl-3.6.4/lib/libcrypto.so.3)
==3813177==    by 0x4B1A047: ossl_namemap_stored (in /nix/store/HASH-openssl-3.6.4/lib/libcrypto.so.3)
==3813177==    by 0x4AE1BEB: evp_generic_fetch (in /nix/store/HASH-openssl-3.6.4/lib/libcrypto.so.3)
==3813177==    by 0x4AFDACF: EVP_PKEY_CTX_new_from_name (in /nix/store/HASH-openssl-3.6.4/lib/libcrypto.so.3)
==3813177==    by 0x4AF7F5B: EVP_PKEY_new_raw_private_key (in /nix/store/HASH-openssl-3.6.4/lib/libcrypto.so.3)
==3813177==    by 0x127A617: crypto.backend_openssl.privateKeyFromSecret (backend_openssl.zig:274)
==3813177==    by 0x123C973: privateKeyFromSecret (backend.zig:222)
==3813177==    by 0x123C973: x25519.privateKey (x25519.zig:45)
==3813177==    by 0x121DE9B: x25519.sharedSecret (x25519.zig:64)
==3813177==    by 0x13EB27B: wycheproof.test.Wycheproof: X25519 shared secret tcId 1 (wycheproof.zig:35)
==3813177==    by 0x13D7EB7: test_runner.main (test_runner.zig:278)
==3813177==  Uninitialised value was created by a stack allocation
==3813177==    at 0x4B1B9E0: get_legacy_evp_names (in /nix/store/HASH-openssl-3.6.4/lib/libcrypto.so.3)
==3813177== 
==3813177== Conditional jump or move depends on uninitialised value(s)
==3813177==    at 0x4B223D0: OPENSSL_strlcpy (in /nix/store/HASH-openssl-3.6.4/lib/libcrypto.so.3)
==3813177==    by 0x4B5CB27: OBJ_obj2txt (in /nix/store/HASH-openssl-3.6.4/lib/libcrypto.so.3)
==3813177==    by 0x4B1BAF3: get_legacy_evp_names (in /nix/store/HASH-openssl-3.6.4/lib/libcrypto.so.3)
==3813177==    by 0x4B1A0D3: ossl_namemap_stored (in /nix/store/HASH-openssl-3.6.4/lib/libcrypto.so.3)
==3813177==    by 0x4AE1BEB: evp_generic_fetch (in /nix/store/HASH-openssl-3.6.4/lib/libcrypto.so.3)
==3813177==    by 0x4AFDACF: EVP_PKEY_CTX_new_from_name (in /nix/store/HASH-openssl-3.6.4/lib/libcrypto.so.3)
==3813177==    by 0x4AF7F5B: EVP_PKEY_new_raw_private_key (in /nix/store/HASH-openssl-3.6.4/lib/libcrypto.so.3)
==3813177==    by 0x127A617: crypto.backend_openssl.privateKeyFromSecret (backend_openssl.zig:274)
==3813177==    by 0x123C973: privateKeyFromSecret (backend.zig:222)
==3813177==    by 0x123C973: x25519.privateKey (x25519.zig:45)
==3813177==    by 0x121DE9B: x25519.sharedSecret (x25519.zig:64)
==3813177==    by 0x13EB27B: wycheproof.test.Wycheproof: X25519 shared secret tcId 1 (wycheproof.zig:35)
==3813177==    by 0x13D7EB7: test_runner.main (test_runner.zig:278)
==3813177==  Uninitialised value was created by a stack allocation
==3813177==    at 0x4B5C768: OBJ_obj2txt (in /nix/store/HASH-openssl-3.6.4/lib/libcrypto.so.3)
==3813177== 
==3813177== Conditional jump or move depends on uninitialised value(s)
==3813177==    at 0x4B1A9C8: namemap_add_name (in /nix/store/HASH-openssl-3.6.4/lib/libcrypto.so.3)
==3813177==    by 0x4B1B96B: ossl_namemap_add_name (in /nix/store/HASH-openssl-3.6.4/lib/libcrypto.so.3)
==3813177==    by 0x4B1BB0B: get_legacy_evp_names (in /nix/store/HASH-openssl-3.6.4/lib/libcrypto.so.3)
==3813177==    by 0x4B1A0D3: ossl_namemap_stored (in /nix/store/HASH-openssl-3.6.4/lib/libcrypto.so.3)
==3813177==    by 0x4AE1BEB: evp_generic_fetch (in /nix/store/HASH-openssl-3.6.4/lib/libcrypto.so.3)
==3813177==    by 0x4AFDACF: EVP_PKEY_CTX_new_from_name (in /nix/store/HASH-openssl-3.6.4/lib/libcrypto.so.3)
==3813177==    by 0x4AF7F5B: EVP_PKEY_new_raw_private_key (in /nix/store/HASH-openssl-3.6.4/lib/libcrypto.so.3)
==3813177==    by 0x127A617: crypto.backend_openssl.privateKeyFromSecret (backend_openssl.zig:274)
==3813177==    by 0x123C973: privateKeyFromSecret (backend.zig:222)
==3813177==    by 0x123C973: x25519.privateKey (x25519.zig:45)
==3813177==    by 0x121DE9B: x25519.sharedSecret (x25519.zig:64)
==3813177==    by 0x13EB27B: wycheproof.test.Wycheproof: X25519 shared secret tcId 1 (wycheproof.zig:35)
==3813177==    by 0x13D7EB7: test_runner.main (test_runner.zig:278)
==3813177==  Uninitialised value was created by a stack allocation
==3813177==    at 0x4B1B9E0: get_legacy_evp_names (in /nix/store/HASH-openssl-3.6.4/lib/libcrypto.so.3)
==3813177== 
==3813177== Conditional jump or move depends on uninitialised value(s)
==3813177==    at 0x4B1A318: ossl_namemap_name2num (in /nix/store/HASH-openssl-3.6.4/lib/libcrypto.so.3)
==3813177==    by 0x4B1AE8B: ossl_namemap_add_names (in /nix/store/HASH-openssl-3.6.4/lib/libcrypto.so.3)
==3813177==    by 0x4AE1537: construct_evp_method (in /nix/store/HASH-openssl-3.6.4/lib/libcrypto.so.3)
==3813177==    by 0x4B1999B: ossl_method_construct_this (in /nix/store/HASH-openssl-3.6.4/lib/libcrypto.so.3)
==3813177==    by 0x4B19647: algorithm_do_this (in /nix/store/HASH-openssl-3.6.4/lib/libcrypto.so.3)
==3813177==    by 0x4B31A53: ossl_provider_doall_activated (in /nix/store/HASH-openssl-3.6.4/lib/libcrypto.so.3)
==3813177==    by 0x4B197FB: ossl_algorithm_do_all (in /nix/store/HASH-openssl-3.6.4/lib/libcrypto.so.3)
==3813177==    by 0x4B19C4F: ossl_method_construct (in /nix/store/HASH-openssl-3.6.4/lib/libcrypto.so.3)
==3813177==    by 0x4AE1F07: evp_generic_fetch (in /nix/store/HASH-openssl-3.6.4/lib/libcrypto.so.3)
==3813177==    by 0x4AFDACF: EVP_PKEY_CTX_new_from_name (in /nix/store/HASH-openssl-3.6.4/lib/libcrypto.so.3)
==3813177==    by 0x4AF7F5B: EVP_PKEY_new_raw_private_key (in /nix/store/HASH-openssl-3.6.4/lib/libcrypto.so.3)
==3813177==    by 0x127A617: crypto.backend_openssl.privateKeyFromSecret (backend_openssl.zig:274)
==3813177== 
==3813177== Conditional jump or move depends on uninitialised value(s)
==3813177==    at 0x4B1A318: ossl_namemap_name2num (in /nix/store/HASH-openssl-3.6.4/lib/libcrypto.so.3)
==3813177==    by 0x4B1A72B: namemap_add_name (in /nix/store/HASH-openssl-3.6.4/lib/libcrypto.so.3)
==3813177==    by 0x4B1AED3: ossl_namemap_add_names (in /nix/store/HASH-openssl-3.6.4/lib/libcrypto.so.3)
==3813177==    by 0x4AE1537: construct_evp_method (in /nix/store/HASH-openssl-3.6.4/lib/libcrypto.so.3)
==3813177==    by 0x4B1999B: ossl_method_construct_this (in /nix/store/HASH-openssl-3.6.4/lib/libcrypto.so.3)
==3813177==    by 0x4B19647: algorithm_do_this (in /nix/store/HASH-openssl-3.6.4/lib/libcrypto.so.3)
==3813177==    by 0x4B31A53: ossl_provider_doall_activated (in /nix/store/HASH-openssl-3.6.4/lib/libcrypto.so.3)
==3813177==    by 0x4B197FB: ossl_algorithm_do_all (in /nix/store/HASH-openssl-3.6.4/lib/libcrypto.so.3)
==3813177==    by 0x4B19C4F: ossl_method_construct (in /nix/store/HASH-openssl-3.6.4/lib/libcrypto.so.3)
==3813177==    by 0x4AE1F07: evp_generic_fetch (in /nix/store/HASH-openssl-3.6.4/lib/libcrypto.so.3)
==3813177==    by 0x4AFDACF: EVP_PKEY_CTX_new_from_name (in /nix/store/HASH-openssl-3.6.4/lib/libcrypto.so.3)
==3813177==    by 0x4AF7F5B: EVP_PKEY_new_raw_private_key (in /nix/store/HASH-openssl-3.6.4/lib/libcrypto.so.3)
==3813177== 
==3813177== Conditional jump or move depends on uninitialised value(s)
==3813177==    at 0x4B1A344: ossl_namemap_name2num (in /nix/store/HASH-openssl-3.6.4/lib/libcrypto.so.3)
==3813177==    by 0x4B1AE8B: ossl_namemap_add_names (in /nix/store/HASH-openssl-3.6.4/lib/libcrypto.so.3)
==3813177==    by 0x4AE1537: construct_evp_method (in /nix/store/HASH-openssl-3.6.4/lib/libcrypto.so.3)
==3813177==    by 0x4B1999B: ossl_method_construct_this (in /nix/store/HASH-openssl-3.6.4/lib/libcrypto.so.3)
==3813177==    by 0x4B19647: algorithm_do_this (in /nix/store/HASH-openssl-3.6.4/lib/libcrypto.so.3)
==3813177==    by 0x4B31A53: ossl_provider_doall_activated (in /nix/store/HASH-openssl-3.6.4/lib/libcrypto.so.3)
==3813177==    by 0x4B197FB: ossl_algorithm_do_all (in /nix/store/HASH-openssl-3.6.4/lib/libcrypto.so.3)
==3813177==    by 0x4B19C4F: ossl_method_construct (in /nix/store/HASH-openssl-3.6.4/lib/libcrypto.so.3)
==3813177==    by 0x4AE1F07: evp_generic_fetch (in /nix/store/HASH-openssl-3.6.4/lib/libcrypto.so.3)
==3813177==    by 0x4AFDACF: EVP_PKEY_CTX_new_from_name (in /nix/store/HASH-openssl-3.6.4/lib/libcrypto.so.3)
==3813177==    by 0x4AF7F5B: EVP_PKEY_new_raw_private_key (in /nix/store/HASH-openssl-3.6.4/lib/libcrypto.so.3)
==3813177==    by 0x127A617: crypto.backend_openssl.privateKeyFromSecret (backend_openssl.zig:274)
==3813177== 
==3813177== Conditional jump or move depends on uninitialised value(s)
==3813177==    at 0x4B1A344: ossl_namemap_name2num (in /nix/store/HASH-openssl-3.6.4/lib/libcrypto.so.3)
==3813177==    by 0x4B1A72B: namemap_add_name (in /nix/store/HASH-openssl-3.6.4/lib/libcrypto.so.3)
==3813177==    by 0x4B1AED3: ossl_namemap_add_names (in /nix/store/HASH-openssl-3.6.4/lib/libcrypto.so.3)
==3813177==    by 0x4AE1537: construct_evp_method (in /nix/store/HASH-openssl-3.6.4/lib/libcrypto.so.3)
==3813177==    by 0x4B1999B: ossl_method_construct_this (in /nix/store/HASH-openssl-3.6.4/lib/libcrypto.so.3)
==3813177==    by 0x4B19647: algorithm_do_this (in /nix/store/HASH-openssl-3.6.4/lib/libcrypto.so.3)
==3813177==    by 0x4B31A53: ossl_provider_doall_activated (in /nix/store/HASH-openssl-3.6.4/lib/libcrypto.so.3)
==3813177==    by 0x4B197FB: ossl_algorithm_do_all (in /nix/store/HASH-openssl-3.6.4/lib/libcrypto.so.3)
==3813177==    by 0x4B19C4F: ossl_method_construct (in /nix/store/HASH-openssl-3.6.4/lib/libcrypto.so.3)
==3813177==    by 0x4AE1F07: evp_generic_fetch (in /nix/store/HASH-openssl-3.6.4/lib/libcrypto.so.3)
==3813177==    by 0x4AFDACF: EVP_PKEY_CTX_new_from_name (in /nix/store/HASH-openssl-3.6.4/lib/libcrypto.so.3)
==3813177==    by 0x4AF7F5B: EVP_PKEY_new_raw_private_key (in /nix/store/HASH-openssl-3.6.4/lib/libcrypto.so.3)
==3813177== 
==3813177== Conditional jump or move depends on uninitialised value(s)
==3813177==    at 0x4B1A99C: namemap_add_name (in /nix/store/HASH-openssl-3.6.4/lib/libcrypto.so.3)
==3813177==    by 0x4B1AED3: ossl_namemap_add_names (in /nix/store/HASH-openssl-3.6.4/lib/libcrypto.so.3)
==3813177==    by 0x4AE1537: construct_evp_method (in /nix/store/HASH-openssl-3.6.4/lib/libcrypto.so.3)
==3813177==    by 0x4B1999B: ossl_method_construct_this (in /nix/store/HASH-openssl-3.6.4/lib/libcrypto.so.3)
==3813177==    by 0x4B19647: algorithm_do_this (in /nix/store/HASH-openssl-3.6.4/lib/libcrypto.so.3)
==3813177==    by 0x4B31A53: ossl_provider_doall_activated (in /nix/store/HASH-openssl-3.6.4/lib/libcrypto.so.3)
==3813177==    by 0x4B197FB: ossl_algorithm_do_all (in /nix/store/HASH-openssl-3.6.4/lib/libcrypto.so.3)
==3813177==    by 0x4B19C4F: ossl_method_construct (in /nix/store/HASH-openssl-3.6.4/lib/libcrypto.so.3)
==3813177==    by 0x4AE1F07: evp_generic_fetch (in /nix/store/HASH-openssl-3.6.4/lib/libcrypto.so.3)
==3813177==    by 0x4AFDACF: EVP_PKEY_CTX_new_from_name (in /nix/store/HASH-openssl-3.6.4/lib/libcrypto.so.3)
==3813177==    by 0x4AF7F5B: EVP_PKEY_new_raw_private_key (in /nix/store/HASH-openssl-3.6.4/lib/libcrypto.so.3)
==3813177==    by 0x127A617: crypto.backend_openssl.privateKeyFromSecret (backend_openssl.zig:274)
==3813177== 
==3813177== Conditional jump or move depends on uninitialised value(s)
==3813177==    at 0x4B1A9C8: namemap_add_name (in /nix/store/HASH-openssl-3.6.4/lib/libcrypto.so.3)
==3813177==    by 0x4B1AED3: ossl_namemap_add_names (in /nix/store/HASH-openssl-3.6.4/lib/libcrypto.so.3)
==3813177==    by 0x4AE1537: construct_evp_method (in /nix/store/HASH-openssl-3.6.4/lib/libcrypto.so.3)
==3813177==    by 0x4B1999B: ossl_method_construct_this (in /nix/store/HASH-openssl-3.6.4/lib/libcrypto.so.3)
==3813177==    by 0x4B19647: algorithm_do_this (in /nix/store/HASH-openssl-3.6.4/lib/libcrypto.so.3)
==3813177==    by 0x4B31A53: ossl_provider_doall_activated (in /nix/store/HASH-openssl-3.6.4/lib/libcrypto.so.3)
==3813177==    by 0x4B197FB: ossl_algorithm_do_all (in /nix/store/HASH-openssl-3.6.4/lib/libcrypto.so.3)
==3813177==    by 0x4B19C4F: ossl_method_construct (in /nix/store/HASH-openssl-3.6.4/lib/libcrypto.so.3)
==3813177==    by 0x4AE1F07: evp_generic_fetch (in /nix/store/HASH-openssl-3.6.4/lib/libcrypto.so.3)
==3813177==    by 0x4AFDACF: EVP_PKEY_CTX_new_from_name (in /nix/store/HASH-openssl-3.6.4/lib/libcrypto.so.3)
==3813177==    by 0x4AF7F5B: EVP_PKEY_new_raw_private_key (in /nix/store/HASH-openssl-3.6.4/lib/libcrypto.so.3)
==3813177==    by 0x127A617: crypto.backend_openssl.privateKeyFromSecret (backend_openssl.zig:274)
==3813177== 
==3813177== Conditional jump or move depends on uninitialised value(s)
==3813177==    at 0x4B1A318: ossl_namemap_name2num (in /nix/store/HASH-openssl-3.6.4/lib/libcrypto.so.3)
==3813177==    by 0x4AE1C1F: evp_generic_fetch (in /nix/store/HASH-openssl-3.6.4/lib/libcrypto.so.3)
==3813177==    by 0x4AE9D7B: EVP_PKEY_derive_init_ex (in /nix/store/HASH-openssl-3.6.4/lib/libcrypto.so.3)
==3813177==    by 0x123CC0F: crypto.backend_openssl.sharedSecretDerive (backend_openssl.zig:312)
==3813177==    by 0x121DFD7: sharedSecretDerive (backend.zig:238)
==3813177==    by 0x121DFD7: x25519.sharedSecret (x25519.zig:70)
==3813177==    by 0x13EB27B: wycheproof.test.Wycheproof: X25519 shared secret tcId 1 (wycheproof.zig:35)
==3813177==    by 0x13D7EB7: test_runner.main (test_runner.zig:278)
==3813177==    by 0x13D9A2F: callMain (start.zig:627)
==3813177==    by 0x13D9A2F: callMainWithArgs (start.zig:587)
==3813177==    by 0x13D9A2F: main (start.zig:602)
==3813177== 
==3813177== Conditional jump or move depends on uninitialised value(s)
==3813177==    at 0x4B1A318: ossl_namemap_name2num (in /nix/store/HASH-openssl-3.6.4/lib/libcrypto.so.3)
==3813177==    by 0x4AE213B: evp_generic_fetch_from_prov (in /nix/store/HASH-openssl-3.6.4/lib/libcrypto.so.3)
==3813177==    by 0x4AE9DA3: EVP_PKEY_derive_init_ex (in /nix/store/HASH-openssl-3.6.4/lib/libcrypto.so.3)
==3813177==    by 0x123CC0F: crypto.backend_openssl.sharedSecretDerive (backend_openssl.zig:312)
==3813177==    by 0x121DFD7: sharedSecretDerive (backend.zig:238)
==3813177==    by 0x121DFD7: x25519.sharedSecret (x25519.zig:70)
==3813177==    by 0x13EB27B: wycheproof.test.Wycheproof: X25519 shared secret tcId 1 (wycheproof.zig:35)
==3813177==    by 0x13D7EB7: test_runner.main (test_runner.zig:278)
==3813177==    by 0x13D9A2F: callMain (start.zig:627)
==3813177==    by 0x13D9A2F: callMainWithArgs (start.zig:587)
==3813177==    by 0x13D9A2F: main (start.zig:602)
==3813177== 
==3813177== Conditional jump or move depends on uninitialised value(s)
==3813177==    at 0x4B1A318: ossl_namemap_name2num (in /nix/store/HASH-openssl-3.6.4/lib/libcrypto.so.3)
==3813177==    by 0x4AE213B: evp_generic_fetch_from_prov (in /nix/store/HASH-openssl-3.6.4/lib/libcrypto.so.3)
==3813177==    by 0x4AEA1A3: EVP_PKEY_derive_set_peer_ex (in /nix/store/HASH-openssl-3.6.4/lib/libcrypto.so.3)
==3813177==    by 0x123CC77: crypto.backend_openssl.sharedSecretDerive (backend_openssl.zig:313)
==3813177==    by 0x121DFD7: sharedSecretDerive (backend.zig:238)
==3813177==    by 0x121DFD7: x25519.sharedSecret (x25519.zig:70)
==3813177==    by 0x13EB27B: wycheproof.test.Wycheproof: X25519 shared secret tcId 1 (wycheproof.zig:35)
==3813177==    by 0x13D7EB7: test_runner.main (test_runner.zig:278)
==3813177==    by 0x13D9A2F: callMain (start.zig:627)
==3813177==    by 0x13D9A2F: callMainWithArgs (start.zig:587)
==3813177==    by 0x13D9A2F: main (start.zig:602)
==3813177== 
==3813177== Conditional jump or move depends on uninitialised value(s)
==3813177==    at 0x4B1A318: ossl_namemap_name2num (in /nix/store/HASH-openssl-3.6.4/lib/libcrypto.so.3)
==3813177==    by 0x4AE213B: evp_generic_fetch_from_prov (in /nix/store/HASH-openssl-3.6.4/lib/libcrypto.so.3)
==3813177==    by 0x4AF001B: do_sigver_init (in /nix/store/HASH-openssl-3.6.4/lib/libcrypto.so.3)
==3813177==    by 0x4AF06B7: EVP_DigestVerifyInit (in /nix/store/HASH-openssl-3.6.4/lib/libcrypto.so.3)
==3813177==    by 0x124D7A7: crypto.backend_openssl.signatureVerify (backend_openssl.zig:931)
==3813177==    by 0x11FF81B: verify (backend.zig:399)
==3813177==    by 0x11FF81B: certificate.verifySignature (certificate.zig:620)
==3813177==    by 0x11FF51B: certificate.verifyServerSignature (certificate.zig:553)
==3813177==    by 0x11FF9CB: certificate.verifyServerSignatureWithSchemes (certificate.zig:565)
==3813177==    by 0x128C583: ClientHandshake.Suite.verifyCertificate (ClientHandshake.zig:363)
==3813177==    by 0x1267CA7: ClientHandshake.processFlightMessage (ClientHandshake.zig:1825)
==3813177==    by 0x12208EF: ClientHandshake.processFlightBytes (ClientHandshake.zig:1676)
==3813177==    by 0x122035F: ClientHandshake.processFlight (ClientHandshake.zig:1659)
==3813177== 
==3813177== Conditional jump or move depends on uninitialised value(s)
==3813177==    at 0x4B1A318: ossl_namemap_name2num (in /nix/store/HASH-openssl-3.6.4/lib/libcrypto.so.3)
==3813177==    by 0x4AE1C1F: evp_generic_fetch (in /nix/store/HASH-openssl-3.6.4/lib/libcrypto.so.3)
==3813177==    by 0x4C8BF2F: drbg_ctr_set_ctx_params_locked (in /nix/store/HASH-openssl-3.6.4/lib/libcrypto.so.3)
==3813177==    by 0x4C8C3EF: drbg_ctr_instantiate_wrapper (in /nix/store/HASH-openssl-3.6.4/lib/libcrypto.so.3)
==3813177==    by 0x4AE8BA3: EVP_RAND_instantiate (in /nix/store/HASH-openssl-3.6.4/lib/libcrypto.so.3)
==3813177==    by 0x4B812CB: rand_new_drbg (in /nix/store/HASH-openssl-3.6.4/lib/libcrypto.so.3)
==3813177==    by 0x4B81673: rand_get0_primary (in /nix/store/HASH-openssl-3.6.4/lib/libcrypto.so.3)
==3813177==    by 0x4B81C27: RAND_priv_bytes_ex (in /nix/store/HASH-openssl-3.6.4/lib/libcrypto.so.3)
==3813177==    by 0x4A1F5DB: bnrand_range.constprop.0 (in /nix/store/HASH-openssl-3.6.4/lib/libcrypto.so.3)
==3813177==    by 0x4AA25C7: ossl_ec_GFp_simple_ladder_pre (in /nix/store/HASH-openssl-3.6.4/lib/libcrypto.so.3)
==3813177==    by 0x4A93A2F: ossl_ec_scalar_mul_ladder (in /nix/store/HASH-openssl-3.6.4/lib/libcrypto.so.3)
==3813177==    by 0x4A9229F: EC_POINT_mul (in /nix/store/HASH-openssl-3.6.4/lib/libcrypto.so.3)
==3813177== 
==3813177== Conditional jump or move depends on uninitialised value(s)
==3813177==    at 0x4B1A318: ossl_namemap_name2num (in /nix/store/HASH-openssl-3.6.4/lib/libcrypto.so.3)
==3813177==    by 0x4AE213B: evp_generic_fetch_from_prov (in /nix/store/HASH-openssl-3.6.4/lib/libcrypto.so.3)
==3813177==    by 0x4AE9DA3: EVP_PKEY_derive_init_ex (in /nix/store/HASH-openssl-3.6.4/lib/libcrypto.so.3)
==3813177==    by 0x1229457: crypto.backend_openssl.p384SharedSecretDerive (backend_openssl.zig:497)
==3813177==    by 0x121E5C3: sharedSecretDerive (backend.zig:288)
==3813177==    by 0x121E5C3: p384.sharedSecret (p384.zig:100)
==3813177==    by 0x121B96B: ClientHandshake.processServerHello (ClientHandshake.zig:1584)
==3813177==    by 0x1214A87: ClientHandshake.processHandshakeRecord (ClientHandshake.zig:1248)
==3813177==    by 0x1213C4B: ClientHandshake.handleRecord (ClientHandshake.zig:1101)
==3813177==    by 0x13F28D7: interop.clientInterop (interop.zig:686)
==3813177==    by 0x141ABAF: interop.runClientGroup (interop.zig:486)
==3813177==    by 0x141AFFF: interop.test.OpenSSL s_server interoperates with ztls P-384 client (interop.zig:96)
==3813177==    by 0x13D7EB7: test_runner.main (test_runner.zig:278)
==3813177== 
==3813177== Conditional jump or move depends on uninitialised value(s)
==3813177==    at 0x4B1A318: ossl_namemap_name2num (in /nix/store/HASH-openssl-3.6.4/lib/libcrypto.so.3)
==3813177==    by 0x4AE213B: evp_generic_fetch_from_prov (in /nix/store/HASH-openssl-3.6.4/lib/libcrypto.so.3)
==3813177==    by 0x4AEA1A3: EVP_PKEY_derive_set_peer_ex (in /nix/store/HASH-openssl-3.6.4/lib/libcrypto.so.3)
==3813177==    by 0x12294BB: crypto.backend_openssl.p384SharedSecretDerive (backend_openssl.zig:498)
==3813177==    by 0x121E5C3: sharedSecretDerive (backend.zig:288)
==3813177==    by 0x121E5C3: p384.sharedSecret (p384.zig:100)
==3813177==    by 0x121B96B: ClientHandshake.processServerHello (ClientHandshake.zig:1584)
==3813177==    by 0x1214A87: ClientHandshake.processHandshakeRecord (ClientHandshake.zig:1248)
==3813177==    by 0x1213C4B: ClientHandshake.handleRecord (ClientHandshake.zig:1101)
==3813177==    by 0x13F28D7: interop.clientInterop (interop.zig:686)
==3813177==    by 0x141ABAF: interop.runClientGroup (interop.zig:486)
==3813177==    by 0x141AFFF: interop.test.OpenSSL s_server interoperates with ztls P-384 client (interop.zig:96)
==3813177==    by 0x13D7EB7: test_runner.main (test_runner.zig:278)
==3813177== 
==3813177== Conditional jump or move depends on uninitialised value(s)
==3813177==    at 0x4B1A318: ossl_namemap_name2num (in /nix/store/HASH-openssl-3.6.4/lib/libcrypto.so.3)
==3813177==    by 0x4AE1C1F: evp_generic_fetch (in /nix/store/HASH-openssl-3.6.4/lib/libcrypto.so.3)
==3813177==    by 0x4AEC81F: evp_kem_init (in /nix/store/HASH-openssl-3.6.4/lib/libcrypto.so.3)
==3813177==    by 0x1228B27: crypto.backend_openssl.kemDecapsulate (backend_openssl.zig:250)
==3813177==    by 0x1228943: mlkem.decapsulate (mlkem.zig:129)
==3813177==    by 0x121EECB: hybrid_kex.decapsulate (hybrid_kex.zig:190)
==3813177==    by 0x121BBBB: ClientHandshake.processServerHello (ClientHandshake.zig:1596)
==3813177==    by 0x1214A87: ClientHandshake.processHandshakeRecord (ClientHandshake.zig:1248)
==3813177==    by 0x1213C4B: ClientHandshake.handleRecord (ClientHandshake.zig:1101)
==3813177==    by 0x13F28D7: interop.clientInterop (interop.zig:686)
==3813177==    by 0x141ABAF: interop.runClientGroup (interop.zig:486)
==3813177==    by 0x141B52F: interop.test.OpenSSL s_server interoperates with ztls RFC 10024 client groups (interop.zig:117)
==3813177== 
==3813177== Conditional jump or move depends on uninitialised value(s)
==3813177==    at 0x4B1A318: ossl_namemap_name2num (in /nix/store/HASH-openssl-3.6.4/lib/libcrypto.so.3)
==3813177==    by 0x4AE213B: evp_generic_fetch_from_prov (in /nix/store/HASH-openssl-3.6.4/lib/libcrypto.so.3)
==3813177==    by 0x4AEC847: evp_kem_init (in /nix/store/HASH-openssl-3.6.4/lib/libcrypto.so.3)
==3813177==    by 0x1228B27: crypto.backend_openssl.kemDecapsulate (backend_openssl.zig:250)
==3813177==    by 0x1228943: mlkem.decapsulate (mlkem.zig:129)
==3813177==    by 0x121EECB: hybrid_kex.decapsulate (hybrid_kex.zig:190)
==3813177==    by 0x121BBBB: ClientHandshake.processServerHello (ClientHandshake.zig:1596)
==3813177==    by 0x1214A87: ClientHandshake.processHandshakeRecord (ClientHandshake.zig:1248)
==3813177==    by 0x1213C4B: ClientHandshake.handleRecord (ClientHandshake.zig:1101)
==3813177==    by 0x13F28D7: interop.clientInterop (interop.zig:686)
==3813177==    by 0x141ABAF: interop.runClientGroup (interop.zig:486)
==3813177==    by 0x141B52F: interop.test.OpenSSL s_server interoperates with ztls RFC 10024 client groups (interop.zig:117)
==3813177== 
==3813177== Conditional jump or move depends on uninitialised value(s)
==3813177==    at 0x4B1A318: ossl_namemap_name2num (in /nix/store/HASH-openssl-3.6.4/lib/libcrypto.so.3)
==3813177==    by 0x4AE213B: evp_generic_fetch_from_prov (in /nix/store/HASH-openssl-3.6.4/lib/libcrypto.so.3)
==3813177==    by 0x4AE9DA3: EVP_PKEY_derive_init_ex (in /nix/store/HASH-openssl-3.6.4/lib/libcrypto.so.3)
==3813177==    by 0x122900F: crypto.backend_openssl.p256SharedSecretDerive (backend_openssl.zig:410)
==3813177==    by 0x121E2D3: sharedSecretDerive (backend.zig:263)
==3813177==    by 0x121E2D3: p256.sharedSecret (p256.zig:102)
==3813177==    by 0x1265127: hybrid_kex.deriveClassicalSecret (hybrid_kex.zig:248)
==3813177==    by 0x121EC73: hybrid_kex.decapsulate (hybrid_kex.zig:181)
==3813177==    by 0x121BBBB: ClientHandshake.processServerHello (ClientHandshake.zig:1596)
==3813177==    by 0x1214A87: ClientHandshake.processHandshakeRecord (ClientHandshake.zig:1248)
==3813177==    by 0x1213C4B: ClientHandshake.handleRecord (ClientHandshake.zig:1101)
==3813177==    by 0x13F28D7: interop.clientInterop (interop.zig:686)
==3813177==    by 0x141ABAF: interop.runClientGroup (interop.zig:486)
==3813177== 
==3813177== Conditional jump or move depends on uninitialised value(s)
==3813177==    at 0x4B1A318: ossl_namemap_name2num (in /nix/store/HASH-openssl-3.6.4/lib/libcrypto.so.3)
==3813177==    by 0x4AE213B: evp_generic_fetch_from_prov (in /nix/store/HASH-openssl-3.6.4/lib/libcrypto.so.3)
==3813177==    by 0x4AEA1A3: EVP_PKEY_derive_set_peer_ex (in /nix/store/HASH-openssl-3.6.4/lib/libcrypto.so.3)
==3813177==    by 0x1229073: crypto.backend_openssl.p256SharedSecretDerive (backend_openssl.zig:411)
==3813177==    by 0x121E2D3: sharedSecretDerive (backend.zig:263)
==3813177==    by 0x121E2D3: p256.sharedSecret (p256.zig:102)
==3813177==    by 0x1265127: hybrid_kex.deriveClassicalSecret (hybrid_kex.zig:248)
==3813177==    by 0x121EC73: hybrid_kex.decapsulate (hybrid_kex.zig:181)
==3813177==    by 0x121BBBB: ClientHandshake.processServerHello (ClientHandshake.zig:1596)
==3813177==    by 0x1214A87: ClientHandshake.processHandshakeRecord (ClientHandshake.zig:1248)
==3813177==    by 0x1213C4B: ClientHandshake.handleRecord (ClientHandshake.zig:1101)
==3813177==    by 0x13F28D7: interop.clientInterop (interop.zig:686)
==3813177==    by 0x141ABAF: interop.runClientGroup (interop.zig:486)
==3813177== 
==3813177== Thread 2:
==3813177== Conditional jump or move depends on uninitialised value(s)
==3813177==    at 0x4B1A318: ossl_namemap_name2num (in /nix/store/HASH-openssl-3.6.4/lib/libcrypto.so.3)
==3813177==    by 0x4AE213B: evp_generic_fetch_from_prov (in /nix/store/HASH-openssl-3.6.4/lib/libcrypto.so.3)
==3813177==    by 0x4AF001B: do_sigver_init (in /nix/store/HASH-openssl-3.6.4/lib/libcrypto.so.3)
==3813177==    by 0x4AF05EF: EVP_DigestSignInit (in /nix/store/HASH-openssl-3.6.4/lib/libcrypto.so.3)
==3813177==    by 0x1279887: crypto.backend_openssl.signatureSign (backend_openssl.zig:903)
==3813177==    by 0x127969B: sign (backend.zig:389)
==3813177==    by 0x127969B: signature.PrivateKey.sign (signature.zig:88)
==3813177==    by 0x127954B: signature.PrivateKey.signOpaque (signature.zig:84)
==3813177==    by 0x12342CF: ServerHandshake.encodeAuthenticatedFlight (ServerHandshake.zig:1941)
==3813177==    by 0x1235BCB: ServerHandshake.sendPreparedServerFlight (ServerHandshake.zig:1882)
==3813177==    by 0x1422E9F: interop.serve (interop.zig:1267)
==3813177==    by 0x1424343: interop.serverThread (interop.zig:1196)
==3813177==    by 0x14211CB: Thread.callFn__anon_415828 (Thread.zig:528)
==3813177== 
==3813177== Conditional jump or move depends on uninitialised value(s)
==3813177==    at 0x4B1A318: ossl_namemap_name2num (in /nix/store/HASH-openssl-3.6.4/lib/libcrypto.so.3)
==3813177==    by 0x4AE1C1F: evp_generic_fetch (in /nix/store/HASH-openssl-3.6.4/lib/libcrypto.so.3)
==3813177==    by 0x4AEC81F: evp_kem_init (in /nix/store/HASH-openssl-3.6.4/lib/libcrypto.so.3)
==3813177==    by 0x12283CB: crypto.backend_openssl.kemEncapsulate (backend_openssl.zig:219)
==3813177==    by 0x12280A3: mlkem.encapsulate (mlkem.zig:109)
==3813177==    by 0x128FFBF: hybrid_kex.encapsulate (hybrid_kex.zig:144)
==3813177==    by 0x12711FF: ServerHandshake.encapsulateHybrid (ServerHandshake.zig:1065)
==3813177==    by 0x12714A7: ServerHandshake.selectHybridShare (ServerHandshake.zig:1084)
==3813177==    by 0x1231B4B: ServerHandshake.processClientHelloMessage (ServerHandshake.zig:1260)
==3813177==    by 0x1277197: ServerHandshake.handleClientHelloRecord (ServerHandshake.zig:2346)
==3813177==    by 0x1237DC7: ServerHandshake.handleWaitClientHello (ServerHandshake.zig:2231)
==3813177==    by 0x1236EAB: ServerHandshake.handleRecord (ServerHandshake.zig:2172)
==3813177== 
==3813177== Conditional jump or move depends on uninitialised value(s)
==3813177==    at 0x4B1A318: ossl_namemap_name2num (in /nix/store/HASH-openssl-3.6.4/lib/libcrypto.so.3)
==3813177==    by 0x4AE213B: evp_generic_fetch_from_prov (in /nix/store/HASH-openssl-3.6.4/lib/libcrypto.so.3)
==3813177==    by 0x4AEC847: evp_kem_init (in /nix/store/HASH-openssl-3.6.4/lib/libcrypto.so.3)
==3813177==    by 0x12283CB: crypto.backend_openssl.kemEncapsulate (backend_openssl.zig:219)
==3813177==    by 0x12280A3: mlkem.encapsulate (mlkem.zig:109)
==3813177==    by 0x128FFBF: hybrid_kex.encapsulate (hybrid_kex.zig:144)
==3813177==    by 0x12711FF: ServerHandshake.encapsulateHybrid (ServerHandshake.zig:1065)
==3813177==    by 0x12714A7: ServerHandshake.selectHybridShare (ServerHandshake.zig:1084)
==3813177==    by 0x1231B4B: ServerHandshake.processClientHelloMessage (ServerHandshake.zig:1260)
==3813177==    by 0x1277197: ServerHandshake.handleClientHelloRecord (ServerHandshake.zig:2346)
==3813177==    by 0x1237DC7: ServerHandshake.handleWaitClientHello (ServerHandshake.zig:2231)
==3813177==    by 0x1236EAB: ServerHandshake.handleRecord (ServerHandshake.zig:2172)
==3813177== 
==3813177== Thread 1:
==3813177== Conditional jump or move depends on uninitialised value(s)
==3813177==    at 0x4B1A318: ossl_namemap_name2num (in /nix/store/HASH-openssl-3.6.4/lib/libcrypto.so.3)
==3813177==    by 0x4B1AE8B: ossl_namemap_add_names (in /nix/store/HASH-openssl-3.6.4/lib/libcrypto.so.3)
==3813177==    by 0x4AA995B: construct_decoder (in /nix/store/HASH-openssl-3.6.4/lib/libcrypto.so.3)
==3813177==    by 0x4B1999B: ossl_method_construct_this (in /nix/store/HASH-openssl-3.6.4/lib/libcrypto.so.3)
==3813177==    by 0x4B19647: algorithm_do_this (in /nix/store/HASH-openssl-3.6.4/lib/libcrypto.so.3)
==3813177==    by 0x4B31A53: ossl_provider_doall_activated (in /nix/store/HASH-openssl-3.6.4/lib/libcrypto.so.3)
==3813177==    by 0x4B197FB: ossl_algorithm_do_all (in /nix/store/HASH-openssl-3.6.4/lib/libcrypto.so.3)
==3813177==    by 0x4B19C4F: ossl_method_construct (in /nix/store/HASH-openssl-3.6.4/lib/libcrypto.so.3)
==3813177==    by 0x4AAA1BF: OSSL_DECODER_do_all_provided (in /nix/store/HASH-openssl-3.6.4/lib/libcrypto.so.3)
==3813177==    by 0x4AAB96F: OSSL_DECODER_CTX_new_for_pkey (in /nix/store/HASH-openssl-3.6.4/lib/libcrypto.so.3)
==3813177==    by 0x4B6927F: pem_read_bio_key (in /nix/store/HASH-openssl-3.6.4/lib/libcrypto.so.3)
==3813177==    by 0x1278B53: crypto.backend_openssl.privateKeyFromPem (backend_openssl.zig:752)
==3813177== 
==3813177== Conditional jump or move depends on uninitialised value(s)
==3813177==    at 0x4B1A318: ossl_namemap_name2num (in /nix/store/HASH-openssl-3.6.4/lib/libcrypto.so.3)
==3813177==    by 0x4B1A72B: namemap_add_name (in /nix/store/HASH-openssl-3.6.4/lib/libcrypto.so.3)
==3813177==    by 0x4B1AED3: ossl_namemap_add_names (in /nix/store/HASH-openssl-3.6.4/lib/libcrypto.so.3)
==3813177==    by 0x4AA995B: construct_decoder (in /nix/store/HASH-openssl-3.6.4/lib/libcrypto.so.3)
==3813177==    by 0x4B1999B: ossl_method_construct_this (in /nix/store/HASH-openssl-3.6.4/lib/libcrypto.so.3)
==3813177==    by 0x4B19647: algorithm_do_this (in /nix/store/HASH-openssl-3.6.4/lib/libcrypto.so.3)
==3813177==    by 0x4B31A53: ossl_provider_doall_activated (in /nix/store/HASH-openssl-3.6.4/lib/libcrypto.so.3)
==3813177==    by 0x4B197FB: ossl_algorithm_do_all (in /nix/store/HASH-openssl-3.6.4/lib/libcrypto.so.3)
==3813177==    by 0x4B19C4F: ossl_method_construct (in /nix/store/HASH-openssl-3.6.4/lib/libcrypto.so.3)
==3813177==    by 0x4AAA1BF: OSSL_DECODER_do_all_provided (in /nix/store/HASH-openssl-3.6.4/lib/libcrypto.so.3)
==3813177==    by 0x4AAB96F: OSSL_DECODER_CTX_new_for_pkey (in /nix/store/HASH-openssl-3.6.4/lib/libcrypto.so.3)
==3813177==    by 0x4B6927F: pem_read_bio_key (in /nix/store/HASH-openssl-3.6.4/lib/libcrypto.so.3)
==3813177== 
==3813177== Conditional jump or move depends on uninitialised value(s)
==3813177==    at 0x4B1A344: ossl_namemap_name2num (in /nix/store/HASH-openssl-3.6.4/lib/libcrypto.so.3)
==3813177==    by 0x4B1AE8B: ossl_namemap_add_names (in /nix/store/HASH-openssl-3.6.4/lib/libcrypto.so.3)
==3813177==    by 0x4AA995B: construct_decoder (in /nix/store/HASH-openssl-3.6.4/lib/libcrypto.so.3)
==3813177==    by 0x4B1999B: ossl_method_construct_this (in /nix/store/HASH-openssl-3.6.4/lib/libcrypto.so.3)
==3813177==    by 0x4B19647: algorithm_do_this (in /nix/store/HASH-openssl-3.6.4/lib/libcrypto.so.3)
==3813177==    by 0x4B31A53: ossl_provider_doall_activated (in /nix/store/HASH-openssl-3.6.4/lib/libcrypto.so.3)
==3813177==    by 0x4B197FB: ossl_algorithm_do_all (in /nix/store/HASH-openssl-3.6.4/lib/libcrypto.so.3)
==3813177==    by 0x4B19C4F: ossl_method_construct (in /nix/store/HASH-openssl-3.6.4/lib/libcrypto.so.3)
==3813177==    by 0x4AAA1BF: OSSL_DECODER_do_all_provided (in /nix/store/HASH-openssl-3.6.4/lib/libcrypto.so.3)
==3813177==    by 0x4AAB96F: OSSL_DECODER_CTX_new_for_pkey (in /nix/store/HASH-openssl-3.6.4/lib/libcrypto.so.3)
==3813177==    by 0x4B6927F: pem_read_bio_key (in /nix/store/HASH-openssl-3.6.4/lib/libcrypto.so.3)
==3813177==    by 0x1278B53: crypto.backend_openssl.privateKeyFromPem (backend_openssl.zig:752)
==3813177== 
==3813177== Conditional jump or move depends on uninitialised value(s)
==3813177==    at 0x4B1A344: ossl_namemap_name2num (in /nix/store/HASH-openssl-3.6.4/lib/libcrypto.so.3)
==3813177==    by 0x4B1A72B: namemap_add_name (in /nix/store/HASH-openssl-3.6.4/lib/libcrypto.so.3)
==3813177==    by 0x4B1AED3: ossl_namemap_add_names (in /nix/store/HASH-openssl-3.6.4/lib/libcrypto.so.3)
==3813177==    by 0x4AA995B: construct_decoder (in /nix/store/HASH-openssl-3.6.4/lib/libcrypto.so.3)
==3813177==    by 0x4B1999B: ossl_method_construct_this (in /nix/store/HASH-openssl-3.6.4/lib/libcrypto.so.3)
==3813177==    by 0x4B19647: algorithm_do_this (in /nix/store/HASH-openssl-3.6.4/lib/libcrypto.so.3)
==3813177==    by 0x4B31A53: ossl_provider_doall_activated (in /nix/store/HASH-openssl-3.6.4/lib/libcrypto.so.3)
==3813177==    by 0x4B197FB: ossl_algorithm_do_all (in /nix/store/HASH-openssl-3.6.4/lib/libcrypto.so.3)
==3813177==    by 0x4B19C4F: ossl_method_construct (in /nix/store/HASH-openssl-3.6.4/lib/libcrypto.so.3)
==3813177==    by 0x4AAA1BF: OSSL_DECODER_do_all_provided (in /nix/store/HASH-openssl-3.6.4/lib/libcrypto.so.3)
==3813177==    by 0x4AAB96F: OSSL_DECODER_CTX_new_for_pkey (in /nix/store/HASH-openssl-3.6.4/lib/libcrypto.so.3)
==3813177==    by 0x4B6927F: pem_read_bio_key (in /nix/store/HASH-openssl-3.6.4/lib/libcrypto.so.3)
==3813177== 
==3813177== Conditional jump or move depends on uninitialised value(s)
==3813177==    at 0x4B1A99C: namemap_add_name (in /nix/store/HASH-openssl-3.6.4/lib/libcrypto.so.3)
==3813177==    by 0x4B1AED3: ossl_namemap_add_names (in /nix/store/HASH-openssl-3.6.4/lib/libcrypto.so.3)
==3813177==    by 0x4AA995B: construct_decoder (in /nix/store/HASH-openssl-3.6.4/lib/libcrypto.so.3)
==3813177==    by 0x4B1999B: ossl_method_construct_this (in /nix/store/HASH-openssl-3.6.4/lib/libcrypto.so.3)
==3813177==    by 0x4B19647: algorithm_do_this (in /nix/store/HASH-openssl-3.6.4/lib/libcrypto.so.3)
==3813177==    by 0x4B31A53: ossl_provider_doall_activated (in /nix/store/HASH-openssl-3.6.4/lib/libcrypto.so.3)
==3813177==    by 0x4B197FB: ossl_algorithm_do_all (in /nix/store/HASH-openssl-3.6.4/lib/libcrypto.so.3)
==3813177==    by 0x4B19C4F: ossl_method_construct (in /nix/store/HASH-openssl-3.6.4/lib/libcrypto.so.3)
==3813177==    by 0x4AAA1BF: OSSL_DECODER_do_all_provided (in /nix/store/HASH-openssl-3.6.4/lib/libcrypto.so.3)
==3813177==    by 0x4AAB96F: OSSL_DECODER_CTX_new_for_pkey (in /nix/store/HASH-openssl-3.6.4/lib/libcrypto.so.3)
==3813177==    by 0x4B6927F: pem_read_bio_key (in /nix/store/HASH-openssl-3.6.4/lib/libcrypto.so.3)
==3813177==    by 0x1278B53: crypto.backend_openssl.privateKeyFromPem (backend_openssl.zig:752)
==3813177== 
==3813177== Conditional jump or move depends on uninitialised value(s)
==3813177==    at 0x4B22868: OPENSSL_strlcat (in /nix/store/HASH-openssl-3.6.4/lib/libcrypto.so.3)
==3813177==    by 0x4AB9F8F: ERR_add_error_vdata (in /nix/store/HASH-openssl-3.6.4/lib/libcrypto.so.3)
==3813177==    by 0x4ABA21B: ERR_add_error_data (in /nix/store/HASH-openssl-3.6.4/lib/libcrypto.so.3)
==3813177==    by 0x49E882F: asn1_item_embed_d2i (in /nix/store/HASH-openssl-3.6.4/lib/libcrypto.so.3)
==3813177==    by 0x49E9397: asn1_template_noexp_d2i (in /nix/store/HASH-openssl-3.6.4/lib/libcrypto.so.3)
==3813177==    by 0x49E8ABB: asn1_item_embed_d2i (in /nix/store/HASH-openssl-3.6.4/lib/libcrypto.so.3)
==3813177==    by 0x49E8F9B: ASN1_item_d2i_ex (in /nix/store/HASH-openssl-3.6.4/lib/libcrypto.so.3)
==3813177==    by 0x4C36A83: ossl_epki2pki_der_decode (in /nix/store/HASH-openssl-3.6.4/lib/libcrypto.so.3)
==3813177==    by 0x4C37B47: pem2der_decode (in /nix/store/HASH-openssl-3.6.4/lib/libcrypto.so.3)
==3813177==    by 0x4AA8B33: decoder_process (in /nix/store/HASH-openssl-3.6.4/lib/libcrypto.so.3)
==3813177==    by 0x4AA8D1F: OSSL_DECODER_from_bio (in /nix/store/HASH-openssl-3.6.4/lib/libcrypto.so.3)
==3813177==    by 0x4B692DF: pem_read_bio_key (in /nix/store/HASH-openssl-3.6.4/lib/libcrypto.so.3)
==3813177==  Uninitialised value was created by a heap allocation
==3813177==    at 0x4885E30: malloc (in /nix/store/HASH-valgrind-3.27.1/libexec/valgrind/vgpreload_memcheck-arm64-linux.so)
==3813177==    by 0x4B1FDE7: CRYPTO_malloc (in /nix/store/HASH-openssl-3.6.4/lib/libcrypto.so.3)
==3813177==    by 0x4ABA0AB: ERR_add_error_vdata (in /nix/store/HASH-openssl-3.6.4/lib/libcrypto.so.3)
==3813177==    by 0x4ABA21B: ERR_add_error_data (in /nix/store/HASH-openssl-3.6.4/lib/libcrypto.so.3)
==3813177==    by 0x49E882F: asn1_item_embed_d2i (in /nix/store/HASH-openssl-3.6.4/lib/libcrypto.so.3)
==3813177==    by 0x49E9397: asn1_template_noexp_d2i (in /nix/store/HASH-openssl-3.6.4/lib/libcrypto.so.3)
==3813177==    by 0x49E8ABB: asn1_item_embed_d2i (in /nix/store/HASH-openssl-3.6.4/lib/libcrypto.so.3)
==3813177==    by 0x49E8F9B: ASN1_item_d2i_ex (in /nix/store/HASH-openssl-3.6.4/lib/libcrypto.so.3)
==3813177==    by 0x4C36A83: ossl_epki2pki_der_decode (in /nix/store/HASH-openssl-3.6.4/lib/libcrypto.so.3)
==3813177==    by 0x4C37B47: pem2der_decode (in /nix/store/HASH-openssl-3.6.4/lib/libcrypto.so.3)
==3813177==    by 0x4AA8B33: decoder_process (in /nix/store/HASH-openssl-3.6.4/lib/libcrypto.so.3)
==3813177==    by 0x4AA8D1F: OSSL_DECODER_from_bio (in /nix/store/HASH-openssl-3.6.4/lib/libcrypto.so.3)
==3813177== 
==3813177== Conditional jump or move depends on uninitialised value(s)
==3813177==    at 0x4B22868: OPENSSL_strlcat (in /nix/store/HASH-openssl-3.6.4/lib/libcrypto.so.3)
==3813177==    by 0x4AB9F8F: ERR_add_error_vdata (in /nix/store/HASH-openssl-3.6.4/lib/libcrypto.so.3)
==3813177==    by 0x4ABA21B: ERR_add_error_data (in /nix/store/HASH-openssl-3.6.4/lib/libcrypto.so.3)
==3813177==    by 0x49E87D3: asn1_item_embed_d2i (in /nix/store/HASH-openssl-3.6.4/lib/libcrypto.so.3)
==3813177==    by 0x49E8F9B: ASN1_item_d2i_ex (in /nix/store/HASH-openssl-3.6.4/lib/libcrypto.so.3)
==3813177==    by 0x4C36A83: ossl_epki2pki_der_decode (in /nix/store/HASH-openssl-3.6.4/lib/libcrypto.so.3)
==3813177==    by 0x4C37B47: pem2der_decode (in /nix/store/HASH-openssl-3.6.4/lib/libcrypto.so.3)
==3813177==    by 0x4AA8B33: decoder_process (in /nix/store/HASH-openssl-3.6.4/lib/libcrypto.so.3)
==3813177==    by 0x4AA8D1F: OSSL_DECODER_from_bio (in /nix/store/HASH-openssl-3.6.4/lib/libcrypto.so.3)
==3813177==    by 0x4B692DF: pem_read_bio_key (in /nix/store/HASH-openssl-3.6.4/lib/libcrypto.so.3)
==3813177==    by 0x1278B53: crypto.backend_openssl.privateKeyFromPem (backend_openssl.zig:752)
==3813177==    by 0x143C723: privateKeyFromPem (backend.zig:350)
==3813177==    by 0x143C723: crypto.backend_primitive_tests.test.backend.sign: RSA-PSS SHA-256 sign/verify round-trip (backend_primitive_tests.zig:645)
==3813177==  Uninitialised value was created by a heap allocation
==3813177==    at 0x4885E30: malloc (in /nix/store/HASH-valgrind-3.27.1/libexec/valgrind/vgpreload_memcheck-arm64-linux.so)
==3813177==    by 0x4B1FDE7: CRYPTO_malloc (in /nix/store/HASH-openssl-3.6.4/lib/libcrypto.so.3)
==3813177==    by 0x4ABA0AB: ERR_add_error_vdata (in /nix/store/HASH-openssl-3.6.4/lib/libcrypto.so.3)
==3813177==    by 0x4ABA21B: ERR_add_error_data (in /nix/store/HASH-openssl-3.6.4/lib/libcrypto.so.3)
==3813177==    by 0x49E87D3: asn1_item_embed_d2i (in /nix/store/HASH-openssl-3.6.4/lib/libcrypto.so.3)
==3813177==    by 0x49E8F9B: ASN1_item_d2i_ex (in /nix/store/HASH-openssl-3.6.4/lib/libcrypto.so.3)
==3813177==    by 0x4C36A83: ossl_epki2pki_der_decode (in /nix/store/HASH-openssl-3.6.4/lib/libcrypto.so.3)
==3813177==    by 0x4C37B47: pem2der_decode (in /nix/store/HASH-openssl-3.6.4/lib/libcrypto.so.3)
==3813177==    by 0x4AA8B33: decoder_process (in /nix/store/HASH-openssl-3.6.4/lib/libcrypto.so.3)
==3813177==    by 0x4AA8D1F: OSSL_DECODER_from_bio (in /nix/store/HASH-openssl-3.6.4/lib/libcrypto.so.3)
==3813177==    by 0x4B692DF: pem_read_bio_key (in /nix/store/HASH-openssl-3.6.4/lib/libcrypto.so.3)
==3813177==    by 0x1278B53: crypto.backend_openssl.privateKeyFromPem (backend_openssl.zig:752)
==3813177== 
==3813177== Conditional jump or move depends on uninitialised value(s)
==3813177==    at 0x4B1A318: ossl_namemap_name2num (in /nix/store/HASH-openssl-3.6.4/lib/libcrypto.so.3)
==3813177==    by 0x4AAA027: OSSL_DECODER_is_a (in /nix/store/HASH-openssl-3.6.4/lib/libcrypto.so.3)
==3813177==    by 0x4AA897F: decoder_process (in /nix/store/HASH-openssl-3.6.4/lib/libcrypto.so.3)
==3813177==    by 0x4C36D3B: ossl_epki2pki_der_decode (in /nix/store/HASH-openssl-3.6.4/lib/libcrypto.so.3)
==3813177==    by 0x4C37B47: pem2der_decode (in /nix/store/HASH-openssl-3.6.4/lib/libcrypto.so.3)
==3813177==    by 0x4AA8B33: decoder_process (in /nix/store/HASH-openssl-3.6.4/lib/libcrypto.so.3)
==3813177==    by 0x4AA8D1F: OSSL_DECODER_from_bio (in /nix/store/HASH-openssl-3.6.4/lib/libcrypto.so.3)
==3813177==    by 0x4B692DF: pem_read_bio_key (in /nix/store/HASH-openssl-3.6.4/lib/libcrypto.so.3)
==3813177==    by 0x1278B53: crypto.backend_openssl.privateKeyFromPem (backend_openssl.zig:752)
==3813177==    by 0x143C723: privateKeyFromPem (backend.zig:350)
==3813177==    by 0x143C723: crypto.backend_primitive_tests.test.backend.sign: RSA-PSS SHA-256 sign/verify round-trip (backend_primitive_tests.zig:645)
==3813177==    by 0x13D7EB7: test_runner.main (test_runner.zig:278)
==3813177==    by 0x13D9A2F: callMain (start.zig:627)
==3813177==    by 0x13D9A2F: callMainWithArgs (start.zig:587)
==3813177==    by 0x13D9A2F: main (start.zig:602)
==3813177==  Uninitialised value was created by a stack allocation
==3813177==    at 0x4C36A2C: ossl_epki2pki_der_decode (in /nix/store/HASH-openssl-3.6.4/lib/libcrypto.so.3)
==3813177== 
==3813177== Conditional jump or move depends on uninitialised value(s)
==3813177==    at 0x4B1A318: ossl_namemap_name2num (in /nix/store/HASH-openssl-3.6.4/lib/libcrypto.so.3)
==3813177==    by 0x4AE2DDB: evp_is_a (in /nix/store/HASH-openssl-3.6.4/lib/libcrypto.so.3)
==3813177==    by 0x4AEE27F: EVP_KEYMGMT_is_a (in /nix/store/HASH-openssl-3.6.4/lib/libcrypto.so.3)
==3813177==    by 0x4AAA91F: decoder_construct_pkey (in /nix/store/HASH-openssl-3.6.4/lib/libcrypto.so.3)
==3813177==    by 0x4AA86F7: decoder_process (in /nix/store/HASH-openssl-3.6.4/lib/libcrypto.so.3)
==3813177==    by 0x4C32ADB: der2key_decode (in /nix/store/HASH-openssl-3.6.4/lib/libcrypto.so.3)
==3813177==    by 0x4AA88DF: decoder_process (in /nix/store/HASH-openssl-3.6.4/lib/libcrypto.so.3)
==3813177==    by 0x4C36D3B: ossl_epki2pki_der_decode (in /nix/store/HASH-openssl-3.6.4/lib/libcrypto.so.3)
==3813177==    by 0x4C37B47: pem2der_decode (in /nix/store/HASH-openssl-3.6.4/lib/libcrypto.so.3)
==3813177==    by 0x4AA8B33: decoder_process (in /nix/store/HASH-openssl-3.6.4/lib/libcrypto.so.3)
==3813177==    by 0x4AA8D1F: OSSL_DECODER_from_bio (in /nix/store/HASH-openssl-3.6.4/lib/libcrypto.so.3)
==3813177==    by 0x4B692DF: pem_read_bio_key (in /nix/store/HASH-openssl-3.6.4/lib/libcrypto.so.3)
==3813177== 
==3813177== Conditional jump or move depends on uninitialised value(s)
==3813177==    at 0x4B1A318: ossl_namemap_name2num (in /nix/store/HASH-openssl-3.6.4/lib/libcrypto.so.3)
==3813177==    by 0x4AE1C1F: evp_generic_fetch (in /nix/store/HASH-openssl-3.6.4/lib/libcrypto.so.3)
==3813177==    by 0x4AEFFF3: do_sigver_init (in /nix/store/HASH-openssl-3.6.4/lib/libcrypto.so.3)
==3813177==    by 0x4AF05EF: EVP_DigestSignInit (in /nix/store/HASH-openssl-3.6.4/lib/libcrypto.so.3)
==3813177==    by 0x1279887: crypto.backend_openssl.signatureSign (backend_openssl.zig:903)
==3813177==    by 0x143C8B3: sign (backend.zig:389)
==3813177==    by 0x143C8B3: crypto.backend_primitive_tests.test.backend.sign: RSA-PSS SHA-256 sign/verify round-trip (backend_primitive_tests.zig:655)
==3813177==    by 0x13D7EB7: test_runner.main (test_runner.zig:278)
==3813177==    by 0x13D9A2F: callMain (start.zig:627)
==3813177==    by 0x13D9A2F: callMainWithArgs (start.zig:587)
==3813177==    by 0x13D9A2F: main (start.zig:602)
==3813177== 
==3813177== Conditional jump or move depends on uninitialised value(s)
==3813177==    at 0x4B1A318: ossl_namemap_name2num (in /nix/store/HASH-openssl-3.6.4/lib/libcrypto.so.3)
==3813177==    by 0x4AE1C1F: evp_generic_fetch (in /nix/store/HASH-openssl-3.6.4/lib/libcrypto.so.3)
==3813177==    by 0x4AEFFF3: do_sigver_init (in /nix/store/HASH-openssl-3.6.4/lib/libcrypto.so.3)
==3813177==    by 0x4AF06B7: EVP_DigestVerifyInit (in /nix/store/HASH-openssl-3.6.4/lib/libcrypto.so.3)
==3813177==    by 0x124D7A7: crypto.backend_openssl.signatureVerify (backend_openssl.zig:931)
==3813177==    by 0x143CA33: verify (backend.zig:399)
==3813177==    by 0x143CA33: crypto.backend_primitive_tests.test.backend.sign: RSA-PSS SHA-256 sign/verify round-trip (backend_primitive_tests.zig:658)
==3813177==    by 0x13D7EB7: test_runner.main (test_runner.zig:278)
==3813177==    by 0x13D9A2F: callMain (start.zig:627)
==3813177==    by 0x13D9A2F: callMainWithArgs (start.zig:587)
==3813177==    by 0x13D9A2F: main (start.zig:602)
==3813177== 
==3813177== Conditional jump or move depends on uninitialised value(s)
==3813177==    at 0x4B22868: OPENSSL_strlcat (in /nix/store/HASH-openssl-3.6.4/lib/libcrypto.so.3)
==3813177==    by 0x4BCD227: UI_construct_prompt (in /nix/store/HASH-openssl-3.6.4/lib/libcrypto.so.3)
==3813177==    by 0x4B2C8DB: ossl_pw_get_passphrase (in /nix/store/HASH-openssl-3.6.4/lib/libcrypto.so.3)
==3813177==    by 0x4B2CD2F: ossl_pw_pem_password (in /nix/store/HASH-openssl-3.6.4/lib/libcrypto.so.3)
==3813177==    by 0x4BCEC2F: ui_read.part.0 (in /nix/store/HASH-openssl-3.6.4/lib/libcrypto.so.3)
==3813177==    by 0x4BCD583: UI_process (in /nix/store/HASH-openssl-3.6.4/lib/libcrypto.so.3)
==3813177==    by 0x4B2C943: ossl_pw_get_passphrase (in /nix/store/HASH-openssl-3.6.4/lib/libcrypto.so.3)
==3813177==    by 0x4C36AAB: ossl_epki2pki_der_decode (in /nix/store/HASH-openssl-3.6.4/lib/libcrypto.so.3)
==3813177==    by 0x4C37B47: pem2der_decode (in /nix/store/HASH-openssl-3.6.4/lib/libcrypto.so.3)
==3813177==    by 0x4AA8B33: decoder_process (in /nix/store/HASH-openssl-3.6.4/lib/libcrypto.so.3)
==3813177==    by 0x4AA8D1F: OSSL_DECODER_from_bio (in /nix/store/HASH-openssl-3.6.4/lib/libcrypto.so.3)
==3813177==    by 0x4B692DF: pem_read_bio_key (in /nix/store/HASH-openssl-3.6.4/lib/libcrypto.so.3)
==3813177==  Uninitialised value was created by a heap allocation
==3813177==    at 0x4885E30: malloc (in /nix/store/HASH-valgrind-3.27.1/libexec/valgrind/vgpreload_memcheck-arm64-linux.so)
==3813177==    by 0x4B1FDE7: CRYPTO_malloc (in /nix/store/HASH-openssl-3.6.4/lib/libcrypto.so.3)
==3813177==    by 0x4BCD203: UI_construct_prompt (in /nix/store/HASH-openssl-3.6.4/lib/libcrypto.so.3)
==3813177==    by 0x4B2C8DB: ossl_pw_get_passphrase (in /nix/store/HASH-openssl-3.6.4/lib/libcrypto.so.3)
==3813177==    by 0x4B2CD2F: ossl_pw_pem_password (in /nix/store/HASH-openssl-3.6.4/lib/libcrypto.so.3)
==3813177==    by 0x4BCEC2F: ui_read.part.0 (in /nix/store/HASH-openssl-3.6.4/lib/libcrypto.so.3)
==3813177==    by 0x4BCD583: UI_process (in /nix/store/HASH-openssl-3.6.4/lib/libcrypto.so.3)
==3813177==    by 0x4B2C943: ossl_pw_get_passphrase (in /nix/store/HASH-openssl-3.6.4/lib/libcrypto.so.3)
==3813177==    by 0x4C36AAB: ossl_epki2pki_der_decode (in /nix/store/HASH-openssl-3.6.4/lib/libcrypto.so.3)
==3813177==    by 0x4C37B47: pem2der_decode (in /nix/store/HASH-openssl-3.6.4/lib/libcrypto.so.3)
==3813177==    by 0x4AA8B33: decoder_process (in /nix/store/HASH-openssl-3.6.4/lib/libcrypto.so.3)
==3813177==    by 0x4AA8D1F: OSSL_DECODER_from_bio (in /nix/store/HASH-openssl-3.6.4/lib/libcrypto.so.3)
==3813177== 
==3813177== Conditional jump or move depends on uninitialised value(s)
==3813177==    at 0x4B1A318: ossl_namemap_name2num (in /nix/store/HASH-openssl-3.6.4/lib/libcrypto.so.3)
==3813177==    by 0x4AAAADB: collect_keymgmt (in /nix/store/HASH-openssl-3.6.4/lib/libcrypto.so.3)
==3813177==    by 0x4B7D60F: ossl_method_store_do_all (in /nix/store/HASH-openssl-3.6.4/lib/libcrypto.so.3)
==3813177==    by 0x4AE2C67: evp_generic_do_all (in /nix/store/HASH-openssl-3.6.4/lib/libcrypto.so.3)
==3813177==    by 0x4AAB72B: OSSL_DECODER_CTX_new_for_pkey (in /nix/store/HASH-openssl-3.6.4/lib/libcrypto.so.3)
==3813177==    by 0x4C0E9FB: x509_pubkey_ex_d2i_ex (in /nix/store/HASH-openssl-3.6.4/lib/libcrypto.so.3)
==3813177==    by 0x49E84BF: asn1_item_embed_d2i (in /nix/store/HASH-openssl-3.6.4/lib/libcrypto.so.3)
==3813177==    by 0x49E9397: asn1_template_noexp_d2i (in /nix/store/HASH-openssl-3.6.4/lib/libcrypto.so.3)
==3813177==    by 0x49E8ABB: asn1_item_embed_d2i (in /nix/store/HASH-openssl-3.6.4/lib/libcrypto.so.3)
==3813177==    by 0x49E9397: asn1_template_noexp_d2i (in /nix/store/HASH-openssl-3.6.4/lib/libcrypto.so.3)
==3813177==    by 0x49E8ABB: asn1_item_embed_d2i (in /nix/store/HASH-openssl-3.6.4/lib/libcrypto.so.3)
==3813177==    by 0x49E8F9B: ASN1_item_d2i_ex (in /nix/store/HASH-openssl-3.6.4/lib/libcrypto.so.3)
==3813177==  Uninitialised value was created by a stack allocation
==3813177==    at 0x4C0E8A0: x509_pubkey_ex_d2i_ex (in /nix/store/HASH-openssl-3.6.4/lib/libcrypto.so.3)
==3813177== 
==3813177== Conditional jump or move depends on uninitialised value(s)
==3813177==    at 0x4B1A318: ossl_namemap_name2num (in /nix/store/HASH-openssl-3.6.4/lib/libcrypto.so.3)
==3813177==    by 0x4AAA027: OSSL_DECODER_is_a (in /nix/store/HASH-openssl-3.6.4/lib/libcrypto.so.3)
==3813177==    by 0x4AA897F: decoder_process (in /nix/store/HASH-openssl-3.6.4/lib/libcrypto.so.3)
==3813177==    by 0x4C385E3: ossl_spki2typespki_der_decode (in /nix/store/HASH-openssl-3.6.4/lib/libcrypto.so.3)
==3813177==    by 0x4C386A7: spki2typespki_decode (in /nix/store/HASH-openssl-3.6.4/lib/libcrypto.so.3)
==3813177==    by 0x4AA8B33: decoder_process (in /nix/store/HASH-openssl-3.6.4/lib/libcrypto.so.3)
==3813177==    by 0x4AA8D1F: OSSL_DECODER_from_bio (in /nix/store/HASH-openssl-3.6.4/lib/libcrypto.so.3)
==3813177==    by 0x4AA90E7: OSSL_DECODER_from_data (in /nix/store/HASH-openssl-3.6.4/lib/libcrypto.so.3)
==3813177==    by 0x4C0EA0F: x509_pubkey_ex_d2i_ex (in /nix/store/HASH-openssl-3.6.4/lib/libcrypto.so.3)
==3813177==    by 0x49E84BF: asn1_item_embed_d2i (in /nix/store/HASH-openssl-3.6.4/lib/libcrypto.so.3)
==3813177==    by 0x49E9397: asn1_template_noexp_d2i (in /nix/store/HASH-openssl-3.6.4/lib/libcrypto.so.3)
==3813177==    by 0x49E8ABB: asn1_item_embed_d2i (in /nix/store/HASH-openssl-3.6.4/lib/libcrypto.so.3)
==3813177==  Uninitialised value was created by a stack allocation
==3813177==    at 0x4C383AC: ossl_spki2typespki_der_decode (in /nix/store/HASH-openssl-3.6.4/lib/libcrypto.so.3)
==3813177== 
==3813177== Conditional jump or move depends on uninitialised value(s)
==3813177==    at 0x4B21F7C: OPENSSL_strnlen (in /nix/store/HASH-openssl-3.6.4/lib/libcrypto.so.3)
==3813177==    by 0x49FC9A7: _dopr (in /nix/store/HASH-openssl-3.6.4/lib/libcrypto.so.3)
==3813177==    by 0x49FD6FB: BIO_vsnprintf (in /nix/store/HASH-openssl-3.6.4/lib/libcrypto.so.3)
==3813177==    by 0x4ABA8CF: ERR_vset_error (in /nix/store/HASH-openssl-3.6.4/lib/libcrypto.so.3)
==3813177==    by 0x4ABAB0F: ERR_set_error (in /nix/store/HASH-openssl-3.6.4/lib/libcrypto.so.3)
==3813177==    by 0x4AF16BB: EVP_DigestVerifyFinal (in /nix/store/HASH-openssl-3.6.4/lib/libcrypto.so.3)
==3813177==    by 0x124D93F: crypto.backend_openssl.signatureVerify (backend_openssl.zig:938)
==3813177==    by 0x11FF81B: verify (backend.zig:399)
==3813177==    by 0x11FF81B: certificate.verifySignature (certificate.zig:620)
==3813177==    by 0x11FF51B: certificate.verifyServerSignature (certificate.zig:553)
==3813177==    by 0x146F473: certificate.test.verifySignature: wrong transcript hash (certificate.zig:2092)
==3813177==    by 0x13D7EB7: test_runner.main (test_runner.zig:278)
==3813177==    by 0x13D9A2F: callMain (start.zig:627)
==3813177==    by 0x13D9A2F: callMainWithArgs (start.zig:587)
==3813177==    by 0x13D9A2F: main (start.zig:602)
==3813177== 
==3813177== 
==3813177== HEAP SUMMARY:
==3813177==     in use at exit: 745,800 bytes in 1,312 blocks
==3813177==   total heap usage: 212,467 allocs, 211,155 frees, 16,208,096 bytes allocated
==3813177== 
==3813177== 3 bytes in 1 blocks are indirectly lost in loss record 1 of 578
==3813177==    at 0x488DD00: realloc (in /nix/store/HASH-valgrind-3.27.1/libexec/valgrind/vgpreload_memcheck-arm64-linux.so)
==3813177==    by 0x4B1FEEB: CRYPTO_realloc (in /nix/store/HASH-openssl-3.6.4/lib/libcrypto.so.3)
==3813177==    by 0x4B31E17: ossl_provider_set_operation_bit (in /nix/store/HASH-openssl-3.6.4/lib/libcrypto.so.3)
==3813177==    by 0x4B19A47: ossl_method_construct_postcondition (in /nix/store/HASH-openssl-3.6.4/lib/libcrypto.so.3)
==3813177==    by 0x4B1966F: algorithm_do_this (in /nix/store/HASH-openssl-3.6.4/lib/libcrypto.so.3)
==3813177==    by 0x4B31A53: ossl_provider_doall_activated (in /nix/store/HASH-openssl-3.6.4/lib/libcrypto.so.3)
==3813177==    by 0x4B197FB: ossl_algorithm_do_all (in /nix/store/HASH-openssl-3.6.4/lib/libcrypto.so.3)
==3813177==    by 0x4B19C4F: ossl_method_construct (in /nix/store/HASH-openssl-3.6.4/lib/libcrypto.so.3)
==3813177==    by 0x4AAA1BF: OSSL_DECODER_do_all_provided (in /nix/store/HASH-openssl-3.6.4/lib/libcrypto.so.3)
==3813177==    by 0x4AAB96F: OSSL_DECODER_CTX_new_for_pkey (in /nix/store/HASH-openssl-3.6.4/lib/libcrypto.so.3)
==3813177==    by 0x4B6927F: pem_read_bio_key (in /nix/store/HASH-openssl-3.6.4/lib/libcrypto.so.3)
==3813177==    by 0x1278B53: crypto.backend_openssl.privateKeyFromPem (backend_openssl.zig:752)
==3813177== 
==3813177== 8 bytes in 1 blocks are indirectly lost in loss record 2 of 578
==3813177==    at 0x4885E30: malloc (in /nix/store/HASH-valgrind-3.27.1/libexec/valgrind/vgpreload_memcheck-arm64-linux.so)
==3813177==    by 0x4B1FDE7: CRYPTO_malloc (in /nix/store/HASH-openssl-3.6.4/lib/libcrypto.so.3)
==3813177==    by 0x4B21C77: CRYPTO_strdup (in /nix/store/HASH-openssl-3.6.4/lib/libcrypto.so.3)
==3813177==    by 0x4B30E07: provider_new (in /nix/store/HASH-openssl-3.6.4/lib/libcrypto.so.3)
==3813177==    by 0x4B315EF: provider_activate_fallbacks (in /nix/store/HASH-openssl-3.6.4/lib/libcrypto.so.3)
==3813177==    by 0x4B317B3: ossl_provider_doall_activated (in /nix/store/HASH-openssl-3.6.4/lib/libcrypto.so.3)
==3813177==    by 0x4B197FB: ossl_algorithm_do_all (in /nix/store/HASH-openssl-3.6.4/lib/libcrypto.so.3)
==3813177==    by 0x4B19C4F: ossl_method_construct (in /nix/store/HASH-openssl-3.6.4/lib/libcrypto.so.3)
==3813177==    by 0x4AE1F07: evp_generic_fetch (in /nix/store/HASH-openssl-3.6.4/lib/libcrypto.so.3)
==3813177==    by 0x4AFDACF: EVP_PKEY_CTX_new_from_name (in /nix/store/HASH-openssl-3.6.4/lib/libcrypto.so.3)
==3813177==    by 0x4AF7F5B: EVP_PKEY_new_raw_private_key (in /nix/store/HASH-openssl-3.6.4/lib/libcrypto.so.3)
==3813177==    by 0x127A617: crypto.backend_openssl.privateKeyFromSecret (backend_openssl.zig:274)
==3813177== 
==3813177== 19 bytes in 1 blocks are indirectly lost in loss record 3 of 578
==3813177==    at 0x4885E30: malloc (in /nix/store/HASH-valgrind-3.27.1/libexec/valgrind/vgpreload_memcheck-arm64-linux.so)
==3813177==    by 0x4B1FDE7: CRYPTO_malloc (in /nix/store/HASH-openssl-3.6.4/lib/libcrypto.so.3)
==3813177==    by 0x4B21C77: CRYPTO_strdup (in /nix/store/HASH-openssl-3.6.4/lib/libcrypto.so.3)
==3813177==    by 0x49FADA7: BIO_meth_new (in /nix/store/HASH-openssl-3.6.4/lib/libcrypto.so.3)
==3813177==    by 0x4C12EDB: ossl_bio_prov_init_bio_method (in /nix/store/HASH-openssl-3.6.4/lib/libcrypto.so.3)
==3813177==    by 0x4C1260F: ossl_default_provider_init (in /nix/store/HASH-openssl-3.6.4/lib/libcrypto.so.3)
==3813177==    by 0x4B2EE93: provider_activate (in /nix/store/HASH-openssl-3.6.4/lib/libcrypto.so.3)
==3813177==    by 0x4B31617: provider_activate_fallbacks (in /nix/store/HASH-openssl-3.6.4/lib/libcrypto.so.3)
==3813177==    by 0x4B317B3: ossl_provider_doall_activated (in /nix/store/HASH-openssl-3.6.4/lib/libcrypto.so.3)
==3813177==    by 0x4B197FB: ossl_algorithm_do_all (in /nix/store/HASH-openssl-3.6.4/lib/libcrypto.so.3)
==3813177==    by 0x4B19C4F: ossl_method_construct (in /nix/store/HASH-openssl-3.6.4/lib/libcrypto.so.3)
==3813177==    by 0x4AE1F07: evp_generic_fetch (in /nix/store/HASH-openssl-3.6.4/lib/libcrypto.so.3)
==3813177== 
==3813177== 32 bytes in 1 blocks are indirectly lost in loss record 4 of 578
==3813177==    at 0x4885E30: malloc (in /nix/store/HASH-valgrind-3.27.1/libexec/valgrind/vgpreload_memcheck-arm64-linux.so)
==3813177==    by 0x4B1FDE7: CRYPTO_malloc (in /nix/store/HASH-openssl-3.6.4/lib/libcrypto.so.3)
==3813177==    by 0x4B20053: CRYPTO_zalloc (in /nix/store/HASH-openssl-3.6.4/lib/libcrypto.so.3)
==3813177==    by 0x4C125FF: ossl_default_provider_init (in /nix/store/HASH-openssl-3.6.4/lib/libcrypto.so.3)
==3813177==    by 0x4B2EE93: provider_activate (in /nix/store/HASH-openssl-3.6.4/lib/libcrypto.so.3)
==3813177==    by 0x4B31617: provider_activate_fallbacks (in /nix/store/HASH-openssl-3.6.4/lib/libcrypto.so.3)
==3813177==    by 0x4B317B3: ossl_provider_doall_activated (in /nix/store/HASH-openssl-3.6.4/lib/libcrypto.so.3)
==3813177==    by 0x4B197FB: ossl_algorithm_do_all (in /nix/store/HASH-openssl-3.6.4/lib/libcrypto.so.3)
==3813177==    by 0x4B19C4F: ossl_method_construct (in /nix/store/HASH-openssl-3.6.4/lib/libcrypto.so.3)
==3813177==    by 0x4AE1F07: evp_generic_fetch (in /nix/store/HASH-openssl-3.6.4/lib/libcrypto.so.3)
==3813177==    by 0x4AFDACF: EVP_PKEY_CTX_new_from_name (in /nix/store/HASH-openssl-3.6.4/lib/libcrypto.so.3)
==3813177==    by 0x4AF7F5B: EVP_PKEY_new_raw_private_key (in /nix/store/HASH-openssl-3.6.4/lib/libcrypto.so.3)
==3813177== 
==3813177== 40 bytes in 1 blocks are indirectly lost in loss record 5 of 578
==3813177==    at 0x4885E30: malloc (in /nix/store/HASH-valgrind-3.27.1/libexec/valgrind/vgpreload_memcheck-arm64-linux.so)
==3813177==    by 0x4B1FDE7: CRYPTO_malloc (in /nix/store/HASH-openssl-3.6.4/lib/libcrypto.so.3)
==3813177==    by 0x4BBDB13: OPENSSL_sk_deep_copy (in /nix/store/HASH-openssl-3.6.4/lib/libcrypto.so.3)
==3813177==    by 0x4B30DEF: provider_new (in /nix/store/HASH-openssl-3.6.4/lib/libcrypto.so.3)
==3813177==    by 0x4B315EF: provider_activate_fallbacks (in /nix/store/HASH-openssl-3.6.4/lib/libcrypto.so.3)
==3813177==    by 0x4B317B3: ossl_provider_doall_activated (in /nix/store/HASH-openssl-3.6.4/lib/libcrypto.so.3)
==3813177==    by 0x4B197FB: ossl_algorithm_do_all (in /nix/store/HASH-openssl-3.6.4/lib/libcrypto.so.3)
==3813177==    by 0x4B19C4F: ossl_method_construct (in /nix/store/HASH-openssl-3.6.4/lib/libcrypto.so.3)
==3813177==    by 0x4AE1F07: evp_generic_fetch (in /nix/store/HASH-openssl-3.6.4/lib/libcrypto.so.3)
==3813177==    by 0x4AFDACF: EVP_PKEY_CTX_new_from_name (in /nix/store/HASH-openssl-3.6.4/lib/libcrypto.so.3)
==3813177==    by 0x4AF7F5B: EVP_PKEY_new_raw_private_key (in /nix/store/HASH-openssl-3.6.4/lib/libcrypto.so.3)
==3813177==    by 0x127A617: crypto.backend_openssl.privateKeyFromSecret (backend_openssl.zig:274)
==3813177== 
==3813177== 42 bytes in 3 blocks are indirectly lost in loss record 6 of 578
==3813177==    at 0x4885E30: malloc (in /nix/store/HASH-valgrind-3.27.1/libexec/valgrind/vgpreload_memcheck-arm64-linux.so)
==3813177==    by 0x4B1FDE7: CRYPTO_malloc (in /nix/store/HASH-openssl-3.6.4/lib/libcrypto.so.3)
==3813177==    by 0x4B22077: CRYPTO_strndup (in /nix/store/HASH-openssl-3.6.4/lib/libcrypto.so.3)
==3813177==    by 0x4AE0A77: evp_cipher_from_algorithm (in /nix/store/HASH-openssl-3.6.4/lib/libcrypto.so.3)
==3813177==    by 0x4AE154B: construct_evp_method (in /nix/store/HASH-openssl-3.6.4/lib/libcrypto.so.3)
==3813177==    by 0x4B1999B: ossl_method_construct_this (in /nix/store/HASH-openssl-3.6.4/lib/libcrypto.so.3)
==3813177==    by 0x4B19647: algorithm_do_this (in /nix/store/HASH-openssl-3.6.4/lib/libcrypto.so.3)
==3813177==    by 0x4B31A53: ossl_provider_doall_activated (in /nix/store/HASH-openssl-3.6.4/lib/libcrypto.so.3)
==3813177==    by 0x4B197FB: ossl_algorithm_do_all (in /nix/store/HASH-openssl-3.6.4/lib/libcrypto.so.3)
==3813177==    by 0x4B19C4F: ossl_method_construct (in /nix/store/HASH-openssl-3.6.4/lib/libcrypto.so.3)
==3813177==    by 0x4AE1F07: evp_generic_fetch (in /nix/store/HASH-openssl-3.6.4/lib/libcrypto.so.3)
==3813177==    by 0x4AE0453: evp_cipher_init_internal (in /nix/store/HASH-openssl-3.6.4/lib/libcrypto.so.3)
==3813177== 
==3813177== 56 bytes in 1 blocks are indirectly lost in loss record 7 of 578
==3813177==    at 0x4885E30: malloc (in /nix/store/HASH-valgrind-3.27.1/libexec/valgrind/vgpreload_memcheck-arm64-linux.so)
==3813177==    by 0x4B1FDE7: CRYPTO_malloc (in /nix/store/HASH-openssl-3.6.4/lib/libcrypto.so.3)
==3813177==    by 0x4B20053: CRYPTO_zalloc (in /nix/store/HASH-openssl-3.6.4/lib/libcrypto.so.3)
==3813177==    by 0x4B34D67: CRYPTO_THREAD_lock_new (in /nix/store/HASH-openssl-3.6.4/lib/libcrypto.so.3)
==3813177==    by 0x4B30DB7: provider_new (in /nix/store/HASH-openssl-3.6.4/lib/libcrypto.so.3)
==3813177==    by 0x4B315EF: provider_activate_fallbacks (in /nix/store/HASH-openssl-3.6.4/lib/libcrypto.so.3)
==3813177==    by 0x4B317B3: ossl_provider_doall_activated (in /nix/store/HASH-openssl-3.6.4/lib/libcrypto.so.3)
==3813177==    by 0x4B197FB: ossl_algorithm_do_all (in /nix/store/HASH-openssl-3.6.4/lib/libcrypto.so.3)
==3813177==    by 0x4B19C4F: ossl_method_construct (in /nix/store/HASH-openssl-3.6.4/lib/libcrypto.so.3)
==3813177==    by 0x4AE1F07: evp_generic_fetch (in /nix/store/HASH-openssl-3.6.4/lib/libcrypto.so.3)
==3813177==    by 0x4AFDACF: EVP_PKEY_CTX_new_from_name (in /nix/store/HASH-openssl-3.6.4/lib/libcrypto.so.3)
==3813177==    by 0x4AF7F5B: EVP_PKEY_new_raw_private_key (in /nix/store/HASH-openssl-3.6.4/lib/libcrypto.so.3)
==3813177== 
==3813177== 56 bytes in 1 blocks are indirectly lost in loss record 8 of 578
==3813177==    at 0x4885E30: malloc (in /nix/store/HASH-valgrind-3.27.1/libexec/valgrind/vgpreload_memcheck-arm64-linux.so)
==3813177==    by 0x4B1FDE7: CRYPTO_malloc (in /nix/store/HASH-openssl-3.6.4/lib/libcrypto.so.3)
==3813177==    by 0x4B20053: CRYPTO_zalloc (in /nix/store/HASH-openssl-3.6.4/lib/libcrypto.so.3)
==3813177==    by 0x4B34D67: CRYPTO_THREAD_lock_new (in /nix/store/HASH-openssl-3.6.4/lib/libcrypto.so.3)
==3813177==    by 0x4B30DC3: provider_new (in /nix/store/HASH-openssl-3.6.4/lib/libcrypto.so.3)
==3813177==    by 0x4B315EF: provider_activate_fallbacks (in /nix/store/HASH-openssl-3.6.4/lib/libcrypto.so.3)
==3813177==    by 0x4B317B3: ossl_provider_doall_activated (in /nix/store/HASH-openssl-3.6.4/lib/libcrypto.so.3)
==3813177==    by 0x4B197FB: ossl_algorithm_do_all (in /nix/store/HASH-openssl-3.6.4/lib/libcrypto.so.3)
==3813177==    by 0x4B19C4F: ossl_method_construct (in /nix/store/HASH-openssl-3.6.4/lib/libcrypto.so.3)
==3813177==    by 0x4AE1F07: evp_generic_fetch (in /nix/store/HASH-openssl-3.6.4/lib/libcrypto.so.3)
==3813177==    by 0x4AFDACF: EVP_PKEY_CTX_new_from_name (in /nix/store/HASH-openssl-3.6.4/lib/libcrypto.so.3)
==3813177==    by 0x4AF7F5B: EVP_PKEY_new_raw_private_key (in /nix/store/HASH-openssl-3.6.4/lib/libcrypto.so.3)
==3813177== 
==3813177== 56 bytes in 1 blocks are indirectly lost in loss record 9 of 578
==3813177==    at 0x4885E30: malloc (in /nix/store/HASH-valgrind-3.27.1/libexec/valgrind/vgpreload_memcheck-arm64-linux.so)
==3813177==    by 0x4B1FDE7: CRYPTO_malloc (in /nix/store/HASH-openssl-3.6.4/lib/libcrypto.so.3)
==3813177==    by 0x4B20053: CRYPTO_zalloc (in /nix/store/HASH-openssl-3.6.4/lib/libcrypto.so.3)
==3813177==    by 0x4B34D67: CRYPTO_THREAD_lock_new (in /nix/store/HASH-openssl-3.6.4/lib/libcrypto.so.3)
==3813177==    by 0x4B30DCF: provider_new (in /nix/store/HASH-openssl-3.6.4/lib/libcrypto.so.3)
==3813177==    by 0x4B315EF: provider_activate_fallbacks (in /nix/store/HASH-openssl-3.6.4/lib/libcrypto.so.3)
==3813177==    by 0x4B317B3: ossl_provider_doall_activated (in /nix/store/HASH-openssl-3.6.4/lib/libcrypto.so.3)
==3813177==    by 0x4B197FB: ossl_algorithm_do_all (in /nix/store/HASH-openssl-3.6.4/lib/libcrypto.so.3)
==3813177==    by 0x4B19C4F: ossl_method_construct (in /nix/store/HASH-openssl-3.6.4/lib/libcrypto.so.3)
==3813177==    by 0x4AE1F07: evp_generic_fetch (in /nix/store/HASH-openssl-3.6.4/lib/libcrypto.so.3)
==3813177==    by 0x4AFDACF: EVP_PKEY_CTX_new_from_name (in /nix/store/HASH-openssl-3.6.4/lib/libcrypto.so.3)
==3813177==    by 0x4AF7F5B: EVP_PKEY_new_raw_private_key (in /nix/store/HASH-openssl-3.6.4/lib/libcrypto.so.3)
==3813177== 
==3813177== 112 bytes in 1 blocks are indirectly lost in loss record 10 of 578
==3813177==    at 0x4885E30: malloc (in /nix/store/HASH-valgrind-3.27.1/libexec/valgrind/vgpreload_memcheck-arm64-linux.so)
==3813177==    by 0x4B1FDE7: CRYPTO_malloc (in /nix/store/HASH-openssl-3.6.4/lib/libcrypto.so.3)
==3813177==    by 0x4B20053: CRYPTO_zalloc (in /nix/store/HASH-openssl-3.6.4/lib/libcrypto.so.3)
==3813177==    by 0x49FAD8F: BIO_meth_new (in /nix/store/HASH-openssl-3.6.4/lib/libcrypto.so.3)
==3813177==    by 0x4C12EDB: ossl_bio_prov_init_bio_method (in /nix/store/HASH-openssl-3.6.4/lib/libcrypto.so.3)
==3813177==    by 0x4C1260F: ossl_default_provider_init (in /nix/store/HASH-openssl-3.6.4/lib/libcrypto.so.3)
==3813177==    by 0x4B2EE93: provider_activate (in /nix/store/HASH-openssl-3.6.4/lib/libcrypto.so.3)
==3813177==    by 0x4B31617: provider_activate_fallbacks (in /nix/store/HASH-openssl-3.6.4/lib/libcrypto.so.3)
==3813177==    by 0x4B317B3: ossl_provider_doall_activated (in /nix/store/HASH-openssl-3.6.4/lib/libcrypto.so.3)
==3813177==    by 0x4B197FB: ossl_algorithm_do_all (in /nix/store/HASH-openssl-3.6.4/lib/libcrypto.so.3)
==3813177==    by 0x4B19C4F: ossl_method_construct (in /nix/store/HASH-openssl-3.6.4/lib/libcrypto.so.3)
==3813177==    by 0x4AE1F07: evp_generic_fetch (in /nix/store/HASH-openssl-3.6.4/lib/libcrypto.so.3)
==3813177== 
==3813177== 232 bytes in 1 blocks are indirectly lost in loss record 11 of 578
==3813177==    at 0x4885E30: malloc (in /nix/store/HASH-valgrind-3.27.1/libexec/valgrind/vgpreload_memcheck-arm64-linux.so)
==3813177==    by 0x4B1FDE7: CRYPTO_malloc (in /nix/store/HASH-openssl-3.6.4/lib/libcrypto.so.3)
==3813177==    by 0x4B20053: CRYPTO_zalloc (in /nix/store/HASH-openssl-3.6.4/lib/libcrypto.so.3)
==3813177==    by 0x4B30D9F: provider_new (in /nix/store/HASH-openssl-3.6.4/lib/libcrypto.so.3)
==3813177==    by 0x4B315EF: provider_activate_fallbacks (in /nix/store/HASH-openssl-3.6.4/lib/libcrypto.so.3)
==3813177==    by 0x4B317B3: ossl_provider_doall_activated (in /nix/store/HASH-openssl-3.6.4/lib/libcrypto.so.3)
==3813177==    by 0x4B197FB: ossl_algorithm_do_all (in /nix/store/HASH-openssl-3.6.4/lib/libcrypto.so.3)
==3813177==    by 0x4B19C4F: ossl_method_construct (in /nix/store/HASH-openssl-3.6.4/lib/libcrypto.so.3)
==3813177==    by 0x4AE1F07: evp_generic_fetch (in /nix/store/HASH-openssl-3.6.4/lib/libcrypto.so.3)
==3813177==    by 0x4AFDACF: EVP_PKEY_CTX_new_from_name (in /nix/store/HASH-openssl-3.6.4/lib/libcrypto.so.3)
==3813177==    by 0x4AF7F5B: EVP_PKEY_new_raw_private_key (in /nix/store/HASH-openssl-3.6.4/lib/libcrypto.so.3)
==3813177==    by 0x127A617: crypto.backend_openssl.privateKeyFromSecret (backend_openssl.zig:274)
==3813177== 
==3813177== 848 bytes in 1 blocks are indirectly lost in loss record 12 of 578
==3813177==    at 0x4885E30: malloc (in /nix/store/HASH-valgrind-3.27.1/libexec/valgrind/vgpreload_memcheck-arm64-linux.so)
==3813177==    by 0x4B1FDE7: CRYPTO_malloc (in /nix/store/HASH-openssl-3.6.4/lib/libcrypto.so.3)
==3813177==    by 0x4B20053: CRYPTO_zalloc (in /nix/store/HASH-openssl-3.6.4/lib/libcrypto.so.3)
==3813177==    by 0x4C2553B: chacha20_poly1305_newctx (in /nix/store/HASH-openssl-3.6.4/lib/libcrypto.so.3)
==3813177==    by 0x4AE067B: evp_cipher_init_internal (in /nix/store/HASH-openssl-3.6.4/lib/libcrypto.so.3)
==3813177==    by 0x123DAE3: crypto.backend_openssl.aeadInit (backend_openssl.zig:544)
==3813177==    by 0x122A49F: init (backend.zig:303)
==3813177==    by 0x122A49F: aead.Context.init (aead.zig:138)
==3813177==    by 0x122A253: RecordLayer.init (RecordLayer.zig:79)
==3813177==    by 0x12132E3: hkdf.Hkdf(crypto.hmac.Hmac(crypto.sha2.Sha2x32(.{ 1779033703, 3144134277, 1013904242, 2773480762, 1359893119, 2600822924, 528734635, 1541459225 },256))).makeRecordLayer (hkdf.zig:237)
==3813177==    by 0x1222A67: ClientHandshake.Suite.finishHandshake (ClientHandshake.zig:448)
==3813177==    by 0x1221D0F: ClientHandshake.clientFinished (ClientHandshake.zig:2000)
==3813177==    by 0x1214EFB: ClientHandshake.processHandshakeRecord (ClientHandshake.zig:1260)
==3813177== 
==3813177== 848 bytes in 1 blocks are indirectly lost in loss record 13 of 578
==3813177==    at 0x4885E30: malloc (in /nix/store/HASH-valgrind-3.27.1/libexec/valgrind/vgpreload_memcheck-arm64-linux.so)
==3813177==    by 0x4B1FDE7: CRYPTO_malloc (in /nix/store/HASH-openssl-3.6.4/lib/libcrypto.so.3)
==3813177==    by 0x4B20053: CRYPTO_zalloc (in /nix/store/HASH-openssl-3.6.4/lib/libcrypto.so.3)
==3813177==    by 0x4C2553B: chacha20_poly1305_newctx (in /nix/store/HASH-openssl-3.6.4/lib/libcrypto.so.3)
==3813177==    by 0x4AE067B: evp_cipher_init_internal (in /nix/store/HASH-openssl-3.6.4/lib/libcrypto.so.3)
==3813177==    by 0x123DC2F: crypto.backend_openssl.aeadInit (backend_openssl.zig:551)
==3813177==    by 0x122A49F: init (backend.zig:303)
==3813177==    by 0x122A49F: aead.Context.init (aead.zig:138)
==3813177==    by 0x122A253: RecordLayer.init (RecordLayer.zig:79)
==3813177==    by 0x12132E3: hkdf.Hkdf(crypto.hmac.Hmac(crypto.sha2.Sha2x32(.{ 1779033703, 3144134277, 1013904242, 2773480762, 1359893119, 2600822924, 528734635, 1541459225 },256))).makeRecordLayer (hkdf.zig:237)
==3813177==    by 0x1222A67: ClientHandshake.Suite.finishHandshake (ClientHandshake.zig:448)
==3813177==    by 0x1221D0F: ClientHandshake.clientFinished (ClientHandshake.zig:2000)
==3813177==    by 0x1214EFB: ClientHandshake.processHandshakeRecord (ClientHandshake.zig:1260)
==3813177== 
==3813177== 848 bytes in 1 blocks are indirectly lost in loss record 14 of 578
==3813177==    at 0x4885E30: malloc (in /nix/store/HASH-valgrind-3.27.1/libexec/valgrind/vgpreload_memcheck-arm64-linux.so)
==3813177==    by 0x4B1FDE7: CRYPTO_malloc (in /nix/store/HASH-openssl-3.6.4/lib/libcrypto.so.3)
==3813177==    by 0x4B20053: CRYPTO_zalloc (in /nix/store/HASH-openssl-3.6.4/lib/libcrypto.so.3)
==3813177==    by 0x4C2553B: chacha20_poly1305_newctx (in /nix/store/HASH-openssl-3.6.4/lib/libcrypto.so.3)
==3813177==    by 0x4AE067B: evp_cipher_init_internal (in /nix/store/HASH-openssl-3.6.4/lib/libcrypto.so.3)
==3813177==    by 0x123DAE3: crypto.backend_openssl.aeadInit (backend_openssl.zig:544)
==3813177==    by 0x122A49F: init (backend.zig:303)
==3813177==    by 0x122A49F: aead.Context.init (aead.zig:138)
==3813177==    by 0x122A253: RecordLayer.init (RecordLayer.zig:79)
==3813177==    by 0x12132E3: hkdf.Hkdf(crypto.hmac.Hmac(crypto.sha2.Sha2x32(.{ 1779033703, 3144134277, 1013904242, 2773480762, 1359893119, 2600822924, 528734635, 1541459225 },256))).makeRecordLayer (hkdf.zig:237)
==3813177==    by 0x1222ADB: ClientHandshake.Suite.finishHandshake (ClientHandshake.zig:450)
==3813177==    by 0x1221D0F: ClientHandshake.clientFinished (ClientHandshake.zig:2000)
==3813177==    by 0x1214EFB: ClientHandshake.processHandshakeRecord (ClientHandshake.zig:1260)
==3813177== 
==3813177== 848 bytes in 1 blocks are indirectly lost in loss record 15 of 578
==3813177==    at 0x4885E30: malloc (in /nix/store/HASH-valgrind-3.27.1/libexec/valgrind/vgpreload_memcheck-arm64-linux.so)
==3813177==    by 0x4B1FDE7: CRYPTO_malloc (in /nix/store/HASH-openssl-3.6.4/lib/libcrypto.so.3)
==3813177==    by 0x4B20053: CRYPTO_zalloc (in /nix/store/HASH-openssl-3.6.4/lib/libcrypto.so.3)
==3813177==    by 0x4C2553B: chacha20_poly1305_newctx (in /nix/store/HASH-openssl-3.6.4/lib/libcrypto.so.3)
==3813177==    by 0x4AE067B: evp_cipher_init_internal (in /nix/store/HASH-openssl-3.6.4/lib/libcrypto.so.3)
==3813177==    by 0x123DC2F: crypto.backend_openssl.aeadInit (backend_openssl.zig:551)
==3813177==    by 0x122A49F: init (backend.zig:303)
==3813177==    by 0x122A49F: aead.Context.init (aead.zig:138)
==3813177==    by 0x122A253: RecordLayer.init (RecordLayer.zig:79)
==3813177==    by 0x12132E3: hkdf.Hkdf(crypto.hmac.Hmac(crypto.sha2.Sha2x32(.{ 1779033703, 3144134277, 1013904242, 2773480762, 1359893119, 2600822924, 528734635, 1541459225 },256))).makeRecordLayer (hkdf.zig:237)
==3813177==    by 0x1222ADB: ClientHandshake.Suite.finishHandshake (ClientHandshake.zig:450)
==3813177==    by 0x1221D0F: ClientHandshake.clientFinished (ClientHandshake.zig:2000)
==3813177==    by 0x1214EFB: ClientHandshake.processHandshakeRecord (ClientHandshake.zig:1260)
==3813177== 
==3813177== 848 bytes in 1 blocks are indirectly lost in loss record 16 of 578
==3813177==    at 0x4885E30: malloc (in /nix/store/HASH-valgrind-3.27.1/libexec/valgrind/vgpreload_memcheck-arm64-linux.so)
==3813177==    by 0x4B1FDE7: CRYPTO_malloc (in /nix/store/HASH-openssl-3.6.4/lib/libcrypto.so.3)
==3813177==    by 0x4B20053: CRYPTO_zalloc (in /nix/store/HASH-openssl-3.6.4/lib/libcrypto.so.3)
==3813177==    by 0x4C2553B: chacha20_poly1305_newctx (in /nix/store/HASH-openssl-3.6.4/lib/libcrypto.so.3)
==3813177==    by 0x4AE067B: evp_cipher_init_internal (in /nix/store/HASH-openssl-3.6.4/lib/libcrypto.so.3)
==3813177==    by 0x123DAE3: crypto.backend_openssl.aeadInit (backend_openssl.zig:544)
==3813177==    by 0x122A49F: init (backend.zig:303)
==3813177==    by 0x122A49F: aead.Context.init (aead.zig:138)
==3813177==    by 0x122A253: RecordLayer.init (RecordLayer.zig:79)
==3813177==    by 0x12132E3: hkdf.Hkdf(crypto.hmac.Hmac(crypto.sha2.Sha2x32(.{ 1779033703, 3144134277, 1013904242, 2773480762, 1359893119, 2600822924, 528734635, 1541459225 },256))).makeRecordLayer (hkdf.zig:237)
==3813177==    by 0x128CB37: suite_state.HashArm(hkdf.Hkdf(crypto.hmac.Hmac(crypto.sha2.Sha2x32(.{ 1779033703, 3144134277, 1013904242, 2773480762, 1359893119, 2600822924, 528734635, 1541459225 },256))),crypto.sha2.Sha2x32(.{ 1779033703, 3144134277, 1013904242, 2773480762, 1359893119, 2600822924, 528734635, 1541459225 },256)).ratchetServerKey (suite_state.zig:75)
==3813177==    by 0x126BA3F: suite_state.Suite.ratchetServerKey (suite_state.zig:107)
==3813177==    by 0x123A7E3: handshake.ratchetKtlsTx__anon_51814 (handshake.zig:220)
==3813177== 
==3813177== 848 bytes in 1 blocks are indirectly lost in loss record 17 of 578
==3813177==    at 0x4885E30: malloc (in /nix/store/HASH-valgrind-3.27.1/libexec/valgrind/vgpreload_memcheck-arm64-linux.so)
==3813177==    by 0x4B1FDE7: CRYPTO_malloc (in /nix/store/HASH-openssl-3.6.4/lib/libcrypto.so.3)
==3813177==    by 0x4B20053: CRYPTO_zalloc (in /nix/store/HASH-openssl-3.6.4/lib/libcrypto.so.3)
==3813177==    by 0x4C2553B: chacha20_poly1305_newctx (in /nix/store/HASH-openssl-3.6.4/lib/libcrypto.so.3)
==3813177==    by 0x4AE067B: evp_cipher_init_internal (in /nix/store/HASH-openssl-3.6.4/lib/libcrypto.so.3)
==3813177==    by 0x123DC2F: crypto.backend_openssl.aeadInit (backend_openssl.zig:551)
==3813177==    by 0x122A49F: init (backend.zig:303)
==3813177==    by 0x122A49F: aead.Context.init (aead.zig:138)
==3813177==    by 0x122A253: RecordLayer.init (RecordLayer.zig:79)
==3813177==    by 0x12132E3: hkdf.Hkdf(crypto.hmac.Hmac(crypto.sha2.Sha2x32(.{ 1779033703, 3144134277, 1013904242, 2773480762, 1359893119, 2600822924, 528734635, 1541459225 },256))).makeRecordLayer (hkdf.zig:237)
==3813177==    by 0x128CB37: suite_state.HashArm(hkdf.Hkdf(crypto.hmac.Hmac(crypto.sha2.Sha2x32(.{ 1779033703, 3144134277, 1013904242, 2773480762, 1359893119, 2600822924, 528734635, 1541459225 },256))),crypto.sha2.Sha2x32(.{ 1779033703, 3144134277, 1013904242, 2773480762, 1359893119, 2600822924, 528734635, 1541459225 },256)).ratchetServerKey (suite_state.zig:75)
==3813177==    by 0x126BA3F: suite_state.Suite.ratchetServerKey (suite_state.zig:107)
==3813177==    by 0x123A7E3: handshake.ratchetKtlsTx__anon_51814 (handshake.zig:220)
==3813177== 
==3813177== 848 bytes in 1 blocks are indirectly lost in loss record 18 of 578
==3813177==    at 0x4885E30: malloc (in /nix/store/HASH-valgrind-3.27.1/libexec/valgrind/vgpreload_memcheck-arm64-linux.so)
==3813177==    by 0x4B1FDE7: CRYPTO_malloc (in /nix/store/HASH-openssl-3.6.4/lib/libcrypto.so.3)
==3813177==    by 0x4B20053: CRYPTO_zalloc (in /nix/store/HASH-openssl-3.6.4/lib/libcrypto.so.3)
==3813177==    by 0x4C2553B: chacha20_poly1305_newctx (in /nix/store/HASH-openssl-3.6.4/lib/libcrypto.so.3)
==3813177==    by 0x4AE067B: evp_cipher_init_internal (in /nix/store/HASH-openssl-3.6.4/lib/libcrypto.so.3)
==3813177==    by 0x123DAE3: crypto.backend_openssl.aeadInit (backend_openssl.zig:544)
==3813177==    by 0x122A49F: init (backend.zig:303)
==3813177==    by 0x122A49F: aead.Context.init (aead.zig:138)
==3813177==    by 0x122A253: RecordLayer.init (RecordLayer.zig:79)
==3813177==    by 0x12132E3: hkdf.Hkdf(crypto.hmac.Hmac(crypto.sha2.Sha2x32(.{ 1779033703, 3144134277, 1013904242, 2773480762, 1359893119, 2600822924, 528734635, 1541459225 },256))).makeRecordLayer (hkdf.zig:237)
==3813177==    by 0x128CB37: suite_state.HashArm(hkdf.Hkdf(crypto.hmac.Hmac(crypto.sha2.Sha2x32(.{ 1779033703, 3144134277, 1013904242, 2773480762, 1359893119, 2600822924, 528734635, 1541459225 },256))),crypto.sha2.Sha2x32(.{ 1779033703, 3144134277, 1013904242, 2773480762, 1359893119, 2600822924, 528734635, 1541459225 },256)).ratchetServerKey (suite_state.zig:75)
==3813177==    by 0x126A6DF: ClientHandshake.Suite.ratchetServerKey (ClientHandshake.zig:476)
==3813177==    by 0x1223DBB: ClientHandshake.receivePlaintextRecord (ClientHandshake.zig:2102)
==3813177== 
==3813177== 848 bytes in 1 blocks are indirectly lost in loss record 19 of 578
==3813177==    at 0x4885E30: malloc (in /nix/store/HASH-valgrind-3.27.1/libexec/valgrind/vgpreload_memcheck-arm64-linux.so)
==3813177==    by 0x4B1FDE7: CRYPTO_malloc (in /nix/store/HASH-openssl-3.6.4/lib/libcrypto.so.3)
==3813177==    by 0x4B20053: CRYPTO_zalloc (in /nix/store/HASH-openssl-3.6.4/lib/libcrypto.so.3)
==3813177==    by 0x4C2553B: chacha20_poly1305_newctx (in /nix/store/HASH-openssl-3.6.4/lib/libcrypto.so.3)
==3813177==    by 0x4AE067B: evp_cipher_init_internal (in /nix/store/HASH-openssl-3.6.4/lib/libcrypto.so.3)
==3813177==    by 0x123DC2F: crypto.backend_openssl.aeadInit (backend_openssl.zig:551)
==3813177==    by 0x122A49F: init (backend.zig:303)
==3813177==    by 0x122A49F: aead.Context.init (aead.zig:138)
==3813177==    by 0x122A253: RecordLayer.init (RecordLayer.zig:79)
==3813177==    by 0x12132E3: hkdf.Hkdf(crypto.hmac.Hmac(crypto.sha2.Sha2x32(.{ 1779033703, 3144134277, 1013904242, 2773480762, 1359893119, 2600822924, 528734635, 1541459225 },256))).makeRecordLayer (hkdf.zig:237)
==3813177==    by 0x128CB37: suite_state.HashArm(hkdf.Hkdf(crypto.hmac.Hmac(crypto.sha2.Sha2x32(.{ 1779033703, 3144134277, 1013904242, 2773480762, 1359893119, 2600822924, 528734635, 1541459225 },256))),crypto.sha2.Sha2x32(.{ 1779033703, 3144134277, 1013904242, 2773480762, 1359893119, 2600822924, 528734635, 1541459225 },256)).ratchetServerKey (suite_state.zig:75)
==3813177==    by 0x126A6DF: ClientHandshake.Suite.ratchetServerKey (ClientHandshake.zig:476)
==3813177==    by 0x1223DBB: ClientHandshake.receivePlaintextRecord (ClientHandshake.zig:2102)
==3813177== 
==3813177== 848 bytes in 1 blocks are indirectly lost in loss record 20 of 578
==3813177==    at 0x4885E30: malloc (in /nix/store/HASH-valgrind-3.27.1/libexec/valgrind/vgpreload_memcheck-arm64-linux.so)
==3813177==    by 0x4B1FDE7: CRYPTO_malloc (in /nix/store/HASH-openssl-3.6.4/lib/libcrypto.so.3)
==3813177==    by 0x4B20053: CRYPTO_zalloc (in /nix/store/HASH-openssl-3.6.4/lib/libcrypto.so.3)
==3813177==    by 0x4C2553B: chacha20_poly1305_newctx (in /nix/store/HASH-openssl-3.6.4/lib/libcrypto.so.3)
==3813177==    by 0x4AE067B: evp_cipher_init_internal (in /nix/store/HASH-openssl-3.6.4/lib/libcrypto.so.3)
==3813177==    by 0x123DAE3: crypto.backend_openssl.aeadInit (backend_openssl.zig:544)
==3813177==    by 0x122A49F: init (backend.zig:303)
==3813177==    by 0x122A49F: aead.Context.init (aead.zig:138)
==3813177==    by 0x122A253: RecordLayer.init (RecordLayer.zig:79)
==3813177==    by 0x12132E3: hkdf.Hkdf(crypto.hmac.Hmac(crypto.sha2.Sha2x32(.{ 1779033703, 3144134277, 1013904242, 2773480762, 1359893119, 2600822924, 528734635, 1541459225 },256))).makeRecordLayer (hkdf.zig:237)
==3813177==    by 0x128D303: suite_state.HashArm(hkdf.Hkdf(crypto.hmac.Hmac(crypto.sha2.Sha2x32(.{ 1779033703, 3144134277, 1013904242, 2773480762, 1359893119, 2600822924, 528734635, 1541459225 },256))),crypto.sha2.Sha2x32(.{ 1779033703, 3144134277, 1013904242, 2773480762, 1359893119, 2600822924, 528734635, 1541459225 },256)).ratchetClientKey (suite_state.zig:67)
==3813177==    by 0x126B24F: ClientHandshake.Suite.ratchetClientKey (ClientHandshake.zig:467)
==3813177==    by 0x1224917: handshake.ratchetKtlsTx__anon_13945 (handshake.zig:219)
==3813177== 
==3813177== 848 bytes in 1 blocks are indirectly lost in loss record 21 of 578
==3813177==    at 0x4885E30: malloc (in /nix/store/HASH-valgrind-3.27.1/libexec/valgrind/vgpreload_memcheck-arm64-linux.so)
==3813177==    by 0x4B1FDE7: CRYPTO_malloc (in /nix/store/HASH-openssl-3.6.4/lib/libcrypto.so.3)
==3813177==    by 0x4B20053: CRYPTO_zalloc (in /nix/store/HASH-openssl-3.6.4/lib/libcrypto.so.3)
==3813177==    by 0x4C2553B: chacha20_poly1305_newctx (in /nix/store/HASH-openssl-3.6.4/lib/libcrypto.so.3)
==3813177==    by 0x4AE067B: evp_cipher_init_internal (in /nix/store/HASH-openssl-3.6.4/lib/libcrypto.so.3)
==3813177==    by 0x123DC2F: crypto.backend_openssl.aeadInit (backend_openssl.zig:551)
==3813177==    by 0x122A49F: init (backend.zig:303)
==3813177==    by 0x122A49F: aead.Context.init (aead.zig:138)
==3813177==    by 0x122A253: RecordLayer.init (RecordLayer.zig:79)
==3813177==    by 0x12132E3: hkdf.Hkdf(crypto.hmac.Hmac(crypto.sha2.Sha2x32(.{ 1779033703, 3144134277, 1013904242, 2773480762, 1359893119, 2600822924, 528734635, 1541459225 },256))).makeRecordLayer (hkdf.zig:237)
==3813177==    by 0x128D303: suite_state.HashArm(hkdf.Hkdf(crypto.hmac.Hmac(crypto.sha2.Sha2x32(.{ 1779033703, 3144134277, 1013904242, 2773480762, 1359893119, 2600822924, 528734635, 1541459225 },256))),crypto.sha2.Sha2x32(.{ 1779033703, 3144134277, 1013904242, 2773480762, 1359893119, 2600822924, 528734635, 1541459225 },256)).ratchetClientKey (suite_state.zig:67)
==3813177==    by 0x126B24F: ClientHandshake.Suite.ratchetClientKey (ClientHandshake.zig:467)
==3813177==    by 0x1224917: handshake.ratchetKtlsTx__anon_13945 (handshake.zig:219)
==3813177== 
==3813177== 848 bytes in 1 blocks are indirectly lost in loss record 22 of 578
==3813177==    at 0x4885E30: malloc (in /nix/store/HASH-valgrind-3.27.1/libexec/valgrind/vgpreload_memcheck-arm64-linux.so)
==3813177==    by 0x4B1FDE7: CRYPTO_malloc (in /nix/store/HASH-openssl-3.6.4/lib/libcrypto.so.3)
==3813177==    by 0x4B20053: CRYPTO_zalloc (in /nix/store/HASH-openssl-3.6.4/lib/libcrypto.so.3)
==3813177==    by 0x4C2553B: chacha20_poly1305_newctx (in /nix/store/HASH-openssl-3.6.4/lib/libcrypto.so.3)
==3813177==    by 0x4AE067B: evp_cipher_init_internal (in /nix/store/HASH-openssl-3.6.4/lib/libcrypto.so.3)
==3813177==    by 0x123DAE3: crypto.backend_openssl.aeadInit (backend_openssl.zig:544)
==3813177==    by 0x122A49F: init (backend.zig:303)
==3813177==    by 0x122A49F: aead.Context.init (aead.zig:138)
==3813177==    by 0x122A253: RecordLayer.init (RecordLayer.zig:79)
==3813177==    by 0x12132E3: hkdf.Hkdf(crypto.hmac.Hmac(crypto.sha2.Sha2x32(.{ 1779033703, 3144134277, 1013904242, 2773480762, 1359893119, 2600822924, 528734635, 1541459225 },256))).makeRecordLayer (hkdf.zig:237)
==3813177==    by 0x128D303: suite_state.HashArm(hkdf.Hkdf(crypto.hmac.Hmac(crypto.sha2.Sha2x32(.{ 1779033703, 3144134277, 1013904242, 2773480762, 1359893119, 2600822924, 528734635, 1541459225 },256))),crypto.sha2.Sha2x32(.{ 1779033703, 3144134277, 1013904242, 2773480762, 1359893119, 2600822924, 528734635, 1541459225 },256)).ratchetClientKey (suite_state.zig:67)
==3813177==    by 0x12924E3: suite_state.Suite.ratchetClientKey (suite_state.zig:101)
==3813177==    by 0x127842B: handshake.reassembleServerKeyUpdate__anon_55510 (handshake.zig:280)
==3813177== 
==3813177== 848 bytes in 1 blocks are indirectly lost in loss record 23 of 578
==3813177==    at 0x4885E30: malloc (in /nix/store/HASH-valgrind-3.27.1/libexec/valgrind/vgpreload_memcheck-arm64-linux.so)
==3813177==    by 0x4B1FDE7: CRYPTO_malloc (in /nix/store/HASH-openssl-3.6.4/lib/libcrypto.so.3)
==3813177==    by 0x4B20053: CRYPTO_zalloc (in /nix/store/HASH-openssl-3.6.4/lib/libcrypto.so.3)
==3813177==    by 0x4C2553B: chacha20_poly1305_newctx (in /nix/store/HASH-openssl-3.6.4/lib/libcrypto.so.3)
==3813177==    by 0x4AE067B: evp_cipher_init_internal (in /nix/store/HASH-openssl-3.6.4/lib/libcrypto.so.3)
==3813177==    by 0x123DC2F: crypto.backend_openssl.aeadInit (backend_openssl.zig:551)
==3813177==    by 0x122A49F: init (backend.zig:303)
==3813177==    by 0x122A49F: aead.Context.init (aead.zig:138)
==3813177==    by 0x122A253: RecordLayer.init (RecordLayer.zig:79)
==3813177==    by 0x12132E3: hkdf.Hkdf(crypto.hmac.Hmac(crypto.sha2.Sha2x32(.{ 1779033703, 3144134277, 1013904242, 2773480762, 1359893119, 2600822924, 528734635, 1541459225 },256))).makeRecordLayer (hkdf.zig:237)
==3813177==    by 0x128D303: suite_state.HashArm(hkdf.Hkdf(crypto.hmac.Hmac(crypto.sha2.Sha2x32(.{ 1779033703, 3144134277, 1013904242, 2773480762, 1359893119, 2600822924, 528734635, 1541459225 },256))),crypto.sha2.Sha2x32(.{ 1779033703, 3144134277, 1013904242, 2773480762, 1359893119, 2600822924, 528734635, 1541459225 },256)).ratchetClientKey (suite_state.zig:67)
==3813177==    by 0x12924E3: suite_state.Suite.ratchetClientKey (suite_state.zig:101)
==3813177==    by 0x127842B: handshake.reassembleServerKeyUpdate__anon_55510 (handshake.zig:280)
==3813177== 
==3813177== 848 bytes in 1 blocks are indirectly lost in loss record 24 of 578
==3813177==    at 0x4885E30: malloc (in /nix/store/HASH-valgrind-3.27.1/libexec/valgrind/vgpreload_memcheck-arm64-linux.so)
==3813177==    by 0x4B1FDE7: CRYPTO_malloc (in /nix/store/HASH-openssl-3.6.4/lib/libcrypto.so.3)
==3813177==    by 0x4B20053: CRYPTO_zalloc (in /nix/store/HASH-openssl-3.6.4/lib/libcrypto.so.3)
==3813177==    by 0x4C2553B: chacha20_poly1305_newctx (in /nix/store/HASH-openssl-3.6.4/lib/libcrypto.so.3)
==3813177==    by 0x4AE067B: evp_cipher_init_internal (in /nix/store/HASH-openssl-3.6.4/lib/libcrypto.so.3)
==3813177==    by 0x123DAE3: crypto.backend_openssl.aeadInit (backend_openssl.zig:544)
==3813177==    by 0x122A49F: init (backend.zig:303)
==3813177==    by 0x122A49F: aead.Context.init (aead.zig:138)
==3813177==    by 0x122A253: RecordLayer.init (RecordLayer.zig:79)
==3813177==    by 0x12132E3: hkdf.Hkdf(crypto.hmac.Hmac(crypto.sha2.Sha2x32(.{ 1779033703, 3144134277, 1013904242, 2773480762, 1359893119, 2600822924, 528734635, 1541459225 },256))).makeRecordLayer (hkdf.zig:237)
==3813177==    by 0x1273137: ServerHandshake.installHandshakeKeys (ServerHandshake.zig:1701)
==3813177==    by 0x1232B0B: ServerHandshake.processClientHelloMessage (ServerHandshake.zig:1364)
==3813177==    by 0x122FF83: ServerHandshake.acceptClientHello (ServerHandshake.zig:991)
==3813177== 
==3813177== 848 bytes in 1 blocks are indirectly lost in loss record 25 of 578
==3813177==    at 0x4885E30: malloc (in /nix/store/HASH-valgrind-3.27.1/libexec/valgrind/vgpreload_memcheck-arm64-linux.so)
==3813177==    by 0x4B1FDE7: CRYPTO_malloc (in /nix/store/HASH-openssl-3.6.4/lib/libcrypto.so.3)
==3813177==    by 0x4B20053: CRYPTO_zalloc (in /nix/store/HASH-openssl-3.6.4/lib/libcrypto.so.3)
==3813177==    by 0x4C2553B: chacha20_poly1305_newctx (in /nix/store/HASH-openssl-3.6.4/lib/libcrypto.so.3)
==3813177==    by 0x4AE067B: evp_cipher_init_internal (in /nix/store/HASH-openssl-3.6.4/lib/libcrypto.so.3)
==3813177==    by 0x123DC2F: crypto.backend_openssl.aeadInit (backend_openssl.zig:551)
==3813177==    by 0x122A49F: init (backend.zig:303)
==3813177==    by 0x122A49F: aead.Context.init (aead.zig:138)
==3813177==    by 0x122A253: RecordLayer.init (RecordLayer.zig:79)
==3813177==    by 0x12132E3: hkdf.Hkdf(crypto.hmac.Hmac(crypto.sha2.Sha2x32(.{ 1779033703, 3144134277, 1013904242, 2773480762, 1359893119, 2600822924, 528734635, 1541459225 },256))).makeRecordLayer (hkdf.zig:237)
==3813177==    by 0x1273137: ServerHandshake.installHandshakeKeys (ServerHandshake.zig:1701)
==3813177==    by 0x1232B0B: ServerHandshake.processClientHelloMessage (ServerHandshake.zig:1364)
==3813177==    by 0x122FF83: ServerHandshake.acceptClientHello (ServerHandshake.zig:991)
==3813177== 
==3813177== 848 bytes in 1 blocks are indirectly lost in loss record 26 of 578
==3813177==    at 0x4885E30: malloc (in /nix/store/HASH-valgrind-3.27.1/libexec/valgrind/vgpreload_memcheck-arm64-linux.so)
==3813177==    by 0x4B1FDE7: CRYPTO_malloc (in /nix/store/HASH-openssl-3.6.4/lib/libcrypto.so.3)
==3813177==    by 0x4B20053: CRYPTO_zalloc (in /nix/store/HASH-openssl-3.6.4/lib/libcrypto.so.3)
==3813177==    by 0x4C2553B: chacha20_poly1305_newctx (in /nix/store/HASH-openssl-3.6.4/lib/libcrypto.so.3)
==3813177==    by 0x4AE067B: evp_cipher_init_internal (in /nix/store/HASH-openssl-3.6.4/lib/libcrypto.so.3)
==3813177==    by 0x123DAE3: crypto.backend_openssl.aeadInit (backend_openssl.zig:544)
==3813177==    by 0x122A49F: init (backend.zig:303)
==3813177==    by 0x122A49F: aead.Context.init (aead.zig:138)
==3813177==    by 0x122A253: RecordLayer.init (RecordLayer.zig:79)
==3813177==    by 0x12132E3: hkdf.Hkdf(crypto.hmac.Hmac(crypto.sha2.Sha2x32(.{ 1779033703, 3144134277, 1013904242, 2773480762, 1359893119, 2600822924, 528734635, 1541459225 },256))).makeRecordLayer (hkdf.zig:237)
==3813177==    by 0x12731F3: ServerHandshake.installHandshakeKeys (ServerHandshake.zig:1703)
==3813177==    by 0x1232B0B: ServerHandshake.processClientHelloMessage (ServerHandshake.zig:1364)
==3813177==    by 0x122FF83: ServerHandshake.acceptClientHello (ServerHandshake.zig:991)
==3813177== 
==3813177== 848 bytes in 1 blocks are indirectly lost in loss record 27 of 578
==3813177==    at 0x4885E30: malloc (in /nix/store/HASH-valgrind-3.27.1/libexec/valgrind/vgpreload_memcheck-arm64-linux.so)
==3813177==    by 0x4B1FDE7: CRYPTO_malloc (in /nix/store/HASH-openssl-3.6.4/lib/libcrypto.so.3)
==3813177==    by 0x4B20053: CRYPTO_zalloc (in /nix/store/HASH-openssl-3.6.4/lib/libcrypto.so.3)
==3813177==    by 0x4C2553B: chacha20_poly1305_newctx (in /nix/store/HASH-openssl-3.6.4/lib/libcrypto.so.3)
==3813177==    by 0x4AE067B: evp_cipher_init_internal (in /nix/store/HASH-openssl-3.6.4/lib/libcrypto.so.3)
==3813177==    by 0x123DC2F: crypto.backend_openssl.aeadInit (backend_openssl.zig:551)
==3813177==    by 0x122A49F: init (backend.zig:303)
==3813177==    by 0x122A49F: aead.Context.init (aead.zig:138)
==3813177==    by 0x122A253: RecordLayer.init (RecordLayer.zig:79)
==3813177==    by 0x12132E3: hkdf.Hkdf(crypto.hmac.Hmac(crypto.sha2.Sha2x32(.{ 1779033703, 3144134277, 1013904242, 2773480762, 1359893119, 2600822924, 528734635, 1541459225 },256))).makeRecordLayer (hkdf.zig:237)
==3813177==    by 0x12731F3: ServerHandshake.installHandshakeKeys (ServerHandshake.zig:1703)
==3813177==    by 0x1232B0B: ServerHandshake.processClientHelloMessage (ServerHandshake.zig:1364)
==3813177==    by 0x122FF83: ServerHandshake.acceptClientHello (ServerHandshake.zig:991)
==3813177== 
==3813177== 848 bytes in 1 blocks are indirectly lost in loss record 28 of 578
==3813177==    at 0x4885E30: malloc (in /nix/store/HASH-valgrind-3.27.1/libexec/valgrind/vgpreload_memcheck-arm64-linux.so)
==3813177==    by 0x4B1FDE7: CRYPTO_malloc (in /nix/store/HASH-openssl-3.6.4/lib/libcrypto.so.3)
==3813177==    by 0x4B20053: CRYPTO_zalloc (in /nix/store/HASH-openssl-3.6.4/lib/libcrypto.so.3)
==3813177==    by 0x4C2553B: chacha20_poly1305_newctx (in /nix/store/HASH-openssl-3.6.4/lib/libcrypto.so.3)
==3813177==    by 0x4AE067B: evp_cipher_init_internal (in /nix/store/HASH-openssl-3.6.4/lib/libcrypto.so.3)
==3813177==    by 0x123DAE3: crypto.backend_openssl.aeadInit (backend_openssl.zig:544)
==3813177==    by 0x122A49F: init (backend.zig:303)
==3813177==    by 0x122A49F: aead.Context.init (aead.zig:138)
==3813177==    by 0x122A253: RecordLayer.init (RecordLayer.zig:79)
==3813177==    by 0x12132E3: hkdf.Hkdf(crypto.hmac.Hmac(crypto.sha2.Sha2x32(.{ 1779033703, 3144134277, 1013904242, 2773480762, 1359893119, 2600822924, 528734635, 1541459225 },256))).makeRecordLayer (hkdf.zig:237)
==3813177==    by 0x12748CF: ServerHandshake.prepareServerApplicationWriteKey (ServerHandshake.zig:2020)
==3813177==    by 0x1234AB3: ServerHandshake.encryptServerFlight (ServerHandshake.zig:1982)
==3813177==    by 0x12330D7: ServerHandshake.sendCertificateChainFlight (ServerHandshake.zig:1814)
==3813177== 
==3813177== 848 bytes in 1 blocks are indirectly lost in loss record 29 of 578
==3813177==    at 0x4885E30: malloc (in /nix/store/HASH-valgrind-3.27.1/libexec/valgrind/vgpreload_memcheck-arm64-linux.so)
==3813177==    by 0x4B1FDE7: CRYPTO_malloc (in /nix/store/HASH-openssl-3.6.4/lib/libcrypto.so.3)
==3813177==    by 0x4B20053: CRYPTO_zalloc (in /nix/store/HASH-openssl-3.6.4/lib/libcrypto.so.3)
==3813177==    by 0x4C2553B: chacha20_poly1305_newctx (in /nix/store/HASH-openssl-3.6.4/lib/libcrypto.so.3)
==3813177==    by 0x4AE067B: evp_cipher_init_internal (in /nix/store/HASH-openssl-3.6.4/lib/libcrypto.so.3)
==3813177==    by 0x123DC2F: crypto.backend_openssl.aeadInit (backend_openssl.zig:551)
==3813177==    by 0x122A49F: init (backend.zig:303)
==3813177==    by 0x122A49F: aead.Context.init (aead.zig:138)
==3813177==    by 0x122A253: RecordLayer.init (RecordLayer.zig:79)
==3813177==    by 0x12132E3: hkdf.Hkdf(crypto.hmac.Hmac(crypto.sha2.Sha2x32(.{ 1779033703, 3144134277, 1013904242, 2773480762, 1359893119, 2600822924, 528734635, 1541459225 },256))).makeRecordLayer (hkdf.zig:237)
==3813177==    by 0x12748CF: ServerHandshake.prepareServerApplicationWriteKey (ServerHandshake.zig:2020)
==3813177==    by 0x1234AB3: ServerHandshake.encryptServerFlight (ServerHandshake.zig:1982)
==3813177==    by 0x12330D7: ServerHandshake.sendCertificateChainFlight (ServerHandshake.zig:1814)
==3813177== 
==3813177== 848 bytes in 1 blocks are indirectly lost in loss record 30 of 578
==3813177==    at 0x4885E30: malloc (in /nix/store/HASH-valgrind-3.27.1/libexec/valgrind/vgpreload_memcheck-arm64-linux.so)
==3813177==    by 0x4B1FDE7: CRYPTO_malloc (in /nix/store/HASH-openssl-3.6.4/lib/libcrypto.so.3)
==3813177==    by 0x4B20053: CRYPTO_zalloc (in /nix/store/HASH-openssl-3.6.4/lib/libcrypto.so.3)
==3813177==    by 0x4C2553B: chacha20_poly1305_newctx (in /nix/store/HASH-openssl-3.6.4/lib/libcrypto.so.3)
==3813177==    by 0x4AE067B: evp_cipher_init_internal (in /nix/store/HASH-openssl-3.6.4/lib/libcrypto.so.3)
==3813177==    by 0x123DAE3: crypto.backend_openssl.aeadInit (backend_openssl.zig:544)
==3813177==    by 0x122A49F: init (backend.zig:303)
==3813177==    by 0x122A49F: aead.Context.init (aead.zig:138)
==3813177==    by 0x122A253: RecordLayer.init (RecordLayer.zig:79)
==3813177==    by 0x12132E3: hkdf.Hkdf(crypto.hmac.Hmac(crypto.sha2.Sha2x32(.{ 1779033703, 3144134277, 1013904242, 2773480762, 1359893119, 2600822924, 528734635, 1541459225 },256))).makeRecordLayer (hkdf.zig:237)
==3813177==    by 0x12755FF: ServerHandshake.verifyClientFinished (ServerHandshake.zig:2149)
==3813177==    by 0x1236B93: ServerHandshake.processClientFinishedPlaintext (ServerHandshake.zig:2117)
==3813177==    by 0x1236073: ServerHandshake.processClientFinished (ServerHandshake.zig:2046)
==3813177== 
==3813177== 848 bytes in 1 blocks are indirectly lost in loss record 31 of 578
==3813177==    at 0x4885E30: malloc (in /nix/store/HASH-valgrind-3.27.1/libexec/valgrind/vgpreload_memcheck-arm64-linux.so)
==3813177==    by 0x4B1FDE7: CRYPTO_malloc (in /nix/store/HASH-openssl-3.6.4/lib/libcrypto.so.3)
==3813177==    by 0x4B20053: CRYPTO_zalloc (in /nix/store/HASH-openssl-3.6.4/lib/libcrypto.so.3)
==3813177==    by 0x4C2553B: chacha20_poly1305_newctx (in /nix/store/HASH-openssl-3.6.4/lib/libcrypto.so.3)
==3813177==    by 0x4AE067B: evp_cipher_init_internal (in /nix/store/HASH-openssl-3.6.4/lib/libcrypto.so.3)
==3813177==    by 0x123DC2F: crypto.backend_openssl.aeadInit (backend_openssl.zig:551)
==3813177==    by 0x122A49F: init (backend.zig:303)
==3813177==    by 0x122A49F: aead.Context.init (aead.zig:138)
==3813177==    by 0x122A253: RecordLayer.init (RecordLayer.zig:79)
==3813177==    by 0x12132E3: hkdf.Hkdf(crypto.hmac.Hmac(crypto.sha2.Sha2x32(.{ 1779033703, 3144134277, 1013904242, 2773480762, 1359893119, 2600822924, 528734635, 1541459225 },256))).makeRecordLayer (hkdf.zig:237)
==3813177==    by 0x12755FF: ServerHandshake.verifyClientFinished (ServerHandshake.zig:2149)
==3813177==    by 0x1236B93: ServerHandshake.processClientFinishedPlaintext (ServerHandshake.zig:2117)
==3813177==    by 0x1236073: ServerHandshake.processClientFinished (ServerHandshake.zig:2046)
==3813177== 
==3813177== 888 bytes in 3 blocks are indirectly lost in loss record 32 of 578
==3813177==    at 0x4885E30: malloc (in /nix/store/HASH-valgrind-3.27.1/libexec/valgrind/vgpreload_memcheck-arm64-linux.so)
==3813177==    by 0x4B1FDE7: CRYPTO_malloc (in /nix/store/HASH-openssl-3.6.4/lib/libcrypto.so.3)
==3813177==    by 0x4B20053: CRYPTO_zalloc (in /nix/store/HASH-openssl-3.6.4/lib/libcrypto.so.3)
==3813177==    by 0x4ADF403: evp_cipher_new (in /nix/store/HASH-openssl-3.6.4/lib/libcrypto.so.3)
==3813177==    by 0x4AE0A37: evp_cipher_from_algorithm (in /nix/store/HASH-openssl-3.6.4/lib/libcrypto.so.3)
==3813177==    by 0x4AE154B: construct_evp_method (in /nix/store/HASH-openssl-3.6.4/lib/libcrypto.so.3)
==3813177==    by 0x4B1999B: ossl_method_construct_this (in /nix/store/HASH-openssl-3.6.4/lib/libcrypto.so.3)
==3813177==    by 0x4B19647: algorithm_do_this (in /nix/store/HASH-openssl-3.6.4/lib/libcrypto.so.3)
==3813177==    by 0x4B31A53: ossl_provider_doall_activated (in /nix/store/HASH-openssl-3.6.4/lib/libcrypto.so.3)
==3813177==    by 0x4B197FB: ossl_algorithm_do_all (in /nix/store/HASH-openssl-3.6.4/lib/libcrypto.so.3)
==3813177==    by 0x4B19C4F: ossl_method_construct (in /nix/store/HASH-openssl-3.6.4/lib/libcrypto.so.3)
==3813177==    by 0x4AE1F07: evp_generic_fetch (in /nix/store/HASH-openssl-3.6.4/lib/libcrypto.so.3)
==3813177== 
==3813177== 960 bytes in 1 blocks are indirectly lost in loss record 33 of 578
==3813177==    at 0x4885E30: malloc (in /nix/store/HASH-valgrind-3.27.1/libexec/valgrind/vgpreload_memcheck-arm64-linux.so)
==3813177==    by 0x4B1FDE7: CRYPTO_malloc (in /nix/store/HASH-openssl-3.6.4/lib/libcrypto.so.3)
==3813177==    by 0x4B20053: CRYPTO_zalloc (in /nix/store/HASH-openssl-3.6.4/lib/libcrypto.so.3)
==3813177==    by 0x4C19B7B: aes256gcm_newctx (in /nix/store/HASH-openssl-3.6.4/lib/libcrypto.so.3)
==3813177==    by 0x4AE067B: evp_cipher_init_internal (in /nix/store/HASH-openssl-3.6.4/lib/libcrypto.so.3)
==3813177==    by 0x123DAE3: crypto.backend_openssl.aeadInit (backend_openssl.zig:544)
==3813177==    by 0x122A49F: init (backend.zig:303)
==3813177==    by 0x122A49F: aead.Context.init (aead.zig:138)
==3813177==    by 0x122A253: RecordLayer.init (RecordLayer.zig:79)
==3813177==    by 0x1212907: hkdf.Hkdf(crypto.hmac.Hmac(crypto.sha2.Sha2x64(.{ 14680500436340154072, 7105036623409894663, 10473403895298186519, 1526699215303891257, 7436329637833083697, 10282925794625328401, 15784041429090275239, 5167115440072839076 },384))).makeRecordLayer (hkdf.zig:237)
==3813177==    by 0x1223337: ClientHandshake.Suite.finishHandshake (ClientHandshake.zig:448)
==3813177==    by 0x1221D0F: ClientHandshake.clientFinished (ClientHandshake.zig:2000)
==3813177==    by 0x1214EFB: ClientHandshake.processHandshakeRecord (ClientHandshake.zig:1260)
==3813177== 
==3813177== 960 bytes in 1 blocks are indirectly lost in loss record 34 of 578
==3813177==    at 0x4885E30: malloc (in /nix/store/HASH-valgrind-3.27.1/libexec/valgrind/vgpreload_memcheck-arm64-linux.so)
==3813177==    by 0x4B1FDE7: CRYPTO_malloc (in /nix/store/HASH-openssl-3.6.4/lib/libcrypto.so.3)
==3813177==    by 0x4B20053: CRYPTO_zalloc (in /nix/store/HASH-openssl-3.6.4/lib/libcrypto.so.3)
==3813177==    by 0x4C19B7B: aes256gcm_newctx (in /nix/store/HASH-openssl-3.6.4/lib/libcrypto.so.3)
==3813177==    by 0x4AE067B: evp_cipher_init_internal (in /nix/store/HASH-openssl-3.6.4/lib/libcrypto.so.3)
==3813177==    by 0x123DC2F: crypto.backend_openssl.aeadInit (backend_openssl.zig:551)
==3813177==    by 0x122A49F: init (backend.zig:303)
==3813177==    by 0x122A49F: aead.Context.init (aead.zig:138)
==3813177==    by 0x122A253: RecordLayer.init (RecordLayer.zig:79)
==3813177==    by 0x1212907: hkdf.Hkdf(crypto.hmac.Hmac(crypto.sha2.Sha2x64(.{ 14680500436340154072, 7105036623409894663, 10473403895298186519, 1526699215303891257, 7436329637833083697, 10282925794625328401, 15784041429090275239, 5167115440072839076 },384))).makeRecordLayer (hkdf.zig:237)
==3813177==    by 0x1223337: ClientHandshake.Suite.finishHandshake (ClientHandshake.zig:448)
==3813177==    by 0x1221D0F: ClientHandshake.clientFinished (ClientHandshake.zig:2000)
==3813177==    by 0x1214EFB: ClientHandshake.processHandshakeRecord (ClientHandshake.zig:1260)
==3813177== 
==3813177== 960 bytes in 1 blocks are indirectly lost in loss record 35 of 578
==3813177==    at 0x4885E30: malloc (in /nix/store/HASH-valgrind-3.27.1/libexec/valgrind/vgpreload_memcheck-arm64-linux.so)
==3813177==    by 0x4B1FDE7: CRYPTO_malloc (in /nix/store/HASH-openssl-3.6.4/lib/libcrypto.so.3)
==3813177==    by 0x4B20053: CRYPTO_zalloc (in /nix/store/HASH-openssl-3.6.4/lib/libcrypto.so.3)
==3813177==    by 0x4C19B7B: aes256gcm_newctx (in /nix/store/HASH-openssl-3.6.4/lib/libcrypto.so.3)
==3813177==    by 0x4AE067B: evp_cipher_init_internal (in /nix/store/HASH-openssl-3.6.4/lib/libcrypto.so.3)
==3813177==    by 0x123DAE3: crypto.backend_openssl.aeadInit (backend_openssl.zig:544)
==3813177==    by 0x122A49F: init (backend.zig:303)
==3813177==    by 0x122A49F: aead.Context.init (aead.zig:138)
==3813177==    by 0x122A253: RecordLayer.init (RecordLayer.zig:79)
==3813177==    by 0x1212907: hkdf.Hkdf(crypto.hmac.Hmac(crypto.sha2.Sha2x64(.{ 14680500436340154072, 7105036623409894663, 10473403895298186519, 1526699215303891257, 7436329637833083697, 10282925794625328401, 15784041429090275239, 5167115440072839076 },384))).makeRecordLayer (hkdf.zig:237)
==3813177==    by 0x12233AF: ClientHandshake.Suite.finishHandshake (ClientHandshake.zig:450)
==3813177==    by 0x1221D0F: ClientHandshake.clientFinished (ClientHandshake.zig:2000)
==3813177==    by 0x1214EFB: ClientHandshake.processHandshakeRecord (ClientHandshake.zig:1260)
==3813177== 
==3813177== 960 bytes in 1 blocks are indirectly lost in loss record 36 of 578
==3813177==    at 0x4885E30: malloc (in /nix/store/HASH-valgrind-3.27.1/libexec/valgrind/vgpreload_memcheck-arm64-linux.so)
==3813177==    by 0x4B1FDE7: CRYPTO_malloc (in /nix/store/HASH-openssl-3.6.4/lib/libcrypto.so.3)
==3813177==    by 0x4B20053: CRYPTO_zalloc (in /nix/store/HASH-openssl-3.6.4/lib/libcrypto.so.3)
==3813177==    by 0x4C19B7B: aes256gcm_newctx (in /nix/store/HASH-openssl-3.6.4/lib/libcrypto.so.3)
==3813177==    by 0x4AE067B: evp_cipher_init_internal (in /nix/store/HASH-openssl-3.6.4/lib/libcrypto.so.3)
==3813177==    by 0x123DC2F: crypto.backend_openssl.aeadInit (backend_openssl.zig:551)
==3813177==    by 0x122A49F: init (backend.zig:303)
==3813177==    by 0x122A49F: aead.Context.init (aead.zig:138)
==3813177==    by 0x122A253: RecordLayer.init (RecordLayer.zig:79)
==3813177==    by 0x1212907: hkdf.Hkdf(crypto.hmac.Hmac(crypto.sha2.Sha2x64(.{ 14680500436340154072, 7105036623409894663, 10473403895298186519, 1526699215303891257, 7436329637833083697, 10282925794625328401, 15784041429090275239, 5167115440072839076 },384))).makeRecordLayer (hkdf.zig:237)
==3813177==    by 0x12233AF: ClientHandshake.Suite.finishHandshake (ClientHandshake.zig:450)
==3813177==    by 0x1221D0F: ClientHandshake.clientFinished (ClientHandshake.zig:2000)
==3813177==    by 0x1214EFB: ClientHandshake.processHandshakeRecord (ClientHandshake.zig:1260)
==3813177== 
==3813177== 960 bytes in 1 blocks are indirectly lost in loss record 37 of 578
==3813177==    at 0x4885E30: malloc (in /nix/store/HASH-valgrind-3.27.1/libexec/valgrind/vgpreload_memcheck-arm64-linux.so)
==3813177==    by 0x4B1FDE7: CRYPTO_malloc (in /nix/store/HASH-openssl-3.6.4/lib/libcrypto.so.3)
==3813177==    by 0x4B20053: CRYPTO_zalloc (in /nix/store/HASH-openssl-3.6.4/lib/libcrypto.so.3)
==3813177==    by 0x4C19DAF: aes128gcm_newctx (in /nix/store/HASH-openssl-3.6.4/lib/libcrypto.so.3)
==3813177==    by 0x4AE067B: evp_cipher_init_internal (in /nix/store/HASH-openssl-3.6.4/lib/libcrypto.so.3)
==3813177==    by 0x123DAE3: crypto.backend_openssl.aeadInit (backend_openssl.zig:544)
==3813177==    by 0x122A49F: init (backend.zig:303)
==3813177==    by 0x122A49F: aead.Context.init (aead.zig:138)
==3813177==    by 0x122A253: RecordLayer.init (RecordLayer.zig:79)
==3813177==    by 0x12132E3: hkdf.Hkdf(crypto.hmac.Hmac(crypto.sha2.Sha2x32(.{ 1779033703, 3144134277, 1013904242, 2773480762, 1359893119, 2600822924, 528734635, 1541459225 },256))).makeRecordLayer (hkdf.zig:237)
==3813177==    by 0x12748CF: ServerHandshake.prepareServerApplicationWriteKey (ServerHandshake.zig:2020)
==3813177==    by 0x123523B: ServerHandshake.encryptPreparedServerFlight (ServerHandshake.zig:1998)
==3813177==    by 0x12359AF: ServerHandshake.sendPreparedServerFlight (ServerHandshake.zig:1887)
==3813177== 
==3813177== 960 bytes in 1 blocks are indirectly lost in loss record 38 of 578
==3813177==    at 0x4885E30: malloc (in /nix/store/HASH-valgrind-3.27.1/libexec/valgrind/vgpreload_memcheck-arm64-linux.so)
==3813177==    by 0x4B1FDE7: CRYPTO_malloc (in /nix/store/HASH-openssl-3.6.4/lib/libcrypto.so.3)
==3813177==    by 0x4B20053: CRYPTO_zalloc (in /nix/store/HASH-openssl-3.6.4/lib/libcrypto.so.3)
==3813177==    by 0x4C19DAF: aes128gcm_newctx (in /nix/store/HASH-openssl-3.6.4/lib/libcrypto.so.3)
==3813177==    by 0x4AE067B: evp_cipher_init_internal (in /nix/store/HASH-openssl-3.6.4/lib/libcrypto.so.3)
==3813177==    by 0x123DC2F: crypto.backend_openssl.aeadInit (backend_openssl.zig:551)
==3813177==    by 0x122A49F: init (backend.zig:303)
==3813177==    by 0x122A49F: aead.Context.init (aead.zig:138)
==3813177==    by 0x122A253: RecordLayer.init (RecordLayer.zig:79)
==3813177==    by 0x12132E3: hkdf.Hkdf(crypto.hmac.Hmac(crypto.sha2.Sha2x32(.{ 1779033703, 3144134277, 1013904242, 2773480762, 1359893119, 2600822924, 528734635, 1541459225 },256))).makeRecordLayer (hkdf.zig:237)
==3813177==    by 0x12748CF: ServerHandshake.prepareServerApplicationWriteKey (ServerHandshake.zig:2020)
==3813177==    by 0x123523B: ServerHandshake.encryptPreparedServerFlight (ServerHandshake.zig:1998)
==3813177==    by 0x12359AF: ServerHandshake.sendPreparedServerFlight (ServerHandshake.zig:1887)
==3813177== 
==3813177== 960 bytes in 1 blocks are indirectly lost in loss record 39 of 578
==3813177==    at 0x4885E30: malloc (in /nix/store/HASH-valgrind-3.27.1/libexec/valgrind/vgpreload_memcheck-arm64-linux.so)
==3813177==    by 0x4B1FDE7: CRYPTO_malloc (in /nix/store/HASH-openssl-3.6.4/lib/libcrypto.so.3)
==3813177==    by 0x4B20053: CRYPTO_zalloc (in /nix/store/HASH-openssl-3.6.4/lib/libcrypto.so.3)
==3813177==    by 0x4C19DAF: aes128gcm_newctx (in /nix/store/HASH-openssl-3.6.4/lib/libcrypto.so.3)
==3813177==    by 0x4AE067B: evp_cipher_init_internal (in /nix/store/HASH-openssl-3.6.4/lib/libcrypto.so.3)
==3813177==    by 0x123DAE3: crypto.backend_openssl.aeadInit (backend_openssl.zig:544)
==3813177==    by 0x122A49F: init (backend.zig:303)
==3813177==    by 0x122A49F: aead.Context.init (aead.zig:138)
==3813177==    by 0x122A253: RecordLayer.init (RecordLayer.zig:79)
==3813177==    by 0x12132E3: hkdf.Hkdf(crypto.hmac.Hmac(crypto.sha2.Sha2x32(.{ 1779033703, 3144134277, 1013904242, 2773480762, 1359893119, 2600822924, 528734635, 1541459225 },256))).makeRecordLayer (hkdf.zig:237)
==3813177==    by 0x121F7A7: ClientHandshake.Suite.deriveHandshakeKeys (ClientHandshake.zig:511)
==3813177==    by 0x1496EF7: ClientHandshake.test.deriveHandshakeKeys: RFC 8448 §3 server handshake key/iv/finished (ClientHandshake.zig:2267)
==3813177==    by 0x13D7EB7: test_runner.main (test_runner.zig:278)
==3813177== 
==3813177== 960 bytes in 1 blocks are indirectly lost in loss record 40 of 578
==3813177==    at 0x4885E30: malloc (in /nix/store/HASH-valgrind-3.27.1/libexec/valgrind/vgpreload_memcheck-arm64-linux.so)
==3813177==    by 0x4B1FDE7: CRYPTO_malloc (in /nix/store/HASH-openssl-3.6.4/lib/libcrypto.so.3)
==3813177==    by 0x4B20053: CRYPTO_zalloc (in /nix/store/HASH-openssl-3.6.4/lib/libcrypto.so.3)
==3813177==    by 0x4C19DAF: aes128gcm_newctx (in /nix/store/HASH-openssl-3.6.4/lib/libcrypto.so.3)
==3813177==    by 0x4AE067B: evp_cipher_init_internal (in /nix/store/HASH-openssl-3.6.4/lib/libcrypto.so.3)
==3813177==    by 0x123DC2F: crypto.backend_openssl.aeadInit (backend_openssl.zig:551)
==3813177==    by 0x122A49F: init (backend.zig:303)
==3813177==    by 0x122A49F: aead.Context.init (aead.zig:138)
==3813177==    by 0x122A253: RecordLayer.init (RecordLayer.zig:79)
==3813177==    by 0x12132E3: hkdf.Hkdf(crypto.hmac.Hmac(crypto.sha2.Sha2x32(.{ 1779033703, 3144134277, 1013904242, 2773480762, 1359893119, 2600822924, 528734635, 1541459225 },256))).makeRecordLayer (hkdf.zig:237)
==3813177==    by 0x121F7A7: ClientHandshake.Suite.deriveHandshakeKeys (ClientHandshake.zig:511)
==3813177==    by 0x1496EF7: ClientHandshake.test.deriveHandshakeKeys: RFC 8448 §3 server handshake key/iv/finished (ClientHandshake.zig:2267)
==3813177==    by 0x13D7EB7: test_runner.main (test_runner.zig:278)
==3813177== 
==3813177== 960 bytes in 1 blocks are indirectly lost in loss record 41 of 578
==3813177==    at 0x4885E30: malloc (in /nix/store/HASH-valgrind-3.27.1/libexec/valgrind/vgpreload_memcheck-arm64-linux.so)
==3813177==    by 0x4B1FDE7: CRYPTO_malloc (in /nix/store/HASH-openssl-3.6.4/lib/libcrypto.so.3)
==3813177==    by 0x4B20053: CRYPTO_zalloc (in /nix/store/HASH-openssl-3.6.4/lib/libcrypto.so.3)
==3813177==    by 0x4C19DAF: aes128gcm_newctx (in /nix/store/HASH-openssl-3.6.4/lib/libcrypto.so.3)
==3813177==    by 0x4AE067B: evp_cipher_init_internal (in /nix/store/HASH-openssl-3.6.4/lib/libcrypto.so.3)
==3813177==    by 0x123DAE3: crypto.backend_openssl.aeadInit (backend_openssl.zig:544)
==3813177==    by 0x122A49F: init (backend.zig:303)
==3813177==    by 0x122A49F: aead.Context.init (aead.zig:138)
==3813177==    by 0x122A253: RecordLayer.init (RecordLayer.zig:79)
==3813177==    by 0x12132E3: hkdf.Hkdf(crypto.hmac.Hmac(crypto.sha2.Sha2x32(.{ 1779033703, 3144134277, 1013904242, 2773480762, 1359893119, 2600822924, 528734635, 1541459225 },256))).makeRecordLayer (hkdf.zig:237)
==3813177==    by 0x121F843: ClientHandshake.Suite.deriveHandshakeKeys (ClientHandshake.zig:513)
==3813177==    by 0x1496EF7: ClientHandshake.test.deriveHandshakeKeys: RFC 8448 §3 server handshake key/iv/finished (ClientHandshake.zig:2267)
==3813177==    by 0x13D7EB7: test_runner.main (test_runner.zig:278)
==3813177== 
==3813177== 960 bytes in 1 blocks are indirectly lost in loss record 42 of 578
==3813177==    at 0x4885E30: malloc (in /nix/store/HASH-valgrind-3.27.1/libexec/valgrind/vgpreload_memcheck-arm64-linux.so)
==3813177==    by 0x4B1FDE7: CRYPTO_malloc (in /nix/store/HASH-openssl-3.6.4/lib/libcrypto.so.3)
==3813177==    by 0x4B20053: CRYPTO_zalloc (in /nix/store/HASH-openssl-3.6.4/lib/libcrypto.so.3)
==3813177==    by 0x4C19DAF: aes128gcm_newctx (in /nix/store/HASH-openssl-3.6.4/lib/libcrypto.so.3)
==3813177==    by 0x4AE067B: evp_cipher_init_internal (in /nix/store/HASH-openssl-3.6.4/lib/libcrypto.so.3)
==3813177==    by 0x123DC2F: crypto.backend_openssl.aeadInit (backend_openssl.zig:551)
==3813177==    by 0x122A49F: init (backend.zig:303)
==3813177==    by 0x122A49F: aead.Context.init (aead.zig:138)
==3813177==    by 0x122A253: RecordLayer.init (RecordLayer.zig:79)
==3813177==    by 0x12132E3: hkdf.Hkdf(crypto.hmac.Hmac(crypto.sha2.Sha2x32(.{ 1779033703, 3144134277, 1013904242, 2773480762, 1359893119, 2600822924, 528734635, 1541459225 },256))).makeRecordLayer (hkdf.zig:237)
==3813177==    by 0x121F843: ClientHandshake.Suite.deriveHandshakeKeys (ClientHandshake.zig:513)
==3813177==    by 0x1496EF7: ClientHandshake.test.deriveHandshakeKeys: RFC 8448 §3 server handshake key/iv/finished (ClientHandshake.zig:2267)
==3813177==    by 0x13D7EB7: test_runner.main (test_runner.zig:278)
==3813177== 
==3813177== 960 bytes in 1 blocks are indirectly lost in loss record 43 of 578
==3813177==    at 0x4885E30: malloc (in /nix/store/HASH-valgrind-3.27.1/libexec/valgrind/vgpreload_memcheck-arm64-linux.so)
==3813177==    by 0x4B1FDE7: CRYPTO_malloc (in /nix/store/HASH-openssl-3.6.4/lib/libcrypto.so.3)
==3813177==    by 0x4B20053: CRYPTO_zalloc (in /nix/store/HASH-openssl-3.6.4/lib/libcrypto.so.3)
==3813177==    by 0x4C19DAF: aes128gcm_newctx (in /nix/store/HASH-openssl-3.6.4/lib/libcrypto.so.3)
==3813177==    by 0x4AE067B: evp_cipher_init_internal (in /nix/store/HASH-openssl-3.6.4/lib/libcrypto.so.3)
==3813177==    by 0x123DAE3: crypto.backend_openssl.aeadInit (backend_openssl.zig:544)
==3813177==    by 0x122A49F: init (backend.zig:303)
==3813177==    by 0x122A49F: aead.Context.init (aead.zig:138)
==3813177==    by 0x122A253: RecordLayer.init (RecordLayer.zig:79)
==3813177==    by 0x12132E3: hkdf.Hkdf(crypto.hmac.Hmac(crypto.sha2.Sha2x32(.{ 1779033703, 3144134277, 1013904242, 2773480762, 1359893119, 2600822924, 528734635, 1541459225 },256))).makeRecordLayer (hkdf.zig:237)
==3813177==    by 0x121F7A7: ClientHandshake.Suite.deriveHandshakeKeys (ClientHandshake.zig:511)
==3813177==    by 0x121C18F: ClientHandshake.processServerHello (ClientHandshake.zig:1618)
==3813177==    by 0x14974B3: ClientHandshake.test.processServerHello: RFC 8448 §3 installs server handshake keys (ClientHandshake.zig:2336)
==3813177== 
==3813177== 960 bytes in 1 blocks are indirectly lost in loss record 44 of 578
==3813177==    at 0x4885E30: malloc (in /nix/store/HASH-valgrind-3.27.1/libexec/valgrind/vgpreload_memcheck-arm64-linux.so)
==3813177==    by 0x4B1FDE7: CRYPTO_malloc (in /nix/store/HASH-openssl-3.6.4/lib/libcrypto.so.3)
==3813177==    by 0x4B20053: CRYPTO_zalloc (in /nix/store/HASH-openssl-3.6.4/lib/libcrypto.so.3)
==3813177==    by 0x4C19DAF: aes128gcm_newctx (in /nix/store/HASH-openssl-3.6.4/lib/libcrypto.so.3)
==3813177==    by 0x4AE067B: evp_cipher_init_internal (in /nix/store/HASH-openssl-3.6.4/lib/libcrypto.so.3)
==3813177==    by 0x123DC2F: crypto.backend_openssl.aeadInit (backend_openssl.zig:551)
==3813177==    by 0x122A49F: init (backend.zig:303)
==3813177==    by 0x122A49F: aead.Context.init (aead.zig:138)
==3813177==    by 0x122A253: RecordLayer.init (RecordLayer.zig:79)
==3813177==    by 0x12132E3: hkdf.Hkdf(crypto.hmac.Hmac(crypto.sha2.Sha2x32(.{ 1779033703, 3144134277, 1013904242, 2773480762, 1359893119, 2600822924, 528734635, 1541459225 },256))).makeRecordLayer (hkdf.zig:237)
==3813177==    by 0x121F7A7: ClientHandshake.Suite.deriveHandshakeKeys (ClientHandshake.zig:511)
==3813177==    by 0x121C18F: ClientHandshake.processServerHello (ClientHandshake.zig:1618)
==3813177==    by 0x14974B3: ClientHandshake.test.processServerHello: RFC 8448 §3 installs server handshake keys (ClientHandshake.zig:2336)
==3813177== 
==3813177== 960 bytes in 1 blocks are indirectly lost in loss record 45 of 578
==3813177==    at 0x4885E30: malloc (in /nix/store/HASH-valgrind-3.27.1/libexec/valgrind/vgpreload_memcheck-arm64-linux.so)
==3813177==    by 0x4B1FDE7: CRYPTO_malloc (in /nix/store/HASH-openssl-3.6.4/lib/libcrypto.so.3)
==3813177==    by 0x4B20053: CRYPTO_zalloc (in /nix/store/HASH-openssl-3.6.4/lib/libcrypto.so.3)
==3813177==    by 0x4C19DAF: aes128gcm_newctx (in /nix/store/HASH-openssl-3.6.4/lib/libcrypto.so.3)
==3813177==    by 0x4AE067B: evp_cipher_init_internal (in /nix/store/HASH-openssl-3.6.4/lib/libcrypto.so.3)
==3813177==    by 0x123DAE3: crypto.backend_openssl.aeadInit (backend_openssl.zig:544)
==3813177==    by 0x122A49F: init (backend.zig:303)
==3813177==    by 0x122A49F: aead.Context.init (aead.zig:138)
==3813177==    by 0x122A253: RecordLayer.init (RecordLayer.zig:79)
==3813177==    by 0x12132E3: hkdf.Hkdf(crypto.hmac.Hmac(crypto.sha2.Sha2x32(.{ 1779033703, 3144134277, 1013904242, 2773480762, 1359893119, 2600822924, 528734635, 1541459225 },256))).makeRecordLayer (hkdf.zig:237)
==3813177==    by 0x121F843: ClientHandshake.Suite.deriveHandshakeKeys (ClientHandshake.zig:513)
==3813177==    by 0x121C18F: ClientHandshake.processServerHello (ClientHandshake.zig:1618)
==3813177==    by 0x14974B3: ClientHandshake.test.processServerHello: RFC 8448 §3 installs server handshake keys (ClientHandshake.zig:2336)
==3813177== 
==3813177== 960 bytes in 1 blocks are indirectly lost in loss record 46 of 578
==3813177==    at 0x4885E30: malloc (in /nix/store/HASH-valgrind-3.27.1/libexec/valgrind/vgpreload_memcheck-arm64-linux.so)
==3813177==    by 0x4B1FDE7: CRYPTO_malloc (in /nix/store/HASH-openssl-3.6.4/lib/libcrypto.so.3)
==3813177==    by 0x4B20053: CRYPTO_zalloc (in /nix/store/HASH-openssl-3.6.4/lib/libcrypto.so.3)
==3813177==    by 0x4C19DAF: aes128gcm_newctx (in /nix/store/HASH-openssl-3.6.4/lib/libcrypto.so.3)
==3813177==    by 0x4AE067B: evp_cipher_init_internal (in /nix/store/HASH-openssl-3.6.4/lib/libcrypto.so.3)
==3813177==    by 0x123DC2F: crypto.backend_openssl.aeadInit (backend_openssl.zig:551)
==3813177==    by 0x122A49F: init (backend.zig:303)
==3813177==    by 0x122A49F: aead.Context.init (aead.zig:138)
==3813177==    by 0x122A253: RecordLayer.init (RecordLayer.zig:79)
==3813177==    by 0x12132E3: hkdf.Hkdf(crypto.hmac.Hmac(crypto.sha2.Sha2x32(.{ 1779033703, 3144134277, 1013904242, 2773480762, 1359893119, 2600822924, 528734635, 1541459225 },256))).makeRecordLayer (hkdf.zig:237)
==3813177==    by 0x121F843: ClientHandshake.Suite.deriveHandshakeKeys (ClientHandshake.zig:513)
==3813177==    by 0x121C18F: ClientHandshake.processServerHello (ClientHandshake.zig:1618)
==3813177==    by 0x14974B3: ClientHandshake.test.processServerHello: RFC 8448 §3 installs server handshake keys (ClientHandshake.zig:2336)
==3813177== 
==3813177== 960 bytes in 1 blocks are indirectly lost in loss record 47 of 578
==3813177==    at 0x4885E30: malloc (in /nix/store/HASH-valgrind-3.27.1/libexec/valgrind/vgpreload_memcheck-arm64-linux.so)
==3813177==    by 0x4B1FDE7: CRYPTO_malloc (in /nix/store/HASH-openssl-3.6.4/lib/libcrypto.so.3)
==3813177==    by 0x4B20053: CRYPTO_zalloc (in /nix/store/HASH-openssl-3.6.4/lib/libcrypto.so.3)
==3813177==    by 0x4C19DAF: aes128gcm_newctx (in /nix/store/HASH-openssl-3.6.4/lib/libcrypto.so.3)
==3813177==    by 0x4AE067B: evp_cipher_init_internal (in /nix/store/HASH-openssl-3.6.4/lib/libcrypto.so.3)
==3813177==    by 0x123DAE3: crypto.backend_openssl.aeadInit (backend_openssl.zig:544)
==3813177==    by 0x122A49F: init (backend.zig:303)
==3813177==    by 0x122A49F: aead.Context.init (aead.zig:138)
==3813177==    by 0x122A253: RecordLayer.init (RecordLayer.zig:79)
==3813177==    by 0x12132E3: hkdf.Hkdf(crypto.hmac.Hmac(crypto.sha2.Sha2x32(.{ 1779033703, 3144134277, 1013904242, 2773480762, 1359893119, 2600822924, 528734635, 1541459225 },256))).makeRecordLayer (hkdf.zig:237)
==3813177==    by 0x121F7A7: ClientHandshake.Suite.deriveHandshakeKeys (ClientHandshake.zig:511)
==3813177==    by 0x121C18F: ClientHandshake.processServerHello (ClientHandshake.zig:1618)
==3813177==    by 0x14981CF: ClientHandshake.test.processServerHello: accepts secp256r1 key_share (ClientHandshake.zig:2376)
==3813177== 
==3813177== 960 bytes in 1 blocks are indirectly lost in loss record 48 of 578
==3813177==    at 0x4885E30: malloc (in /nix/store/HASH-valgrind-3.27.1/libexec/valgrind/vgpreload_memcheck-arm64-linux.so)
==3813177==    by 0x4B1FDE7: CRYPTO_malloc (in /nix/store/HASH-openssl-3.6.4/lib/libcrypto.so.3)
==3813177==    by 0x4B20053: CRYPTO_zalloc (in /nix/store/HASH-openssl-3.6.4/lib/libcrypto.so.3)
==3813177==    by 0x4C19DAF: aes128gcm_newctx (in /nix/store/HASH-openssl-3.6.4/lib/libcrypto.so.3)
==3813177==    by 0x4AE067B: evp_cipher_init_internal (in /nix/store/HASH-openssl-3.6.4/lib/libcrypto.so.3)
==3813177==    by 0x123DC2F: crypto.backend_openssl.aeadInit (backend_openssl.zig:551)
==3813177==    by 0x122A49F: init (backend.zig:303)
==3813177==    by 0x122A49F: aead.Context.init (aead.zig:138)
==3813177==    by 0x122A253: RecordLayer.init (RecordLayer.zig:79)
==3813177==    by 0x12132E3: hkdf.Hkdf(crypto.hmac.Hmac(crypto.sha2.Sha2x32(.{ 1779033703, 3144134277, 1013904242, 2773480762, 1359893119, 2600822924, 528734635, 1541459225 },256))).makeRecordLayer (hkdf.zig:237)
==3813177==    by 0x121F7A7: ClientHandshake.Suite.deriveHandshakeKeys (ClientHandshake.zig:511)
==3813177==    by 0x121C18F: ClientHandshake.processServerHello (ClientHandshake.zig:1618)
==3813177==    by 0x14981CF: ClientHandshake.test.processServerHello: accepts secp256r1 key_share (ClientHandshake.zig:2376)
==3813177== 
==3813177== 960 bytes in 1 blocks are indirectly lost in loss record 49 of 578
==3813177==    at 0x4885E30: malloc (in /nix/store/HASH-valgrind-3.27.1/libexec/valgrind/vgpreload_memcheck-arm64-linux.so)
==3813177==    by 0x4B1FDE7: CRYPTO_malloc (in /nix/store/HASH-openssl-3.6.4/lib/libcrypto.so.3)
==3813177==    by 0x4B20053: CRYPTO_zalloc (in /nix/store/HASH-openssl-3.6.4/lib/libcrypto.so.3)
==3813177==    by 0x4C19DAF: aes128gcm_newctx (in /nix/store/HASH-openssl-3.6.4/lib/libcrypto.so.3)
==3813177==    by 0x4AE067B: evp_cipher_init_internal (in /nix/store/HASH-openssl-3.6.4/lib/libcrypto.so.3)
==3813177==    by 0x123DAE3: crypto.backend_openssl.aeadInit (backend_openssl.zig:544)
==3813177==    by 0x122A49F: init (backend.zig:303)
==3813177==    by 0x122A49F: aead.Context.init (aead.zig:138)
==3813177==    by 0x122A253: RecordLayer.init (RecordLayer.zig:79)
==3813177==    by 0x12132E3: hkdf.Hkdf(crypto.hmac.Hmac(crypto.sha2.Sha2x32(.{ 1779033703, 3144134277, 1013904242, 2773480762, 1359893119, 2600822924, 528734635, 1541459225 },256))).makeRecordLayer (hkdf.zig:237)
==3813177==    by 0x121F843: ClientHandshake.Suite.deriveHandshakeKeys (ClientHandshake.zig:513)
==3813177==    by 0x121C18F: ClientHandshake.processServerHello (ClientHandshake.zig:1618)
==3813177==    by 0x14981CF: ClientHandshake.test.processServerHello: accepts secp256r1 key_share (ClientHandshake.zig:2376)
==3813177== 
==3813177== 960 bytes in 1 blocks are indirectly lost in loss record 50 of 578
==3813177==    at 0x4885E30: malloc (in /nix/store/HASH-valgrind-3.27.1/libexec/valgrind/vgpreload_memcheck-arm64-linux.so)
==3813177==    by 0x4B1FDE7: CRYPTO_malloc (in /nix/store/HASH-openssl-3.6.4/lib/libcrypto.so.3)
==3813177==    by 0x4B20053: CRYPTO_zalloc (in /nix/store/HASH-openssl-3.6.4/lib/libcrypto.so.3)
==3813177==    by 0x4C19DAF: aes128gcm_newctx (in /nix/store/HASH-openssl-3.6.4/lib/libcrypto.so.3)
==3813177==    by 0x4AE067B: evp_cipher_init_internal (in /nix/store/HASH-openssl-3.6.4/lib/libcrypto.so.3)
==3813177==    by 0x123DC2F: crypto.backend_openssl.aeadInit (backend_openssl.zig:551)
==3813177==    by 0x122A49F: init (backend.zig:303)
==3813177==    by 0x122A49F: aead.Context.init (aead.zig:138)
==3813177==    by 0x122A253: RecordLayer.init (RecordLayer.zig:79)
==3813177==    by 0x12132E3: hkdf.Hkdf(crypto.hmac.Hmac(crypto.sha2.Sha2x32(.{ 1779033703, 3144134277, 1013904242, 2773480762, 1359893119, 2600822924, 528734635, 1541459225 },256))).makeRecordLayer (hkdf.zig:237)
==3813177==    by 0x121F843: ClientHandshake.Suite.deriveHandshakeKeys (ClientHandshake.zig:513)
==3813177==    by 0x121C18F: ClientHandshake.processServerHello (ClientHandshake.zig:1618)
==3813177==    by 0x14981CF: ClientHandshake.test.processServerHello: accepts secp256r1 key_share (ClientHandshake.zig:2376)
==3813177== 
==3813177== 960 bytes in 1 blocks are indirectly lost in loss record 51 of 578
==3813177==    at 0x4885E30: malloc (in /nix/store/HASH-valgrind-3.27.1/libexec/valgrind/vgpreload_memcheck-arm64-linux.so)
==3813177==    by 0x4B1FDE7: CRYPTO_malloc (in /nix/store/HASH-openssl-3.6.4/lib/libcrypto.so.3)
==3813177==    by 0x4B20053: CRYPTO_zalloc (in /nix/store/HASH-openssl-3.6.4/lib/libcrypto.so.3)
==3813177==    by 0x4C19DAF: aes128gcm_newctx (in /nix/store/HASH-openssl-3.6.4/lib/libcrypto.so.3)
==3813177==    by 0x4AE067B: evp_cipher_init_internal (in /nix/store/HASH-openssl-3.6.4/lib/libcrypto.so.3)
==3813177==    by 0x123DAE3: crypto.backend_openssl.aeadInit (backend_openssl.zig:544)
==3813177==    by 0x122A49F: init (backend.zig:303)
==3813177==    by 0x122A49F: aead.Context.init (aead.zig:138)
==3813177==    by 0x122A253: RecordLayer.init (RecordLayer.zig:79)
==3813177==    by 0x12132E3: hkdf.Hkdf(crypto.hmac.Hmac(crypto.sha2.Sha2x32(.{ 1779033703, 3144134277, 1013904242, 2773480762, 1359893119, 2600822924, 528734635, 1541459225 },256))).makeRecordLayer (hkdf.zig:237)
==3813177==    by 0x121F7A7: ClientHandshake.Suite.deriveHandshakeKeys (ClientHandshake.zig:511)
==3813177==    by 0x121C18F: ClientHandshake.processServerHello (ClientHandshake.zig:1618)
==3813177==    by 0x149A48B: ClientHandshake.test.processFlight: stores selected ALPN (ClientHandshake.zig:2570)
==3813177== 
==3813177== 960 bytes in 1 blocks are indirectly lost in loss record 52 of 578
==3813177==    at 0x4885E30: malloc (in /nix/store/HASH-valgrind-3.27.1/libexec/valgrind/vgpreload_memcheck-arm64-linux.so)
==3813177==    by 0x4B1FDE7: CRYPTO_malloc (in /nix/store/HASH-openssl-3.6.4/lib/libcrypto.so.3)
==3813177==    by 0x4B20053: CRYPTO_zalloc (in /nix/store/HASH-openssl-3.6.4/lib/libcrypto.so.3)
==3813177==    by 0x4C19DAF: aes128gcm_newctx (in /nix/store/HASH-openssl-3.6.4/lib/libcrypto.so.3)
==3813177==    by 0x4AE067B: evp_cipher_init_internal (in /nix/store/HASH-openssl-3.6.4/lib/libcrypto.so.3)
==3813177==    by 0x123DC2F: crypto.backend_openssl.aeadInit (backend_openssl.zig:551)
==3813177==    by 0x122A49F: init (backend.zig:303)
==3813177==    by 0x122A49F: aead.Context.init (aead.zig:138)
==3813177==    by 0x122A253: RecordLayer.init (RecordLayer.zig:79)
==3813177==    by 0x12132E3: hkdf.Hkdf(crypto.hmac.Hmac(crypto.sha2.Sha2x32(.{ 1779033703, 3144134277, 1013904242, 2773480762, 1359893119, 2600822924, 528734635, 1541459225 },256))).makeRecordLayer (hkdf.zig:237)
==3813177==    by 0x121F7A7: ClientHandshake.Suite.deriveHandshakeKeys (ClientHandshake.zig:511)
==3813177==    by 0x121C18F: ClientHandshake.processServerHello (ClientHandshake.zig:1618)
==3813177==    by 0x149A48B: ClientHandshake.test.processFlight: stores selected ALPN (ClientHandshake.zig:2570)
==3813177== 
==3813177== 960 bytes in 1 blocks are indirectly lost in loss record 53 of 578
==3813177==    at 0x4885E30: malloc (in /nix/store/HASH-valgrind-3.27.1/libexec/valgrind/vgpreload_memcheck-arm64-linux.so)
==3813177==    by 0x4B1FDE7: CRYPTO_malloc (in /nix/store/HASH-openssl-3.6.4/lib/libcrypto.so.3)
==3813177==    by 0x4B20053: CRYPTO_zalloc (in /nix/store/HASH-openssl-3.6.4/lib/libcrypto.so.3)
==3813177==    by 0x4C19DAF: aes128gcm_newctx (in /nix/store/HASH-openssl-3.6.4/lib/libcrypto.so.3)
==3813177==    by 0x4AE067B: evp_cipher_init_internal (in /nix/store/HASH-openssl-3.6.4/lib/libcrypto.so.3)
==3813177==    by 0x123DAE3: crypto.backend_openssl.aeadInit (backend_openssl.zig:544)
==3813177==    by 0x122A49F: init (backend.zig:303)
==3813177==    by 0x122A49F: aead.Context.init (aead.zig:138)
==3813177==    by 0x122A253: RecordLayer.init (RecordLayer.zig:79)
==3813177==    by 0x12132E3: hkdf.Hkdf(crypto.hmac.Hmac(crypto.sha2.Sha2x32(.{ 1779033703, 3144134277, 1013904242, 2773480762, 1359893119, 2600822924, 528734635, 1541459225 },256))).makeRecordLayer (hkdf.zig:237)
==3813177==    by 0x121F843: ClientHandshake.Suite.deriveHandshakeKeys (ClientHandshake.zig:513)
==3813177==    by 0x121C18F: ClientHandshake.processServerHello (ClientHandshake.zig:1618)
==3813177==    by 0x149A48B: ClientHandshake.test.processFlight: stores selected ALPN (ClientHandshake.zig:2570)
==3813177== 
==3813177== 960 bytes in 1 blocks are indirectly lost in loss record 54 of 578
==3813177==    at 0x4885E30: malloc (in /nix/store/HASH-valgrind-3.27.1/libexec/valgrind/vgpreload_memcheck-arm64-linux.so)
==3813177==    by 0x4B1FDE7: CRYPTO_malloc (in /nix/store/HASH-openssl-3.6.4/lib/libcrypto.so.3)
==3813177==    by 0x4B20053: CRYPTO_zalloc (in /nix/store/HASH-openssl-3.6.4/lib/libcrypto.so.3)
==3813177==    by 0x4C19DAF: aes128gcm_newctx (in /nix/store/HASH-openssl-3.6.4/lib/libcrypto.so.3)
==3813177==    by 0x4AE067B: evp_cipher_init_internal (in /nix/store/HASH-openssl-3.6.4/lib/libcrypto.so.3)
==3813177==    by 0x123DC2F: crypto.backend_openssl.aeadInit (backend_openssl.zig:551)
==3813177==    by 0x122A49F: init (backend.zig:303)
==3813177==    by 0x122A49F: aead.Context.init (aead.zig:138)
==3813177==    by 0x122A253: RecordLayer.init (RecordLayer.zig:79)
==3813177==    by 0x12132E3: hkdf.Hkdf(crypto.hmac.Hmac(crypto.sha2.Sha2x32(.{ 1779033703, 3144134277, 1013904242, 2773480762, 1359893119, 2600822924, 528734635, 1541459225 },256))).makeRecordLayer (hkdf.zig:237)
==3813177==    by 0x121F843: ClientHandshake.Suite.deriveHandshakeKeys (ClientHandshake.zig:513)
==3813177==    by 0x121C18F: ClientHandshake.processServerHello (ClientHandshake.zig:1618)
==3813177==    by 0x149A48B: ClientHandshake.test.processFlight: stores selected ALPN (ClientHandshake.zig:2570)
==3813177== 
==3813177== 960 bytes in 1 blocks are indirectly lost in loss record 55 of 578
==3813177==    at 0x4885E30: malloc (in /nix/store/HASH-valgrind-3.27.1/libexec/valgrind/vgpreload_memcheck-arm64-linux.so)
==3813177==    by 0x4B1FDE7: CRYPTO_malloc (in /nix/store/HASH-openssl-3.6.4/lib/libcrypto.so.3)
==3813177==    by 0x4B20053: CRYPTO_zalloc (in /nix/store/HASH-openssl-3.6.4/lib/libcrypto.so.3)
==3813177==    by 0x4C19DAF: aes128gcm_newctx (in /nix/store/HASH-openssl-3.6.4/lib/libcrypto.so.3)
==3813177==    by 0x4AE067B: evp_cipher_init_internal (in /nix/store/HASH-openssl-3.6.4/lib/libcrypto.so.3)
==3813177==    by 0x123DAE3: crypto.backend_openssl.aeadInit (backend_openssl.zig:544)
==3813177==    by 0x122A49F: init (backend.zig:303)
==3813177==    by 0x122A49F: aead.Context.init (aead.zig:138)
==3813177==    by 0x122A253: RecordLayer.init (RecordLayer.zig:79)
==3813177==    by 0x12132E3: hkdf.Hkdf(crypto.hmac.Hmac(crypto.sha2.Sha2x32(.{ 1779033703, 3144134277, 1013904242, 2773480762, 1359893119, 2600822924, 528734635, 1541459225 },256))).makeRecordLayer (hkdf.zig:237)
==3813177==    by 0x121F7A7: ClientHandshake.Suite.deriveHandshakeKeys (ClientHandshake.zig:511)
==3813177==    by 0x121C18F: ClientHandshake.processServerHello (ClientHandshake.zig:1618)
==3813177==    by 0x149A90B: ClientHandshake.test.processFlight: rejects unoffered ALPN (ClientHandshake.zig:2587)
==3813177== 
==3813177== 960 bytes in 1 blocks are indirectly lost in loss record 56 of 578
==3813177==    at 0x4885E30: malloc (in /nix/store/HASH-valgrind-3.27.1/libexec/valgrind/vgpreload_memcheck-arm64-linux.so)
==3813177==    by 0x4B1FDE7: CRYPTO_malloc (in /nix/store/HASH-openssl-3.6.4/lib/libcrypto.so.3)
==3813177==    by 0x4B20053: CRYPTO_zalloc (in /nix/store/HASH-openssl-3.6.4/lib/libcrypto.so.3)
==3813177==    by 0x4C19DAF: aes128gcm_newctx (in /nix/store/HASH-openssl-3.6.4/lib/libcrypto.so.3)
==3813177==    by 0x4AE067B: evp_cipher_init_internal (in /nix/store/HASH-openssl-3.6.4/lib/libcrypto.so.3)
==3813177==    by 0x123DC2F: crypto.backend_openssl.aeadInit (backend_openssl.zig:551)
==3813177==    by 0x122A49F: init (backend.zig:303)
==3813177==    by 0x122A49F: aead.Context.init (aead.zig:138)
==3813177==    by 0x122A253: RecordLayer.init (RecordLayer.zig:79)
==3813177==    by 0x12132E3: hkdf.Hkdf(crypto.hmac.Hmac(crypto.sha2.Sha2x32(.{ 1779033703, 3144134277, 1013904242, 2773480762, 1359893119, 2600822924, 528734635, 1541459225 },256))).makeRecordLayer (hkdf.zig:237)
==3813177==    by 0x121F7A7: ClientHandshake.Suite.deriveHandshakeKeys (ClientHandshake.zig:511)
==3813177==    by 0x121C18F: ClientHandshake.processServerHello (ClientHandshake.zig:1618)
==3813177==    by 0x149A90B: ClientHandshake.test.processFlight: rejects unoffered ALPN (ClientHandshake.zig:2587)
==3813177== 
==3813177== 960 bytes in 1 blocks are indirectly lost in loss record 57 of 578
==3813177==    at 0x4885E30: malloc (in /nix/store/HASH-valgrind-3.27.1/libexec/valgrind/vgpreload_memcheck-arm64-linux.so)
==3813177==    by 0x4B1FDE7: CRYPTO_malloc (in /nix/store/HASH-openssl-3.6.4/lib/libcrypto.so.3)
==3813177==    by 0x4B20053: CRYPTO_zalloc (in /nix/store/HASH-openssl-3.6.4/lib/libcrypto.so.3)
==3813177==    by 0x4C19DAF: aes128gcm_newctx (in /nix/store/HASH-openssl-3.6.4/lib/libcrypto.so.3)
==3813177==    by 0x4AE067B: evp_cipher_init_internal (in /nix/store/HASH-openssl-3.6.4/lib/libcrypto.so.3)
==3813177==    by 0x123DAE3: crypto.backend_openssl.aeadInit (backend_openssl.zig:544)
==3813177==    by 0x122A49F: init (backend.zig:303)
==3813177==    by 0x122A49F: aead.Context.init (aead.zig:138)
==3813177==    by 0x122A253: RecordLayer.init (RecordLayer.zig:79)
==3813177==    by 0x12132E3: hkdf.Hkdf(crypto.hmac.Hmac(crypto.sha2.Sha2x32(.{ 1779033703, 3144134277, 1013904242, 2773480762, 1359893119, 2600822924, 528734635, 1541459225 },256))).makeRecordLayer (hkdf.zig:237)
==3813177==    by 0x121F843: ClientHandshake.Suite.deriveHandshakeKeys (ClientHandshake.zig:513)
==3813177==    by 0x121C18F: ClientHandshake.processServerHello (ClientHandshake.zig:1618)
==3813177==    by 0x149A90B: ClientHandshake.test.processFlight: rejects unoffered ALPN (ClientHandshake.zig:2587)
==3813177== 
==3813177== 960 bytes in 1 blocks are indirectly lost in loss record 58 of 578
==3813177==    at 0x4885E30: malloc (in /nix/store/HASH-valgrind-3.27.1/libexec/valgrind/vgpreload_memcheck-arm64-linux.so)
==3813177==    by 0x4B1FDE7: CRYPTO_malloc (in /nix/store/HASH-openssl-3.6.4/lib/libcrypto.so.3)
==3813177==    by 0x4B20053: CRYPTO_zalloc (in /nix/store/HASH-openssl-3.6.4/lib/libcrypto.so.3)
==3813177==    by 0x4C19DAF: aes128gcm_newctx (in /nix/store/HASH-openssl-3.6.4/lib/libcrypto.so.3)
==3813177==    by 0x4AE067B: evp_cipher_init_internal (in /nix/store/HASH-openssl-3.6.4/lib/libcrypto.so.3)
==3813177==    by 0x123DC2F: crypto.backend_openssl.aeadInit (backend_openssl.zig:551)
==3813177==    by 0x122A49F: init (backend.zig:303)
==3813177==    by 0x122A49F: aead.Context.init (aead.zig:138)
==3813177==    by 0x122A253: RecordLayer.init (RecordLayer.zig:79)
==3813177==    by 0x12132E3: hkdf.Hkdf(crypto.hmac.Hmac(crypto.sha2.Sha2x32(.{ 1779033703, 3144134277, 1013904242, 2773480762, 1359893119, 2600822924, 528734635, 1541459225 },256))).makeRecordLayer (hkdf.zig:237)
==3813177==    by 0x121F843: ClientHandshake.Suite.deriveHandshakeKeys (ClientHandshake.zig:513)
==3813177==    by 0x121C18F: ClientHandshake.processServerHello (ClientHandshake.zig:1618)
==3813177==    by 0x149A90B: ClientHandshake.test.processFlight: rejects unoffered ALPN (ClientHandshake.zig:2587)
==3813177== 
==3813177== 960 bytes in 1 blocks are indirectly lost in loss record 59 of 578
==3813177==    at 0x4885E30: malloc (in /nix/store/HASH-valgrind-3.27.1/libexec/valgrind/vgpreload_memcheck-arm64-linux.so)
==3813177==    by 0x4B1FDE7: CRYPTO_malloc (in /nix/store/HASH-openssl-3.6.4/lib/libcrypto.so.3)
==3813177==    by 0x4B20053: CRYPTO_zalloc (in /nix/store/HASH-openssl-3.6.4/lib/libcrypto.so.3)
==3813177==    by 0x4C19DAF: aes128gcm_newctx (in /nix/store/HASH-openssl-3.6.4/lib/libcrypto.so.3)
==3813177==    by 0x4AE067B: evp_cipher_init_internal (in /nix/store/HASH-openssl-3.6.4/lib/libcrypto.so.3)
==3813177==    by 0x123DAE3: crypto.backend_openssl.aeadInit (backend_openssl.zig:544)
==3813177==    by 0x122A49F: init (backend.zig:303)
==3813177==    by 0x122A49F: aead.Context.init (aead.zig:138)
==3813177==    by 0x122A253: RecordLayer.init (RecordLayer.zig:79)
==3813177==    by 0x12132E3: hkdf.Hkdf(crypto.hmac.Hmac(crypto.sha2.Sha2x32(.{ 1779033703, 3144134277, 1013904242, 2773480762, 1359893119, 2600822924, 528734635, 1541459225 },256))).makeRecordLayer (hkdf.zig:237)
==3813177==    by 0x121F7A7: ClientHandshake.Suite.deriveHandshakeKeys (ClientHandshake.zig:511)
==3813177==    by 0x121C18F: ClientHandshake.processServerHello (ClientHandshake.zig:1618)
==3813177==    by 0x149AFBF: ClientHandshake.test.processFlight: rejects unanchored Certificate by default (ClientHandshake.zig:2601)
==3813177== 
==3813177== 960 bytes in 1 blocks are indirectly lost in loss record 60 of 578
==3813177==    at 0x4885E30: malloc (in /nix/store/HASH-valgrind-3.27.1/libexec/valgrind/vgpreload_memcheck-arm64-linux.so)
==3813177==    by 0x4B1FDE7: CRYPTO_malloc (in /nix/store/HASH-openssl-3.6.4/lib/libcrypto.so.3)
==3813177==    by 0x4B20053: CRYPTO_zalloc (in /nix/store/HASH-openssl-3.6.4/lib/libcrypto.so.3)
==3813177==    by 0x4C19DAF: aes128gcm_newctx (in /nix/store/HASH-openssl-3.6.4/lib/libcrypto.so.3)
==3813177==    by 0x4AE067B: evp_cipher_init_internal (in /nix/store/HASH-openssl-3.6.4/lib/libcrypto.so.3)
==3813177==    by 0x123DC2F: crypto.backend_openssl.aeadInit (backend_openssl.zig:551)
==3813177==    by 0x122A49F: init (backend.zig:303)
==3813177==    by 0x122A49F: aead.Context.init (aead.zig:138)
==3813177==    by 0x122A253: RecordLayer.init (RecordLayer.zig:79)
==3813177==    by 0x12132E3: hkdf.Hkdf(crypto.hmac.Hmac(crypto.sha2.Sha2x32(.{ 1779033703, 3144134277, 1013904242, 2773480762, 1359893119, 2600822924, 528734635, 1541459225 },256))).makeRecordLayer (hkdf.zig:237)
==3813177==    by 0x121F7A7: ClientHandshake.Suite.deriveHandshakeKeys (ClientHandshake.zig:511)
==3813177==    by 0x121C18F: ClientHandshake.processServerHello (ClientHandshake.zig:1618)
==3813177==    by 0x149AFBF: ClientHandshake.test.processFlight: rejects unanchored Certificate by default (ClientHandshake.zig:2601)
==3813177== 
==3813177== 960 bytes in 1 blocks are indirectly lost in loss record 61 of 578
==3813177==    at 0x4885E30: malloc (in /nix/store/HASH-valgrind-3.27.1/libexec/valgrind/vgpreload_memcheck-arm64-linux.so)
==3813177==    by 0x4B1FDE7: CRYPTO_malloc (in /nix/store/HASH-openssl-3.6.4/lib/libcrypto.so.3)
==3813177==    by 0x4B20053: CRYPTO_zalloc (in /nix/store/HASH-openssl-3.6.4/lib/libcrypto.so.3)
==3813177==    by 0x4C19DAF: aes128gcm_newctx (in /nix/store/HASH-openssl-3.6.4/lib/libcrypto.so.3)
==3813177==    by 0x4AE067B: evp_cipher_init_internal (in /nix/store/HASH-openssl-3.6.4/lib/libcrypto.so.3)
==3813177==    by 0x123DAE3: crypto.backend_openssl.aeadInit (backend_openssl.zig:544)
==3813177==    by 0x122A49F: init (backend.zig:303)
==3813177==    by 0x122A49F: aead.Context.init (aead.zig:138)
==3813177==    by 0x122A253: RecordLayer.init (RecordLayer.zig:79)
==3813177==    by 0x12132E3: hkdf.Hkdf(crypto.hmac.Hmac(crypto.sha2.Sha2x32(.{ 1779033703, 3144134277, 1013904242, 2773480762, 1359893119, 2600822924, 528734635, 1541459225 },256))).makeRecordLayer (hkdf.zig:237)
==3813177==    by 0x121F843: ClientHandshake.Suite.deriveHandshakeKeys (ClientHandshake.zig:513)
==3813177==    by 0x121C18F: ClientHandshake.processServerHello (ClientHandshake.zig:1618)
==3813177==    by 0x149AFBF: ClientHandshake.test.processFlight: rejects unanchored Certificate by default (ClientHandshake.zig:2601)
==3813177== 
==3813177== 960 bytes in 1 blocks are indirectly lost in loss record 62 of 578
==3813177==    at 0x4885E30: malloc (in /nix/store/HASH-valgrind-3.27.1/libexec/valgrind/vgpreload_memcheck-arm64-linux.so)
==3813177==    by 0x4B1FDE7: CRYPTO_malloc (in /nix/store/HASH-openssl-3.6.4/lib/libcrypto.so.3)
==3813177==    by 0x4B20053: CRYPTO_zalloc (in /nix/store/HASH-openssl-3.6.4/lib/libcrypto.so.3)
==3813177==    by 0x4C19DAF: aes128gcm_newctx (in /nix/store/HASH-openssl-3.6.4/lib/libcrypto.so.3)
==3813177==    by 0x4AE067B: evp_cipher_init_internal (in /nix/store/HASH-openssl-3.6.4/lib/libcrypto.so.3)
==3813177==    by 0x123DC2F: crypto.backend_openssl.aeadInit (backend_openssl.zig:551)
==3813177==    by 0x122A49F: init (backend.zig:303)
==3813177==    by 0x122A49F: aead.Context.init (aead.zig:138)
==3813177==    by 0x122A253: RecordLayer.init (RecordLayer.zig:79)
==3813177==    by 0x12132E3: hkdf.Hkdf(crypto.hmac.Hmac(crypto.sha2.Sha2x32(.{ 1779033703, 3144134277, 1013904242, 2773480762, 1359893119, 2600822924, 528734635, 1541459225 },256))).makeRecordLayer (hkdf.zig:237)
==3813177==    by 0x121F843: ClientHandshake.Suite.deriveHandshakeKeys (ClientHandshake.zig:513)
==3813177==    by 0x121C18F: ClientHandshake.processServerHello (ClientHandshake.zig:1618)
==3813177==    by 0x149AFBF: ClientHandshake.test.processFlight: rejects unanchored Certificate by default (ClientHandshake.zig:2601)
==3813177== 
==3813177== 960 bytes in 1 blocks are indirectly lost in loss record 63 of 578
==3813177==    at 0x4885E30: malloc (in /nix/store/HASH-valgrind-3.27.1/libexec/valgrind/vgpreload_memcheck-arm64-linux.so)
==3813177==    by 0x4B1FDE7: CRYPTO_malloc (in /nix/store/HASH-openssl-3.6.4/lib/libcrypto.so.3)
==3813177==    by 0x4B20053: CRYPTO_zalloc (in /nix/store/HASH-openssl-3.6.4/lib/libcrypto.so.3)
==3813177==    by 0x4C19DAF: aes128gcm_newctx (in /nix/store/HASH-openssl-3.6.4/lib/libcrypto.so.3)
==3813177==    by 0x4AE067B: evp_cipher_init_internal (in /nix/store/HASH-openssl-3.6.4/lib/libcrypto.so.3)
==3813177==    by 0x123DAE3: crypto.backend_openssl.aeadInit (backend_openssl.zig:544)
==3813177==    by 0x122A49F: init (backend.zig:303)
==3813177==    by 0x122A49F: aead.Context.init (aead.zig:138)
==3813177==    by 0x122A253: RecordLayer.init (RecordLayer.zig:79)
==3813177==    by 0x12132E3: hkdf.Hkdf(crypto.hmac.Hmac(crypto.sha2.Sha2x32(.{ 1779033703, 3144134277, 1013904242, 2773480762, 1359893119, 2600822924, 528734635, 1541459225 },256))).makeRecordLayer (hkdf.zig:237)
==3813177==    by 0x121F7A7: ClientHandshake.Suite.deriveHandshakeKeys (ClientHandshake.zig:511)
==3813177==    by 0x121C18F: ClientHandshake.processServerHello (ClientHandshake.zig:1618)
==3813177==    by 0x14A3707: ClientHandshake.test.processFlight: RFC 8448 §3 full server flight to connected (ClientHandshake.zig:2725)
==3813177== 
==3813177== 960 bytes in 1 blocks are indirectly lost in loss record 64 of 578
==3813177==    at 0x4885E30: malloc (in /nix/store/HASH-valgrind-3.27.1/libexec/valgrind/vgpreload_memcheck-arm64-linux.so)
==3813177==    by 0x4B1FDE7: CRYPTO_malloc (in /nix/store/HASH-openssl-3.6.4/lib/libcrypto.so.3)
==3813177==    by 0x4B20053: CRYPTO_zalloc (in /nix/store/HASH-openssl-3.6.4/lib/libcrypto.so.3)
==3813177==    by 0x4C19DAF: aes128gcm_newctx (in /nix/store/HASH-openssl-3.6.4/lib/libcrypto.so.3)
==3813177==    by 0x4AE067B: evp_cipher_init_internal (in /nix/store/HASH-openssl-3.6.4/lib/libcrypto.so.3)
==3813177==    by 0x123DC2F: crypto.backend_openssl.aeadInit (backend_openssl.zig:551)
==3813177==    by 0x122A49F: init (backend.zig:303)
==3813177==    by 0x122A49F: aead.Context.init (aead.zig:138)
==3813177==    by 0x122A253: RecordLayer.init (RecordLayer.zig:79)
==3813177==    by 0x12132E3: hkdf.Hkdf(crypto.hmac.Hmac(crypto.sha2.Sha2x32(.{ 1779033703, 3144134277, 1013904242, 2773480762, 1359893119, 2600822924, 528734635, 1541459225 },256))).makeRecordLayer (hkdf.zig:237)
==3813177==    by 0x121F7A7: ClientHandshake.Suite.deriveHandshakeKeys (ClientHandshake.zig:511)
==3813177==    by 0x121C18F: ClientHandshake.processServerHello (ClientHandshake.zig:1618)
==3813177==    by 0x14A3707: ClientHandshake.test.processFlight: RFC 8448 §3 full server flight to connected (ClientHandshake.zig:2725)
==3813177== 
==3813177== 960 bytes in 1 blocks are indirectly lost in loss record 65 of 578
==3813177==    at 0x4885E30: malloc (in /nix/store/HASH-valgrind-3.27.1/libexec/valgrind/vgpreload_memcheck-arm64-linux.so)
==3813177==    by 0x4B1FDE7: CRYPTO_malloc (in /nix/store/HASH-openssl-3.6.4/lib/libcrypto.so.3)
==3813177==    by 0x4B20053: CRYPTO_zalloc (in /nix/store/HASH-openssl-3.6.4/lib/libcrypto.so.3)
==3813177==    by 0x4C19DAF: aes128gcm_newctx (in /nix/store/HASH-openssl-3.6.4/lib/libcrypto.so.3)
==3813177==    by 0x4AE067B: evp_cipher_init_internal (in /nix/store/HASH-openssl-3.6.4/lib/libcrypto.so.3)
==3813177==    by 0x123DAE3: crypto.backend_openssl.aeadInit (backend_openssl.zig:544)
==3813177==    by 0x122A49F: init (backend.zig:303)
==3813177==    by 0x122A49F: aead.Context.init (aead.zig:138)
==3813177==    by 0x122A253: RecordLayer.init (RecordLayer.zig:79)
==3813177==    by 0x12132E3: hkdf.Hkdf(crypto.hmac.Hmac(crypto.sha2.Sha2x32(.{ 1779033703, 3144134277, 1013904242, 2773480762, 1359893119, 2600822924, 528734635, 1541459225 },256))).makeRecordLayer (hkdf.zig:237)
==3813177==    by 0x121F843: ClientHandshake.Suite.deriveHandshakeKeys (ClientHandshake.zig:513)
==3813177==    by 0x121C18F: ClientHandshake.processServerHello (ClientHandshake.zig:1618)
==3813177==    by 0x14A3707: ClientHandshake.test.processFlight: RFC 8448 §3 full server flight to connected (ClientHandshake.zig:2725)
==3813177== 
==3813177== 960 bytes in 1 blocks are indirectly lost in loss record 66 of 578
==3813177==    at 0x4885E30: malloc (in /nix/store/HASH-valgrind-3.27.1/libexec/valgrind/vgpreload_memcheck-arm64-linux.so)
==3813177==    by 0x4B1FDE7: CRYPTO_malloc (in /nix/store/HASH-openssl-3.6.4/lib/libcrypto.so.3)
==3813177==    by 0x4B20053: CRYPTO_zalloc (in /nix/store/HASH-openssl-3.6.4/lib/libcrypto.so.3)
==3813177==    by 0x4C19DAF: aes128gcm_newctx (in /nix/store/HASH-openssl-3.6.4/lib/libcrypto.so.3)
==3813177==    by 0x4AE067B: evp_cipher_init_internal (in /nix/store/HASH-openssl-3.6.4/lib/libcrypto.so.3)
==3813177==    by 0x123DC2F: crypto.backend_openssl.aeadInit (backend_openssl.zig:551)
==3813177==    by 0x122A49F: init (backend.zig:303)
==3813177==    by 0x122A49F: aead.Context.init (aead.zig:138)
==3813177==    by 0x122A253: RecordLayer.init (RecordLayer.zig:79)
==3813177==    by 0x12132E3: hkdf.Hkdf(crypto.hmac.Hmac(crypto.sha2.Sha2x32(.{ 1779033703, 3144134277, 1013904242, 2773480762, 1359893119, 2600822924, 528734635, 1541459225 },256))).makeRecordLayer (hkdf.zig:237)
==3813177==    by 0x121F843: ClientHandshake.Suite.deriveHandshakeKeys (ClientHandshake.zig:513)
==3813177==    by 0x121C18F: ClientHandshake.processServerHello (ClientHandshake.zig:1618)
==3813177==    by 0x14A3707: ClientHandshake.test.processFlight: RFC 8448 §3 full server flight to connected (ClientHandshake.zig:2725)
==3813177== 
==3813177== 960 bytes in 1 blocks are indirectly lost in loss record 67 of 578
==3813177==    at 0x4885E30: malloc (in /nix/store/HASH-valgrind-3.27.1/libexec/valgrind/vgpreload_memcheck-arm64-linux.so)
==3813177==    by 0x4B1FDE7: CRYPTO_malloc (in /nix/store/HASH-openssl-3.6.4/lib/libcrypto.so.3)
==3813177==    by 0x4B20053: CRYPTO_zalloc (in /nix/store/HASH-openssl-3.6.4/lib/libcrypto.so.3)
==3813177==    by 0x4C19DAF: aes128gcm_newctx (in /nix/store/HASH-openssl-3.6.4/lib/libcrypto.so.3)
==3813177==    by 0x4AE067B: evp_cipher_init_internal (in /nix/store/HASH-openssl-3.6.4/lib/libcrypto.so.3)
==3813177==    by 0x123DAE3: crypto.backend_openssl.aeadInit (backend_openssl.zig:544)
==3813177==    by 0x122A49F: init (backend.zig:303)
==3813177==    by 0x122A49F: aead.Context.init (aead.zig:138)
==3813177==    by 0x122A253: RecordLayer.init (RecordLayer.zig:79)
==3813177==    by 0x12132E3: hkdf.Hkdf(crypto.hmac.Hmac(crypto.sha2.Sha2x32(.{ 1779033703, 3144134277, 1013904242, 2773480762, 1359893119, 2600822924, 528734635, 1541459225 },256))).makeRecordLayer (hkdf.zig:237)
==3813177==    by 0x121F7A7: ClientHandshake.Suite.deriveHandshakeKeys (ClientHandshake.zig:511)
==3813177==    by 0x121C18F: ClientHandshake.processServerHello (ClientHandshake.zig:1618)
==3813177==    by 0x14A43CF: ClientHandshake.test.processFlight: handshake message spanning records needs buffer (ClientHandshake.zig:2756)
==3813177== 
==3813177== 960 bytes in 1 blocks are indirectly lost in loss record 68 of 578
==3813177==    at 0x4885E30: malloc (in /nix/store/HASH-valgrind-3.27.1/libexec/valgrind/vgpreload_memcheck-arm64-linux.so)
==3813177==    by 0x4B1FDE7: CRYPTO_malloc (in /nix/store/HASH-openssl-3.6.4/lib/libcrypto.so.3)
==3813177==    by 0x4B20053: CRYPTO_zalloc (in /nix/store/HASH-openssl-3.6.4/lib/libcrypto.so.3)
==3813177==    by 0x4C19DAF: aes128gcm_newctx (in /nix/store/HASH-openssl-3.6.4/lib/libcrypto.so.3)
==3813177==    by 0x4AE067B: evp_cipher_init_internal (in /nix/store/HASH-openssl-3.6.4/lib/libcrypto.so.3)
==3813177==    by 0x123DC2F: crypto.backend_openssl.aeadInit (backend_openssl.zig:551)
==3813177==    by 0x122A49F: init (backend.zig:303)
==3813177==    by 0x122A49F: aead.Context.init (aead.zig:138)
==3813177==    by 0x122A253: RecordLayer.init (RecordLayer.zig:79)
==3813177==    by 0x12132E3: hkdf.Hkdf(crypto.hmac.Hmac(crypto.sha2.Sha2x32(.{ 1779033703, 3144134277, 1013904242, 2773480762, 1359893119, 2600822924, 528734635, 1541459225 },256))).makeRecordLayer (hkdf.zig:237)
==3813177==    by 0x121F7A7: ClientHandshake.Suite.deriveHandshakeKeys (ClientHandshake.zig:511)
==3813177==    by 0x121C18F: ClientHandshake.processServerHello (ClientHandshake.zig:1618)
==3813177==    by 0x14A43CF: ClientHandshake.test.processFlight: handshake message spanning records needs buffer (ClientHandshake.zig:2756)
==3813177== 
==3813177== 960 bytes in 1 blocks are indirectly lost in loss record 69 of 578
==3813177==    at 0x4885E30: malloc (in /nix/store/HASH-valgrind-3.27.1/libexec/valgrind/vgpreload_memcheck-arm64-linux.so)
==3813177==    by 0x4B1FDE7: CRYPTO_malloc (in /nix/store/HASH-openssl-3.6.4/lib/libcrypto.so.3)
==3813177==    by 0x4B20053: CRYPTO_zalloc (in /nix/store/HASH-openssl-3.6.4/lib/libcrypto.so.3)
==3813177==    by 0x4C19DAF: aes128gcm_newctx (in /nix/store/HASH-openssl-3.6.4/lib/libcrypto.so.3)
==3813177==    by 0x4AE067B: evp_cipher_init_internal (in /nix/store/HASH-openssl-3.6.4/lib/libcrypto.so.3)
==3813177==    by 0x123DAE3: crypto.backend_openssl.aeadInit (backend_openssl.zig:544)
==3813177==    by 0x122A49F: init (backend.zig:303)
==3813177==    by 0x122A49F: aead.Context.init (aead.zig:138)
==3813177==    by 0x122A253: RecordLayer.init (RecordLayer.zig:79)
==3813177==    by 0x12132E3: hkdf.Hkdf(crypto.hmac.Hmac(crypto.sha2.Sha2x32(.{ 1779033703, 3144134277, 1013904242, 2773480762, 1359893119, 2600822924, 528734635, 1541459225 },256))).makeRecordLayer (hkdf.zig:237)
==3813177==    by 0x121F843: ClientHandshake.Suite.deriveHandshakeKeys (ClientHandshake.zig:513)
==3813177==    by 0x121C18F: ClientHandshake.processServerHello (ClientHandshake.zig:1618)
==3813177==    by 0x14A43CF: ClientHandshake.test.processFlight: handshake message spanning records needs buffer (ClientHandshake.zig:2756)
==3813177== 
==3813177== 960 bytes in 1 blocks are indirectly lost in loss record 70 of 578
==3813177==    at 0x4885E30: malloc (in /nix/store/HASH-valgrind-3.27.1/libexec/valgrind/vgpreload_memcheck-arm64-linux.so)
==3813177==    by 0x4B1FDE7: CRYPTO_malloc (in /nix/store/HASH-openssl-3.6.4/lib/libcrypto.so.3)
==3813177==    by 0x4B20053: CRYPTO_zalloc (in /nix/store/HASH-openssl-3.6.4/lib/libcrypto.so.3)
==3813177==    by 0x4C19DAF: aes128gcm_newctx (in /nix/store/HASH-openssl-3.6.4/lib/libcrypto.so.3)
==3813177==    by 0x4AE067B: evp_cipher_init_internal (in /nix/store/HASH-openssl-3.6.4/lib/libcrypto.so.3)
==3813177==    by 0x123DC2F: crypto.backend_openssl.aeadInit (backend_openssl.zig:551)
==3813177==    by 0x122A49F: init (backend.zig:303)
==3813177==    by 0x122A49F: aead.Context.init (aead.zig:138)
==3813177==    by 0x122A253: RecordLayer.init (RecordLayer.zig:79)
==3813177==    by 0x12132E3: hkdf.Hkdf(crypto.hmac.Hmac(crypto.sha2.Sha2x32(.{ 1779033703, 3144134277, 1013904242, 2773480762, 1359893119, 2600822924, 528734635, 1541459225 },256))).makeRecordLayer (hkdf.zig:237)
==3813177==    by 0x121F843: ClientHandshake.Suite.deriveHandshakeKeys (ClientHandshake.zig:513)
==3813177==    by 0x121C18F: ClientHandshake.processServerHello (ClientHandshake.zig:1618)
==3813177==    by 0x14A43CF: ClientHandshake.test.processFlight: handshake message spanning records needs buffer (ClientHandshake.zig:2756)
==3813177== 
==3813177== 960 bytes in 1 blocks are indirectly lost in loss record 71 of 578
==3813177==    at 0x4885E30: malloc (in /nix/store/HASH-valgrind-3.27.1/libexec/valgrind/vgpreload_memcheck-arm64-linux.so)
==3813177==    by 0x4B1FDE7: CRYPTO_malloc (in /nix/store/HASH-openssl-3.6.4/lib/libcrypto.so.3)
==3813177==    by 0x4B20053: CRYPTO_zalloc (in /nix/store/HASH-openssl-3.6.4/lib/libcrypto.so.3)
==3813177==    by 0x4C19DAF: aes128gcm_newctx (in /nix/store/HASH-openssl-3.6.4/lib/libcrypto.so.3)
==3813177==    by 0x4AE067B: evp_cipher_init_internal (in /nix/store/HASH-openssl-3.6.4/lib/libcrypto.so.3)
==3813177==    by 0x123DAE3: crypto.backend_openssl.aeadInit (backend_openssl.zig:544)
==3813177==    by 0x122A49F: init (backend.zig:303)
==3813177==    by 0x122A49F: aead.Context.init (aead.zig:138)
==3813177==    by 0x122A253: RecordLayer.init (RecordLayer.zig:79)
==3813177==    by 0x12132E3: hkdf.Hkdf(crypto.hmac.Hmac(crypto.sha2.Sha2x32(.{ 1779033703, 3144134277, 1013904242, 2773480762, 1359893119, 2600822924, 528734635, 1541459225 },256))).makeRecordLayer (hkdf.zig:237)
==3813177==    by 0x121F7A7: ClientHandshake.Suite.deriveHandshakeKeys (ClientHandshake.zig:511)
==3813177==    by 0x121C18F: ClientHandshake.processServerHello (ClientHandshake.zig:1618)
==3813177==    by 0x14A474F: ClientHandshake.test.processFlight: reassembles handshake message split across records (ClientHandshake.zig:2771)
==3813177== 
==3813177== 960 bytes in 1 blocks are indirectly lost in loss record 72 of 578
==3813177==    at 0x4885E30: malloc (in /nix/store/HASH-valgrind-3.27.1/libexec/valgrind/vgpreload_memcheck-arm64-linux.so)
==3813177==    by 0x4B1FDE7: CRYPTO_malloc (in /nix/store/HASH-openssl-3.6.4/lib/libcrypto.so.3)
==3813177==    by 0x4B20053: CRYPTO_zalloc (in /nix/store/HASH-openssl-3.6.4/lib/libcrypto.so.3)
==3813177==    by 0x4C19DAF: aes128gcm_newctx (in /nix/store/HASH-openssl-3.6.4/lib/libcrypto.so.3)
==3813177==    by 0x4AE067B: evp_cipher_init_internal (in /nix/store/HASH-openssl-3.6.4/lib/libcrypto.so.3)
==3813177==    by 0x123DC2F: crypto.backend_openssl.aeadInit (backend_openssl.zig:551)
==3813177==    by 0x122A49F: init (backend.zig:303)
==3813177==    by 0x122A49F: aead.Context.init (aead.zig:138)
==3813177==    by 0x122A253: RecordLayer.init (RecordLayer.zig:79)
==3813177==    by 0x12132E3: hkdf.Hkdf(crypto.hmac.Hmac(crypto.sha2.Sha2x32(.{ 1779033703, 3144134277, 1013904242, 2773480762, 1359893119, 2600822924, 528734635, 1541459225 },256))).makeRecordLayer (hkdf.zig:237)
==3813177==    by 0x121F7A7: ClientHandshake.Suite.deriveHandshakeKeys (ClientHandshake.zig:511)
==3813177==    by 0x121C18F: ClientHandshake.processServerHello (ClientHandshake.zig:1618)
==3813177==    by 0x14A474F: ClientHandshake.test.processFlight: reassembles handshake message split across records (ClientHandshake.zig:2771)
==3813177== 
==3813177== 960 bytes in 1 blocks are indirectly lost in loss record 73 of 578
==3813177==    at 0x4885E30: malloc (in /nix/store/HASH-valgrind-3.27.1/libexec/valgrind/vgpreload_memcheck-arm64-linux.so)
==3813177==    by 0x4B1FDE7: CRYPTO_malloc (in /nix/store/HASH-openssl-3.6.4/lib/libcrypto.so.3)
==3813177==    by 0x4B20053: CRYPTO_zalloc (in /nix/store/HASH-openssl-3.6.4/lib/libcrypto.so.3)
==3813177==    by 0x4C19DAF: aes128gcm_newctx (in /nix/store/HASH-openssl-3.6.4/lib/libcrypto.so.3)
==3813177==    by 0x4AE067B: evp_cipher_init_internal (in /nix/store/HASH-openssl-3.6.4/lib/libcrypto.so.3)
==3813177==    by 0x123DAE3: crypto.backend_openssl.aeadInit (backend_openssl.zig:544)
==3813177==    by 0x122A49F: init (backend.zig:303)
==3813177==    by 0x122A49F: aead.Context.init (aead.zig:138)
==3813177==    by 0x122A253: RecordLayer.init (RecordLayer.zig:79)
==3813177==    by 0x12132E3: hkdf.Hkdf(crypto.hmac.Hmac(crypto.sha2.Sha2x32(.{ 1779033703, 3144134277, 1013904242, 2773480762, 1359893119, 2600822924, 528734635, 1541459225 },256))).makeRecordLayer (hkdf.zig:237)
==3813177==    by 0x121F843: ClientHandshake.Suite.deriveHandshakeKeys (ClientHandshake.zig:513)
==3813177==    by 0x121C18F: ClientHandshake.processServerHello (ClientHandshake.zig:1618)
==3813177==    by 0x14A474F: ClientHandshake.test.processFlight: reassembles handshake message split across records (ClientHandshake.zig:2771)
==3813177== 
==3813177== 960 bytes in 1 blocks are indirectly lost in loss record 74 of 578
==3813177==    at 0x4885E30: malloc (in /nix/store/HASH-valgrind-3.27.1/libexec/valgrind/vgpreload_memcheck-arm64-linux.so)
==3813177==    by 0x4B1FDE7: CRYPTO_malloc (in /nix/store/HASH-openssl-3.6.4/lib/libcrypto.so.3)
==3813177==    by 0x4B20053: CRYPTO_zalloc (in /nix/store/HASH-openssl-3.6.4/lib/libcrypto.so.3)
==3813177==    by 0x4C19DAF: aes128gcm_newctx (in /nix/store/HASH-openssl-3.6.4/lib/libcrypto.so.3)
==3813177==    by 0x4AE067B: evp_cipher_init_internal (in /nix/store/HASH-openssl-3.6.4/lib/libcrypto.so.3)
==3813177==    by 0x123DC2F: crypto.backend_openssl.aeadInit (backend_openssl.zig:551)
==3813177==    by 0x122A49F: init (backend.zig:303)
==3813177==    by 0x122A49F: aead.Context.init (aead.zig:138)
==3813177==    by 0x122A253: RecordLayer.init (RecordLayer.zig:79)
==3813177==    by 0x12132E3: hkdf.Hkdf(crypto.hmac.Hmac(crypto.sha2.Sha2x32(.{ 1779033703, 3144134277, 1013904242, 2773480762, 1359893119, 2600822924, 528734635, 1541459225 },256))).makeRecordLayer (hkdf.zig:237)
==3813177==    by 0x121F843: ClientHandshake.Suite.deriveHandshakeKeys (ClientHandshake.zig:513)
==3813177==    by 0x121C18F: ClientHandshake.processServerHello (ClientHandshake.zig:1618)
==3813177==    by 0x14A474F: ClientHandshake.test.processFlight: reassembles handshake message split across records (ClientHandshake.zig:2771)
==3813177== 
==3813177== 960 bytes in 1 blocks are indirectly lost in loss record 75 of 578
==3813177==    at 0x4885E30: malloc (in /nix/store/HASH-valgrind-3.27.1/libexec/valgrind/vgpreload_memcheck-arm64-linux.so)
==3813177==    by 0x4B1FDE7: CRYPTO_malloc (in /nix/store/HASH-openssl-3.6.4/lib/libcrypto.so.3)
==3813177==    by 0x4B20053: CRYPTO_zalloc (in /nix/store/HASH-openssl-3.6.4/lib/libcrypto.so.3)
==3813177==    by 0x4C19DAF: aes128gcm_newctx (in /nix/store/HASH-openssl-3.6.4/lib/libcrypto.so.3)
==3813177==    by 0x4AE067B: evp_cipher_init_internal (in /nix/store/HASH-openssl-3.6.4/lib/libcrypto.so.3)
==3813177==    by 0x123DAE3: crypto.backend_openssl.aeadInit (backend_openssl.zig:544)
==3813177==    by 0x122A49F: init (backend.zig:303)
==3813177==    by 0x122A49F: aead.Context.init (aead.zig:138)
==3813177==    by 0x122A253: RecordLayer.init (RecordLayer.zig:79)
==3813177==    by 0x12132E3: hkdf.Hkdf(crypto.hmac.Hmac(crypto.sha2.Sha2x32(.{ 1779033703, 3144134277, 1013904242, 2773480762, 1359893119, 2600822924, 528734635, 1541459225 },256))).makeRecordLayer (hkdf.zig:237)
==3813177==    by 0x121F7A7: ClientHandshake.Suite.deriveHandshakeKeys (ClientHandshake.zig:511)
==3813177==    by 0x121C18F: ClientHandshake.processServerHello (ClientHandshake.zig:1618)
==3813177==    by 0x14A510B: ClientHandshake.test.processFlight: RFC 8448 §3 flight split one message per record (ClientHandshake.zig:2806)
==3813177== 
==3813177== 960 bytes in 1 blocks are indirectly lost in loss record 76 of 578
==3813177==    at 0x4885E30: malloc (in /nix/store/HASH-valgrind-3.27.1/libexec/valgrind/vgpreload_memcheck-arm64-linux.so)
==3813177==    by 0x4B1FDE7: CRYPTO_malloc (in /nix/store/HASH-openssl-3.6.4/lib/libcrypto.so.3)
==3813177==    by 0x4B20053: CRYPTO_zalloc (in /nix/store/HASH-openssl-3.6.4/lib/libcrypto.so.3)
==3813177==    by 0x4C19DAF: aes128gcm_newctx (in /nix/store/HASH-openssl-3.6.4/lib/libcrypto.so.3)
==3813177==    by 0x4AE067B: evp_cipher_init_internal (in /nix/store/HASH-openssl-3.6.4/lib/libcrypto.so.3)
==3813177==    by 0x123DC2F: crypto.backend_openssl.aeadInit (backend_openssl.zig:551)
==3813177==    by 0x122A49F: init (backend.zig:303)
==3813177==    by 0x122A49F: aead.Context.init (aead.zig:138)
==3813177==    by 0x122A253: RecordLayer.init (RecordLayer.zig:79)
==3813177==    by 0x12132E3: hkdf.Hkdf(crypto.hmac.Hmac(crypto.sha2.Sha2x32(.{ 1779033703, 3144134277, 1013904242, 2773480762, 1359893119, 2600822924, 528734635, 1541459225 },256))).makeRecordLayer (hkdf.zig:237)
==3813177==    by 0x121F7A7: ClientHandshake.Suite.deriveHandshakeKeys (ClientHandshake.zig:511)
==3813177==    by 0x121C18F: ClientHandshake.processServerHello (ClientHandshake.zig:1618)
==3813177==    by 0x14A510B: ClientHandshake.test.processFlight: RFC 8448 §3 flight split one message per record (ClientHandshake.zig:2806)
==3813177== 
==3813177== 960 bytes in 1 blocks are indirectly lost in loss record 77 of 578
==3813177==    at 0x4885E30: malloc (in /nix/store/HASH-valgrind-3.27.1/libexec/valgrind/vgpreload_memcheck-arm64-linux.so)
==3813177==    by 0x4B1FDE7: CRYPTO_malloc (in /nix/store/HASH-openssl-3.6.4/lib/libcrypto.so.3)
==3813177==    by 0x4B20053: CRYPTO_zalloc (in /nix/store/HASH-openssl-3.6.4/lib/libcrypto.so.3)
==3813177==    by 0x4C19DAF: aes128gcm_newctx (in /nix/store/HASH-openssl-3.6.4/lib/libcrypto.so.3)
==3813177==    by 0x4AE067B: evp_cipher_init_internal (in /nix/store/HASH-openssl-3.6.4/lib/libcrypto.so.3)
==3813177==    by 0x123DAE3: crypto.backend_openssl.aeadInit (backend_openssl.zig:544)
==3813177==    by 0x122A49F: init (backend.zig:303)
==3813177==    by 0x122A49F: aead.Context.init (aead.zig:138)
==3813177==    by 0x122A253: RecordLayer.init (RecordLayer.zig:79)
==3813177==    by 0x12132E3: hkdf.Hkdf(crypto.hmac.Hmac(crypto.sha2.Sha2x32(.{ 1779033703, 3144134277, 1013904242, 2773480762, 1359893119, 2600822924, 528734635, 1541459225 },256))).makeRecordLayer (hkdf.zig:237)
==3813177==    by 0x121F843: ClientHandshake.Suite.deriveHandshakeKeys (ClientHandshake.zig:513)
==3813177==    by 0x121C18F: ClientHandshake.processServerHello (ClientHandshake.zig:1618)
==3813177==    by 0x14A510B: ClientHandshake.test.processFlight: RFC 8448 §3 flight split one message per record (ClientHandshake.zig:2806)
==3813177== 
==3813177== 960 bytes in 1 blocks are indirectly lost in loss record 78 of 578
==3813177==    at 0x4885E30: malloc (in /nix/store/HASH-valgrind-3.27.1/libexec/valgrind/vgpreload_memcheck-arm64-linux.so)
==3813177==    by 0x4B1FDE7: CRYPTO_malloc (in /nix/store/HASH-openssl-3.6.4/lib/libcrypto.so.3)
==3813177==    by 0x4B20053: CRYPTO_zalloc (in /nix/store/HASH-openssl-3.6.4/lib/libcrypto.so.3)
==3813177==    by 0x4C19DAF: aes128gcm_newctx (in /nix/store/HASH-openssl-3.6.4/lib/libcrypto.so.3)
==3813177==    by 0x4AE067B: evp_cipher_init_internal (in /nix/store/HASH-openssl-3.6.4/lib/libcrypto.so.3)
==3813177==    by 0x123DC2F: crypto.backend_openssl.aeadInit (backend_openssl.zig:551)
==3813177==    by 0x122A49F: init (backend.zig:303)
==3813177==    by 0x122A49F: aead.Context.init (aead.zig:138)
==3813177==    by 0x122A253: RecordLayer.init (RecordLayer.zig:79)
==3813177==    by 0x12132E3: hkdf.Hkdf(crypto.hmac.Hmac(crypto.sha2.Sha2x32(.{ 1779033703, 3144134277, 1013904242, 2773480762, 1359893119, 2600822924, 528734635, 1541459225 },256))).makeRecordLayer (hkdf.zig:237)
==3813177==    by 0x121F843: ClientHandshake.Suite.deriveHandshakeKeys (ClientHandshake.zig:513)
==3813177==    by 0x121C18F: ClientHandshake.processServerHello (ClientHandshake.zig:1618)
==3813177==    by 0x14A510B: ClientHandshake.test.processFlight: RFC 8448 §3 flight split one message per record (ClientHandshake.zig:2806)
==3813177== 
==3813177== 960 bytes in 1 blocks are indirectly lost in loss record 79 of 578
==3813177==    at 0x4885E30: malloc (in /nix/store/HASH-valgrind-3.27.1/libexec/valgrind/vgpreload_memcheck-arm64-linux.so)
==3813177==    by 0x4B1FDE7: CRYPTO_malloc (in /nix/store/HASH-openssl-3.6.4/lib/libcrypto.so.3)
==3813177==    by 0x4B20053: CRYPTO_zalloc (in /nix/store/HASH-openssl-3.6.4/lib/libcrypto.so.3)
==3813177==    by 0x4C19DAF: aes128gcm_newctx (in /nix/store/HASH-openssl-3.6.4/lib/libcrypto.so.3)
==3813177==    by 0x4AE067B: evp_cipher_init_internal (in /nix/store/HASH-openssl-3.6.4/lib/libcrypto.so.3)
==3813177==    by 0x123DAE3: crypto.backend_openssl.aeadInit (backend_openssl.zig:544)
==3813177==    by 0x122A49F: init (backend.zig:303)
==3813177==    by 0x122A49F: aead.Context.init (aead.zig:138)
==3813177==    by 0x122A253: RecordLayer.init (RecordLayer.zig:79)
==3813177==    by 0x12132E3: hkdf.Hkdf(crypto.hmac.Hmac(crypto.sha2.Sha2x32(.{ 1779033703, 3144134277, 1013904242, 2773480762, 1359893119, 2600822924, 528734635, 1541459225 },256))).makeRecordLayer (hkdf.zig:237)
==3813177==    by 0x1222A67: ClientHandshake.Suite.finishHandshake (ClientHandshake.zig:448)
==3813177==    by 0x1221D0F: ClientHandshake.clientFinished (ClientHandshake.zig:2000)
==3813177==    by 0x14B1EBB: ClientHandshake.test.clientFinished: RFC 8448 §3 emits Finished and upgrades to app keys (ClientHandshake.zig:3256)
==3813177== 
==3813177== 960 bytes in 1 blocks are indirectly lost in loss record 80 of 578
==3813177==    at 0x4885E30: malloc (in /nix/store/HASH-valgrind-3.27.1/libexec/valgrind/vgpreload_memcheck-arm64-linux.so)
==3813177==    by 0x4B1FDE7: CRYPTO_malloc (in /nix/store/HASH-openssl-3.6.4/lib/libcrypto.so.3)
==3813177==    by 0x4B20053: CRYPTO_zalloc (in /nix/store/HASH-openssl-3.6.4/lib/libcrypto.so.3)
==3813177==    by 0x4C19DAF: aes128gcm_newctx (in /nix/store/HASH-openssl-3.6.4/lib/libcrypto.so.3)
==3813177==    by 0x4AE067B: evp_cipher_init_internal (in /nix/store/HASH-openssl-3.6.4/lib/libcrypto.so.3)
==3813177==    by 0x123DC2F: crypto.backend_openssl.aeadInit (backend_openssl.zig:551)
==3813177==    by 0x122A49F: init (backend.zig:303)
==3813177==    by 0x122A49F: aead.Context.init (aead.zig:138)
==3813177==    by 0x122A253: RecordLayer.init (RecordLayer.zig:79)
==3813177==    by 0x12132E3: hkdf.Hkdf(crypto.hmac.Hmac(crypto.sha2.Sha2x32(.{ 1779033703, 3144134277, 1013904242, 2773480762, 1359893119, 2600822924, 528734635, 1541459225 },256))).makeRecordLayer (hkdf.zig:237)
==3813177==    by 0x1222A67: ClientHandshake.Suite.finishHandshake (ClientHandshake.zig:448)
==3813177==    by 0x1221D0F: ClientHandshake.clientFinished (ClientHandshake.zig:2000)
==3813177==    by 0x14B1EBB: ClientHandshake.test.clientFinished: RFC 8448 §3 emits Finished and upgrades to app keys (ClientHandshake.zig:3256)
==3813177== 
==3813177== 960 bytes in 1 blocks are indirectly lost in loss record 81 of 578
==3813177==    at 0x4885E30: malloc (in /nix/store/HASH-valgrind-3.27.1/libexec/valgrind/vgpreload_memcheck-arm64-linux.so)
==3813177==    by 0x4B1FDE7: CRYPTO_malloc (in /nix/store/HASH-openssl-3.6.4/lib/libcrypto.so.3)
==3813177==    by 0x4B20053: CRYPTO_zalloc (in /nix/store/HASH-openssl-3.6.4/lib/libcrypto.so.3)
==3813177==    by 0x4C19DAF: aes128gcm_newctx (in /nix/store/HASH-openssl-3.6.4/lib/libcrypto.so.3)
==3813177==    by 0x4AE067B: evp_cipher_init_internal (in /nix/store/HASH-openssl-3.6.4/lib/libcrypto.so.3)
==3813177==    by 0x123DAE3: crypto.backend_openssl.aeadInit (backend_openssl.zig:544)
==3813177==    by 0x122A49F: init (backend.zig:303)
==3813177==    by 0x122A49F: aead.Context.init (aead.zig:138)
==3813177==    by 0x122A253: RecordLayer.init (RecordLayer.zig:79)
==3813177==    by 0x12132E3: hkdf.Hkdf(crypto.hmac.Hmac(crypto.sha2.Sha2x32(.{ 1779033703, 3144134277, 1013904242, 2773480762, 1359893119, 2600822924, 528734635, 1541459225 },256))).makeRecordLayer (hkdf.zig:237)
==3813177==    by 0x1222ADB: ClientHandshake.Suite.finishHandshake (ClientHandshake.zig:450)
==3813177==    by 0x1221D0F: ClientHandshake.clientFinished (ClientHandshake.zig:2000)
==3813177==    by 0x14B1EBB: ClientHandshake.test.clientFinished: RFC 8448 §3 emits Finished and upgrades to app keys (ClientHandshake.zig:3256)
==3813177== 
==3813177== 960 bytes in 1 blocks are indirectly lost in loss record 82 of 578
==3813177==    at 0x4885E30: malloc (in /nix/store/HASH-valgrind-3.27.1/libexec/valgrind/vgpreload_memcheck-arm64-linux.so)
==3813177==    by 0x4B1FDE7: CRYPTO_malloc (in /nix/store/HASH-openssl-3.6.4/lib/libcrypto.so.3)
==3813177==    by 0x4B20053: CRYPTO_zalloc (in /nix/store/HASH-openssl-3.6.4/lib/libcrypto.so.3)
==3813177==    by 0x4C19DAF: aes128gcm_newctx (in /nix/store/HASH-openssl-3.6.4/lib/libcrypto.so.3)
==3813177==    by 0x4AE067B: evp_cipher_init_internal (in /nix/store/HASH-openssl-3.6.4/lib/libcrypto.so.3)
==3813177==    by 0x123DC2F: crypto.backend_openssl.aeadInit (backend_openssl.zig:551)
==3813177==    by 0x122A49F: init (backend.zig:303)
==3813177==    by 0x122A49F: aead.Context.init (aead.zig:138)
==3813177==    by 0x122A253: RecordLayer.init (RecordLayer.zig:79)
==3813177==    by 0x12132E3: hkdf.Hkdf(crypto.hmac.Hmac(crypto.sha2.Sha2x32(.{ 1779033703, 3144134277, 1013904242, 2773480762, 1359893119, 2600822924, 528734635, 1541459225 },256))).makeRecordLayer (hkdf.zig:237)
==3813177==    by 0x1222ADB: ClientHandshake.Suite.finishHandshake (ClientHandshake.zig:450)
==3813177==    by 0x1221D0F: ClientHandshake.clientFinished (ClientHandshake.zig:2000)
==3813177==    by 0x14B1EBB: ClientHandshake.test.clientFinished: RFC 8448 §3 emits Finished and upgrades to app keys (ClientHandshake.zig:3256)
==3813177== 
==3813177== 960 bytes in 1 blocks are indirectly lost in loss record 83 of 578
==3813177==    at 0x4885E30: malloc (in /nix/store/HASH-valgrind-3.27.1/libexec/valgrind/vgpreload_memcheck-arm64-linux.so)
==3813177==    by 0x4B1FDE7: CRYPTO_malloc (in /nix/store/HASH-openssl-3.6.4/lib/libcrypto.so.3)
==3813177==    by 0x4B20053: CRYPTO_zalloc (in /nix/store/HASH-openssl-3.6.4/lib/libcrypto.so.3)
==3813177==    by 0x4C19DAF: aes128gcm_newctx (in /nix/store/HASH-openssl-3.6.4/lib/libcrypto.so.3)
==3813177==    by 0x4AE067B: evp_cipher_init_internal (in /nix/store/HASH-openssl-3.6.4/lib/libcrypto.so.3)
==3813177==    by 0x123DAE3: crypto.backend_openssl.aeadInit (backend_openssl.zig:544)
==3813177==    by 0x122A49F: init (backend.zig:303)
==3813177==    by 0x122A49F: aead.Context.init (aead.zig:138)
==3813177==    by 0x122A253: RecordLayer.init (RecordLayer.zig:79)
==3813177==    by 0x12132E3: hkdf.Hkdf(crypto.hmac.Hmac(crypto.sha2.Sha2x32(.{ 1779033703, 3144134277, 1013904242, 2773480762, 1359893119, 2600822924, 528734635, 1541459225 },256))).makeRecordLayer (hkdf.zig:237)
==3813177==    by 0x121F7A7: ClientHandshake.Suite.deriveHandshakeKeys (ClientHandshake.zig:511)
==3813177==    by 0x121C18F: ClientHandshake.processServerHello (ClientHandshake.zig:1618)
==3813177==    by 0x14B251F: ClientHandshake.test.processFlight: accepts CertificateRequest before server Certificate (ClientHandshake.zig:3278)
==3813177== 
==3813177== 960 bytes in 1 blocks are indirectly lost in loss record 84 of 578
==3813177==    at 0x4885E30: malloc (in /nix/store/HASH-valgrind-3.27.1/libexec/valgrind/vgpreload_memcheck-arm64-linux.so)
==3813177==    by 0x4B1FDE7: CRYPTO_malloc (in /nix/store/HASH-openssl-3.6.4/lib/libcrypto.so.3)
==3813177==    by 0x4B20053: CRYPTO_zalloc (in /nix/store/HASH-openssl-3.6.4/lib/libcrypto.so.3)
==3813177==    by 0x4C19DAF: aes128gcm_newctx (in /nix/store/HASH-openssl-3.6.4/lib/libcrypto.so.3)
==3813177==    by 0x4AE067B: evp_cipher_init_internal (in /nix/store/HASH-openssl-3.6.4/lib/libcrypto.so.3)
==3813177==    by 0x123DC2F: crypto.backend_openssl.aeadInit (backend_openssl.zig:551)
==3813177==    by 0x122A49F: init (backend.zig:303)
==3813177==    by 0x122A49F: aead.Context.init (aead.zig:138)
==3813177==    by 0x122A253: RecordLayer.init (RecordLayer.zig:79)
==3813177==    by 0x12132E3: hkdf.Hkdf(crypto.hmac.Hmac(crypto.sha2.Sha2x32(.{ 1779033703, 3144134277, 1013904242, 2773480762, 1359893119, 2600822924, 528734635, 1541459225 },256))).makeRecordLayer (hkdf.zig:237)
==3813177==    by 0x121F7A7: ClientHandshake.Suite.deriveHandshakeKeys (ClientHandshake.zig:511)
==3813177==    by 0x121C18F: ClientHandshake.processServerHello (ClientHandshake.zig:1618)
==3813177==    by 0x14B251F: ClientHandshake.test.processFlight: accepts CertificateRequest before server Certificate (ClientHandshake.zig:3278)
==3813177== 
==3813177== 960 bytes in 1 blocks are indirectly lost in loss record 85 of 578
==3813177==    at 0x4885E30: malloc (in /nix/store/HASH-valgrind-3.27.1/libexec/valgrind/vgpreload_memcheck-arm64-linux.so)
==3813177==    by 0x4B1FDE7: CRYPTO_malloc (in /nix/store/HASH-openssl-3.6.4/lib/libcrypto.so.3)
==3813177==    by 0x4B20053: CRYPTO_zalloc (in /nix/store/HASH-openssl-3.6.4/lib/libcrypto.so.3)
==3813177==    by 0x4C19DAF: aes128gcm_newctx (in /nix/store/HASH-openssl-3.6.4/lib/libcrypto.so.3)
==3813177==    by 0x4AE067B: evp_cipher_init_internal (in /nix/store/HASH-openssl-3.6.4/lib/libcrypto.so.3)
==3813177==    by 0x123DAE3: crypto.backend_openssl.aeadInit (backend_openssl.zig:544)
==3813177==    by 0x122A49F: init (backend.zig:303)
==3813177==    by 0x122A49F: aead.Context.init (aead.zig:138)
==3813177==    by 0x122A253: RecordLayer.init (RecordLayer.zig:79)
==3813177==    by 0x12132E3: hkdf.Hkdf(crypto.hmac.Hmac(crypto.sha2.Sha2x32(.{ 1779033703, 3144134277, 1013904242, 2773480762, 1359893119, 2600822924, 528734635, 1541459225 },256))).makeRecordLayer (hkdf.zig:237)
==3813177==    by 0x121F843: ClientHandshake.Suite.deriveHandshakeKeys (ClientHandshake.zig:513)
==3813177==    by 0x121C18F: ClientHandshake.processServerHello (ClientHandshake.zig:1618)
==3813177==    by 0x14B251F: ClientHandshake.test.processFlight: accepts CertificateRequest before server Certificate (ClientHandshake.zig:3278)
==3813177== 
==3813177== 960 bytes in 1 blocks are indirectly lost in loss record 86 of 578
==3813177==    at 0x4885E30: malloc (in /nix/store/HASH-valgrind-3.27.1/libexec/valgrind/vgpreload_memcheck-arm64-linux.so)
==3813177==    by 0x4B1FDE7: CRYPTO_malloc (in /nix/store/HASH-openssl-3.6.4/lib/libcrypto.so.3)
==3813177==    by 0x4B20053: CRYPTO_zalloc (in /nix/store/HASH-openssl-3.6.4/lib/libcrypto.so.3)
==3813177==    by 0x4C19DAF: aes128gcm_newctx (in /nix/store/HASH-openssl-3.6.4/lib/libcrypto.so.3)
==3813177==    by 0x4AE067B: evp_cipher_init_internal (in /nix/store/HASH-openssl-3.6.4/lib/libcrypto.so.3)
==3813177==    by 0x123DC2F: crypto.backend_openssl.aeadInit (backend_openssl.zig:551)
==3813177==    by 0x122A49F: init (backend.zig:303)
==3813177==    by 0x122A49F: aead.Context.init (aead.zig:138)
==3813177==    by 0x122A253: RecordLayer.init (RecordLayer.zig:79)
==3813177==    by 0x12132E3: hkdf.Hkdf(crypto.hmac.Hmac(crypto.sha2.Sha2x32(.{ 1779033703, 3144134277, 1013904242, 2773480762, 1359893119, 2600822924, 528734635, 1541459225 },256))).makeRecordLayer (hkdf.zig:237)
==3813177==    by 0x121F843: ClientHandshake.Suite.deriveHandshakeKeys (ClientHandshake.zig:513)
==3813177==    by 0x121C18F: ClientHandshake.processServerHello (ClientHandshake.zig:1618)
==3813177==    by 0x14B251F: ClientHandshake.test.processFlight: accepts CertificateRequest before server Certificate (ClientHandshake.zig:3278)
==3813177== 
==3813177== 960 bytes in 1 blocks are indirectly lost in loss record 87 of 578
==3813177==    at 0x4885E30: malloc (in /nix/store/HASH-valgrind-3.27.1/libexec/valgrind/vgpreload_memcheck-arm64-linux.so)
==3813177==    by 0x4B1FDE7: CRYPTO_malloc (in /nix/store/HASH-openssl-3.6.4/lib/libcrypto.so.3)
==3813177==    by 0x4B20053: CRYPTO_zalloc (in /nix/store/HASH-openssl-3.6.4/lib/libcrypto.so.3)
==3813177==    by 0x4C19DAF: aes128gcm_newctx (in /nix/store/HASH-openssl-3.6.4/lib/libcrypto.so.3)
==3813177==    by 0x4AE067B: evp_cipher_init_internal (in /nix/store/HASH-openssl-3.6.4/lib/libcrypto.so.3)
==3813177==    by 0x123DAE3: crypto.backend_openssl.aeadInit (backend_openssl.zig:544)
==3813177==    by 0x122A49F: init (backend.zig:303)
==3813177==    by 0x122A49F: aead.Context.init (aead.zig:138)
==3813177==    by 0x122A253: RecordLayer.init (RecordLayer.zig:79)
==3813177==    by 0x12132E3: hkdf.Hkdf(crypto.hmac.Hmac(crypto.sha2.Sha2x32(.{ 1779033703, 3144134277, 1013904242, 2773480762, 1359893119, 2600822924, 528734635, 1541459225 },256))).makeRecordLayer (hkdf.zig:237)
==3813177==    by 0x121F7A7: ClientHandshake.Suite.deriveHandshakeKeys (ClientHandshake.zig:511)
==3813177==    by 0x121C18F: ClientHandshake.processServerHello (ClientHandshake.zig:1618)
==3813177==    by 0x14B2B27: ClientHandshake.test.processFlight: rejects non-empty handshake CertificateRequest context (ClientHandshake.zig:3300)
==3813177== 
==3813177== 960 bytes in 1 blocks are indirectly lost in loss record 88 of 578
==3813177==    at 0x4885E30: malloc (in /nix/store/HASH-valgrind-3.27.1/libexec/valgrind/vgpreload_memcheck-arm64-linux.so)
==3813177==    by 0x4B1FDE7: CRYPTO_malloc (in /nix/store/HASH-openssl-3.6.4/lib/libcrypto.so.3)
==3813177==    by 0x4B20053: CRYPTO_zalloc (in /nix/store/HASH-openssl-3.6.4/lib/libcrypto.so.3)
==3813177==    by 0x4C19DAF: aes128gcm_newctx (in /nix/store/HASH-openssl-3.6.4/lib/libcrypto.so.3)
==3813177==    by 0x4AE067B: evp_cipher_init_internal (in /nix/store/HASH-openssl-3.6.4/lib/libcrypto.so.3)
==3813177==    by 0x123DC2F: crypto.backend_openssl.aeadInit (backend_openssl.zig:551)
==3813177==    by 0x122A49F: init (backend.zig:303)
==3813177==    by 0x122A49F: aead.Context.init (aead.zig:138)
==3813177==    by 0x122A253: RecordLayer.init (RecordLayer.zig:79)
==3813177==    by 0x12132E3: hkdf.Hkdf(crypto.hmac.Hmac(crypto.sha2.Sha2x32(.{ 1779033703, 3144134277, 1013904242, 2773480762, 1359893119, 2600822924, 528734635, 1541459225 },256))).makeRecordLayer (hkdf.zig:237)
==3813177==    by 0x121F7A7: ClientHandshake.Suite.deriveHandshakeKeys (ClientHandshake.zig:511)
==3813177==    by 0x121C18F: ClientHandshake.processServerHello (ClientHandshake.zig:1618)
==3813177==    by 0x14B2B27: ClientHandshake.test.processFlight: rejects non-empty handshake CertificateRequest context (ClientHandshake.zig:3300)
==3813177== 
==3813177== 960 bytes in 1 blocks are indirectly lost in loss record 89 of 578
==3813177==    at 0x4885E30: malloc (in /nix/store/HASH-valgrind-3.27.1/libexec/valgrind/vgpreload_memcheck-arm64-linux.so)
==3813177==    by 0x4B1FDE7: CRYPTO_malloc (in /nix/store/HASH-openssl-3.6.4/lib/libcrypto.so.3)
==3813177==    by 0x4B20053: CRYPTO_zalloc (in /nix/store/HASH-openssl-3.6.4/lib/libcrypto.so.3)
==3813177==    by 0x4C19DAF: aes128gcm_newctx (in /nix/store/HASH-openssl-3.6.4/lib/libcrypto.so.3)
==3813177==    by 0x4AE067B: evp_cipher_init_internal (in /nix/store/HASH-openssl-3.6.4/lib/libcrypto.so.3)
==3813177==    by 0x123DAE3: crypto.backend_openssl.aeadInit (backend_openssl.zig:544)
==3813177==    by 0x122A49F: init (backend.zig:303)
==3813177==    by 0x122A49F: aead.Context.init (aead.zig:138)
==3813177==    by 0x122A253: RecordLayer.init (RecordLayer.zig:79)
==3813177==    by 0x12132E3: hkdf.Hkdf(crypto.hmac.Hmac(crypto.sha2.Sha2x32(.{ 1779033703, 3144134277, 1013904242, 2773480762, 1359893119, 2600822924, 528734635, 1541459225 },256))).makeRecordLayer (hkdf.zig:237)
==3813177==    by 0x121F843: ClientHandshake.Suite.deriveHandshakeKeys (ClientHandshake.zig:513)
==3813177==    by 0x121C18F: ClientHandshake.processServerHello (ClientHandshake.zig:1618)
==3813177==    by 0x14B2B27: ClientHandshake.test.processFlight: rejects non-empty handshake CertificateRequest context (ClientHandshake.zig:3300)
==3813177== 
==3813177== 960 bytes in 1 blocks are indirectly lost in loss record 90 of 578
==3813177==    at 0x4885E30: malloc (in /nix/store/HASH-valgrind-3.27.1/libexec/valgrind/vgpreload_memcheck-arm64-linux.so)
==3813177==    by 0x4B1FDE7: CRYPTO_malloc (in /nix/store/HASH-openssl-3.6.4/lib/libcrypto.so.3)
==3813177==    by 0x4B20053: CRYPTO_zalloc (in /nix/store/HASH-openssl-3.6.4/lib/libcrypto.so.3)
==3813177==    by 0x4C19DAF: aes128gcm_newctx (in /nix/store/HASH-openssl-3.6.4/lib/libcrypto.so.3)
==3813177==    by 0x4AE067B: evp_cipher_init_internal (in /nix/store/HASH-openssl-3.6.4/lib/libcrypto.so.3)
==3813177==    by 0x123DC2F: crypto.backend_openssl.aeadInit (backend_openssl.zig:551)
==3813177==    by 0x122A49F: init (backend.zig:303)
==3813177==    by 0x122A49F: aead.Context.init (aead.zig:138)
==3813177==    by 0x122A253: RecordLayer.init (RecordLayer.zig:79)
==3813177==    by 0x12132E3: hkdf.Hkdf(crypto.hmac.Hmac(crypto.sha2.Sha2x32(.{ 1779033703, 3144134277, 1013904242, 2773480762, 1359893119, 2600822924, 528734635, 1541459225 },256))).makeRecordLayer (hkdf.zig:237)
==3813177==    by 0x121F843: ClientHandshake.Suite.deriveHandshakeKeys (ClientHandshake.zig:513)
==3813177==    by 0x121C18F: ClientHandshake.processServerHello (ClientHandshake.zig:1618)
==3813177==    by 0x14B2B27: ClientHandshake.test.processFlight: rejects non-empty handshake CertificateRequest context (ClientHandshake.zig:3300)
==3813177== 
==3813177== 960 bytes in 1 blocks are indirectly lost in loss record 91 of 578
==3813177==    at 0x4885E30: malloc (in /nix/store/HASH-valgrind-3.27.1/libexec/valgrind/vgpreload_memcheck-arm64-linux.so)
==3813177==    by 0x4B1FDE7: CRYPTO_malloc (in /nix/store/HASH-openssl-3.6.4/lib/libcrypto.so.3)
==3813177==    by 0x4B20053: CRYPTO_zalloc (in /nix/store/HASH-openssl-3.6.4/lib/libcrypto.so.3)
==3813177==    by 0x4C19DAF: aes128gcm_newctx (in /nix/store/HASH-openssl-3.6.4/lib/libcrypto.so.3)
==3813177==    by 0x4AE067B: evp_cipher_init_internal (in /nix/store/HASH-openssl-3.6.4/lib/libcrypto.so.3)
==3813177==    by 0x123DAE3: crypto.backend_openssl.aeadInit (backend_openssl.zig:544)
==3813177==    by 0x122A49F: init (backend.zig:303)
==3813177==    by 0x122A49F: aead.Context.init (aead.zig:138)
==3813177==    by 0x122A253: RecordLayer.init (RecordLayer.zig:79)
==3813177==    by 0x12132E3: hkdf.Hkdf(crypto.hmac.Hmac(crypto.sha2.Sha2x32(.{ 1779033703, 3144134277, 1013904242, 2773480762, 1359893119, 2600822924, 528734635, 1541459225 },256))).makeRecordLayer (hkdf.zig:237)
==3813177==    by 0x1222A67: ClientHandshake.Suite.finishHandshake (ClientHandshake.zig:448)
==3813177==    by 0x1221D0F: ClientHandshake.clientFinished (ClientHandshake.zig:2000)
==3813177==    by 0x14B32D3: ClientHandshake.test.clientFinished: sends empty Certificate before Finished for CertificateRequest (ClientHandshake.zig:3337)
==3813177== 
==3813177== 960 bytes in 1 blocks are indirectly lost in loss record 92 of 578
==3813177==    at 0x4885E30: malloc (in /nix/store/HASH-valgrind-3.27.1/libexec/valgrind/vgpreload_memcheck-arm64-linux.so)
==3813177==    by 0x4B1FDE7: CRYPTO_malloc (in /nix/store/HASH-openssl-3.6.4/lib/libcrypto.so.3)
==3813177==    by 0x4B20053: CRYPTO_zalloc (in /nix/store/HASH-openssl-3.6.4/lib/libcrypto.so.3)
==3813177==    by 0x4C19DAF: aes128gcm_newctx (in /nix/store/HASH-openssl-3.6.4/lib/libcrypto.so.3)
==3813177==    by 0x4AE067B: evp_cipher_init_internal (in /nix/store/HASH-openssl-3.6.4/lib/libcrypto.so.3)
==3813177==    by 0x123DC2F: crypto.backend_openssl.aeadInit (backend_openssl.zig:551)
==3813177==    by 0x122A49F: init (backend.zig:303)
==3813177==    by 0x122A49F: aead.Context.init (aead.zig:138)
==3813177==    by 0x122A253: RecordLayer.init (RecordLayer.zig:79)
==3813177==    by 0x12132E3: hkdf.Hkdf(crypto.hmac.Hmac(crypto.sha2.Sha2x32(.{ 1779033703, 3144134277, 1013904242, 2773480762, 1359893119, 2600822924, 528734635, 1541459225 },256))).makeRecordLayer (hkdf.zig:237)
==3813177==    by 0x1222A67: ClientHandshake.Suite.finishHandshake (ClientHandshake.zig:448)
==3813177==    by 0x1221D0F: ClientHandshake.clientFinished (ClientHandshake.zig:2000)
==3813177==    by 0x14B32D3: ClientHandshake.test.clientFinished: sends empty Certificate before Finished for CertificateRequest (ClientHandshake.zig:3337)
==3813177== 
==3813177== 960 bytes in 1 blocks are indirectly lost in loss record 93 of 578
==3813177==    at 0x4885E30: malloc (in /nix/store/HASH-valgrind-3.27.1/libexec/valgrind/vgpreload_memcheck-arm64-linux.so)
==3813177==    by 0x4B1FDE7: CRYPTO_malloc (in /nix/store/HASH-openssl-3.6.4/lib/libcrypto.so.3)
==3813177==    by 0x4B20053: CRYPTO_zalloc (in /nix/store/HASH-openssl-3.6.4/lib/libcrypto.so.3)
==3813177==    by 0x4C19DAF: aes128gcm_newctx (in /nix/store/HASH-openssl-3.6.4/lib/libcrypto.so.3)
==3813177==    by 0x4AE067B: evp_cipher_init_internal (in /nix/store/HASH-openssl-3.6.4/lib/libcrypto.so.3)
==3813177==    by 0x123DAE3: crypto.backend_openssl.aeadInit (backend_openssl.zig:544)
==3813177==    by 0x122A49F: init (backend.zig:303)
==3813177==    by 0x122A49F: aead.Context.init (aead.zig:138)
==3813177==    by 0x122A253: RecordLayer.init (RecordLayer.zig:79)
==3813177==    by 0x12132E3: hkdf.Hkdf(crypto.hmac.Hmac(crypto.sha2.Sha2x32(.{ 1779033703, 3144134277, 1013904242, 2773480762, 1359893119, 2600822924, 528734635, 1541459225 },256))).makeRecordLayer (hkdf.zig:237)
==3813177==    by 0x1222ADB: ClientHandshake.Suite.finishHandshake (ClientHandshake.zig:450)
==3813177==    by 0x1221D0F: ClientHandshake.clientFinished (ClientHandshake.zig:2000)
==3813177==    by 0x14B32D3: ClientHandshake.test.clientFinished: sends empty Certificate before Finished for CertificateRequest (ClientHandshake.zig:3337)
==3813177== 
==3813177== 960 bytes in 1 blocks are indirectly lost in loss record 94 of 578
==3813177==    at 0x4885E30: malloc (in /nix/store/HASH-valgrind-3.27.1/libexec/valgrind/vgpreload_memcheck-arm64-linux.so)
==3813177==    by 0x4B1FDE7: CRYPTO_malloc (in /nix/store/HASH-openssl-3.6.4/lib/libcrypto.so.3)
==3813177==    by 0x4B20053: CRYPTO_zalloc (in /nix/store/HASH-openssl-3.6.4/lib/libcrypto.so.3)
==3813177==    by 0x4C19DAF: aes128gcm_newctx (in /nix/store/HASH-openssl-3.6.4/lib/libcrypto.so.3)
==3813177==    by 0x4AE067B: evp_cipher_init_internal (in /nix/store/HASH-openssl-3.6.4/lib/libcrypto.so.3)
==3813177==    by 0x123DC2F: crypto.backend_openssl.aeadInit (backend_openssl.zig:551)
==3813177==    by 0x122A49F: init (backend.zig:303)
==3813177==    by 0x122A49F: aead.Context.init (aead.zig:138)
==3813177==    by 0x122A253: RecordLayer.init (RecordLayer.zig:79)
==3813177==    by 0x12132E3: hkdf.Hkdf(crypto.hmac.Hmac(crypto.sha2.Sha2x32(.{ 1779033703, 3144134277, 1013904242, 2773480762, 1359893119, 2600822924, 528734635, 1541459225 },256))).makeRecordLayer (hkdf.zig:237)
==3813177==    by 0x1222ADB: ClientHandshake.Suite.finishHandshake (ClientHandshake.zig:450)
==3813177==    by 0x1221D0F: ClientHandshake.clientFinished (ClientHandshake.zig:2000)
==3813177==    by 0x14B32D3: ClientHandshake.test.clientFinished: sends empty Certificate before Finished for CertificateRequest (ClientHandshake.zig:3337)
==3813177== 
==3813177== 960 bytes in 1 blocks are indirectly lost in loss record 95 of 578
==3813177==    at 0x4885E30: malloc (in /nix/store/HASH-valgrind-3.27.1/libexec/valgrind/vgpreload_memcheck-arm64-linux.so)
==3813177==    by 0x4B1FDE7: CRYPTO_malloc (in /nix/store/HASH-openssl-3.6.4/lib/libcrypto.so.3)
==3813177==    by 0x4B20053: CRYPTO_zalloc (in /nix/store/HASH-openssl-3.6.4/lib/libcrypto.so.3)
==3813177==    by 0x4C19DAF: aes128gcm_newctx (in /nix/store/HASH-openssl-3.6.4/lib/libcrypto.so.3)
==3813177==    by 0x4AE067B: evp_cipher_init_internal (in /nix/store/HASH-openssl-3.6.4/lib/libcrypto.so.3)
==3813177==    by 0x123DAE3: crypto.backend_openssl.aeadInit (backend_openssl.zig:544)
==3813177==    by 0x122A49F: init (backend.zig:303)
==3813177==    by 0x122A49F: aead.Context.init (aead.zig:138)
==3813177==    by 0x122A253: RecordLayer.init (RecordLayer.zig:79)
==3813177==    by 0x12132E3: hkdf.Hkdf(crypto.hmac.Hmac(crypto.sha2.Sha2x32(.{ 1779033703, 3144134277, 1013904242, 2773480762, 1359893119, 2600822924, 528734635, 1541459225 },256))).makeRecordLayer (hkdf.zig:237)
==3813177==    by 0x1222A67: ClientHandshake.Suite.finishHandshake (ClientHandshake.zig:448)
==3813177==    by 0x1221D0F: ClientHandshake.clientFinished (ClientHandshake.zig:2000)
==3813177==    by 0x14B4567: ClientHandshake.test.clientFinished: empty CertificateRequest with no credentials still finishes (ClientHandshake.zig:3377)
==3813177== 
==3813177== 960 bytes in 1 blocks are indirectly lost in loss record 96 of 578
==3813177==    at 0x4885E30: malloc (in /nix/store/HASH-valgrind-3.27.1/libexec/valgrind/vgpreload_memcheck-arm64-linux.so)
==3813177==    by 0x4B1FDE7: CRYPTO_malloc (in /nix/store/HASH-openssl-3.6.4/lib/libcrypto.so.3)
==3813177==    by 0x4B20053: CRYPTO_zalloc (in /nix/store/HASH-openssl-3.6.4/lib/libcrypto.so.3)
==3813177==    by 0x4C19DAF: aes128gcm_newctx (in /nix/store/HASH-openssl-3.6.4/lib/libcrypto.so.3)
==3813177==    by 0x4AE067B: evp_cipher_init_internal (in /nix/store/HASH-openssl-3.6.4/lib/libcrypto.so.3)
==3813177==    by 0x123DC2F: crypto.backend_openssl.aeadInit (backend_openssl.zig:551)
==3813177==    by 0x122A49F: init (backend.zig:303)
==3813177==    by 0x122A49F: aead.Context.init (aead.zig:138)
==3813177==    by 0x122A253: RecordLayer.init (RecordLayer.zig:79)
==3813177==    by 0x12132E3: hkdf.Hkdf(crypto.hmac.Hmac(crypto.sha2.Sha2x32(.{ 1779033703, 3144134277, 1013904242, 2773480762, 1359893119, 2600822924, 528734635, 1541459225 },256))).makeRecordLayer (hkdf.zig:237)
==3813177==    by 0x1222A67: ClientHandshake.Suite.finishHandshake (ClientHandshake.zig:448)
==3813177==    by 0x1221D0F: ClientHandshake.clientFinished (ClientHandshake.zig:2000)
==3813177==    by 0x14B4567: ClientHandshake.test.clientFinished: empty CertificateRequest with no credentials still finishes (ClientHandshake.zig:3377)
==3813177== 
==3813177== 960 bytes in 1 blocks are indirectly lost in loss record 97 of 578
==3813177==    at 0x4885E30: malloc (in /nix/store/HASH-valgrind-3.27.1/libexec/valgrind/vgpreload_memcheck-arm64-linux.so)
==3813177==    by 0x4B1FDE7: CRYPTO_malloc (in /nix/store/HASH-openssl-3.6.4/lib/libcrypto.so.3)
==3813177==    by 0x4B20053: CRYPTO_zalloc (in /nix/store/HASH-openssl-3.6.4/lib/libcrypto.so.3)
==3813177==    by 0x4C19DAF: aes128gcm_newctx (in /nix/store/HASH-openssl-3.6.4/lib/libcrypto.so.3)
==3813177==    by 0x4AE067B: evp_cipher_init_internal (in /nix/store/HASH-openssl-3.6.4/lib/libcrypto.so.3)
==3813177==    by 0x123DAE3: crypto.backend_openssl.aeadInit (backend_openssl.zig:544)
==3813177==    by 0x122A49F: init (backend.zig:303)
==3813177==    by 0x122A49F: aead.Context.init (aead.zig:138)
==3813177==    by 0x122A253: RecordLayer.init (RecordLayer.zig:79)
==3813177==    by 0x12132E3: hkdf.Hkdf(crypto.hmac.Hmac(crypto.sha2.Sha2x32(.{ 1779033703, 3144134277, 1013904242, 2773480762, 1359893119, 2600822924, 528734635, 1541459225 },256))).makeRecordLayer (hkdf.zig:237)
==3813177==    by 0x1222ADB: ClientHandshake.Suite.finishHandshake (ClientHandshake.zig:450)
==3813177==    by 0x1221D0F: ClientHandshake.clientFinished (ClientHandshake.zig:2000)
==3813177==    by 0x14B4567: ClientHandshake.test.clientFinished: empty CertificateRequest with no credentials still finishes (ClientHandshake.zig:3377)
==3813177== 
==3813177== 960 bytes in 1 blocks are indirectly lost in loss record 98 of 578
==3813177==    at 0x4885E30: malloc (in /nix/store/HASH-valgrind-3.27.1/libexec/valgrind/vgpreload_memcheck-arm64-linux.so)
==3813177==    by 0x4B1FDE7: CRYPTO_malloc (in /nix/store/HASH-openssl-3.6.4/lib/libcrypto.so.3)
==3813177==    by 0x4B20053: CRYPTO_zalloc (in /nix/store/HASH-openssl-3.6.4/lib/libcrypto.so.3)
==3813177==    by 0x4C19DAF: aes128gcm_newctx (in /nix/store/HASH-openssl-3.6.4/lib/libcrypto.so.3)
==3813177==    by 0x4AE067B: evp_cipher_init_internal (in /nix/store/HASH-openssl-3.6.4/lib/libcrypto.so.3)
==3813177==    by 0x123DC2F: crypto.backend_openssl.aeadInit (backend_openssl.zig:551)
==3813177==    by 0x122A49F: init (backend.zig:303)
==3813177==    by 0x122A49F: aead.Context.init (aead.zig:138)
==3813177==    by 0x122A253: RecordLayer.init (RecordLayer.zig:79)
==3813177==    by 0x12132E3: hkdf.Hkdf(crypto.hmac.Hmac(crypto.sha2.Sha2x32(.{ 1779033703, 3144134277, 1013904242, 2773480762, 1359893119, 2600822924, 528734635, 1541459225 },256))).makeRecordLayer (hkdf.zig:237)
==3813177==    by 0x1222ADB: ClientHandshake.Suite.finishHandshake (ClientHandshake.zig:450)
==3813177==    by 0x1221D0F: ClientHandshake.clientFinished (ClientHandshake.zig:2000)
==3813177==    by 0x14B4567: ClientHandshake.test.clientFinished: empty CertificateRequest with no credentials still finishes (ClientHandshake.zig:3377)
==3813177== 
==3813177== 960 bytes in 1 blocks are indirectly lost in loss record 99 of 578
==3813177==    at 0x4885E30: malloc (in /nix/store/HASH-valgrind-3.27.1/libexec/valgrind/vgpreload_memcheck-arm64-linux.so)
==3813177==    by 0x4B1FDE7: CRYPTO_malloc (in /nix/store/HASH-openssl-3.6.4/lib/libcrypto.so.3)
==3813177==    by 0x4B20053: CRYPTO_zalloc (in /nix/store/HASH-openssl-3.6.4/lib/libcrypto.so.3)
==3813177==    by 0x4C19DAF: aes128gcm_newctx (in /nix/store/HASH-openssl-3.6.4/lib/libcrypto.so.3)
==3813177==    by 0x4AE067B: evp_cipher_init_internal (in /nix/store/HASH-openssl-3.6.4/lib/libcrypto.so.3)
==3813177==    by 0x123DAE3: crypto.backend_openssl.aeadInit (backend_openssl.zig:544)
==3813177==    by 0x122A49F: init (backend.zig:303)
==3813177==    by 0x122A49F: aead.Context.init (aead.zig:138)
==3813177==    by 0x122A253: RecordLayer.init (RecordLayer.zig:79)
==3813177==    by 0x12132E3: hkdf.Hkdf(crypto.hmac.Hmac(crypto.sha2.Sha2x32(.{ 1779033703, 3144134277, 1013904242, 2773480762, 1359893119, 2600822924, 528734635, 1541459225 },256))).makeRecordLayer (hkdf.zig:237)
==3813177==    by 0x1222A67: ClientHandshake.Suite.finishHandshake (ClientHandshake.zig:448)
==3813177==    by 0x1221D0F: ClientHandshake.clientFinished (ClientHandshake.zig:2000)
==3813177==    by 0x14B4B2F: ClientHandshake.test.ratchetClientKey: RFC 8446 §7.2 next application write key (ClientHandshake.zig:3405)
==3813177== 
==3813177== 960 bytes in 1 blocks are indirectly lost in loss record 100 of 578
==3813177==    at 0x4885E30: malloc (in /nix/store/HASH-valgrind-3.27.1/libexec/valgrind/vgpreload_memcheck-arm64-linux.so)
==3813177==    by 0x4B1FDE7: CRYPTO_malloc (in /nix/store/HASH-openssl-3.6.4/lib/libcrypto.so.3)
==3813177==    by 0x4B20053: CRYPTO_zalloc (in /nix/store/HASH-openssl-3.6.4/lib/libcrypto.so.3)
==3813177==    by 0x4C19DAF: aes128gcm_newctx (in /nix/store/HASH-openssl-3.6.4/lib/libcrypto.so.3)
==3813177==    by 0x4AE067B: evp_cipher_init_internal (in /nix/store/HASH-openssl-3.6.4/lib/libcrypto.so.3)
==3813177==    by 0x123DC2F: crypto.backend_openssl.aeadInit (backend_openssl.zig:551)
==3813177==    by 0x122A49F: init (backend.zig:303)
==3813177==    by 0x122A49F: aead.Context.init (aead.zig:138)
==3813177==    by 0x122A253: RecordLayer.init (RecordLayer.zig:79)
==3813177==    by 0x12132E3: hkdf.Hkdf(crypto.hmac.Hmac(crypto.sha2.Sha2x32(.{ 1779033703, 3144134277, 1013904242, 2773480762, 1359893119, 2600822924, 528734635, 1541459225 },256))).makeRecordLayer (hkdf.zig:237)
==3813177==    by 0x1222A67: ClientHandshake.Suite.finishHandshake (ClientHandshake.zig:448)
==3813177==    by 0x1221D0F: ClientHandshake.clientFinished (ClientHandshake.zig:2000)
==3813177==    by 0x14B4B2F: ClientHandshake.test.ratchetClientKey: RFC 8446 §7.2 next application write key (ClientHandshake.zig:3405)
==3813177== 
==3813177== 960 bytes in 1 blocks are indirectly lost in loss record 101 of 578
==3813177==    at 0x4885E30: malloc (in /nix/store/HASH-valgrind-3.27.1/libexec/valgrind/vgpreload_memcheck-arm64-linux.so)
==3813177==    by 0x4B1FDE7: CRYPTO_malloc (in /nix/store/HASH-openssl-3.6.4/lib/libcrypto.so.3)
==3813177==    by 0x4B20053: CRYPTO_zalloc (in /nix/store/HASH-openssl-3.6.4/lib/libcrypto.so.3)
==3813177==    by 0x4C19DAF: aes128gcm_newctx (in /nix/store/HASH-openssl-3.6.4/lib/libcrypto.so.3)
==3813177==    by 0x4AE067B: evp_cipher_init_internal (in /nix/store/HASH-openssl-3.6.4/lib/libcrypto.so.3)
==3813177==    by 0x123DAE3: crypto.backend_openssl.aeadInit (backend_openssl.zig:544)
==3813177==    by 0x122A49F: init (backend.zig:303)
==3813177==    by 0x122A49F: aead.Context.init (aead.zig:138)
==3813177==    by 0x122A253: RecordLayer.init (RecordLayer.zig:79)
==3813177==    by 0x12132E3: hkdf.Hkdf(crypto.hmac.Hmac(crypto.sha2.Sha2x32(.{ 1779033703, 3144134277, 1013904242, 2773480762, 1359893119, 2600822924, 528734635, 1541459225 },256))).makeRecordLayer (hkdf.zig:237)
==3813177==    by 0x1222ADB: ClientHandshake.Suite.finishHandshake (ClientHandshake.zig:450)
==3813177==    by 0x1221D0F: ClientHandshake.clientFinished (ClientHandshake.zig:2000)
==3813177==    by 0x14B4B2F: ClientHandshake.test.ratchetClientKey: RFC 8446 §7.2 next application write key (ClientHandshake.zig:3405)
==3813177== 
==3813177== 960 bytes in 1 blocks are indirectly lost in loss record 102 of 578
==3813177==    at 0x4885E30: malloc (in /nix/store/HASH-valgrind-3.27.1/libexec/valgrind/vgpreload_memcheck-arm64-linux.so)
==3813177==    by 0x4B1FDE7: CRYPTO_malloc (in /nix/store/HASH-openssl-3.6.4/lib/libcrypto.so.3)
==3813177==    by 0x4B20053: CRYPTO_zalloc (in /nix/store/HASH-openssl-3.6.4/lib/libcrypto.so.3)
==3813177==    by 0x4C19DAF: aes128gcm_newctx (in /nix/store/HASH-openssl-3.6.4/lib/libcrypto.so.3)
==3813177==    by 0x4AE067B: evp_cipher_init_internal (in /nix/store/HASH-openssl-3.6.4/lib/libcrypto.so.3)
==3813177==    by 0x123DC2F: crypto.backend_openssl.aeadInit (backend_openssl.zig:551)
==3813177==    by 0x122A49F: init (backend.zig:303)
==3813177==    by 0x122A49F: aead.Context.init (aead.zig:138)
==3813177==    by 0x122A253: RecordLayer.init (RecordLayer.zig:79)
==3813177==    by 0x12132E3: hkdf.Hkdf(crypto.hmac.Hmac(crypto.sha2.Sha2x32(.{ 1779033703, 3144134277, 1013904242, 2773480762, 1359893119, 2600822924, 528734635, 1541459225 },256))).makeRecordLayer (hkdf.zig:237)
==3813177==    by 0x1222ADB: ClientHandshake.Suite.finishHandshake (ClientHandshake.zig:450)
==3813177==    by 0x1221D0F: ClientHandshake.clientFinished (ClientHandshake.zig:2000)
==3813177==    by 0x14B4B2F: ClientHandshake.test.ratchetClientKey: RFC 8446 §7.2 next application write key (ClientHandshake.zig:3405)
==3813177== 
==3813177== 960 bytes in 1 blocks are indirectly lost in loss record 103 of 578
==3813177==    at 0x4885E30: malloc (in /nix/store/HASH-valgrind-3.27.1/libexec/valgrind/vgpreload_memcheck-arm64-linux.so)
==3813177==    by 0x4B1FDE7: CRYPTO_malloc (in /nix/store/HASH-openssl-3.6.4/lib/libcrypto.so.3)
==3813177==    by 0x4B20053: CRYPTO_zalloc (in /nix/store/HASH-openssl-3.6.4/lib/libcrypto.so.3)
==3813177==    by 0x4C19DAF: aes128gcm_newctx (in /nix/store/HASH-openssl-3.6.4/lib/libcrypto.so.3)
==3813177==    by 0x4AE067B: evp_cipher_init_internal (in /nix/store/HASH-openssl-3.6.4/lib/libcrypto.so.3)
==3813177==    by 0x123DAE3: crypto.backend_openssl.aeadInit (backend_openssl.zig:544)
==3813177==    by 0x122A49F: init (backend.zig:303)
==3813177==    by 0x122A49F: aead.Context.init (aead.zig:138)
==3813177==    by 0x122A253: RecordLayer.init (RecordLayer.zig:79)
==3813177==    by 0x12132E3: hkdf.Hkdf(crypto.hmac.Hmac(crypto.sha2.Sha2x32(.{ 1779033703, 3144134277, 1013904242, 2773480762, 1359893119, 2600822924, 528734635, 1541459225 },256))).makeRecordLayer (hkdf.zig:237)
==3813177==    by 0x128CB37: suite_state.HashArm(hkdf.Hkdf(crypto.hmac.Hmac(crypto.sha2.Sha2x32(.{ 1779033703, 3144134277, 1013904242, 2773480762, 1359893119, 2600822924, 528734635, 1541459225 },256))),crypto.sha2.Sha2x32(.{ 1779033703, 3144134277, 1013904242, 2773480762, 1359893119, 2600822924, 528734635, 1541459225 },256)).ratchetServerKey (suite_state.zig:75)
==3813177==    by 0x126A6DF: ClientHandshake.Suite.ratchetServerKey (ClientHandshake.zig:476)
==3813177==    by 0x14BE3B3: ClientHandshake.test.handleRecord: NewSessionTicket is surfaced as an event (ClientHandshake.zig:3846)
==3813177== 
==3813177== 960 bytes in 1 blocks are indirectly lost in loss record 104 of 578
==3813177==    at 0x4885E30: malloc (in /nix/store/HASH-valgrind-3.27.1/libexec/valgrind/vgpreload_memcheck-arm64-linux.so)
==3813177==    by 0x4B1FDE7: CRYPTO_malloc (in /nix/store/HASH-openssl-3.6.4/lib/libcrypto.so.3)
==3813177==    by 0x4B20053: CRYPTO_zalloc (in /nix/store/HASH-openssl-3.6.4/lib/libcrypto.so.3)
==3813177==    by 0x4C19DAF: aes128gcm_newctx (in /nix/store/HASH-openssl-3.6.4/lib/libcrypto.so.3)
==3813177==    by 0x4AE067B: evp_cipher_init_internal (in /nix/store/HASH-openssl-3.6.4/lib/libcrypto.so.3)
==3813177==    by 0x123DC2F: crypto.backend_openssl.aeadInit (backend_openssl.zig:551)
==3813177==    by 0x122A49F: init (backend.zig:303)
==3813177==    by 0x122A49F: aead.Context.init (aead.zig:138)
==3813177==    by 0x122A253: RecordLayer.init (RecordLayer.zig:79)
==3813177==    by 0x12132E3: hkdf.Hkdf(crypto.hmac.Hmac(crypto.sha2.Sha2x32(.{ 1779033703, 3144134277, 1013904242, 2773480762, 1359893119, 2600822924, 528734635, 1541459225 },256))).makeRecordLayer (hkdf.zig:237)
==3813177==    by 0x128CB37: suite_state.HashArm(hkdf.Hkdf(crypto.hmac.Hmac(crypto.sha2.Sha2x32(.{ 1779033703, 3144134277, 1013904242, 2773480762, 1359893119, 2600822924, 528734635, 1541459225 },256))),crypto.sha2.Sha2x32(.{ 1779033703, 3144134277, 1013904242, 2773480762, 1359893119, 2600822924, 528734635, 1541459225 },256)).ratchetServerKey (suite_state.zig:75)
==3813177==    by 0x126A6DF: ClientHandshake.Suite.ratchetServerKey (ClientHandshake.zig:476)
==3813177==    by 0x14BE3B3: ClientHandshake.test.handleRecord: NewSessionTicket is surfaced as an event (ClientHandshake.zig:3846)
==3813177== 
==3813177== 960 bytes in 1 blocks are indirectly lost in loss record 105 of 578
==3813177==    at 0x4885E30: malloc (in /nix/store/HASH-valgrind-3.27.1/libexec/valgrind/vgpreload_memcheck-arm64-linux.so)
==3813177==    by 0x4B1FDE7: CRYPTO_malloc (in /nix/store/HASH-openssl-3.6.4/lib/libcrypto.so.3)
==3813177==    by 0x4B20053: CRYPTO_zalloc (in /nix/store/HASH-openssl-3.6.4/lib/libcrypto.so.3)
==3813177==    by 0x4C19DAF: aes128gcm_newctx (in /nix/store/HASH-openssl-3.6.4/lib/libcrypto.so.3)
==3813177==    by 0x4AE067B: evp_cipher_init_internal (in /nix/store/HASH-openssl-3.6.4/lib/libcrypto.so.3)
==3813177==    by 0x123DAE3: crypto.backend_openssl.aeadInit (backend_openssl.zig:544)
==3813177==    by 0x122A49F: init (backend.zig:303)
==3813177==    by 0x122A49F: aead.Context.init (aead.zig:138)
==3813177==    by 0x122A253: RecordLayer.init (RecordLayer.zig:79)
==3813177==    by 0x12132E3: hkdf.Hkdf(crypto.hmac.Hmac(crypto.sha2.Sha2x32(.{ 1779033703, 3144134277, 1013904242, 2773480762, 1359893119, 2600822924, 528734635, 1541459225 },256))).makeRecordLayer (hkdf.zig:237)
==3813177==    by 0x128CB37: suite_state.HashArm(hkdf.Hkdf(crypto.hmac.Hmac(crypto.sha2.Sha2x32(.{ 1779033703, 3144134277, 1013904242, 2773480762, 1359893119, 2600822924, 528734635, 1541459225 },256))),crypto.sha2.Sha2x32(.{ 1779033703, 3144134277, 1013904242, 2773480762, 1359893119, 2600822924, 528734635, 1541459225 },256)).ratchetServerKey (suite_state.zig:75)
==3813177==    by 0x126A6DF: ClientHandshake.Suite.ratchetServerKey (ClientHandshake.zig:476)
==3813177==    by 0x14C53DB: ClientHandshake.test.handleRecord: malformed NewSessionTicket is rejected (ClientHandshake.zig:4355)
==3813177== 
==3813177== 960 bytes in 1 blocks are indirectly lost in loss record 106 of 578
==3813177==    at 0x4885E30: malloc (in /nix/store/HASH-valgrind-3.27.1/libexec/valgrind/vgpreload_memcheck-arm64-linux.so)
==3813177==    by 0x4B1FDE7: CRYPTO_malloc (in /nix/store/HASH-openssl-3.6.4/lib/libcrypto.so.3)
==3813177==    by 0x4B20053: CRYPTO_zalloc (in /nix/store/HASH-openssl-3.6.4/lib/libcrypto.so.3)
==3813177==    by 0x4C19DAF: aes128gcm_newctx (in /nix/store/HASH-openssl-3.6.4/lib/libcrypto.so.3)
==3813177==    by 0x4AE067B: evp_cipher_init_internal (in /nix/store/HASH-openssl-3.6.4/lib/libcrypto.so.3)
==3813177==    by 0x123DC2F: crypto.backend_openssl.aeadInit (backend_openssl.zig:551)
==3813177==    by 0x122A49F: init (backend.zig:303)
==3813177==    by 0x122A49F: aead.Context.init (aead.zig:138)
==3813177==    by 0x122A253: RecordLayer.init (RecordLayer.zig:79)
==3813177==    by 0x12132E3: hkdf.Hkdf(crypto.hmac.Hmac(crypto.sha2.Sha2x32(.{ 1779033703, 3144134277, 1013904242, 2773480762, 1359893119, 2600822924, 528734635, 1541459225 },256))).makeRecordLayer (hkdf.zig:237)
==3813177==    by 0x128CB37: suite_state.HashArm(hkdf.Hkdf(crypto.hmac.Hmac(crypto.sha2.Sha2x32(.{ 1779033703, 3144134277, 1013904242, 2773480762, 1359893119, 2600822924, 528734635, 1541459225 },256))),crypto.sha2.Sha2x32(.{ 1779033703, 3144134277, 1013904242, 2773480762, 1359893119, 2600822924, 528734635, 1541459225 },256)).ratchetServerKey (suite_state.zig:75)
==3813177==    by 0x126A6DF: ClientHandshake.Suite.ratchetServerKey (ClientHandshake.zig:476)
==3813177==    by 0x14C53DB: ClientHandshake.test.handleRecord: malformed NewSessionTicket is rejected (ClientHandshake.zig:4355)
==3813177== 
==3813177== 960 bytes in 1 blocks are indirectly lost in loss record 107 of 578
==3813177==    at 0x4885E30: malloc (in /nix/store/HASH-valgrind-3.27.1/libexec/valgrind/vgpreload_memcheck-arm64-linux.so)
==3813177==    by 0x4B1FDE7: CRYPTO_malloc (in /nix/store/HASH-openssl-3.6.4/lib/libcrypto.so.3)
==3813177==    by 0x4B20053: CRYPTO_zalloc (in /nix/store/HASH-openssl-3.6.4/lib/libcrypto.so.3)
==3813177==    by 0x4C19DAF: aes128gcm_newctx (in /nix/store/HASH-openssl-3.6.4/lib/libcrypto.so.3)
==3813177==    by 0x4AE067B: evp_cipher_init_internal (in /nix/store/HASH-openssl-3.6.4/lib/libcrypto.so.3)
==3813177==    by 0x123DAE3: crypto.backend_openssl.aeadInit (backend_openssl.zig:544)
==3813177==    by 0x122A49F: init (backend.zig:303)
==3813177==    by 0x122A49F: aead.Context.init (aead.zig:138)
==3813177==    by 0x122A253: RecordLayer.init (RecordLayer.zig:79)
==3813177==    by 0x12132E3: hkdf.Hkdf(crypto.hmac.Hmac(crypto.sha2.Sha2x32(.{ 1779033703, 3144134277, 1013904242, 2773480762, 1359893119, 2600822924, 528734635, 1541459225 },256))).makeRecordLayer (hkdf.zig:237)
==3813177==    by 0x121028F: ClientHandshake.startWithPsk (ClientHandshake.zig:945)
==3813177==    by 0x14C853B: ClientHandshake.test.sendEarlyData: unacknowledged write blocks further early data (ClientHandshake.zig:4532)
==3813177==    by 0x13D7EB7: test_runner.main (test_runner.zig:278)
==3813177== 
==3813177== 960 bytes in 1 blocks are indirectly lost in loss record 108 of 578
==3813177==    at 0x4885E30: malloc (in /nix/store/HASH-valgrind-3.27.1/libexec/valgrind/vgpreload_memcheck-arm64-linux.so)
==3813177==    by 0x4B1FDE7: CRYPTO_malloc (in /nix/store/HASH-openssl-3.6.4/lib/libcrypto.so.3)
==3813177==    by 0x4B20053: CRYPTO_zalloc (in /nix/store/HASH-openssl-3.6.4/lib/libcrypto.so.3)
==3813177==    by 0x4C19DAF: aes128gcm_newctx (in /nix/store/HASH-openssl-3.6.4/lib/libcrypto.so.3)
==3813177==    by 0x4AE067B: evp_cipher_init_internal (in /nix/store/HASH-openssl-3.6.4/lib/libcrypto.so.3)
==3813177==    by 0x123DC2F: crypto.backend_openssl.aeadInit (backend_openssl.zig:551)
==3813177==    by 0x122A49F: init (backend.zig:303)
==3813177==    by 0x122A49F: aead.Context.init (aead.zig:138)
==3813177==    by 0x122A253: RecordLayer.init (RecordLayer.zig:79)
==3813177==    by 0x12132E3: hkdf.Hkdf(crypto.hmac.Hmac(crypto.sha2.Sha2x32(.{ 1779033703, 3144134277, 1013904242, 2773480762, 1359893119, 2600822924, 528734635, 1541459225 },256))).makeRecordLayer (hkdf.zig:237)
==3813177==    by 0x121028F: ClientHandshake.startWithPsk (ClientHandshake.zig:945)
==3813177==    by 0x14C853B: ClientHandshake.test.sendEarlyData: unacknowledged write blocks further early data (ClientHandshake.zig:4532)
==3813177==    by 0x13D7EB7: test_runner.main (test_runner.zig:278)
==3813177== 
==3813177== 960 bytes in 1 blocks are indirectly lost in loss record 109 of 578
==3813177==    at 0x4885E30: malloc (in /nix/store/HASH-valgrind-3.27.1/libexec/valgrind/vgpreload_memcheck-arm64-linux.so)
==3813177==    by 0x4B1FDE7: CRYPTO_malloc (in /nix/store/HASH-openssl-3.6.4/lib/libcrypto.so.3)
==3813177==    by 0x4B20053: CRYPTO_zalloc (in /nix/store/HASH-openssl-3.6.4/lib/libcrypto.so.3)
==3813177==    by 0x4C19DAF: aes128gcm_newctx (in /nix/store/HASH-openssl-3.6.4/lib/libcrypto.so.3)
==3813177==    by 0x4AE067B: evp_cipher_init_internal (in /nix/store/HASH-openssl-3.6.4/lib/libcrypto.so.3)
==3813177==    by 0x123DAE3: crypto.backend_openssl.aeadInit (backend_openssl.zig:544)
==3813177==    by 0x122A49F: init (backend.zig:303)
==3813177==    by 0x122A49F: aead.Context.init (aead.zig:138)
==3813177==    by 0x122A253: RecordLayer.init (RecordLayer.zig:79)
==3813177==    by 0x12132E3: hkdf.Hkdf(crypto.hmac.Hmac(crypto.sha2.Sha2x32(.{ 1779033703, 3144134277, 1013904242, 2773480762, 1359893119, 2600822924, 528734635, 1541459225 },256))).makeRecordLayer (hkdf.zig:237)
==3813177==    by 0x121F7A7: ClientHandshake.Suite.deriveHandshakeKeys (ClientHandshake.zig:511)
==3813177==    by 0x121C18F: ClientHandshake.processServerHello (ClientHandshake.zig:1618)
==3813177==    by 0x14D291F: ClientHandshake.test.processServerHello: post-HRR accepts matching ServerHello (ClientHandshake.zig:5171)
==3813177== 
==3813177== 960 bytes in 1 blocks are indirectly lost in loss record 110 of 578
==3813177==    at 0x4885E30: malloc (in /nix/store/HASH-valgrind-3.27.1/libexec/valgrind/vgpreload_memcheck-arm64-linux.so)
==3813177==    by 0x4B1FDE7: CRYPTO_malloc (in /nix/store/HASH-openssl-3.6.4/lib/libcrypto.so.3)
==3813177==    by 0x4B20053: CRYPTO_zalloc (in /nix/store/HASH-openssl-3.6.4/lib/libcrypto.so.3)
==3813177==    by 0x4C19DAF: aes128gcm_newctx (in /nix/store/HASH-openssl-3.6.4/lib/libcrypto.so.3)
==3813177==    by 0x4AE067B: evp_cipher_init_internal (in /nix/store/HASH-openssl-3.6.4/lib/libcrypto.so.3)
==3813177==    by 0x123DC2F: crypto.backend_openssl.aeadInit (backend_openssl.zig:551)
==3813177==    by 0x122A49F: init (backend.zig:303)
==3813177==    by 0x122A49F: aead.Context.init (aead.zig:138)
==3813177==    by 0x122A253: RecordLayer.init (RecordLayer.zig:79)
==3813177==    by 0x12132E3: hkdf.Hkdf(crypto.hmac.Hmac(crypto.sha2.Sha2x32(.{ 1779033703, 3144134277, 1013904242, 2773480762, 1359893119, 2600822924, 528734635, 1541459225 },256))).makeRecordLayer (hkdf.zig:237)
==3813177==    by 0x121F7A7: ClientHandshake.Suite.deriveHandshakeKeys (ClientHandshake.zig:511)
==3813177==    by 0x121C18F: ClientHandshake.processServerHello (ClientHandshake.zig:1618)
==3813177==    by 0x14D291F: ClientHandshake.test.processServerHello: post-HRR accepts matching ServerHello (ClientHandshake.zig:5171)
==3813177== 
==3813177== 960 bytes in 1 blocks are indirectly lost in loss record 111 of 578
==3813177==    at 0x4885E30: malloc (in /nix/store/HASH-valgrind-3.27.1/libexec/valgrind/vgpreload_memcheck-arm64-linux.so)
==3813177==    by 0x4B1FDE7: CRYPTO_malloc (in /nix/store/HASH-openssl-3.6.4/lib/libcrypto.so.3)
==3813177==    by 0x4B20053: CRYPTO_zalloc (in /nix/store/HASH-openssl-3.6.4/lib/libcrypto.so.3)
==3813177==    by 0x4C19DAF: aes128gcm_newctx (in /nix/store/HASH-openssl-3.6.4/lib/libcrypto.so.3)
==3813177==    by 0x4AE067B: evp_cipher_init_internal (in /nix/store/HASH-openssl-3.6.4/lib/libcrypto.so.3)
==3813177==    by 0x123DAE3: crypto.backend_openssl.aeadInit (backend_openssl.zig:544)
==3813177==    by 0x122A49F: init (backend.zig:303)
==3813177==    by 0x122A49F: aead.Context.init (aead.zig:138)
==3813177==    by 0x122A253: RecordLayer.init (RecordLayer.zig:79)
==3813177==    by 0x12132E3: hkdf.Hkdf(crypto.hmac.Hmac(crypto.sha2.Sha2x32(.{ 1779033703, 3144134277, 1013904242, 2773480762, 1359893119, 2600822924, 528734635, 1541459225 },256))).makeRecordLayer (hkdf.zig:237)
==3813177==    by 0x121F843: ClientHandshake.Suite.deriveHandshakeKeys (ClientHandshake.zig:513)
==3813177==    by 0x121C18F: ClientHandshake.processServerHello (ClientHandshake.zig:1618)
==3813177==    by 0x14D291F: ClientHandshake.test.processServerHello: post-HRR accepts matching ServerHello (ClientHandshake.zig:5171)
==3813177== 
==3813177== 960 bytes in 1 blocks are indirectly lost in loss record 112 of 578
==3813177==    at 0x4885E30: malloc (in /nix/store/HASH-valgrind-3.27.1/libexec/valgrind/vgpreload_memcheck-arm64-linux.so)
==3813177==    by 0x4B1FDE7: CRYPTO_malloc (in /nix/store/HASH-openssl-3.6.4/lib/libcrypto.so.3)
==3813177==    by 0x4B20053: CRYPTO_zalloc (in /nix/store/HASH-openssl-3.6.4/lib/libcrypto.so.3)
==3813177==    by 0x4C19DAF: aes128gcm_newctx (in /nix/store/HASH-openssl-3.6.4/lib/libcrypto.so.3)
==3813177==    by 0x4AE067B: evp_cipher_init_internal (in /nix/store/HASH-openssl-3.6.4/lib/libcrypto.so.3)
==3813177==    by 0x123DC2F: crypto.backend_openssl.aeadInit (backend_openssl.zig:551)
==3813177==    by 0x122A49F: init (backend.zig:303)
==3813177==    by 0x122A49F: aead.Context.init (aead.zig:138)
==3813177==    by 0x122A253: RecordLayer.init (RecordLayer.zig:79)
==3813177==    by 0x12132E3: hkdf.Hkdf(crypto.hmac.Hmac(crypto.sha2.Sha2x32(.{ 1779033703, 3144134277, 1013904242, 2773480762, 1359893119, 2600822924, 528734635, 1541459225 },256))).makeRecordLayer (hkdf.zig:237)
==3813177==    by 0x121F843: ClientHandshake.Suite.deriveHandshakeKeys (ClientHandshake.zig:513)
==3813177==    by 0x121C18F: ClientHandshake.processServerHello (ClientHandshake.zig:1618)
==3813177==    by 0x14D291F: ClientHandshake.test.processServerHello: post-HRR accepts matching ServerHello (ClientHandshake.zig:5171)
==3813177== 
==3813177== 960 bytes in 1 blocks are indirectly lost in loss record 113 of 578
==3813177==    at 0x4885E30: malloc (in /nix/store/HASH-valgrind-3.27.1/libexec/valgrind/vgpreload_memcheck-arm64-linux.so)
==3813177==    by 0x4B1FDE7: CRYPTO_malloc (in /nix/store/HASH-openssl-3.6.4/lib/libcrypto.so.3)
==3813177==    by 0x4B20053: CRYPTO_zalloc (in /nix/store/HASH-openssl-3.6.4/lib/libcrypto.so.3)
==3813177==    by 0x4C19DAF: aes128gcm_newctx (in /nix/store/HASH-openssl-3.6.4/lib/libcrypto.so.3)
==3813177==    by 0x4AE067B: evp_cipher_init_internal (in /nix/store/HASH-openssl-3.6.4/lib/libcrypto.so.3)
==3813177==    by 0x123DAE3: crypto.backend_openssl.aeadInit (backend_openssl.zig:544)
==3813177==    by 0x122A49F: init (backend.zig:303)
==3813177==    by 0x122A49F: aead.Context.init (aead.zig:138)
==3813177==    by 0x122A253: RecordLayer.init (RecordLayer.zig:79)
==3813177==    by 0x12132E3: hkdf.Hkdf(crypto.hmac.Hmac(crypto.sha2.Sha2x32(.{ 1779033703, 3144134277, 1013904242, 2773480762, 1359893119, 2600822924, 528734635, 1541459225 },256))).makeRecordLayer (hkdf.zig:237)
==3813177==    by 0x121F7A7: ClientHandshake.Suite.deriveHandshakeKeys (ClientHandshake.zig:511)
==3813177==    by 0x121C18F: ClientHandshake.processServerHello (ClientHandshake.zig:1618)
==3813177==    by 0x1521CEF: ServerHandshake.test.acceptClientHello: emits ServerHello and installs handshake keys (ServerHandshake.zig:3170)
==3813177== 
==3813177== 960 bytes in 1 blocks are indirectly lost in loss record 114 of 578
==3813177==    at 0x4885E30: malloc (in /nix/store/HASH-valgrind-3.27.1/libexec/valgrind/vgpreload_memcheck-arm64-linux.so)
==3813177==    by 0x4B1FDE7: CRYPTO_malloc (in /nix/store/HASH-openssl-3.6.4/lib/libcrypto.so.3)
==3813177==    by 0x4B20053: CRYPTO_zalloc (in /nix/store/HASH-openssl-3.6.4/lib/libcrypto.so.3)
==3813177==    by 0x4C19DAF: aes128gcm_newctx (in /nix/store/HASH-openssl-3.6.4/lib/libcrypto.so.3)
==3813177==    by 0x4AE067B: evp_cipher_init_internal (in /nix/store/HASH-openssl-3.6.4/lib/libcrypto.so.3)
==3813177==    by 0x123DC2F: crypto.backend_openssl.aeadInit (backend_openssl.zig:551)
==3813177==    by 0x122A49F: init (backend.zig:303)
==3813177==    by 0x122A49F: aead.Context.init (aead.zig:138)
==3813177==    by 0x122A253: RecordLayer.init (RecordLayer.zig:79)
==3813177==    by 0x12132E3: hkdf.Hkdf(crypto.hmac.Hmac(crypto.sha2.Sha2x32(.{ 1779033703, 3144134277, 1013904242, 2773480762, 1359893119, 2600822924, 528734635, 1541459225 },256))).makeRecordLayer (hkdf.zig:237)
==3813177==    by 0x121F7A7: ClientHandshake.Suite.deriveHandshakeKeys (ClientHandshake.zig:511)
==3813177==    by 0x121C18F: ClientHandshake.processServerHello (ClientHandshake.zig:1618)
==3813177==    by 0x1521CEF: ServerHandshake.test.acceptClientHello: emits ServerHello and installs handshake keys (ServerHandshake.zig:3170)
==3813177== 
==3813177== 960 bytes in 1 blocks are indirectly lost in loss record 115 of 578
==3813177==    at 0x4885E30: malloc (in /nix/store/HASH-valgrind-3.27.1/libexec/valgrind/vgpreload_memcheck-arm64-linux.so)
==3813177==    by 0x4B1FDE7: CRYPTO_malloc (in /nix/store/HASH-openssl-3.6.4/lib/libcrypto.so.3)
==3813177==    by 0x4B20053: CRYPTO_zalloc (in /nix/store/HASH-openssl-3.6.4/lib/libcrypto.so.3)
==3813177==    by 0x4C19DAF: aes128gcm_newctx (in /nix/store/HASH-openssl-3.6.4/lib/libcrypto.so.3)
==3813177==    by 0x4AE067B: evp_cipher_init_internal (in /nix/store/HASH-openssl-3.6.4/lib/libcrypto.so.3)
==3813177==    by 0x123DAE3: crypto.backend_openssl.aeadInit (backend_openssl.zig:544)
==3813177==    by 0x122A49F: init (backend.zig:303)
==3813177==    by 0x122A49F: aead.Context.init (aead.zig:138)
==3813177==    by 0x122A253: RecordLayer.init (RecordLayer.zig:79)
==3813177==    by 0x12132E3: hkdf.Hkdf(crypto.hmac.Hmac(crypto.sha2.Sha2x32(.{ 1779033703, 3144134277, 1013904242, 2773480762, 1359893119, 2600822924, 528734635, 1541459225 },256))).makeRecordLayer (hkdf.zig:237)
==3813177==    by 0x121F843: ClientHandshake.Suite.deriveHandshakeKeys (ClientHandshake.zig:513)
==3813177==    by 0x121C18F: ClientHandshake.processServerHello (ClientHandshake.zig:1618)
==3813177==    by 0x1521CEF: ServerHandshake.test.acceptClientHello: emits ServerHello and installs handshake keys (ServerHandshake.zig:3170)
==3813177== 
==3813177== 960 bytes in 1 blocks are indirectly lost in loss record 116 of 578
==3813177==    at 0x4885E30: malloc (in /nix/store/HASH-valgrind-3.27.1/libexec/valgrind/vgpreload_memcheck-arm64-linux.so)
==3813177==    by 0x4B1FDE7: CRYPTO_malloc (in /nix/store/HASH-openssl-3.6.4/lib/libcrypto.so.3)
==3813177==    by 0x4B20053: CRYPTO_zalloc (in /nix/store/HASH-openssl-3.6.4/lib/libcrypto.so.3)
==3813177==    by 0x4C19DAF: aes128gcm_newctx (in /nix/store/HASH-openssl-3.6.4/lib/libcrypto.so.3)
==3813177==    by 0x4AE067B: evp_cipher_init_internal (in /nix/store/HASH-openssl-3.6.4/lib/libcrypto.so.3)
==3813177==    by 0x123DC2F: crypto.backend_openssl.aeadInit (backend_openssl.zig:551)
==3813177==    by 0x122A49F: init (backend.zig:303)
==3813177==    by 0x122A49F: aead.Context.init (aead.zig:138)
==3813177==    by 0x122A253: RecordLayer.init (RecordLayer.zig:79)
==3813177==    by 0x12132E3: hkdf.Hkdf(crypto.hmac.Hmac(crypto.sha2.Sha2x32(.{ 1779033703, 3144134277, 1013904242, 2773480762, 1359893119, 2600822924, 528734635, 1541459225 },256))).makeRecordLayer (hkdf.zig:237)
==3813177==    by 0x121F843: ClientHandshake.Suite.deriveHandshakeKeys (ClientHandshake.zig:513)
==3813177==    by 0x121C18F: ClientHandshake.processServerHello (ClientHandshake.zig:1618)
==3813177==    by 0x1521CEF: ServerHandshake.test.acceptClientHello: emits ServerHello and installs handshake keys (ServerHandshake.zig:3170)
==3813177== 
==3813177== 960 bytes in 1 blocks are indirectly lost in loss record 117 of 578
==3813177==    at 0x4885E30: malloc (in /nix/store/HASH-valgrind-3.27.1/libexec/valgrind/vgpreload_memcheck-arm64-linux.so)
==3813177==    by 0x4B1FDE7: CRYPTO_malloc (in /nix/store/HASH-openssl-3.6.4/lib/libcrypto.so.3)
==3813177==    by 0x4B20053: CRYPTO_zalloc (in /nix/store/HASH-openssl-3.6.4/lib/libcrypto.so.3)
==3813177==    by 0x4C19DAF: aes128gcm_newctx (in /nix/store/HASH-openssl-3.6.4/lib/libcrypto.so.3)
==3813177==    by 0x4AE067B: evp_cipher_init_internal (in /nix/store/HASH-openssl-3.6.4/lib/libcrypto.so.3)
==3813177==    by 0x123DAE3: crypto.backend_openssl.aeadInit (backend_openssl.zig:544)
==3813177==    by 0x122A49F: init (backend.zig:303)
==3813177==    by 0x122A49F: aead.Context.init (aead.zig:138)
==3813177==    by 0x122A253: RecordLayer.init (RecordLayer.zig:79)
==3813177==    by 0x12132E3: hkdf.Hkdf(crypto.hmac.Hmac(crypto.sha2.Sha2x32(.{ 1779033703, 3144134277, 1013904242, 2773480762, 1359893119, 2600822924, 528734635, 1541459225 },256))).makeRecordLayer (hkdf.zig:237)
==3813177==    by 0x121F7A7: ClientHandshake.Suite.deriveHandshakeKeys (ClientHandshake.zig:511)
==3813177==    by 0x121C18F: ClientHandshake.processServerHello (ClientHandshake.zig:1618)
==3813177==    by 0x1524C27: ServerHandshake.test.acceptClientHello: negotiates secp384r1 key share (ServerHandshake.zig:3273)
==3813177== 
==3813177== 960 bytes in 1 blocks are indirectly lost in loss record 118 of 578
==3813177==    at 0x4885E30: malloc (in /nix/store/HASH-valgrind-3.27.1/libexec/valgrind/vgpreload_memcheck-arm64-linux.so)
==3813177==    by 0x4B1FDE7: CRYPTO_malloc (in /nix/store/HASH-openssl-3.6.4/lib/libcrypto.so.3)
==3813177==    by 0x4B20053: CRYPTO_zalloc (in /nix/store/HASH-openssl-3.6.4/lib/libcrypto.so.3)
==3813177==    by 0x4C19DAF: aes128gcm_newctx (in /nix/store/HASH-openssl-3.6.4/lib/libcrypto.so.3)
==3813177==    by 0x4AE067B: evp_cipher_init_internal (in /nix/store/HASH-openssl-3.6.4/lib/libcrypto.so.3)
==3813177==    by 0x123DC2F: crypto.backend_openssl.aeadInit (backend_openssl.zig:551)
==3813177==    by 0x122A49F: init (backend.zig:303)
==3813177==    by 0x122A49F: aead.Context.init (aead.zig:138)
==3813177==    by 0x122A253: RecordLayer.init (RecordLayer.zig:79)
==3813177==    by 0x12132E3: hkdf.Hkdf(crypto.hmac.Hmac(crypto.sha2.Sha2x32(.{ 1779033703, 3144134277, 1013904242, 2773480762, 1359893119, 2600822924, 528734635, 1541459225 },256))).makeRecordLayer (hkdf.zig:237)
==3813177==    by 0x121F7A7: ClientHandshake.Suite.deriveHandshakeKeys (ClientHandshake.zig:511)
==3813177==    by 0x121C18F: ClientHandshake.processServerHello (ClientHandshake.zig:1618)
==3813177==    by 0x1524C27: ServerHandshake.test.acceptClientHello: negotiates secp384r1 key share (ServerHandshake.zig:3273)
==3813177== 
==3813177== 960 bytes in 1 blocks are indirectly lost in loss record 119 of 578
==3813177==    at 0x4885E30: malloc (in /nix/store/HASH-valgrind-3.27.1/libexec/valgrind/vgpreload_memcheck-arm64-linux.so)
==3813177==    by 0x4B1FDE7: CRYPTO_malloc (in /nix/store/HASH-openssl-3.6.4/lib/libcrypto.so.3)
==3813177==    by 0x4B20053: CRYPTO_zalloc (in /nix/store/HASH-openssl-3.6.4/lib/libcrypto.so.3)
==3813177==    by 0x4C19DAF: aes128gcm_newctx (in /nix/store/HASH-openssl-3.6.4/lib/libcrypto.so.3)
==3813177==    by 0x4AE067B: evp_cipher_init_internal (in /nix/store/HASH-openssl-3.6.4/lib/libcrypto.so.3)
==3813177==    by 0x123DAE3: crypto.backend_openssl.aeadInit (backend_openssl.zig:544)
==3813177==    by 0x122A49F: init (backend.zig:303)
==3813177==    by 0x122A49F: aead.Context.init (aead.zig:138)
==3813177==    by 0x122A253: RecordLayer.init (RecordLayer.zig:79)
==3813177==    by 0x12132E3: hkdf.Hkdf(crypto.hmac.Hmac(crypto.sha2.Sha2x32(.{ 1779033703, 3144134277, 1013904242, 2773480762, 1359893119, 2600822924, 528734635, 1541459225 },256))).makeRecordLayer (hkdf.zig:237)
==3813177==    by 0x121F843: ClientHandshake.Suite.deriveHandshakeKeys (ClientHandshake.zig:513)
==3813177==    by 0x121C18F: ClientHandshake.processServerHello (ClientHandshake.zig:1618)
==3813177==    by 0x1524C27: ServerHandshake.test.acceptClientHello: negotiates secp384r1 key share (ServerHandshake.zig:3273)
==3813177== 
==3813177== 960 bytes in 1 blocks are indirectly lost in loss record 120 of 578
==3813177==    at 0x4885E30: malloc (in /nix/store/HASH-valgrind-3.27.1/libexec/valgrind/vgpreload_memcheck-arm64-linux.so)
==3813177==    by 0x4B1FDE7: CRYPTO_malloc (in /nix/store/HASH-openssl-3.6.4/lib/libcrypto.so.3)
==3813177==    by 0x4B20053: CRYPTO_zalloc (in /nix/store/HASH-openssl-3.6.4/lib/libcrypto.so.3)
==3813177==    by 0x4C19DAF: aes128gcm_newctx (in /nix/store/HASH-openssl-3.6.4/lib/libcrypto.so.3)
==3813177==    by 0x4AE067B: evp_cipher_init_internal (in /nix/store/HASH-openssl-3.6.4/lib/libcrypto.so.3)
==3813177==    by 0x123DC2F: crypto.backend_openssl.aeadInit (backend_openssl.zig:551)
==3813177==    by 0x122A49F: init (backend.zig:303)
==3813177==    by 0x122A49F: aead.Context.init (aead.zig:138)
==3813177==    by 0x122A253: RecordLayer.init (RecordLayer.zig:79)
==3813177==    by 0x12132E3: hkdf.Hkdf(crypto.hmac.Hmac(crypto.sha2.Sha2x32(.{ 1779033703, 3144134277, 1013904242, 2773480762, 1359893119, 2600822924, 528734635, 1541459225 },256))).makeRecordLayer (hkdf.zig:237)
==3813177==    by 0x121F843: ClientHandshake.Suite.deriveHandshakeKeys (ClientHandshake.zig:513)
==3813177==    by 0x121C18F: ClientHandshake.processServerHello (ClientHandshake.zig:1618)
==3813177==    by 0x1524C27: ServerHandshake.test.acceptClientHello: negotiates secp384r1 key share (ServerHandshake.zig:3273)
==3813177== 
==3813177== 960 bytes in 1 blocks are indirectly lost in loss record 121 of 578
==3813177==    at 0x4885E30: malloc (in /nix/store/HASH-valgrind-3.27.1/libexec/valgrind/vgpreload_memcheck-arm64-linux.so)
==3813177==    by 0x4B1FDE7: CRYPTO_malloc (in /nix/store/HASH-openssl-3.6.4/lib/libcrypto.so.3)
==3813177==    by 0x4B20053: CRYPTO_zalloc (in /nix/store/HASH-openssl-3.6.4/lib/libcrypto.so.3)
==3813177==    by 0x4C19DAF: aes128gcm_newctx (in /nix/store/HASH-openssl-3.6.4/lib/libcrypto.so.3)
==3813177==    by 0x4AE067B: evp_cipher_init_internal (in /nix/store/HASH-openssl-3.6.4/lib/libcrypto.so.3)
==3813177==    by 0x123DAE3: crypto.backend_openssl.aeadInit (backend_openssl.zig:544)
==3813177==    by 0x122A49F: init (backend.zig:303)
==3813177==    by 0x122A49F: aead.Context.init (aead.zig:138)
==3813177==    by 0x122A253: RecordLayer.init (RecordLayer.zig:79)
==3813177==    by 0x12132E3: hkdf.Hkdf(crypto.hmac.Hmac(crypto.sha2.Sha2x32(.{ 1779033703, 3144134277, 1013904242, 2773480762, 1359893119, 2600822924, 528734635, 1541459225 },256))).makeRecordLayer (hkdf.zig:237)
==3813177==    by 0x121F7A7: ClientHandshake.Suite.deriveHandshakeKeys (ClientHandshake.zig:511)
==3813177==    by 0x121C18F: ClientHandshake.processServerHello (ClientHandshake.zig:1618)
==3813177==    by 0x15337B7: ServerHandshake.test.sendAnonymousFlightForTest: client decrypts EncryptedExtensions and Finished (ServerHandshake.zig:4266)
==3813177== 
==3813177== 960 bytes in 1 blocks are indirectly lost in loss record 122 of 578
==3813177==    at 0x4885E30: malloc (in /nix/store/HASH-valgrind-3.27.1/libexec/valgrind/vgpreload_memcheck-arm64-linux.so)
==3813177==    by 0x4B1FDE7: CRYPTO_malloc (in /nix/store/HASH-openssl-3.6.4/lib/libcrypto.so.3)
==3813177==    by 0x4B20053: CRYPTO_zalloc (in /nix/store/HASH-openssl-3.6.4/lib/libcrypto.so.3)
==3813177==    by 0x4C19DAF: aes128gcm_newctx (in /nix/store/HASH-openssl-3.6.4/lib/libcrypto.so.3)
==3813177==    by 0x4AE067B: evp_cipher_init_internal (in /nix/store/HASH-openssl-3.6.4/lib/libcrypto.so.3)
==3813177==    by 0x123DC2F: crypto.backend_openssl.aeadInit (backend_openssl.zig:551)
==3813177==    by 0x122A49F: init (backend.zig:303)
==3813177==    by 0x122A49F: aead.Context.init (aead.zig:138)
==3813177==    by 0x122A253: RecordLayer.init (RecordLayer.zig:79)
==3813177==    by 0x12132E3: hkdf.Hkdf(crypto.hmac.Hmac(crypto.sha2.Sha2x32(.{ 1779033703, 3144134277, 1013904242, 2773480762, 1359893119, 2600822924, 528734635, 1541459225 },256))).makeRecordLayer (hkdf.zig:237)
==3813177==    by 0x121F7A7: ClientHandshake.Suite.deriveHandshakeKeys (ClientHandshake.zig:511)
==3813177==    by 0x121C18F: ClientHandshake.processServerHello (ClientHandshake.zig:1618)
==3813177==    by 0x15337B7: ServerHandshake.test.sendAnonymousFlightForTest: client decrypts EncryptedExtensions and Finished (ServerHandshake.zig:4266)
==3813177== 
==3813177== 960 bytes in 1 blocks are indirectly lost in loss record 123 of 578
==3813177==    at 0x4885E30: malloc (in /nix/store/HASH-valgrind-3.27.1/libexec/valgrind/vgpreload_memcheck-arm64-linux.so)
==3813177==    by 0x4B1FDE7: CRYPTO_malloc (in /nix/store/HASH-openssl-3.6.4/lib/libcrypto.so.3)
==3813177==    by 0x4B20053: CRYPTO_zalloc (in /nix/store/HASH-openssl-3.6.4/lib/libcrypto.so.3)
==3813177==    by 0x4C19DAF: aes128gcm_newctx (in /nix/store/HASH-openssl-3.6.4/lib/libcrypto.so.3)
==3813177==    by 0x4AE067B: evp_cipher_init_internal (in /nix/store/HASH-openssl-3.6.4/lib/libcrypto.so.3)
==3813177==    by 0x123DAE3: crypto.backend_openssl.aeadInit (backend_openssl.zig:544)
==3813177==    by 0x122A49F: init (backend.zig:303)
==3813177==    by 0x122A49F: aead.Context.init (aead.zig:138)
==3813177==    by 0x122A253: RecordLayer.init (RecordLayer.zig:79)
==3813177==    by 0x12132E3: hkdf.Hkdf(crypto.hmac.Hmac(crypto.sha2.Sha2x32(.{ 1779033703, 3144134277, 1013904242, 2773480762, 1359893119, 2600822924, 528734635, 1541459225 },256))).makeRecordLayer (hkdf.zig:237)
==3813177==    by 0x121F843: ClientHandshake.Suite.deriveHandshakeKeys (ClientHandshake.zig:513)
==3813177==    by 0x121C18F: ClientHandshake.processServerHello (ClientHandshake.zig:1618)
==3813177==    by 0x15337B7: ServerHandshake.test.sendAnonymousFlightForTest: client decrypts EncryptedExtensions and Finished (ServerHandshake.zig:4266)
==3813177== 
==3813177== 960 bytes in 1 blocks are indirectly lost in loss record 124 of 578
==3813177==    at 0x4885E30: malloc (in /nix/store/HASH-valgrind-3.27.1/libexec/valgrind/vgpreload_memcheck-arm64-linux.so)
==3813177==    by 0x4B1FDE7: CRYPTO_malloc (in /nix/store/HASH-openssl-3.6.4/lib/libcrypto.so.3)
==3813177==    by 0x4B20053: CRYPTO_zalloc (in /nix/store/HASH-openssl-3.6.4/lib/libcrypto.so.3)
==3813177==    by 0x4C19DAF: aes128gcm_newctx (in /nix/store/HASH-openssl-3.6.4/lib/libcrypto.so.3)
==3813177==    by 0x4AE067B: evp_cipher_init_internal (in /nix/store/HASH-openssl-3.6.4/lib/libcrypto.so.3)
==3813177==    by 0x123DC2F: crypto.backend_openssl.aeadInit (backend_openssl.zig:551)
==3813177==    by 0x122A49F: init (backend.zig:303)
==3813177==    by 0x122A49F: aead.Context.init (aead.zig:138)
==3813177==    by 0x122A253: RecordLayer.init (RecordLayer.zig:79)
==3813177==    by 0x12132E3: hkdf.Hkdf(crypto.hmac.Hmac(crypto.sha2.Sha2x32(.{ 1779033703, 3144134277, 1013904242, 2773480762, 1359893119, 2600822924, 528734635, 1541459225 },256))).makeRecordLayer (hkdf.zig:237)
==3813177==    by 0x121F843: ClientHandshake.Suite.deriveHandshakeKeys (ClientHandshake.zig:513)
==3813177==    by 0x121C18F: ClientHandshake.processServerHello (ClientHandshake.zig:1618)
==3813177==    by 0x15337B7: ServerHandshake.test.sendAnonymousFlightForTest: client decrypts EncryptedExtensions and Finished (ServerHandshake.zig:4266)
==3813177== 
==3813177== 960 bytes in 1 blocks are indirectly lost in loss record 125 of 578
==3813177==    at 0x4885E30: malloc (in /nix/store/HASH-valgrind-3.27.1/libexec/valgrind/vgpreload_memcheck-arm64-linux.so)
==3813177==    by 0x4B1FDE7: CRYPTO_malloc (in /nix/store/HASH-openssl-3.6.4/lib/libcrypto.so.3)
==3813177==    by 0x4B20053: CRYPTO_zalloc (in /nix/store/HASH-openssl-3.6.4/lib/libcrypto.so.3)
==3813177==    by 0x4C19DAF: aes128gcm_newctx (in /nix/store/HASH-openssl-3.6.4/lib/libcrypto.so.3)
==3813177==    by 0x4AE067B: evp_cipher_init_internal (in /nix/store/HASH-openssl-3.6.4/lib/libcrypto.so.3)
==3813177==    by 0x123DAE3: crypto.backend_openssl.aeadInit (backend_openssl.zig:544)
==3813177==    by 0x122A49F: init (backend.zig:303)
==3813177==    by 0x122A49F: aead.Context.init (aead.zig:138)
==3813177==    by 0x122A253: RecordLayer.init (RecordLayer.zig:79)
==3813177==    by 0x12132E3: hkdf.Hkdf(crypto.hmac.Hmac(crypto.sha2.Sha2x32(.{ 1779033703, 3144134277, 1013904242, 2773480762, 1359893119, 2600822924, 528734635, 1541459225 },256))).makeRecordLayer (hkdf.zig:237)
==3813177==    by 0x121F7A7: ClientHandshake.Suite.deriveHandshakeKeys (ClientHandshake.zig:511)
==3813177==    by 0x121C18F: ClientHandshake.processServerHello (ClientHandshake.zig:1618)
==3813177==    by 0x15375BB: ServerHandshake.test.sendAuthenticatedFlight: client decrypts authenticated server flight (ServerHandshake.zig:4459)
==3813177== 
==3813177== 960 bytes in 1 blocks are indirectly lost in loss record 126 of 578
==3813177==    at 0x4885E30: malloc (in /nix/store/HASH-valgrind-3.27.1/libexec/valgrind/vgpreload_memcheck-arm64-linux.so)
==3813177==    by 0x4B1FDE7: CRYPTO_malloc (in /nix/store/HASH-openssl-3.6.4/lib/libcrypto.so.3)
==3813177==    by 0x4B20053: CRYPTO_zalloc (in /nix/store/HASH-openssl-3.6.4/lib/libcrypto.so.3)
==3813177==    by 0x4C19DAF: aes128gcm_newctx (in /nix/store/HASH-openssl-3.6.4/lib/libcrypto.so.3)
==3813177==    by 0x4AE067B: evp_cipher_init_internal (in /nix/store/HASH-openssl-3.6.4/lib/libcrypto.so.3)
==3813177==    by 0x123DC2F: crypto.backend_openssl.aeadInit (backend_openssl.zig:551)
==3813177==    by 0x122A49F: init (backend.zig:303)
==3813177==    by 0x122A49F: aead.Context.init (aead.zig:138)
==3813177==    by 0x122A253: RecordLayer.init (RecordLayer.zig:79)
==3813177==    by 0x12132E3: hkdf.Hkdf(crypto.hmac.Hmac(crypto.sha2.Sha2x32(.{ 1779033703, 3144134277, 1013904242, 2773480762, 1359893119, 2600822924, 528734635, 1541459225 },256))).makeRecordLayer (hkdf.zig:237)
==3813177==    by 0x121F7A7: ClientHandshake.Suite.deriveHandshakeKeys (ClientHandshake.zig:511)
==3813177==    by 0x121C18F: ClientHandshake.processServerHello (ClientHandshake.zig:1618)
==3813177==    by 0x15375BB: ServerHandshake.test.sendAuthenticatedFlight: client decrypts authenticated server flight (ServerHandshake.zig:4459)
==3813177== 
==3813177== 960 bytes in 1 blocks are indirectly lost in loss record 127 of 578
==3813177==    at 0x4885E30: malloc (in /nix/store/HASH-valgrind-3.27.1/libexec/valgrind/vgpreload_memcheck-arm64-linux.so)
==3813177==    by 0x4B1FDE7: CRYPTO_malloc (in /nix/store/HASH-openssl-3.6.4/lib/libcrypto.so.3)
==3813177==    by 0x4B20053: CRYPTO_zalloc (in /nix/store/HASH-openssl-3.6.4/lib/libcrypto.so.3)
==3813177==    by 0x4C19DAF: aes128gcm_newctx (in /nix/store/HASH-openssl-3.6.4/lib/libcrypto.so.3)
==3813177==    by 0x4AE067B: evp_cipher_init_internal (in /nix/store/HASH-openssl-3.6.4/lib/libcrypto.so.3)
==3813177==    by 0x123DAE3: crypto.backend_openssl.aeadInit (backend_openssl.zig:544)
==3813177==    by 0x122A49F: init (backend.zig:303)
==3813177==    by 0x122A49F: aead.Context.init (aead.zig:138)
==3813177==    by 0x122A253: RecordLayer.init (RecordLayer.zig:79)
==3813177==    by 0x12132E3: hkdf.Hkdf(crypto.hmac.Hmac(crypto.sha2.Sha2x32(.{ 1779033703, 3144134277, 1013904242, 2773480762, 1359893119, 2600822924, 528734635, 1541459225 },256))).makeRecordLayer (hkdf.zig:237)
==3813177==    by 0x121F843: ClientHandshake.Suite.deriveHandshakeKeys (ClientHandshake.zig:513)
==3813177==    by 0x121C18F: ClientHandshake.processServerHello (ClientHandshake.zig:1618)
==3813177==    by 0x15375BB: ServerHandshake.test.sendAuthenticatedFlight: client decrypts authenticated server flight (ServerHandshake.zig:4459)
==3813177== 
==3813177== 960 bytes in 1 blocks are indirectly lost in loss record 128 of 578
==3813177==    at 0x4885E30: malloc (in /nix/store/HASH-valgrind-3.27.1/libexec/valgrind/vgpreload_memcheck-arm64-linux.so)
==3813177==    by 0x4B1FDE7: CRYPTO_malloc (in /nix/store/HASH-openssl-3.6.4/lib/libcrypto.so.3)
==3813177==    by 0x4B20053: CRYPTO_zalloc (in /nix/store/HASH-openssl-3.6.4/lib/libcrypto.so.3)
==3813177==    by 0x4C19DAF: aes128gcm_newctx (in /nix/store/HASH-openssl-3.6.4/lib/libcrypto.so.3)
==3813177==    by 0x4AE067B: evp_cipher_init_internal (in /nix/store/HASH-openssl-3.6.4/lib/libcrypto.so.3)
==3813177==    by 0x123DC2F: crypto.backend_openssl.aeadInit (backend_openssl.zig:551)
==3813177==    by 0x122A49F: init (backend.zig:303)
==3813177==    by 0x122A49F: aead.Context.init (aead.zig:138)
==3813177==    by 0x122A253: RecordLayer.init (RecordLayer.zig:79)
==3813177==    by 0x12132E3: hkdf.Hkdf(crypto.hmac.Hmac(crypto.sha2.Sha2x32(.{ 1779033703, 3144134277, 1013904242, 2773480762, 1359893119, 2600822924, 528734635, 1541459225 },256))).makeRecordLayer (hkdf.zig:237)
==3813177==    by 0x121F843: ClientHandshake.Suite.deriveHandshakeKeys (ClientHandshake.zig:513)
==3813177==    by 0x121C18F: ClientHandshake.processServerHello (ClientHandshake.zig:1618)
==3813177==    by 0x15375BB: ServerHandshake.test.sendAuthenticatedFlight: client decrypts authenticated server flight (ServerHandshake.zig:4459)
==3813177== 
==3813177== 960 bytes in 1 blocks are indirectly lost in loss record 129 of 578
==3813177==    at 0x4885E30: malloc (in /nix/store/HASH-valgrind-3.27.1/libexec/valgrind/vgpreload_memcheck-arm64-linux.so)
==3813177==    by 0x4B1FDE7: CRYPTO_malloc (in /nix/store/HASH-openssl-3.6.4/lib/libcrypto.so.3)
==3813177==    by 0x4B20053: CRYPTO_zalloc (in /nix/store/HASH-openssl-3.6.4/lib/libcrypto.so.3)
==3813177==    by 0x4C19DAF: aes128gcm_newctx (in /nix/store/HASH-openssl-3.6.4/lib/libcrypto.so.3)
==3813177==    by 0x4AE067B: evp_cipher_init_internal (in /nix/store/HASH-openssl-3.6.4/lib/libcrypto.so.3)
==3813177==    by 0x123DAE3: crypto.backend_openssl.aeadInit (backend_openssl.zig:544)
==3813177==    by 0x122A49F: init (backend.zig:303)
==3813177==    by 0x122A49F: aead.Context.init (aead.zig:138)
==3813177==    by 0x122A253: RecordLayer.init (RecordLayer.zig:79)
==3813177==    by 0x12132E3: hkdf.Hkdf(crypto.hmac.Hmac(crypto.sha2.Sha2x32(.{ 1779033703, 3144134277, 1013904242, 2773480762, 1359893119, 2600822924, 528734635, 1541459225 },256))).makeRecordLayer (hkdf.zig:237)
==3813177==    by 0x121F7A7: ClientHandshake.Suite.deriveHandshakeKeys (ClientHandshake.zig:511)
==3813177==    by 0x121C18F: ClientHandshake.processServerHello (ClientHandshake.zig:1618)
==3813177==    by 0x1538917: ServerHandshake.test.sendAuthenticatedFlight: optional client auth sends CertificateRequest (ServerHandshake.zig:4514)
==3813177== 
==3813177== 960 bytes in 1 blocks are indirectly lost in loss record 130 of 578
==3813177==    at 0x4885E30: malloc (in /nix/store/HASH-valgrind-3.27.1/libexec/valgrind/vgpreload_memcheck-arm64-linux.so)
==3813177==    by 0x4B1FDE7: CRYPTO_malloc (in /nix/store/HASH-openssl-3.6.4/lib/libcrypto.so.3)
==3813177==    by 0x4B20053: CRYPTO_zalloc (in /nix/store/HASH-openssl-3.6.4/lib/libcrypto.so.3)
==3813177==    by 0x4C19DAF: aes128gcm_newctx (in /nix/store/HASH-openssl-3.6.4/lib/libcrypto.so.3)
==3813177==    by 0x4AE067B: evp_cipher_init_internal (in /nix/store/HASH-openssl-3.6.4/lib/libcrypto.so.3)
==3813177==    by 0x123DC2F: crypto.backend_openssl.aeadInit (backend_openssl.zig:551)
==3813177==    by 0x122A49F: init (backend.zig:303)
==3813177==    by 0x122A49F: aead.Context.init (aead.zig:138)
==3813177==    by 0x122A253: RecordLayer.init (RecordLayer.zig:79)
==3813177==    by 0x12132E3: hkdf.Hkdf(crypto.hmac.Hmac(crypto.sha2.Sha2x32(.{ 1779033703, 3144134277, 1013904242, 2773480762, 1359893119, 2600822924, 528734635, 1541459225 },256))).makeRecordLayer (hkdf.zig:237)
==3813177==    by 0x121F7A7: ClientHandshake.Suite.deriveHandshakeKeys (ClientHandshake.zig:511)
==3813177==    by 0x121C18F: ClientHandshake.processServerHello (ClientHandshake.zig:1618)
==3813177==    by 0x1538917: ServerHandshake.test.sendAuthenticatedFlight: optional client auth sends CertificateRequest (ServerHandshake.zig:4514)
==3813177== 
==3813177== 960 bytes in 1 blocks are indirectly lost in loss record 131 of 578
==3813177==    at 0x4885E30: malloc (in /nix/store/HASH-valgrind-3.27.1/libexec/valgrind/vgpreload_memcheck-arm64-linux.so)
==3813177==    by 0x4B1FDE7: CRYPTO_malloc (in /nix/store/HASH-openssl-3.6.4/lib/libcrypto.so.3)
==3813177==    by 0x4B20053: CRYPTO_zalloc (in /nix/store/HASH-openssl-3.6.4/lib/libcrypto.so.3)
==3813177==    by 0x4C19DAF: aes128gcm_newctx (in /nix/store/HASH-openssl-3.6.4/lib/libcrypto.so.3)
==3813177==    by 0x4AE067B: evp_cipher_init_internal (in /nix/store/HASH-openssl-3.6.4/lib/libcrypto.so.3)
==3813177==    by 0x123DAE3: crypto.backend_openssl.aeadInit (backend_openssl.zig:544)
==3813177==    by 0x122A49F: init (backend.zig:303)
==3813177==    by 0x122A49F: aead.Context.init (aead.zig:138)
==3813177==    by 0x122A253: RecordLayer.init (RecordLayer.zig:79)
==3813177==    by 0x12132E3: hkdf.Hkdf(crypto.hmac.Hmac(crypto.sha2.Sha2x32(.{ 1779033703, 3144134277, 1013904242, 2773480762, 1359893119, 2600822924, 528734635, 1541459225 },256))).makeRecordLayer (hkdf.zig:237)
==3813177==    by 0x121F843: ClientHandshake.Suite.deriveHandshakeKeys (ClientHandshake.zig:513)
==3813177==    by 0x121C18F: ClientHandshake.processServerHello (ClientHandshake.zig:1618)
==3813177==    by 0x1538917: ServerHandshake.test.sendAuthenticatedFlight: optional client auth sends CertificateRequest (ServerHandshake.zig:4514)
==3813177== 
==3813177== 960 bytes in 1 blocks are indirectly lost in loss record 132 of 578
==3813177==    at 0x4885E30: malloc (in /nix/store/HASH-valgrind-3.27.1/libexec/valgrind/vgpreload_memcheck-arm64-linux.so)
==3813177==    by 0x4B1FDE7: CRYPTO_malloc (in /nix/store/HASH-openssl-3.6.4/lib/libcrypto.so.3)
==3813177==    by 0x4B20053: CRYPTO_zalloc (in /nix/store/HASH-openssl-3.6.4/lib/libcrypto.so.3)
==3813177==    by 0x4C19DAF: aes128gcm_newctx (in /nix/store/HASH-openssl-3.6.4/lib/libcrypto.so.3)
==3813177==    by 0x4AE067B: evp_cipher_init_internal (in /nix/store/HASH-openssl-3.6.4/lib/libcrypto.so.3)
==3813177==    by 0x123DC2F: crypto.backend_openssl.aeadInit (backend_openssl.zig:551)
==3813177==    by 0x122A49F: init (backend.zig:303)
==3813177==    by 0x122A49F: aead.Context.init (aead.zig:138)
==3813177==    by 0x122A253: RecordLayer.init (RecordLayer.zig:79)
==3813177==    by 0x12132E3: hkdf.Hkdf(crypto.hmac.Hmac(crypto.sha2.Sha2x32(.{ 1779033703, 3144134277, 1013904242, 2773480762, 1359893119, 2600822924, 528734635, 1541459225 },256))).makeRecordLayer (hkdf.zig:237)
==3813177==    by 0x121F843: ClientHandshake.Suite.deriveHandshakeKeys (ClientHandshake.zig:513)
==3813177==    by 0x121C18F: ClientHandshake.processServerHello (ClientHandshake.zig:1618)
==3813177==    by 0x1538917: ServerHandshake.test.sendAuthenticatedFlight: optional client auth sends CertificateRequest (ServerHandshake.zig:4514)
==3813177== 
==3813177== 960 bytes in 1 blocks are indirectly lost in loss record 133 of 578
==3813177==    at 0x4885E30: malloc (in /nix/store/HASH-valgrind-3.27.1/libexec/valgrind/vgpreload_memcheck-arm64-linux.so)
==3813177==    by 0x4B1FDE7: CRYPTO_malloc (in /nix/store/HASH-openssl-3.6.4/lib/libcrypto.so.3)
==3813177==    by 0x4B20053: CRYPTO_zalloc (in /nix/store/HASH-openssl-3.6.4/lib/libcrypto.so.3)
==3813177==    by 0x4C19DAF: aes128gcm_newctx (in /nix/store/HASH-openssl-3.6.4/lib/libcrypto.so.3)
==3813177==    by 0x4AE067B: evp_cipher_init_internal (in /nix/store/HASH-openssl-3.6.4/lib/libcrypto.so.3)
==3813177==    by 0x123DAE3: crypto.backend_openssl.aeadInit (backend_openssl.zig:544)
==3813177==    by 0x122A49F: init (backend.zig:303)
==3813177==    by 0x122A49F: aead.Context.init (aead.zig:138)
==3813177==    by 0x122A253: RecordLayer.init (RecordLayer.zig:79)
==3813177==    by 0x12132E3: hkdf.Hkdf(crypto.hmac.Hmac(crypto.sha2.Sha2x32(.{ 1779033703, 3144134277, 1013904242, 2773480762, 1359893119, 2600822924, 528734635, 1541459225 },256))).makeRecordLayer (hkdf.zig:237)
==3813177==    by 0x121F7A7: ClientHandshake.Suite.deriveHandshakeKeys (ClientHandshake.zig:511)
==3813177==    by 0x121C18F: ClientHandshake.processServerHello (ClientHandshake.zig:1618)
==3813177==    by 0x154CDE3: ServerHandshake.test.sendAuthenticatedFlight: client processes CertificateVerify and Finished (ServerHandshake.zig:5507)
==3813177== 
==3813177== 960 bytes in 1 blocks are indirectly lost in loss record 134 of 578
==3813177==    at 0x4885E30: malloc (in /nix/store/HASH-valgrind-3.27.1/libexec/valgrind/vgpreload_memcheck-arm64-linux.so)
==3813177==    by 0x4B1FDE7: CRYPTO_malloc (in /nix/store/HASH-openssl-3.6.4/lib/libcrypto.so.3)
==3813177==    by 0x4B20053: CRYPTO_zalloc (in /nix/store/HASH-openssl-3.6.4/lib/libcrypto.so.3)
==3813177==    by 0x4C19DAF: aes128gcm_newctx (in /nix/store/HASH-openssl-3.6.4/lib/libcrypto.so.3)
==3813177==    by 0x4AE067B: evp_cipher_init_internal (in /nix/store/HASH-openssl-3.6.4/lib/libcrypto.so.3)
==3813177==    by 0x123DC2F: crypto.backend_openssl.aeadInit (backend_openssl.zig:551)
==3813177==    by 0x122A49F: init (backend.zig:303)
==3813177==    by 0x122A49F: aead.Context.init (aead.zig:138)
==3813177==    by 0x122A253: RecordLayer.init (RecordLayer.zig:79)
==3813177==    by 0x12132E3: hkdf.Hkdf(crypto.hmac.Hmac(crypto.sha2.Sha2x32(.{ 1779033703, 3144134277, 1013904242, 2773480762, 1359893119, 2600822924, 528734635, 1541459225 },256))).makeRecordLayer (hkdf.zig:237)
==3813177==    by 0x121F7A7: ClientHandshake.Suite.deriveHandshakeKeys (ClientHandshake.zig:511)
==3813177==    by 0x121C18F: ClientHandshake.processServerHello (ClientHandshake.zig:1618)
==3813177==    by 0x154CDE3: ServerHandshake.test.sendAuthenticatedFlight: client processes CertificateVerify and Finished (ServerHandshake.zig:5507)
==3813177== 
==3813177== 960 bytes in 1 blocks are indirectly lost in loss record 135 of 578
==3813177==    at 0x4885E30: malloc (in /nix/store/HASH-valgrind-3.27.1/libexec/valgrind/vgpreload_memcheck-arm64-linux.so)
==3813177==    by 0x4B1FDE7: CRYPTO_malloc (in /nix/store/HASH-openssl-3.6.4/lib/libcrypto.so.3)
==3813177==    by 0x4B20053: CRYPTO_zalloc (in /nix/store/HASH-openssl-3.6.4/lib/libcrypto.so.3)
==3813177==    by 0x4C19DAF: aes128gcm_newctx (in /nix/store/HASH-openssl-3.6.4/lib/libcrypto.so.3)
==3813177==    by 0x4AE067B: evp_cipher_init_internal (in /nix/store/HASH-openssl-3.6.4/lib/libcrypto.so.3)
==3813177==    by 0x123DAE3: crypto.backend_openssl.aeadInit (backend_openssl.zig:544)
==3813177==    by 0x122A49F: init (backend.zig:303)
==3813177==    by 0x122A49F: aead.Context.init (aead.zig:138)
==3813177==    by 0x122A253: RecordLayer.init (RecordLayer.zig:79)
==3813177==    by 0x12132E3: hkdf.Hkdf(crypto.hmac.Hmac(crypto.sha2.Sha2x32(.{ 1779033703, 3144134277, 1013904242, 2773480762, 1359893119, 2600822924, 528734635, 1541459225 },256))).makeRecordLayer (hkdf.zig:237)
==3813177==    by 0x121F843: ClientHandshake.Suite.deriveHandshakeKeys (ClientHandshake.zig:513)
==3813177==    by 0x121C18F: ClientHandshake.processServerHello (ClientHandshake.zig:1618)
==3813177==    by 0x154CDE3: ServerHandshake.test.sendAuthenticatedFlight: client processes CertificateVerify and Finished (ServerHandshake.zig:5507)
==3813177== 
==3813177== 960 bytes in 1 blocks are indirectly lost in loss record 136 of 578
==3813177==    at 0x4885E30: malloc (in /nix/store/HASH-valgrind-3.27.1/libexec/valgrind/vgpreload_memcheck-arm64-linux.so)
==3813177==    by 0x4B1FDE7: CRYPTO_malloc (in /nix/store/HASH-openssl-3.6.4/lib/libcrypto.so.3)
==3813177==    by 0x4B20053: CRYPTO_zalloc (in /nix/store/HASH-openssl-3.6.4/lib/libcrypto.so.3)
==3813177==    by 0x4C19DAF: aes128gcm_newctx (in /nix/store/HASH-openssl-3.6.4/lib/libcrypto.so.3)
==3813177==    by 0x4AE067B: evp_cipher_init_internal (in /nix/store/HASH-openssl-3.6.4/lib/libcrypto.so.3)
==3813177==    by 0x123DC2F: crypto.backend_openssl.aeadInit (backend_openssl.zig:551)
==3813177==    by 0x122A49F: init (backend.zig:303)
==3813177==    by 0x122A49F: aead.Context.init (aead.zig:138)
==3813177==    by 0x122A253: RecordLayer.init (RecordLayer.zig:79)
==3813177==    by 0x12132E3: hkdf.Hkdf(crypto.hmac.Hmac(crypto.sha2.Sha2x32(.{ 1779033703, 3144134277, 1013904242, 2773480762, 1359893119, 2600822924, 528734635, 1541459225 },256))).makeRecordLayer (hkdf.zig:237)
==3813177==    by 0x121F843: ClientHandshake.Suite.deriveHandshakeKeys (ClientHandshake.zig:513)
==3813177==    by 0x121C18F: ClientHandshake.processServerHello (ClientHandshake.zig:1618)
==3813177==    by 0x154CDE3: ServerHandshake.test.sendAuthenticatedFlight: client processes CertificateVerify and Finished (ServerHandshake.zig:5507)
==3813177== 
==3813177== 960 bytes in 1 blocks are indirectly lost in loss record 137 of 578
==3813177==    at 0x4885E30: malloc (in /nix/store/HASH-valgrind-3.27.1/libexec/valgrind/vgpreload_memcheck-arm64-linux.so)
==3813177==    by 0x4B1FDE7: CRYPTO_malloc (in /nix/store/HASH-openssl-3.6.4/lib/libcrypto.so.3)
==3813177==    by 0x4B20053: CRYPTO_zalloc (in /nix/store/HASH-openssl-3.6.4/lib/libcrypto.so.3)
==3813177==    by 0x4C19DAF: aes128gcm_newctx (in /nix/store/HASH-openssl-3.6.4/lib/libcrypto.so.3)
==3813177==    by 0x4AE067B: evp_cipher_init_internal (in /nix/store/HASH-openssl-3.6.4/lib/libcrypto.so.3)
==3813177==    by 0x123DAE3: crypto.backend_openssl.aeadInit (backend_openssl.zig:544)
==3813177==    by 0x122A49F: init (backend.zig:303)
==3813177==    by 0x122A49F: aead.Context.init (aead.zig:138)
==3813177==    by 0x122A253: RecordLayer.init (RecordLayer.zig:79)
==3813177==    by 0x122A743: RecordLayer.clone (RecordLayer.zig:103)
==3813177==    by 0x155C5F3: ServerHandshake.test.handleRecord: KeyUpdate flood cap fires despite empty app-data interleaving (ServerHandshake.zig:6195)
==3813177==    by 0x13D7EB7: test_runner.main (test_runner.zig:278)
==3813177==    by 0x13D9A2F: callMain (start.zig:627)
==3813177==    by 0x13D9A2F: callMainWithArgs (start.zig:587)
==3813177==    by 0x13D9A2F: main (start.zig:602)
==3813177== 
==3813177== 960 bytes in 1 blocks are indirectly lost in loss record 138 of 578
==3813177==    at 0x4885E30: malloc (in /nix/store/HASH-valgrind-3.27.1/libexec/valgrind/vgpreload_memcheck-arm64-linux.so)
==3813177==    by 0x4B1FDE7: CRYPTO_malloc (in /nix/store/HASH-openssl-3.6.4/lib/libcrypto.so.3)
==3813177==    by 0x4B20053: CRYPTO_zalloc (in /nix/store/HASH-openssl-3.6.4/lib/libcrypto.so.3)
==3813177==    by 0x4C19DAF: aes128gcm_newctx (in /nix/store/HASH-openssl-3.6.4/lib/libcrypto.so.3)
==3813177==    by 0x4AE067B: evp_cipher_init_internal (in /nix/store/HASH-openssl-3.6.4/lib/libcrypto.so.3)
==3813177==    by 0x123DC2F: crypto.backend_openssl.aeadInit (backend_openssl.zig:551)
==3813177==    by 0x122A49F: init (backend.zig:303)
==3813177==    by 0x122A49F: aead.Context.init (aead.zig:138)
==3813177==    by 0x122A253: RecordLayer.init (RecordLayer.zig:79)
==3813177==    by 0x122A743: RecordLayer.clone (RecordLayer.zig:103)
==3813177==    by 0x155C5F3: ServerHandshake.test.handleRecord: KeyUpdate flood cap fires despite empty app-data interleaving (ServerHandshake.zig:6195)
==3813177==    by 0x13D7EB7: test_runner.main (test_runner.zig:278)
==3813177==    by 0x13D9A2F: callMain (start.zig:627)
==3813177==    by 0x13D9A2F: callMainWithArgs (start.zig:587)
==3813177==    by 0x13D9A2F: main (start.zig:602)
==3813177== 
==3813177== 960 bytes in 1 blocks are indirectly lost in loss record 139 of 578
==3813177==    at 0x4885E30: malloc (in /nix/store/HASH-valgrind-3.27.1/libexec/valgrind/vgpreload_memcheck-arm64-linux.so)
==3813177==    by 0x4B1FDE7: CRYPTO_malloc (in /nix/store/HASH-openssl-3.6.4/lib/libcrypto.so.3)
==3813177==    by 0x4B20053: CRYPTO_zalloc (in /nix/store/HASH-openssl-3.6.4/lib/libcrypto.so.3)
==3813177==    by 0x4C19B7B: aes256gcm_newctx (in /nix/store/HASH-openssl-3.6.4/lib/libcrypto.so.3)
==3813177==    by 0x4AE067B: evp_cipher_init_internal (in /nix/store/HASH-openssl-3.6.4/lib/libcrypto.so.3)
==3813177==    by 0x123DAE3: crypto.backend_openssl.aeadInit (backend_openssl.zig:544)
==3813177==    by 0x122A49F: init (backend.zig:303)
==3813177==    by 0x122A49F: aead.Context.init (aead.zig:138)
==3813177==    by 0x122A253: RecordLayer.init (RecordLayer.zig:79)
==3813177==    by 0x1212907: hkdf.Hkdf(crypto.hmac.Hmac(crypto.sha2.Sha2x64(.{ 14680500436340154072, 7105036623409894663, 10473403895298186519, 1526699215303891257, 7436329637833083697, 10282925794625328401, 15784041429090275239, 5167115440072839076 },384))).makeRecordLayer (hkdf.zig:237)
==3813177==    by 0x1275CCF: ServerHandshake.verifyClientFinished (ServerHandshake.zig:2149)
==3813177==    by 0x1236B93: ServerHandshake.processClientFinishedPlaintext (ServerHandshake.zig:2117)
==3813177==    by 0x1236073: ServerHandshake.processClientFinished (ServerHandshake.zig:2046)
==3813177== 
==3813177== 960 bytes in 1 blocks are indirectly lost in loss record 140 of 578
==3813177==    at 0x4885E30: malloc (in /nix/store/HASH-valgrind-3.27.1/libexec/valgrind/vgpreload_memcheck-arm64-linux.so)
==3813177==    by 0x4B1FDE7: CRYPTO_malloc (in /nix/store/HASH-openssl-3.6.4/lib/libcrypto.so.3)
==3813177==    by 0x4B20053: CRYPTO_zalloc (in /nix/store/HASH-openssl-3.6.4/lib/libcrypto.so.3)
==3813177==    by 0x4C19B7B: aes256gcm_newctx (in /nix/store/HASH-openssl-3.6.4/lib/libcrypto.so.3)
==3813177==    by 0x4AE067B: evp_cipher_init_internal (in /nix/store/HASH-openssl-3.6.4/lib/libcrypto.so.3)
==3813177==    by 0x123DC2F: crypto.backend_openssl.aeadInit (backend_openssl.zig:551)
==3813177==    by 0x122A49F: init (backend.zig:303)
==3813177==    by 0x122A49F: aead.Context.init (aead.zig:138)
==3813177==    by 0x122A253: RecordLayer.init (RecordLayer.zig:79)
==3813177==    by 0x1212907: hkdf.Hkdf(crypto.hmac.Hmac(crypto.sha2.Sha2x64(.{ 14680500436340154072, 7105036623409894663, 10473403895298186519, 1526699215303891257, 7436329637833083697, 10282925794625328401, 15784041429090275239, 5167115440072839076 },384))).makeRecordLayer (hkdf.zig:237)
==3813177==    by 0x1275CCF: ServerHandshake.verifyClientFinished (ServerHandshake.zig:2149)
==3813177==    by 0x1236B93: ServerHandshake.processClientFinishedPlaintext (ServerHandshake.zig:2117)
==3813177==    by 0x1236073: ServerHandshake.processClientFinished (ServerHandshake.zig:2046)
==3813177== 
==3813177== 960 bytes in 1 blocks are indirectly lost in loss record 141 of 578
==3813177==    at 0x4885E30: malloc (in /nix/store/HASH-valgrind-3.27.1/libexec/valgrind/vgpreload_memcheck-arm64-linux.so)
==3813177==    by 0x4B1FDE7: CRYPTO_malloc (in /nix/store/HASH-openssl-3.6.4/lib/libcrypto.so.3)
==3813177==    by 0x4B20053: CRYPTO_zalloc (in /nix/store/HASH-openssl-3.6.4/lib/libcrypto.so.3)
==3813177==    by 0x4C19B7B: aes256gcm_newctx (in /nix/store/HASH-openssl-3.6.4/lib/libcrypto.so.3)
==3813177==    by 0x4AE067B: evp_cipher_init_internal (in /nix/store/HASH-openssl-3.6.4/lib/libcrypto.so.3)
==3813177==    by 0x123DAE3: crypto.backend_openssl.aeadInit (backend_openssl.zig:544)
==3813177==    by 0x122A49F: init (backend.zig:303)
==3813177==    by 0x122A49F: aead.Context.init (aead.zig:138)
==3813177==    by 0x122A253: RecordLayer.init (RecordLayer.zig:79)
==3813177==    by 0x1212907: hkdf.Hkdf(crypto.hmac.Hmac(crypto.sha2.Sha2x64(.{ 14680500436340154072, 7105036623409894663, 10473403895298186519, 1526699215303891257, 7436329637833083697, 10282925794625328401, 15784041429090275239, 5167115440072839076 },384))).makeRecordLayer (hkdf.zig:237)
==3813177==    by 0x1274C7F: ServerHandshake.prepareServerApplicationWriteKey (ServerHandshake.zig:2020)
==3813177==    by 0x1234AB3: ServerHandshake.encryptServerFlight (ServerHandshake.zig:1982)
==3813177==    by 0x12330D7: ServerHandshake.sendCertificateChainFlight (ServerHandshake.zig:1814)
==3813177== 
==3813177== 960 bytes in 1 blocks are indirectly lost in loss record 142 of 578
==3813177==    at 0x4885E30: malloc (in /nix/store/HASH-valgrind-3.27.1/libexec/valgrind/vgpreload_memcheck-arm64-linux.so)
==3813177==    by 0x4B1FDE7: CRYPTO_malloc (in /nix/store/HASH-openssl-3.6.4/lib/libcrypto.so.3)
==3813177==    by 0x4B20053: CRYPTO_zalloc (in /nix/store/HASH-openssl-3.6.4/lib/libcrypto.so.3)
==3813177==    by 0x4C19B7B: aes256gcm_newctx (in /nix/store/HASH-openssl-3.6.4/lib/libcrypto.so.3)
==3813177==    by 0x4AE067B: evp_cipher_init_internal (in /nix/store/HASH-openssl-3.6.4/lib/libcrypto.so.3)
==3813177==    by 0x123DC2F: crypto.backend_openssl.aeadInit (backend_openssl.zig:551)
==3813177==    by 0x122A49F: init (backend.zig:303)
==3813177==    by 0x122A49F: aead.Context.init (aead.zig:138)
==3813177==    by 0x122A253: RecordLayer.init (RecordLayer.zig:79)
==3813177==    by 0x1212907: hkdf.Hkdf(crypto.hmac.Hmac(crypto.sha2.Sha2x64(.{ 14680500436340154072, 7105036623409894663, 10473403895298186519, 1526699215303891257, 7436329637833083697, 10282925794625328401, 15784041429090275239, 5167115440072839076 },384))).makeRecordLayer (hkdf.zig:237)
==3813177==    by 0x1274C7F: ServerHandshake.prepareServerApplicationWriteKey (ServerHandshake.zig:2020)
==3813177==    by 0x1234AB3: ServerHandshake.encryptServerFlight (ServerHandshake.zig:1982)
==3813177==    by 0x12330D7: ServerHandshake.sendCertificateChainFlight (ServerHandshake.zig:1814)
==3813177== 
==3813177== 960 bytes in 1 blocks are indirectly lost in loss record 143 of 578
==3813177==    at 0x4885E30: malloc (in /nix/store/HASH-valgrind-3.27.1/libexec/valgrind/vgpreload_memcheck-arm64-linux.so)
==3813177==    by 0x4B1FDE7: CRYPTO_malloc (in /nix/store/HASH-openssl-3.6.4/lib/libcrypto.so.3)
==3813177==    by 0x4B20053: CRYPTO_zalloc (in /nix/store/HASH-openssl-3.6.4/lib/libcrypto.so.3)
==3813177==    by 0x4C19B7B: aes256gcm_newctx (in /nix/store/HASH-openssl-3.6.4/lib/libcrypto.so.3)
==3813177==    by 0x4AE067B: evp_cipher_init_internal (in /nix/store/HASH-openssl-3.6.4/lib/libcrypto.so.3)
==3813177==    by 0x123DAE3: crypto.backend_openssl.aeadInit (backend_openssl.zig:544)
==3813177==    by 0x122A49F: init (backend.zig:303)
==3813177==    by 0x122A49F: aead.Context.init (aead.zig:138)
==3813177==    by 0x122A253: RecordLayer.init (RecordLayer.zig:79)
==3813177==    by 0x1212907: hkdf.Hkdf(crypto.hmac.Hmac(crypto.sha2.Sha2x64(.{ 14680500436340154072, 7105036623409894663, 10473403895298186519, 1526699215303891257, 7436329637833083697, 10282925794625328401, 15784041429090275239, 5167115440072839076 },384))).makeRecordLayer (hkdf.zig:237)
==3813177==    by 0x128CD83: suite_state.HashArm(hkdf.Hkdf(crypto.hmac.Hmac(crypto.sha2.Sha2x64(.{ 14680500436340154072, 7105036623409894663, 10473403895298186519, 1526699215303891257, 7436329637833083697, 10282925794625328401, 15784041429090275239, 5167115440072839076 },384))),crypto.sha2.Sha2x64(.{ 14680500436340154072, 7105036623409894663, 10473403895298186519, 1526699215303891257, 7436329637833083697, 10282925794625328401, 15784041429090275239, 5167115440072839076 },384)).ratchetServerKey (suite_state.zig:75)
==3813177==    by 0x126BA6F: suite_state.Suite.ratchetServerKey (suite_state.zig:107)
==3813177==    by 0x123A7E3: handshake.ratchetKtlsTx__anon_51814 (handshake.zig:220)
==3813177== 
==3813177== 960 bytes in 1 blocks are indirectly lost in loss record 144 of 578
==3813177==    at 0x4885E30: malloc (in /nix/store/HASH-valgrind-3.27.1/libexec/valgrind/vgpreload_memcheck-arm64-linux.so)
==3813177==    by 0x4B1FDE7: CRYPTO_malloc (in /nix/store/HASH-openssl-3.6.4/lib/libcrypto.so.3)
==3813177==    by 0x4B20053: CRYPTO_zalloc (in /nix/store/HASH-openssl-3.6.4/lib/libcrypto.so.3)
==3813177==    by 0x4C19B7B: aes256gcm_newctx (in /nix/store/HASH-openssl-3.6.4/lib/libcrypto.so.3)
==3813177==    by 0x4AE067B: evp_cipher_init_internal (in /nix/store/HASH-openssl-3.6.4/lib/libcrypto.so.3)
==3813177==    by 0x123DC2F: crypto.backend_openssl.aeadInit (backend_openssl.zig:551)
==3813177==    by 0x122A49F: init (backend.zig:303)
==3813177==    by 0x122A49F: aead.Context.init (aead.zig:138)
==3813177==    by 0x122A253: RecordLayer.init (RecordLayer.zig:79)
==3813177==    by 0x1212907: hkdf.Hkdf(crypto.hmac.Hmac(crypto.sha2.Sha2x64(.{ 14680500436340154072, 7105036623409894663, 10473403895298186519, 1526699215303891257, 7436329637833083697, 10282925794625328401, 15784041429090275239, 5167115440072839076 },384))).makeRecordLayer (hkdf.zig:237)
==3813177==    by 0x128CD83: suite_state.HashArm(hkdf.Hkdf(crypto.hmac.Hmac(crypto.sha2.Sha2x64(.{ 14680500436340154072, 7105036623409894663, 10473403895298186519, 1526699215303891257, 7436329637833083697, 10282925794625328401, 15784041429090275239, 5167115440072839076 },384))),crypto.sha2.Sha2x64(.{ 14680500436340154072, 7105036623409894663, 10473403895298186519, 1526699215303891257, 7436329637833083697, 10282925794625328401, 15784041429090275239, 5167115440072839076 },384)).ratchetServerKey (suite_state.zig:75)
==3813177==    by 0x126BA6F: suite_state.Suite.ratchetServerKey (suite_state.zig:107)
==3813177==    by 0x123A7E3: handshake.ratchetKtlsTx__anon_51814 (handshake.zig:220)
==3813177== 
==3813177== 960 bytes in 1 blocks are indirectly lost in loss record 145 of 578
==3813177==    at 0x4885E30: malloc (in /nix/store/HASH-valgrind-3.27.1/libexec/valgrind/vgpreload_memcheck-arm64-linux.so)
==3813177==    by 0x4B1FDE7: CRYPTO_malloc (in /nix/store/HASH-openssl-3.6.4/lib/libcrypto.so.3)
==3813177==    by 0x4B20053: CRYPTO_zalloc (in /nix/store/HASH-openssl-3.6.4/lib/libcrypto.so.3)
==3813177==    by 0x4C19B7B: aes256gcm_newctx (in /nix/store/HASH-openssl-3.6.4/lib/libcrypto.so.3)
==3813177==    by 0x4AE067B: evp_cipher_init_internal (in /nix/store/HASH-openssl-3.6.4/lib/libcrypto.so.3)
==3813177==    by 0x123DAE3: crypto.backend_openssl.aeadInit (backend_openssl.zig:544)
==3813177==    by 0x122A49F: init (backend.zig:303)
==3813177==    by 0x122A49F: aead.Context.init (aead.zig:138)
==3813177==    by 0x122A253: RecordLayer.init (RecordLayer.zig:79)
==3813177==    by 0x1212907: hkdf.Hkdf(crypto.hmac.Hmac(crypto.sha2.Sha2x64(.{ 14680500436340154072, 7105036623409894663, 10473403895298186519, 1526699215303891257, 7436329637833083697, 10282925794625328401, 15784041429090275239, 5167115440072839076 },384))).makeRecordLayer (hkdf.zig:237)
==3813177==    by 0x128CD83: suite_state.HashArm(hkdf.Hkdf(crypto.hmac.Hmac(crypto.sha2.Sha2x64(.{ 14680500436340154072, 7105036623409894663, 10473403895298186519, 1526699215303891257, 7436329637833083697, 10282925794625328401, 15784041429090275239, 5167115440072839076 },384))),crypto.sha2.Sha2x64(.{ 14680500436340154072, 7105036623409894663, 10473403895298186519, 1526699215303891257, 7436329637833083697, 10282925794625328401, 15784041429090275239, 5167115440072839076 },384)).ratchetServerKey (suite_state.zig:75)
==3813177==    by 0x126A70B: ClientHandshake.Suite.ratchetServerKey (ClientHandshake.zig:476)
==3813177==    by 0x1223DBB: ClientHandshake.receivePlaintextRecord (ClientHandshake.zig:2102)
==3813177== 
==3813177== 960 bytes in 1 blocks are indirectly lost in loss record 146 of 578
==3813177==    at 0x4885E30: malloc (in /nix/store/HASH-valgrind-3.27.1/libexec/valgrind/vgpreload_memcheck-arm64-linux.so)
==3813177==    by 0x4B1FDE7: CRYPTO_malloc (in /nix/store/HASH-openssl-3.6.4/lib/libcrypto.so.3)
==3813177==    by 0x4B20053: CRYPTO_zalloc (in /nix/store/HASH-openssl-3.6.4/lib/libcrypto.so.3)
==3813177==    by 0x4C19B7B: aes256gcm_newctx (in /nix/store/HASH-openssl-3.6.4/lib/libcrypto.so.3)
==3813177==    by 0x4AE067B: evp_cipher_init_internal (in /nix/store/HASH-openssl-3.6.4/lib/libcrypto.so.3)
==3813177==    by 0x123DC2F: crypto.backend_openssl.aeadInit (backend_openssl.zig:551)
==3813177==    by 0x122A49F: init (backend.zig:303)
==3813177==    by 0x122A49F: aead.Context.init (aead.zig:138)
==3813177==    by 0x122A253: RecordLayer.init (RecordLayer.zig:79)
==3813177==    by 0x1212907: hkdf.Hkdf(crypto.hmac.Hmac(crypto.sha2.Sha2x64(.{ 14680500436340154072, 7105036623409894663, 10473403895298186519, 1526699215303891257, 7436329637833083697, 10282925794625328401, 15784041429090275239, 5167115440072839076 },384))).makeRecordLayer (hkdf.zig:237)
==3813177==    by 0x128CD83: suite_state.HashArm(hkdf.Hkdf(crypto.hmac.Hmac(crypto.sha2.Sha2x64(.{ 14680500436340154072, 7105036623409894663, 10473403895298186519, 1526699215303891257, 7436329637833083697, 10282925794625328401, 15784041429090275239, 5167115440072839076 },384))),crypto.sha2.Sha2x64(.{ 14680500436340154072, 7105036623409894663, 10473403895298186519, 1526699215303891257, 7436329637833083697, 10282925794625328401, 15784041429090275239, 5167115440072839076 },384)).ratchetServerKey (suite_state.zig:75)
==3813177==    by 0x126A70B: ClientHandshake.Suite.ratchetServerKey (ClientHandshake.zig:476)
==3813177==    by 0x1223DBB: ClientHandshake.receivePlaintextRecord (ClientHandshake.zig:2102)
==3813177== 
==3813177== 960 bytes in 1 blocks are indirectly lost in loss record 147 of 578
==3813177==    at 0x4885E30: malloc (in /nix/store/HASH-valgrind-3.27.1/libexec/valgrind/vgpreload_memcheck-arm64-linux.so)
==3813177==    by 0x4B1FDE7: CRYPTO_malloc (in /nix/store/HASH-openssl-3.6.4/lib/libcrypto.so.3)
==3813177==    by 0x4B20053: CRYPTO_zalloc (in /nix/store/HASH-openssl-3.6.4/lib/libcrypto.so.3)
==3813177==    by 0x4C19B7B: aes256gcm_newctx (in /nix/store/HASH-openssl-3.6.4/lib/libcrypto.so.3)
==3813177==    by 0x4AE067B: evp_cipher_init_internal (in /nix/store/HASH-openssl-3.6.4/lib/libcrypto.so.3)
==3813177==    by 0x123DAE3: crypto.backend_openssl.aeadInit (backend_openssl.zig:544)
==3813177==    by 0x122A49F: init (backend.zig:303)
==3813177==    by 0x122A49F: aead.Context.init (aead.zig:138)
==3813177==    by 0x122A253: RecordLayer.init (RecordLayer.zig:79)
==3813177==    by 0x1212907: hkdf.Hkdf(crypto.hmac.Hmac(crypto.sha2.Sha2x64(.{ 14680500436340154072, 7105036623409894663, 10473403895298186519, 1526699215303891257, 7436329637833083697, 10282925794625328401, 15784041429090275239, 5167115440072839076 },384))).makeRecordLayer (hkdf.zig:237)
==3813177==    by 0x128D54F: suite_state.HashArm(hkdf.Hkdf(crypto.hmac.Hmac(crypto.sha2.Sha2x64(.{ 14680500436340154072, 7105036623409894663, 10473403895298186519, 1526699215303891257, 7436329637833083697, 10282925794625328401, 15784041429090275239, 5167115440072839076 },384))),crypto.sha2.Sha2x64(.{ 14680500436340154072, 7105036623409894663, 10473403895298186519, 1526699215303891257, 7436329637833083697, 10282925794625328401, 15784041429090275239, 5167115440072839076 },384)).ratchetClientKey (suite_state.zig:67)
==3813177==    by 0x126B27B: ClientHandshake.Suite.ratchetClientKey (ClientHandshake.zig:467)
==3813177==    by 0x1224917: handshake.ratchetKtlsTx__anon_13945 (handshake.zig:219)
==3813177== 
==3813177== 960 bytes in 1 blocks are indirectly lost in loss record 148 of 578
==3813177==    at 0x4885E30: malloc (in /nix/store/HASH-valgrind-3.27.1/libexec/valgrind/vgpreload_memcheck-arm64-linux.so)
==3813177==    by 0x4B1FDE7: CRYPTO_malloc (in /nix/store/HASH-openssl-3.6.4/lib/libcrypto.so.3)
==3813177==    by 0x4B20053: CRYPTO_zalloc (in /nix/store/HASH-openssl-3.6.4/lib/libcrypto.so.3)
==3813177==    by 0x4C19B7B: aes256gcm_newctx (in /nix/store/HASH-openssl-3.6.4/lib/libcrypto.so.3)
==3813177==    by 0x4AE067B: evp_cipher_init_internal (in /nix/store/HASH-openssl-3.6.4/lib/libcrypto.so.3)
==3813177==    by 0x123DC2F: crypto.backend_openssl.aeadInit (backend_openssl.zig:551)
==3813177==    by 0x122A49F: init (backend.zig:303)
==3813177==    by 0x122A49F: aead.Context.init (aead.zig:138)
==3813177==    by 0x122A253: RecordLayer.init (RecordLayer.zig:79)
==3813177==    by 0x1212907: hkdf.Hkdf(crypto.hmac.Hmac(crypto.sha2.Sha2x64(.{ 14680500436340154072, 7105036623409894663, 10473403895298186519, 1526699215303891257, 7436329637833083697, 10282925794625328401, 15784041429090275239, 5167115440072839076 },384))).makeRecordLayer (hkdf.zig:237)
==3813177==    by 0x128D54F: suite_state.HashArm(hkdf.Hkdf(crypto.hmac.Hmac(crypto.sha2.Sha2x64(.{ 14680500436340154072, 7105036623409894663, 10473403895298186519, 1526699215303891257, 7436329637833083697, 10282925794625328401, 15784041429090275239, 5167115440072839076 },384))),crypto.sha2.Sha2x64(.{ 14680500436340154072, 7105036623409894663, 10473403895298186519, 1526699215303891257, 7436329637833083697, 10282925794625328401, 15784041429090275239, 5167115440072839076 },384)).ratchetClientKey (suite_state.zig:67)
==3813177==    by 0x126B27B: ClientHandshake.Suite.ratchetClientKey (ClientHandshake.zig:467)
==3813177==    by 0x1224917: handshake.ratchetKtlsTx__anon_13945 (handshake.zig:219)
==3813177== 
==3813177== 960 bytes in 1 blocks are indirectly lost in loss record 149 of 578
==3813177==    at 0x4885E30: malloc (in /nix/store/HASH-valgrind-3.27.1/libexec/valgrind/vgpreload_memcheck-arm64-linux.so)
==3813177==    by 0x4B1FDE7: CRYPTO_malloc (in /nix/store/HASH-openssl-3.6.4/lib/libcrypto.so.3)
==3813177==    by 0x4B20053: CRYPTO_zalloc (in /nix/store/HASH-openssl-3.6.4/lib/libcrypto.so.3)
==3813177==    by 0x4C19B7B: aes256gcm_newctx (in /nix/store/HASH-openssl-3.6.4/lib/libcrypto.so.3)
==3813177==    by 0x4AE067B: evp_cipher_init_internal (in /nix/store/HASH-openssl-3.6.4/lib/libcrypto.so.3)
==3813177==    by 0x123DAE3: crypto.backend_openssl.aeadInit (backend_openssl.zig:544)
==3813177==    by 0x122A49F: init (backend.zig:303)
==3813177==    by 0x122A49F: aead.Context.init (aead.zig:138)
==3813177==    by 0x122A253: RecordLayer.init (RecordLayer.zig:79)
==3813177==    by 0x1212907: hkdf.Hkdf(crypto.hmac.Hmac(crypto.sha2.Sha2x64(.{ 14680500436340154072, 7105036623409894663, 10473403895298186519, 1526699215303891257, 7436329637833083697, 10282925794625328401, 15784041429090275239, 5167115440072839076 },384))).makeRecordLayer (hkdf.zig:237)
==3813177==    by 0x128D54F: suite_state.HashArm(hkdf.Hkdf(crypto.hmac.Hmac(crypto.sha2.Sha2x64(.{ 14680500436340154072, 7105036623409894663, 10473403895298186519, 1526699215303891257, 7436329637833083697, 10282925794625328401, 15784041429090275239, 5167115440072839076 },384))),crypto.sha2.Sha2x64(.{ 14680500436340154072, 7105036623409894663, 10473403895298186519, 1526699215303891257, 7436329637833083697, 10282925794625328401, 15784041429090275239, 5167115440072839076 },384)).ratchetClientKey (suite_state.zig:67)
==3813177==    by 0x1292513: suite_state.Suite.ratchetClientKey (suite_state.zig:101)
==3813177==    by 0x127842B: handshake.reassembleServerKeyUpdate__anon_55510 (handshake.zig:280)
==3813177== 
==3813177== 960 bytes in 1 blocks are indirectly lost in loss record 150 of 578
==3813177==    at 0x4885E30: malloc (in /nix/store/HASH-valgrind-3.27.1/libexec/valgrind/vgpreload_memcheck-arm64-linux.so)
==3813177==    by 0x4B1FDE7: CRYPTO_malloc (in /nix/store/HASH-openssl-3.6.4/lib/libcrypto.so.3)
==3813177==    by 0x4B20053: CRYPTO_zalloc (in /nix/store/HASH-openssl-3.6.4/lib/libcrypto.so.3)
==3813177==    by 0x4C19B7B: aes256gcm_newctx (in /nix/store/HASH-openssl-3.6.4/lib/libcrypto.so.3)
==3813177==    by 0x4AE067B: evp_cipher_init_internal (in /nix/store/HASH-openssl-3.6.4/lib/libcrypto.so.3)
==3813177==    by 0x123DC2F: crypto.backend_openssl.aeadInit (backend_openssl.zig:551)
==3813177==    by 0x122A49F: init (backend.zig:303)
==3813177==    by 0x122A49F: aead.Context.init (aead.zig:138)
==3813177==    by 0x122A253: RecordLayer.init (RecordLayer.zig:79)
==3813177==    by 0x1212907: hkdf.Hkdf(crypto.hmac.Hmac(crypto.sha2.Sha2x64(.{ 14680500436340154072, 7105036623409894663, 10473403895298186519, 1526699215303891257, 7436329637833083697, 10282925794625328401, 15784041429090275239, 5167115440072839076 },384))).makeRecordLayer (hkdf.zig:237)
==3813177==    by 0x128D54F: suite_state.HashArm(hkdf.Hkdf(crypto.hmac.Hmac(crypto.sha2.Sha2x64(.{ 14680500436340154072, 7105036623409894663, 10473403895298186519, 1526699215303891257, 7436329637833083697, 10282925794625328401, 15784041429090275239, 5167115440072839076 },384))),crypto.sha2.Sha2x64(.{ 14680500436340154072, 7105036623409894663, 10473403895298186519, 1526699215303891257, 7436329637833083697, 10282925794625328401, 15784041429090275239, 5167115440072839076 },384)).ratchetClientKey (suite_state.zig:67)
==3813177==    by 0x1292513: suite_state.Suite.ratchetClientKey (suite_state.zig:101)
==3813177==    by 0x127842B: handshake.reassembleServerKeyUpdate__anon_55510 (handshake.zig:280)
==3813177== 
==3813177== 960 bytes in 1 blocks are indirectly lost in loss record 151 of 578
==3813177==    at 0x4885E30: malloc (in /nix/store/HASH-valgrind-3.27.1/libexec/valgrind/vgpreload_memcheck-arm64-linux.so)
==3813177==    by 0x4B1FDE7: CRYPTO_malloc (in /nix/store/HASH-openssl-3.6.4/lib/libcrypto.so.3)
==3813177==    by 0x4B20053: CRYPTO_zalloc (in /nix/store/HASH-openssl-3.6.4/lib/libcrypto.so.3)
==3813177==    by 0x4C19DAF: aes128gcm_newctx (in /nix/store/HASH-openssl-3.6.4/lib/libcrypto.so.3)
==3813177==    by 0x4AE067B: evp_cipher_init_internal (in /nix/store/HASH-openssl-3.6.4/lib/libcrypto.so.3)
==3813177==    by 0x123DAE3: crypto.backend_openssl.aeadInit (backend_openssl.zig:544)
==3813177==    by 0x122A49F: init (backend.zig:303)
==3813177==    by 0x122A49F: aead.Context.init (aead.zig:138)
==3813177==    by 0x122A253: RecordLayer.init (RecordLayer.zig:79)
==3813177==    by 0x12132E3: hkdf.Hkdf(crypto.hmac.Hmac(crypto.sha2.Sha2x32(.{ 1779033703, 3144134277, 1013904242, 2773480762, 1359893119, 2600822924, 528734635, 1541459225 },256))).makeRecordLayer (hkdf.zig:237)
==3813177==    by 0x121028F: ClientHandshake.startWithPsk (ClientHandshake.zig:945)
==3813177==    by 0x157CDA7: ServerHandshake.test.0-RTT: server rejects early data exceeding max_early_data_size (ServerHandshake.zig:7947)
==3813177==    by 0x13D7EB7: test_runner.main (test_runner.zig:278)
==3813177== 
==3813177== 960 bytes in 1 blocks are indirectly lost in loss record 152 of 578
==3813177==    at 0x4885E30: malloc (in /nix/store/HASH-valgrind-3.27.1/libexec/valgrind/vgpreload_memcheck-arm64-linux.so)
==3813177==    by 0x4B1FDE7: CRYPTO_malloc (in /nix/store/HASH-openssl-3.6.4/lib/libcrypto.so.3)
==3813177==    by 0x4B20053: CRYPTO_zalloc (in /nix/store/HASH-openssl-3.6.4/lib/libcrypto.so.3)
==3813177==    by 0x4C19DAF: aes128gcm_newctx (in /nix/store/HASH-openssl-3.6.4/lib/libcrypto.so.3)
==3813177==    by 0x4AE067B: evp_cipher_init_internal (in /nix/store/HASH-openssl-3.6.4/lib/libcrypto.so.3)
==3813177==    by 0x123DC2F: crypto.backend_openssl.aeadInit (backend_openssl.zig:551)
==3813177==    by 0x122A49F: init (backend.zig:303)
==3813177==    by 0x122A49F: aead.Context.init (aead.zig:138)
==3813177==    by 0x122A253: RecordLayer.init (RecordLayer.zig:79)
==3813177==    by 0x12132E3: hkdf.Hkdf(crypto.hmac.Hmac(crypto.sha2.Sha2x32(.{ 1779033703, 3144134277, 1013904242, 2773480762, 1359893119, 2600822924, 528734635, 1541459225 },256))).makeRecordLayer (hkdf.zig:237)
==3813177==    by 0x121028F: ClientHandshake.startWithPsk (ClientHandshake.zig:945)
==3813177==    by 0x157CDA7: ServerHandshake.test.0-RTT: server rejects early data exceeding max_early_data_size (ServerHandshake.zig:7947)
==3813177==    by 0x13D7EB7: test_runner.main (test_runner.zig:278)
==3813177== 
==3813177== 960 bytes in 1 blocks are indirectly lost in loss record 153 of 578
==3813177==    at 0x4885E30: malloc (in /nix/store/HASH-valgrind-3.27.1/libexec/valgrind/vgpreload_memcheck-arm64-linux.so)
==3813177==    by 0x4B1FDE7: CRYPTO_malloc (in /nix/store/HASH-openssl-3.6.4/lib/libcrypto.so.3)
==3813177==    by 0x4B20053: CRYPTO_zalloc (in /nix/store/HASH-openssl-3.6.4/lib/libcrypto.so.3)
==3813177==    by 0x4C19DAF: aes128gcm_newctx (in /nix/store/HASH-openssl-3.6.4/lib/libcrypto.so.3)
==3813177==    by 0x4AE067B: evp_cipher_init_internal (in /nix/store/HASH-openssl-3.6.4/lib/libcrypto.so.3)
==3813177==    by 0x123DAE3: crypto.backend_openssl.aeadInit (backend_openssl.zig:544)
==3813177==    by 0x122A49F: init (backend.zig:303)
==3813177==    by 0x122A49F: aead.Context.init (aead.zig:138)
==3813177==    by 0x122A253: RecordLayer.init (RecordLayer.zig:79)
==3813177==    by 0x12132E3: hkdf.Hkdf(crypto.hmac.Hmac(crypto.sha2.Sha2x32(.{ 1779033703, 3144134277, 1013904242, 2773480762, 1359893119, 2600822924, 528734635, 1541459225 },256))).makeRecordLayer (hkdf.zig:237)
==3813177==    by 0x1230E9B: ServerHandshake.processClientHelloMessage (ServerHandshake.zig:1177)
==3813177==    by 0x122FF83: ServerHandshake.acceptClientHello (ServerHandshake.zig:991)
==3813177==    by 0x157D06F: ServerHandshake.test.0-RTT: server rejects early data exceeding max_early_data_size (ServerHandshake.zig:7973)
==3813177== 
==3813177== 960 bytes in 1 blocks are indirectly lost in loss record 154 of 578
==3813177==    at 0x4885E30: malloc (in /nix/store/HASH-valgrind-3.27.1/libexec/valgrind/vgpreload_memcheck-arm64-linux.so)
==3813177==    by 0x4B1FDE7: CRYPTO_malloc (in /nix/store/HASH-openssl-3.6.4/lib/libcrypto.so.3)
==3813177==    by 0x4B20053: CRYPTO_zalloc (in /nix/store/HASH-openssl-3.6.4/lib/libcrypto.so.3)
==3813177==    by 0x4C19DAF: aes128gcm_newctx (in /nix/store/HASH-openssl-3.6.4/lib/libcrypto.so.3)
==3813177==    by 0x4AE067B: evp_cipher_init_internal (in /nix/store/HASH-openssl-3.6.4/lib/libcrypto.so.3)
==3813177==    by 0x123DC2F: crypto.backend_openssl.aeadInit (backend_openssl.zig:551)
==3813177==    by 0x122A49F: init (backend.zig:303)
==3813177==    by 0x122A49F: aead.Context.init (aead.zig:138)
==3813177==    by 0x122A253: RecordLayer.init (RecordLayer.zig:79)
==3813177==    by 0x12132E3: hkdf.Hkdf(crypto.hmac.Hmac(crypto.sha2.Sha2x32(.{ 1779033703, 3144134277, 1013904242, 2773480762, 1359893119, 2600822924, 528734635, 1541459225 },256))).makeRecordLayer (hkdf.zig:237)
==3813177==    by 0x1230E9B: ServerHandshake.processClientHelloMessage (ServerHandshake.zig:1177)
==3813177==    by 0x122FF83: ServerHandshake.acceptClientHello (ServerHandshake.zig:991)
==3813177==    by 0x157D06F: ServerHandshake.test.0-RTT: server rejects early data exceeding max_early_data_size (ServerHandshake.zig:7973)
==3813177== 
==3813177== 960 bytes in 1 blocks are indirectly lost in loss record 155 of 578
==3813177==    at 0x4885E30: malloc (in /nix/store/HASH-valgrind-3.27.1/libexec/valgrind/vgpreload_memcheck-arm64-linux.so)
==3813177==    by 0x4B1FDE7: CRYPTO_malloc (in /nix/store/HASH-openssl-3.6.4/lib/libcrypto.so.3)
==3813177==    by 0x4B20053: CRYPTO_zalloc (in /nix/store/HASH-openssl-3.6.4/lib/libcrypto.so.3)
==3813177==    by 0x4C19DAF: aes128gcm_newctx (in /nix/store/HASH-openssl-3.6.4/lib/libcrypto.so.3)
==3813177==    by 0x4AE067B: evp_cipher_init_internal (in /nix/store/HASH-openssl-3.6.4/lib/libcrypto.so.3)
==3813177==    by 0x123DAE3: crypto.backend_openssl.aeadInit (backend_openssl.zig:544)
==3813177==    by 0x122A49F: init (backend.zig:303)
==3813177==    by 0x122A49F: aead.Context.init (aead.zig:138)
==3813177==    by 0x122A253: RecordLayer.init (RecordLayer.zig:79)
==3813177==    by 0x157D7F3: ServerHandshake.test.0-RTT: max u32 early-data limit rejects bytes beyond remaining budget (ServerHandshake.zig:8000)
==3813177==    by 0x13D7EB7: test_runner.main (test_runner.zig:278)
==3813177==    by 0x13D9A2F: callMain (start.zig:627)
==3813177==    by 0x13D9A2F: callMainWithArgs (start.zig:587)
==3813177==    by 0x13D9A2F: main (start.zig:602)
==3813177== 
==3813177== 960 bytes in 1 blocks are indirectly lost in loss record 156 of 578
==3813177==    at 0x4885E30: malloc (in /nix/store/HASH-valgrind-3.27.1/libexec/valgrind/vgpreload_memcheck-arm64-linux.so)
==3813177==    by 0x4B1FDE7: CRYPTO_malloc (in /nix/store/HASH-openssl-3.6.4/lib/libcrypto.so.3)
==3813177==    by 0x4B20053: CRYPTO_zalloc (in /nix/store/HASH-openssl-3.6.4/lib/libcrypto.so.3)
==3813177==    by 0x4C19DAF: aes128gcm_newctx (in /nix/store/HASH-openssl-3.6.4/lib/libcrypto.so.3)
==3813177==    by 0x4AE067B: evp_cipher_init_internal (in /nix/store/HASH-openssl-3.6.4/lib/libcrypto.so.3)
==3813177==    by 0x123DC2F: crypto.backend_openssl.aeadInit (backend_openssl.zig:551)
==3813177==    by 0x122A49F: init (backend.zig:303)
==3813177==    by 0x122A49F: aead.Context.init (aead.zig:138)
==3813177==    by 0x122A253: RecordLayer.init (RecordLayer.zig:79)
==3813177==    by 0x157D7F3: ServerHandshake.test.0-RTT: max u32 early-data limit rejects bytes beyond remaining budget (ServerHandshake.zig:8000)
==3813177==    by 0x13D7EB7: test_runner.main (test_runner.zig:278)
==3813177==    by 0x13D9A2F: callMain (start.zig:627)
==3813177==    by 0x13D9A2F: callMainWithArgs (start.zig:587)
==3813177==    by 0x13D9A2F: main (start.zig:602)
==3813177== 
==3813177== 960 bytes in 1 blocks are indirectly lost in loss record 157 of 578
==3813177==    at 0x4885E30: malloc (in /nix/store/HASH-valgrind-3.27.1/libexec/valgrind/vgpreload_memcheck-arm64-linux.so)
==3813177==    by 0x4B1FDE7: CRYPTO_malloc (in /nix/store/HASH-openssl-3.6.4/lib/libcrypto.so.3)
==3813177==    by 0x4B20053: CRYPTO_zalloc (in /nix/store/HASH-openssl-3.6.4/lib/libcrypto.so.3)
==3813177==    by 0x4C19DAF: aes128gcm_newctx (in /nix/store/HASH-openssl-3.6.4/lib/libcrypto.so.3)
==3813177==    by 0x4AE067B: evp_cipher_init_internal (in /nix/store/HASH-openssl-3.6.4/lib/libcrypto.so.3)
==3813177==    by 0x123DAE3: crypto.backend_openssl.aeadInit (backend_openssl.zig:544)
==3813177==    by 0x122A49F: init (backend.zig:303)
==3813177==    by 0x122A49F: aead.Context.init (aead.zig:138)
==3813177==    by 0x122A253: RecordLayer.init (RecordLayer.zig:79)
==3813177==    by 0x12132E3: hkdf.Hkdf(crypto.hmac.Hmac(crypto.sha2.Sha2x32(.{ 1779033703, 3144134277, 1013904242, 2773480762, 1359893119, 2600822924, 528734635, 1541459225 },256))).makeRecordLayer (hkdf.zig:237)
==3813177==    by 0x121028F: ClientHandshake.startWithPsk (ClientHandshake.zig:945)
==3813177==    by 0x15835EB: ServerHandshake.test.0-RTT: decline skip budget exhaustion aborts the handshake (ServerHandshake.zig:8393)
==3813177==    by 0x13D7EB7: test_runner.main (test_runner.zig:278)
==3813177== 
==3813177== 960 bytes in 1 blocks are indirectly lost in loss record 158 of 578
==3813177==    at 0x4885E30: malloc (in /nix/store/HASH-valgrind-3.27.1/libexec/valgrind/vgpreload_memcheck-arm64-linux.so)
==3813177==    by 0x4B1FDE7: CRYPTO_malloc (in /nix/store/HASH-openssl-3.6.4/lib/libcrypto.so.3)
==3813177==    by 0x4B20053: CRYPTO_zalloc (in /nix/store/HASH-openssl-3.6.4/lib/libcrypto.so.3)
==3813177==    by 0x4C19DAF: aes128gcm_newctx (in /nix/store/HASH-openssl-3.6.4/lib/libcrypto.so.3)
==3813177==    by 0x4AE067B: evp_cipher_init_internal (in /nix/store/HASH-openssl-3.6.4/lib/libcrypto.so.3)
==3813177==    by 0x123DC2F: crypto.backend_openssl.aeadInit (backend_openssl.zig:551)
==3813177==    by 0x122A49F: init (backend.zig:303)
==3813177==    by 0x122A49F: aead.Context.init (aead.zig:138)
==3813177==    by 0x122A253: RecordLayer.init (RecordLayer.zig:79)
==3813177==    by 0x12132E3: hkdf.Hkdf(crypto.hmac.Hmac(crypto.sha2.Sha2x32(.{ 1779033703, 3144134277, 1013904242, 2773480762, 1359893119, 2600822924, 528734635, 1541459225 },256))).makeRecordLayer (hkdf.zig:237)
==3813177==    by 0x121028F: ClientHandshake.startWithPsk (ClientHandshake.zig:945)
==3813177==    by 0x15835EB: ServerHandshake.test.0-RTT: decline skip budget exhaustion aborts the handshake (ServerHandshake.zig:8393)
==3813177==    by 0x13D7EB7: test_runner.main (test_runner.zig:278)
==3813177== 
==3813177== 960 bytes in 1 blocks are indirectly lost in loss record 159 of 578
==3813177==    at 0x4885E30: malloc (in /nix/store/HASH-valgrind-3.27.1/libexec/valgrind/vgpreload_memcheck-arm64-linux.so)
==3813177==    by 0x4B1FDE7: CRYPTO_malloc (in /nix/store/HASH-openssl-3.6.4/lib/libcrypto.so.3)
==3813177==    by 0x4B20053: CRYPTO_zalloc (in /nix/store/HASH-openssl-3.6.4/lib/libcrypto.so.3)
==3813177==    by 0x4C19DAF: aes128gcm_newctx (in /nix/store/HASH-openssl-3.6.4/lib/libcrypto.so.3)
==3813177==    by 0x4AE067B: evp_cipher_init_internal (in /nix/store/HASH-openssl-3.6.4/lib/libcrypto.so.3)
==3813177==    by 0x123DAE3: crypto.backend_openssl.aeadInit (backend_openssl.zig:544)
==3813177==    by 0x122A49F: init (backend.zig:303)
==3813177==    by 0x122A49F: aead.Context.init (aead.zig:138)
==3813177==    by 0x122A253: RecordLayer.init (RecordLayer.zig:79)
==3813177==    by 0x12132E3: hkdf.Hkdf(crypto.hmac.Hmac(crypto.sha2.Sha2x32(.{ 1779033703, 3144134277, 1013904242, 2773480762, 1359893119, 2600822924, 528734635, 1541459225 },256))).makeRecordLayer (hkdf.zig:237)
==3813177==    by 0x121028F: ClientHandshake.startWithPsk (ClientHandshake.zig:945)
==3813177==    by 0x15898F3: ServerHandshake.setupHrrEarlyDataDecline (ServerHandshake.zig:8782)
==3813177==    by 0x158A3CB: ServerHandshake.test.0-RTT: HRR decline skip budget exhaustion aborts the handshake (ServerHandshake.zig:8826)
==3813177== 
==3813177== 960 bytes in 1 blocks are indirectly lost in loss record 160 of 578
==3813177==    at 0x4885E30: malloc (in /nix/store/HASH-valgrind-3.27.1/libexec/valgrind/vgpreload_memcheck-arm64-linux.so)
==3813177==    by 0x4B1FDE7: CRYPTO_malloc (in /nix/store/HASH-openssl-3.6.4/lib/libcrypto.so.3)
==3813177==    by 0x4B20053: CRYPTO_zalloc (in /nix/store/HASH-openssl-3.6.4/lib/libcrypto.so.3)
==3813177==    by 0x4C19DAF: aes128gcm_newctx (in /nix/store/HASH-openssl-3.6.4/lib/libcrypto.so.3)
==3813177==    by 0x4AE067B: evp_cipher_init_internal (in /nix/store/HASH-openssl-3.6.4/lib/libcrypto.so.3)
==3813177==    by 0x123DC2F: crypto.backend_openssl.aeadInit (backend_openssl.zig:551)
==3813177==    by 0x122A49F: init (backend.zig:303)
==3813177==    by 0x122A49F: aead.Context.init (aead.zig:138)
==3813177==    by 0x122A253: RecordLayer.init (RecordLayer.zig:79)
==3813177==    by 0x12132E3: hkdf.Hkdf(crypto.hmac.Hmac(crypto.sha2.Sha2x32(.{ 1779033703, 3144134277, 1013904242, 2773480762, 1359893119, 2600822924, 528734635, 1541459225 },256))).makeRecordLayer (hkdf.zig:237)
==3813177==    by 0x121028F: ClientHandshake.startWithPsk (ClientHandshake.zig:945)
==3813177==    by 0x15898F3: ServerHandshake.setupHrrEarlyDataDecline (ServerHandshake.zig:8782)
==3813177==    by 0x158A3CB: ServerHandshake.test.0-RTT: HRR decline skip budget exhaustion aborts the handshake (ServerHandshake.zig:8826)
==3813177== 
==3813177== 960 bytes in 1 blocks are indirectly lost in loss record 161 of 578
==3813177==    at 0x4885E30: malloc (in /nix/store/HASH-valgrind-3.27.1/libexec/valgrind/vgpreload_memcheck-arm64-linux.so)
==3813177==    by 0x4B1FDE7: CRYPTO_malloc (in /nix/store/HASH-openssl-3.6.4/lib/libcrypto.so.3)
==3813177==    by 0x4B20053: CRYPTO_zalloc (in /nix/store/HASH-openssl-3.6.4/lib/libcrypto.so.3)
==3813177==    by 0x4C19DAF: aes128gcm_newctx (in /nix/store/HASH-openssl-3.6.4/lib/libcrypto.so.3)
==3813177==    by 0x4AE067B: evp_cipher_init_internal (in /nix/store/HASH-openssl-3.6.4/lib/libcrypto.so.3)
==3813177==    by 0x123DAE3: crypto.backend_openssl.aeadInit (backend_openssl.zig:544)
==3813177==    by 0x122A49F: init (backend.zig:303)
==3813177==    by 0x122A49F: aead.Context.init (aead.zig:138)
==3813177==    by 0x122A253: RecordLayer.init (RecordLayer.zig:79)
==3813177==    by 0x12132E3: hkdf.Hkdf(crypto.hmac.Hmac(crypto.sha2.Sha2x32(.{ 1779033703, 3144134277, 1013904242, 2773480762, 1359893119, 2600822924, 528734635, 1541459225 },256))).makeRecordLayer (hkdf.zig:237)
==3813177==    by 0x121028F: ClientHandshake.startWithPsk (ClientHandshake.zig:945)
==3813177==    by 0x15898F3: ServerHandshake.setupHrrEarlyDataDecline (ServerHandshake.zig:8782)
==3813177==    by 0x158B343: ServerHandshake.test.0-RTT: HRR decline skip rejects malformed application_data records (ServerHandshake.zig:8888)
==3813177== 
==3813177== 960 bytes in 1 blocks are indirectly lost in loss record 162 of 578
==3813177==    at 0x4885E30: malloc (in /nix/store/HASH-valgrind-3.27.1/libexec/valgrind/vgpreload_memcheck-arm64-linux.so)
==3813177==    by 0x4B1FDE7: CRYPTO_malloc (in /nix/store/HASH-openssl-3.6.4/lib/libcrypto.so.3)
==3813177==    by 0x4B20053: CRYPTO_zalloc (in /nix/store/HASH-openssl-3.6.4/lib/libcrypto.so.3)
==3813177==    by 0x4C19DAF: aes128gcm_newctx (in /nix/store/HASH-openssl-3.6.4/lib/libcrypto.so.3)
==3813177==    by 0x4AE067B: evp_cipher_init_internal (in /nix/store/HASH-openssl-3.6.4/lib/libcrypto.so.3)
==3813177==    by 0x123DC2F: crypto.backend_openssl.aeadInit (backend_openssl.zig:551)
==3813177==    by 0x122A49F: init (backend.zig:303)
==3813177==    by 0x122A49F: aead.Context.init (aead.zig:138)
==3813177==    by 0x122A253: RecordLayer.init (RecordLayer.zig:79)
==3813177==    by 0x12132E3: hkdf.Hkdf(crypto.hmac.Hmac(crypto.sha2.Sha2x32(.{ 1779033703, 3144134277, 1013904242, 2773480762, 1359893119, 2600822924, 528734635, 1541459225 },256))).makeRecordLayer (hkdf.zig:237)
==3813177==    by 0x121028F: ClientHandshake.startWithPsk (ClientHandshake.zig:945)
==3813177==    by 0x15898F3: ServerHandshake.setupHrrEarlyDataDecline (ServerHandshake.zig:8782)
==3813177==    by 0x158B343: ServerHandshake.test.0-RTT: HRR decline skip rejects malformed application_data records (ServerHandshake.zig:8888)
==3813177== 
==3813177== 960 bytes in 1 blocks are indirectly lost in loss record 163 of 578
==3813177==    at 0x4885E30: malloc (in /nix/store/HASH-valgrind-3.27.1/libexec/valgrind/vgpreload_memcheck-arm64-linux.so)
==3813177==    by 0x4B1FDE7: CRYPTO_malloc (in /nix/store/HASH-openssl-3.6.4/lib/libcrypto.so.3)
==3813177==    by 0x4B20053: CRYPTO_zalloc (in /nix/store/HASH-openssl-3.6.4/lib/libcrypto.so.3)
==3813177==    by 0x4C19DAF: aes128gcm_newctx (in /nix/store/HASH-openssl-3.6.4/lib/libcrypto.so.3)
==3813177==    by 0x4AE067B: evp_cipher_init_internal (in /nix/store/HASH-openssl-3.6.4/lib/libcrypto.so.3)
==3813177==    by 0x123DAE3: crypto.backend_openssl.aeadInit (backend_openssl.zig:544)
==3813177==    by 0x122A49F: init (backend.zig:303)
==3813177==    by 0x122A49F: aead.Context.init (aead.zig:138)
==3813177==    by 0x122A253: RecordLayer.init (RecordLayer.zig:79)
==3813177==    by 0x12132E3: hkdf.Hkdf(crypto.hmac.Hmac(crypto.sha2.Sha2x32(.{ 1779033703, 3144134277, 1013904242, 2773480762, 1359893119, 2600822924, 528734635, 1541459225 },256))).makeRecordLayer (hkdf.zig:237)
==3813177==    by 0x121028F: ClientHandshake.startWithPsk (ClientHandshake.zig:945)
==3813177==    by 0x158EE93: ServerHandshake.test.0-RTT: processClientFinished rejects Finished before EndOfEarlyData (ServerHandshake.zig:9177)
==3813177==    by 0x13D7EB7: test_runner.main (test_runner.zig:278)
==3813177== 
==3813177== 960 bytes in 1 blocks are indirectly lost in loss record 164 of 578
==3813177==    at 0x4885E30: malloc (in /nix/store/HASH-valgrind-3.27.1/libexec/valgrind/vgpreload_memcheck-arm64-linux.so)
==3813177==    by 0x4B1FDE7: CRYPTO_malloc (in /nix/store/HASH-openssl-3.6.4/lib/libcrypto.so.3)
==3813177==    by 0x4B20053: CRYPTO_zalloc (in /nix/store/HASH-openssl-3.6.4/lib/libcrypto.so.3)
==3813177==    by 0x4C19DAF: aes128gcm_newctx (in /nix/store/HASH-openssl-3.6.4/lib/libcrypto.so.3)
==3813177==    by 0x4AE067B: evp_cipher_init_internal (in /nix/store/HASH-openssl-3.6.4/lib/libcrypto.so.3)
==3813177==    by 0x123DC2F: crypto.backend_openssl.aeadInit (backend_openssl.zig:551)
==3813177==    by 0x122A49F: init (backend.zig:303)
==3813177==    by 0x122A49F: aead.Context.init (aead.zig:138)
==3813177==    by 0x122A253: RecordLayer.init (RecordLayer.zig:79)
==3813177==    by 0x12132E3: hkdf.Hkdf(crypto.hmac.Hmac(crypto.sha2.Sha2x32(.{ 1779033703, 3144134277, 1013904242, 2773480762, 1359893119, 2600822924, 528734635, 1541459225 },256))).makeRecordLayer (hkdf.zig:237)
==3813177==    by 0x121028F: ClientHandshake.startWithPsk (ClientHandshake.zig:945)
==3813177==    by 0x158EE93: ServerHandshake.test.0-RTT: processClientFinished rejects Finished before EndOfEarlyData (ServerHandshake.zig:9177)
==3813177==    by 0x13D7EB7: test_runner.main (test_runner.zig:278)
==3813177== 
==3813177== 960 bytes in 1 blocks are indirectly lost in loss record 165 of 578
==3813177==    at 0x4885E30: malloc (in /nix/store/HASH-valgrind-3.27.1/libexec/valgrind/vgpreload_memcheck-arm64-linux.so)
==3813177==    by 0x4B1FDE7: CRYPTO_malloc (in /nix/store/HASH-openssl-3.6.4/lib/libcrypto.so.3)
==3813177==    by 0x4B20053: CRYPTO_zalloc (in /nix/store/HASH-openssl-3.6.4/lib/libcrypto.so.3)
==3813177==    by 0x4C19DAF: aes128gcm_newctx (in /nix/store/HASH-openssl-3.6.4/lib/libcrypto.so.3)
==3813177==    by 0x4AE067B: evp_cipher_init_internal (in /nix/store/HASH-openssl-3.6.4/lib/libcrypto.so.3)
==3813177==    by 0x123DAE3: crypto.backend_openssl.aeadInit (backend_openssl.zig:544)
==3813177==    by 0x122A49F: init (backend.zig:303)
==3813177==    by 0x122A49F: aead.Context.init (aead.zig:138)
==3813177==    by 0x122A253: RecordLayer.init (RecordLayer.zig:79)
==3813177==    by 0x12132E3: hkdf.Hkdf(crypto.hmac.Hmac(crypto.sha2.Sha2x32(.{ 1779033703, 3144134277, 1013904242, 2773480762, 1359893119, 2600822924, 528734635, 1541459225 },256))).makeRecordLayer (hkdf.zig:237)
==3813177==    by 0x1230E9B: ServerHandshake.processClientHelloMessage (ServerHandshake.zig:1177)
==3813177==    by 0x122FF83: ServerHandshake.acceptClientHello (ServerHandshake.zig:991)
==3813177==    by 0x158F15B: ServerHandshake.test.0-RTT: processClientFinished rejects Finished before EndOfEarlyData (ServerHandshake.zig:9203)
==3813177== 
==3813177== 960 bytes in 1 blocks are indirectly lost in loss record 166 of 578
==3813177==    at 0x4885E30: malloc (in /nix/store/HASH-valgrind-3.27.1/libexec/valgrind/vgpreload_memcheck-arm64-linux.so)
==3813177==    by 0x4B1FDE7: CRYPTO_malloc (in /nix/store/HASH-openssl-3.6.4/lib/libcrypto.so.3)
==3813177==    by 0x4B20053: CRYPTO_zalloc (in /nix/store/HASH-openssl-3.6.4/lib/libcrypto.so.3)
==3813177==    by 0x4C19DAF: aes128gcm_newctx (in /nix/store/HASH-openssl-3.6.4/lib/libcrypto.so.3)
==3813177==    by 0x4AE067B: evp_cipher_init_internal (in /nix/store/HASH-openssl-3.6.4/lib/libcrypto.so.3)
==3813177==    by 0x123DC2F: crypto.backend_openssl.aeadInit (backend_openssl.zig:551)
==3813177==    by 0x122A49F: init (backend.zig:303)
==3813177==    by 0x122A49F: aead.Context.init (aead.zig:138)
==3813177==    by 0x122A253: RecordLayer.init (RecordLayer.zig:79)
==3813177==    by 0x12132E3: hkdf.Hkdf(crypto.hmac.Hmac(crypto.sha2.Sha2x32(.{ 1779033703, 3144134277, 1013904242, 2773480762, 1359893119, 2600822924, 528734635, 1541459225 },256))).makeRecordLayer (hkdf.zig:237)
==3813177==    by 0x1230E9B: ServerHandshake.processClientHelloMessage (ServerHandshake.zig:1177)
==3813177==    by 0x122FF83: ServerHandshake.acceptClientHello (ServerHandshake.zig:991)
==3813177==    by 0x158F15B: ServerHandshake.test.0-RTT: processClientFinished rejects Finished before EndOfEarlyData (ServerHandshake.zig:9203)
==3813177== 
==3813177== 1,040 (192 direct, 848 indirect) bytes in 1 blocks are definitely lost in loss record 167 of 578
==3813177==    at 0x4885E30: malloc (in /nix/store/HASH-valgrind-3.27.1/libexec/valgrind/vgpreload_memcheck-arm64-linux.so)
==3813177==    by 0x4B1FDE7: CRYPTO_malloc (in /nix/store/HASH-openssl-3.6.4/lib/libcrypto.so.3)
==3813177==    by 0x4B20053: CRYPTO_zalloc (in /nix/store/HASH-openssl-3.6.4/lib/libcrypto.so.3)
==3813177==    by 0x4ADC9DB: EVP_CIPHER_CTX_new (in /nix/store/HASH-openssl-3.6.4/lib/libcrypto.so.3)
==3813177==    by 0x123DA17: crypto.backend_openssl.aeadInit (backend_openssl.zig:539)
==3813177==    by 0x122A49F: init (backend.zig:303)
==3813177==    by 0x122A49F: aead.Context.init (aead.zig:138)
==3813177==    by 0x122A253: RecordLayer.init (RecordLayer.zig:79)
==3813177==    by 0x12132E3: hkdf.Hkdf(crypto.hmac.Hmac(crypto.sha2.Sha2x32(.{ 1779033703, 3144134277, 1013904242, 2773480762, 1359893119, 2600822924, 528734635, 1541459225 },256))).makeRecordLayer (hkdf.zig:237)
==3813177==    by 0x1273137: ServerHandshake.installHandshakeKeys (ServerHandshake.zig:1701)
==3813177==    by 0x1232B0B: ServerHandshake.processClientHelloMessage (ServerHandshake.zig:1364)
==3813177==    by 0x122FF83: ServerHandshake.acceptClientHello (ServerHandshake.zig:991)
==3813177==    by 0x1595C5F: ServerHandshake.test.acceptClientHello: server suite preference (ServerHandshake.zig:9600)
==3813177== 
==3813177== 1,040 (192 direct, 848 indirect) bytes in 1 blocks are definitely lost in loss record 168 of 578
==3813177==    at 0x4885E30: malloc (in /nix/store/HASH-valgrind-3.27.1/libexec/valgrind/vgpreload_memcheck-arm64-linux.so)
==3813177==    by 0x4B1FDE7: CRYPTO_malloc (in /nix/store/HASH-openssl-3.6.4/lib/libcrypto.so.3)
==3813177==    by 0x4B20053: CRYPTO_zalloc (in /nix/store/HASH-openssl-3.6.4/lib/libcrypto.so.3)
==3813177==    by 0x4ADC9DB: EVP_CIPHER_CTX_new (in /nix/store/HASH-openssl-3.6.4/lib/libcrypto.so.3)
==3813177==    by 0x123DA6F: crypto.backend_openssl.aeadInit (backend_openssl.zig:541)
==3813177==    by 0x122A49F: init (backend.zig:303)
==3813177==    by 0x122A49F: aead.Context.init (aead.zig:138)
==3813177==    by 0x122A253: RecordLayer.init (RecordLayer.zig:79)
==3813177==    by 0x12132E3: hkdf.Hkdf(crypto.hmac.Hmac(crypto.sha2.Sha2x32(.{ 1779033703, 3144134277, 1013904242, 2773480762, 1359893119, 2600822924, 528734635, 1541459225 },256))).makeRecordLayer (hkdf.zig:237)
==3813177==    by 0x1273137: ServerHandshake.installHandshakeKeys (ServerHandshake.zig:1701)
==3813177==    by 0x1232B0B: ServerHandshake.processClientHelloMessage (ServerHandshake.zig:1364)
==3813177==    by 0x122FF83: ServerHandshake.acceptClientHello (ServerHandshake.zig:991)
==3813177==    by 0x1595C5F: ServerHandshake.test.acceptClientHello: server suite preference (ServerHandshake.zig:9600)
==3813177== 
==3813177== 1,040 (192 direct, 848 indirect) bytes in 1 blocks are definitely lost in loss record 169 of 578
==3813177==    at 0x4885E30: malloc (in /nix/store/HASH-valgrind-3.27.1/libexec/valgrind/vgpreload_memcheck-arm64-linux.so)
==3813177==    by 0x4B1FDE7: CRYPTO_malloc (in /nix/store/HASH-openssl-3.6.4/lib/libcrypto.so.3)
==3813177==    by 0x4B20053: CRYPTO_zalloc (in /nix/store/HASH-openssl-3.6.4/lib/libcrypto.so.3)
==3813177==    by 0x4ADC9DB: EVP_CIPHER_CTX_new (in /nix/store/HASH-openssl-3.6.4/lib/libcrypto.so.3)
==3813177==    by 0x123DA17: crypto.backend_openssl.aeadInit (backend_openssl.zig:539)
==3813177==    by 0x122A49F: init (backend.zig:303)
==3813177==    by 0x122A49F: aead.Context.init (aead.zig:138)
==3813177==    by 0x122A253: RecordLayer.init (RecordLayer.zig:79)
==3813177==    by 0x12132E3: hkdf.Hkdf(crypto.hmac.Hmac(crypto.sha2.Sha2x32(.{ 1779033703, 3144134277, 1013904242, 2773480762, 1359893119, 2600822924, 528734635, 1541459225 },256))).makeRecordLayer (hkdf.zig:237)
==3813177==    by 0x12731F3: ServerHandshake.installHandshakeKeys (ServerHandshake.zig:1703)
==3813177==    by 0x1232B0B: ServerHandshake.processClientHelloMessage (ServerHandshake.zig:1364)
==3813177==    by 0x122FF83: ServerHandshake.acceptClientHello (ServerHandshake.zig:991)
==3813177==    by 0x1595C5F: ServerHandshake.test.acceptClientHello: server suite preference (ServerHandshake.zig:9600)
==3813177== 
==3813177== 1,040 (192 direct, 848 indirect) bytes in 1 blocks are definitely lost in loss record 170 of 578
==3813177==    at 0x4885E30: malloc (in /nix/store/HASH-valgrind-3.27.1/libexec/valgrind/vgpreload_memcheck-arm64-linux.so)
==3813177==    by 0x4B1FDE7: CRYPTO_malloc (in /nix/store/HASH-openssl-3.6.4/lib/libcrypto.so.3)
==3813177==    by 0x4B20053: CRYPTO_zalloc (in /nix/store/HASH-openssl-3.6.4/lib/libcrypto.so.3)
==3813177==    by 0x4ADC9DB: EVP_CIPHER_CTX_new (in /nix/store/HASH-openssl-3.6.4/lib/libcrypto.so.3)
==3813177==    by 0x123DA6F: crypto.backend_openssl.aeadInit (backend_openssl.zig:541)
==3813177==    by 0x122A49F: init (backend.zig:303)
==3813177==    by 0x122A49F: aead.Context.init (aead.zig:138)
==3813177==    by 0x122A253: RecordLayer.init (RecordLayer.zig:79)
==3813177==    by 0x12132E3: hkdf.Hkdf(crypto.hmac.Hmac(crypto.sha2.Sha2x32(.{ 1779033703, 3144134277, 1013904242, 2773480762, 1359893119, 2600822924, 528734635, 1541459225 },256))).makeRecordLayer (hkdf.zig:237)
==3813177==    by 0x12731F3: ServerHandshake.installHandshakeKeys (ServerHandshake.zig:1703)
==3813177==    by 0x1232B0B: ServerHandshake.processClientHelloMessage (ServerHandshake.zig:1364)
==3813177==    by 0x122FF83: ServerHandshake.acceptClientHello (ServerHandshake.zig:991)
==3813177==    by 0x1595C5F: ServerHandshake.test.acceptClientHello: server suite preference (ServerHandshake.zig:9600)
==3813177== 
==3813177== 1,152 (192 direct, 960 indirect) bytes in 1 blocks are definitely lost in loss record 171 of 578
==3813177==    at 0x4885E30: malloc (in /nix/store/HASH-valgrind-3.27.1/libexec/valgrind/vgpreload_memcheck-arm64-linux.so)
==3813177==    by 0x4B1FDE7: CRYPTO_malloc (in /nix/store/HASH-openssl-3.6.4/lib/libcrypto.so.3)
==3813177==    by 0x4B20053: CRYPTO_zalloc (in /nix/store/HASH-openssl-3.6.4/lib/libcrypto.so.3)
==3813177==    by 0x4ADC9DB: EVP_CIPHER_CTX_new (in /nix/store/HASH-openssl-3.6.4/lib/libcrypto.so.3)
==3813177==    by 0x123DA17: crypto.backend_openssl.aeadInit (backend_openssl.zig:539)
==3813177==    by 0x122A49F: init (backend.zig:303)
==3813177==    by 0x122A49F: aead.Context.init (aead.zig:138)
==3813177==    by 0x122A253: RecordLayer.init (RecordLayer.zig:79)
==3813177==    by 0x1212907: hkdf.Hkdf(crypto.hmac.Hmac(crypto.sha2.Sha2x64(.{ 14680500436340154072, 7105036623409894663, 10473403895298186519, 1526699215303891257, 7436329637833083697, 10282925794625328401, 15784041429090275239, 5167115440072839076 },384))).makeRecordLayer (hkdf.zig:237)
==3813177==    by 0x1223337: ClientHandshake.Suite.finishHandshake (ClientHandshake.zig:448)
==3813177==    by 0x1221D0F: ClientHandshake.clientFinished (ClientHandshake.zig:2000)
==3813177==    by 0x1214EFB: ClientHandshake.processHandshakeRecord (ClientHandshake.zig:1260)
==3813177==    by 0x1213C4B: ClientHandshake.handleRecord (ClientHandshake.zig:1101)
==3813177== 
==3813177== 1,152 (192 direct, 960 indirect) bytes in 1 blocks are definitely lost in loss record 172 of 578
==3813177==    at 0x4885E30: malloc (in /nix/store/HASH-valgrind-3.27.1/libexec/valgrind/vgpreload_memcheck-arm64-linux.so)
==3813177==    by 0x4B1FDE7: CRYPTO_malloc (in /nix/store/HASH-openssl-3.6.4/lib/libcrypto.so.3)
==3813177==    by 0x4B20053: CRYPTO_zalloc (in /nix/store/HASH-openssl-3.6.4/lib/libcrypto.so.3)
==3813177==    by 0x4ADC9DB: EVP_CIPHER_CTX_new (in /nix/store/HASH-openssl-3.6.4/lib/libcrypto.so.3)
==3813177==    by 0x123DA6F: crypto.backend_openssl.aeadInit (backend_openssl.zig:541)
==3813177==    by 0x122A49F: init (backend.zig:303)
==3813177==    by 0x122A49F: aead.Context.init (aead.zig:138)
==3813177==    by 0x122A253: RecordLayer.init (RecordLayer.zig:79)
==3813177==    by 0x1212907: hkdf.Hkdf(crypto.hmac.Hmac(crypto.sha2.Sha2x64(.{ 14680500436340154072, 7105036623409894663, 10473403895298186519, 1526699215303891257, 7436329637833083697, 10282925794625328401, 15784041429090275239, 5167115440072839076 },384))).makeRecordLayer (hkdf.zig:237)
==3813177==    by 0x1223337: ClientHandshake.Suite.finishHandshake (ClientHandshake.zig:448)
==3813177==    by 0x1221D0F: ClientHandshake.clientFinished (ClientHandshake.zig:2000)
==3813177==    by 0x1214EFB: ClientHandshake.processHandshakeRecord (ClientHandshake.zig:1260)
==3813177==    by 0x1213C4B: ClientHandshake.handleRecord (ClientHandshake.zig:1101)
==3813177== 
==3813177== 1,152 (192 direct, 960 indirect) bytes in 1 blocks are definitely lost in loss record 173 of 578
==3813177==    at 0x4885E30: malloc (in /nix/store/HASH-valgrind-3.27.1/libexec/valgrind/vgpreload_memcheck-arm64-linux.so)
==3813177==    by 0x4B1FDE7: CRYPTO_malloc (in /nix/store/HASH-openssl-3.6.4/lib/libcrypto.so.3)
==3813177==    by 0x4B20053: CRYPTO_zalloc (in /nix/store/HASH-openssl-3.6.4/lib/libcrypto.so.3)
==3813177==    by 0x4ADC9DB: EVP_CIPHER_CTX_new (in /nix/store/HASH-openssl-3.6.4/lib/libcrypto.so.3)
==3813177==    by 0x123DA17: crypto.backend_openssl.aeadInit (backend_openssl.zig:539)
==3813177==    by 0x122A49F: init (backend.zig:303)
==3813177==    by 0x122A49F: aead.Context.init (aead.zig:138)
==3813177==    by 0x122A253: RecordLayer.init (RecordLayer.zig:79)
==3813177==    by 0x1212907: hkdf.Hkdf(crypto.hmac.Hmac(crypto.sha2.Sha2x64(.{ 14680500436340154072, 7105036623409894663, 10473403895298186519, 1526699215303891257, 7436329637833083697, 10282925794625328401, 15784041429090275239, 5167115440072839076 },384))).makeRecordLayer (hkdf.zig:237)
==3813177==    by 0x12233AF: ClientHandshake.Suite.finishHandshake (ClientHandshake.zig:450)
==3813177==    by 0x1221D0F: ClientHandshake.clientFinished (ClientHandshake.zig:2000)
==3813177==    by 0x1214EFB: ClientHandshake.processHandshakeRecord (ClientHandshake.zig:1260)
==3813177==    by 0x1213C4B: ClientHandshake.handleRecord (ClientHandshake.zig:1101)
==3813177== 
==3813177== 1,152 (192 direct, 960 indirect) bytes in 1 blocks are definitely lost in loss record 174 of 578
==3813177==    at 0x4885E30: malloc (in /nix/store/HASH-valgrind-3.27.1/libexec/valgrind/vgpreload_memcheck-arm64-linux.so)
==3813177==    by 0x4B1FDE7: CRYPTO_malloc (in /nix/store/HASH-openssl-3.6.4/lib/libcrypto.so.3)
==3813177==    by 0x4B20053: CRYPTO_zalloc (in /nix/store/HASH-openssl-3.6.4/lib/libcrypto.so.3)
==3813177==    by 0x4ADC9DB: EVP_CIPHER_CTX_new (in /nix/store/HASH-openssl-3.6.4/lib/libcrypto.so.3)
==3813177==    by 0x123DA6F: crypto.backend_openssl.aeadInit (backend_openssl.zig:541)
==3813177==    by 0x122A49F: init (backend.zig:303)
==3813177==    by 0x122A49F: aead.Context.init (aead.zig:138)
==3813177==    by 0x122A253: RecordLayer.init (RecordLayer.zig:79)
==3813177==    by 0x1212907: hkdf.Hkdf(crypto.hmac.Hmac(crypto.sha2.Sha2x64(.{ 14680500436340154072, 7105036623409894663, 10473403895298186519, 1526699215303891257, 7436329637833083697, 10282925794625328401, 15784041429090275239, 5167115440072839076 },384))).makeRecordLayer (hkdf.zig:237)
==3813177==    by 0x12233AF: ClientHandshake.Suite.finishHandshake (ClientHandshake.zig:450)
==3813177==    by 0x1221D0F: ClientHandshake.clientFinished (ClientHandshake.zig:2000)
==3813177==    by 0x1214EFB: ClientHandshake.processHandshakeRecord (ClientHandshake.zig:1260)
==3813177==    by 0x1213C4B: ClientHandshake.handleRecord (ClientHandshake.zig:1101)
==3813177== 
==3813177== 1,152 (192 direct, 960 indirect) bytes in 1 blocks are definitely lost in loss record 175 of 578
==3813177==    at 0x4885E30: malloc (in /nix/store/HASH-valgrind-3.27.1/libexec/valgrind/vgpreload_memcheck-arm64-linux.so)
==3813177==    by 0x4B1FDE7: CRYPTO_malloc (in /nix/store/HASH-openssl-3.6.4/lib/libcrypto.so.3)
==3813177==    by 0x4B20053: CRYPTO_zalloc (in /nix/store/HASH-openssl-3.6.4/lib/libcrypto.so.3)
==3813177==    by 0x4ADC9DB: EVP_CIPHER_CTX_new (in /nix/store/HASH-openssl-3.6.4/lib/libcrypto.so.3)
==3813177==    by 0x123DA17: crypto.backend_openssl.aeadInit (backend_openssl.zig:539)
==3813177==    by 0x122A49F: init (backend.zig:303)
==3813177==    by 0x122A49F: aead.Context.init (aead.zig:138)
==3813177==    by 0x122A253: RecordLayer.init (RecordLayer.zig:79)
==3813177==    by 0x12132E3: hkdf.Hkdf(crypto.hmac.Hmac(crypto.sha2.Sha2x32(.{ 1779033703, 3144134277, 1013904242, 2773480762, 1359893119, 2600822924, 528734635, 1541459225 },256))).makeRecordLayer (hkdf.zig:237)
==3813177==    by 0x121F7A7: ClientHandshake.Suite.deriveHandshakeKeys (ClientHandshake.zig:511)
==3813177==    by 0x1496EF7: ClientHandshake.test.deriveHandshakeKeys: RFC 8448 §3 server handshake key/iv/finished (ClientHandshake.zig:2267)
==3813177==    by 0x13D7EB7: test_runner.main (test_runner.zig:278)
==3813177==    by 0x13D9A2F: callMain (start.zig:627)
==3813177==    by 0x13D9A2F: callMainWithArgs (start.zig:587)
==3813177==    by 0x13D9A2F: main (start.zig:602)
==3813177== 
==3813177== 1,152 (192 direct, 960 indirect) bytes in 1 blocks are definitely lost in loss record 176 of 578
==3813177==    at 0x4885E30: malloc (in /nix/store/HASH-valgrind-3.27.1/libexec/valgrind/vgpreload_memcheck-arm64-linux.so)
==3813177==    by 0x4B1FDE7: CRYPTO_malloc (in /nix/store/HASH-openssl-3.6.4/lib/libcrypto.so.3)
==3813177==    by 0x4B20053: CRYPTO_zalloc (in /nix/store/HASH-openssl-3.6.4/lib/libcrypto.so.3)
==3813177==    by 0x4ADC9DB: EVP_CIPHER_CTX_new (in /nix/store/HASH-openssl-3.6.4/lib/libcrypto.so.3)
==3813177==    by 0x123DA6F: crypto.backend_openssl.aeadInit (backend_openssl.zig:541)
==3813177==    by 0x122A49F: init (backend.zig:303)
==3813177==    by 0x122A49F: aead.Context.init (aead.zig:138)
==3813177==    by 0x122A253: RecordLayer.init (RecordLayer.zig:79)
==3813177==    by 0x12132E3: hkdf.Hkdf(crypto.hmac.Hmac(crypto.sha2.Sha2x32(.{ 1779033703, 3144134277, 1013904242, 2773480762, 1359893119, 2600822924, 528734635, 1541459225 },256))).makeRecordLayer (hkdf.zig:237)
==3813177==    by 0x121F7A7: ClientHandshake.Suite.deriveHandshakeKeys (ClientHandshake.zig:511)
==3813177==    by 0x1496EF7: ClientHandshake.test.deriveHandshakeKeys: RFC 8448 §3 server handshake key/iv/finished (ClientHandshake.zig:2267)
==3813177==    by 0x13D7EB7: test_runner.main (test_runner.zig:278)
==3813177==    by 0x13D9A2F: callMain (start.zig:627)
==3813177==    by 0x13D9A2F: callMainWithArgs (start.zig:587)
==3813177==    by 0x13D9A2F: main (start.zig:602)
==3813177== 
==3813177== 1,152 (192 direct, 960 indirect) bytes in 1 blocks are definitely lost in loss record 177 of 578
==3813177==    at 0x4885E30: malloc (in /nix/store/HASH-valgrind-3.27.1/libexec/valgrind/vgpreload_memcheck-arm64-linux.so)
==3813177==    by 0x4B1FDE7: CRYPTO_malloc (in /nix/store/HASH-openssl-3.6.4/lib/libcrypto.so.3)
==3813177==    by 0x4B20053: CRYPTO_zalloc (in /nix/store/HASH-openssl-3.6.4/lib/libcrypto.so.3)
==3813177==    by 0x4ADC9DB: EVP_CIPHER_CTX_new (in /nix/store/HASH-openssl-3.6.4/lib/libcrypto.so.3)
==3813177==    by 0x123DA17: crypto.backend_openssl.aeadInit (backend_openssl.zig:539)
==3813177==    by 0x122A49F: init (backend.zig:303)
==3813177==    by 0x122A49F: aead.Context.init (aead.zig:138)
==3813177==    by 0x122A253: RecordLayer.init (RecordLayer.zig:79)
==3813177==    by 0x12132E3: hkdf.Hkdf(crypto.hmac.Hmac(crypto.sha2.Sha2x32(.{ 1779033703, 3144134277, 1013904242, 2773480762, 1359893119, 2600822924, 528734635, 1541459225 },256))).makeRecordLayer (hkdf.zig:237)
==3813177==    by 0x121F843: ClientHandshake.Suite.deriveHandshakeKeys (ClientHandshake.zig:513)
==3813177==    by 0x1496EF7: ClientHandshake.test.deriveHandshakeKeys: RFC 8448 §3 server handshake key/iv/finished (ClientHandshake.zig:2267)
==3813177==    by 0x13D7EB7: test_runner.main (test_runner.zig:278)
==3813177==    by 0x13D9A2F: callMain (start.zig:627)
==3813177==    by 0x13D9A2F: callMainWithArgs (start.zig:587)
==3813177==    by 0x13D9A2F: main (start.zig:602)
==3813177== 
==3813177== 1,152 (192 direct, 960 indirect) bytes in 1 blocks are definitely lost in loss record 178 of 578
==3813177==    at 0x4885E30: malloc (in /nix/store/HASH-valgrind-3.27.1/libexec/valgrind/vgpreload_memcheck-arm64-linux.so)
==3813177==    by 0x4B1FDE7: CRYPTO_malloc (in /nix/store/HASH-openssl-3.6.4/lib/libcrypto.so.3)
==3813177==    by 0x4B20053: CRYPTO_zalloc (in /nix/store/HASH-openssl-3.6.4/lib/libcrypto.so.3)
==3813177==    by 0x4ADC9DB: EVP_CIPHER_CTX_new (in /nix/store/HASH-openssl-3.6.4/lib/libcrypto.so.3)
==3813177==    by 0x123DA6F: crypto.backend_openssl.aeadInit (backend_openssl.zig:541)
==3813177==    by 0x122A49F: init (backend.zig:303)
==3813177==    by 0x122A49F: aead.Context.init (aead.zig:138)
==3813177==    by 0x122A253: RecordLayer.init (RecordLayer.zig:79)
==3813177==    by 0x12132E3: hkdf.Hkdf(crypto.hmac.Hmac(crypto.sha2.Sha2x32(.{ 1779033703, 3144134277, 1013904242, 2773480762, 1359893119, 2600822924, 528734635, 1541459225 },256))).makeRecordLayer (hkdf.zig:237)
==3813177==    by 0x121F843: ClientHandshake.Suite.deriveHandshakeKeys (ClientHandshake.zig:513)
==3813177==    by 0x1496EF7: ClientHandshake.test.deriveHandshakeKeys: RFC 8448 §3 server handshake key/iv/finished (ClientHandshake.zig:2267)
==3813177==    by 0x13D7EB7: test_runner.main (test_runner.zig:278)
==3813177==    by 0x13D9A2F: callMain (start.zig:627)
==3813177==    by 0x13D9A2F: callMainWithArgs (start.zig:587)
==3813177==    by 0x13D9A2F: main (start.zig:602)
==3813177== 
==3813177== 1,152 (192 direct, 960 indirect) bytes in 1 blocks are definitely lost in loss record 179 of 578
==3813177==    at 0x4885E30: malloc (in /nix/store/HASH-valgrind-3.27.1/libexec/valgrind/vgpreload_memcheck-arm64-linux.so)
==3813177==    by 0x4B1FDE7: CRYPTO_malloc (in /nix/store/HASH-openssl-3.6.4/lib/libcrypto.so.3)
==3813177==    by 0x4B20053: CRYPTO_zalloc (in /nix/store/HASH-openssl-3.6.4/lib/libcrypto.so.3)
==3813177==    by 0x4ADC9DB: EVP_CIPHER_CTX_new (in /nix/store/HASH-openssl-3.6.4/lib/libcrypto.so.3)
==3813177==    by 0x123DA17: crypto.backend_openssl.aeadInit (backend_openssl.zig:539)
==3813177==    by 0x122A49F: init (backend.zig:303)
==3813177==    by 0x122A49F: aead.Context.init (aead.zig:138)
==3813177==    by 0x122A253: RecordLayer.init (RecordLayer.zig:79)
==3813177==    by 0x12132E3: hkdf.Hkdf(crypto.hmac.Hmac(crypto.sha2.Sha2x32(.{ 1779033703, 3144134277, 1013904242, 2773480762, 1359893119, 2600822924, 528734635, 1541459225 },256))).makeRecordLayer (hkdf.zig:237)
==3813177==    by 0x121F7A7: ClientHandshake.Suite.deriveHandshakeKeys (ClientHandshake.zig:511)
==3813177==    by 0x121C18F: ClientHandshake.processServerHello (ClientHandshake.zig:1618)
==3813177==    by 0x14974B3: ClientHandshake.test.processServerHello: RFC 8448 §3 installs server handshake keys (ClientHandshake.zig:2336)
==3813177==    by 0x13D7EB7: test_runner.main (test_runner.zig:278)
==3813177== 
==3813177== 1,152 (192 direct, 960 indirect) bytes in 1 blocks are definitely lost in loss record 180 of 578
==3813177==    at 0x4885E30: malloc (in /nix/store/HASH-valgrind-3.27.1/libexec/valgrind/vgpreload_memcheck-arm64-linux.so)
==3813177==    by 0x4B1FDE7: CRYPTO_malloc (in /nix/store/HASH-openssl-3.6.4/lib/libcrypto.so.3)
==3813177==    by 0x4B20053: CRYPTO_zalloc (in /nix/store/HASH-openssl-3.6.4/lib/libcrypto.so.3)
==3813177==    by 0x4ADC9DB: EVP_CIPHER_CTX_new (in /nix/store/HASH-openssl-3.6.4/lib/libcrypto.so.3)
==3813177==    by 0x123DA6F: crypto.backend_openssl.aeadInit (backend_openssl.zig:541)
==3813177==    by 0x122A49F: init (backend.zig:303)
==3813177==    by 0x122A49F: aead.Context.init (aead.zig:138)
==3813177==    by 0x122A253: RecordLayer.init (RecordLayer.zig:79)
==3813177==    by 0x12132E3: hkdf.Hkdf(crypto.hmac.Hmac(crypto.sha2.Sha2x32(.{ 1779033703, 3144134277, 1013904242, 2773480762, 1359893119, 2600822924, 528734635, 1541459225 },256))).makeRecordLayer (hkdf.zig:237)
==3813177==    by 0x121F7A7: ClientHandshake.Suite.deriveHandshakeKeys (ClientHandshake.zig:511)
==3813177==    by 0x121C18F: ClientHandshake.processServerHello (ClientHandshake.zig:1618)
==3813177==    by 0x14974B3: ClientHandshake.test.processServerHello: RFC 8448 §3 installs server handshake keys (ClientHandshake.zig:2336)
==3813177==    by 0x13D7EB7: test_runner.main (test_runner.zig:278)
==3813177== 
==3813177== 1,152 (192 direct, 960 indirect) bytes in 1 blocks are definitely lost in loss record 181 of 578
==3813177==    at 0x4885E30: malloc (in /nix/store/HASH-valgrind-3.27.1/libexec/valgrind/vgpreload_memcheck-arm64-linux.so)
==3813177==    by 0x4B1FDE7: CRYPTO_malloc (in /nix/store/HASH-openssl-3.6.4/lib/libcrypto.so.3)
==3813177==    by 0x4B20053: CRYPTO_zalloc (in /nix/store/HASH-openssl-3.6.4/lib/libcrypto.so.3)
==3813177==    by 0x4ADC9DB: EVP_CIPHER_CTX_new (in /nix/store/HASH-openssl-3.6.4/lib/libcrypto.so.3)
==3813177==    by 0x123DA17: crypto.backend_openssl.aeadInit (backend_openssl.zig:539)
==3813177==    by 0x122A49F: init (backend.zig:303)
==3813177==    by 0x122A49F: aead.Context.init (aead.zig:138)
==3813177==    by 0x122A253: RecordLayer.init (RecordLayer.zig:79)
==3813177==    by 0x12132E3: hkdf.Hkdf(crypto.hmac.Hmac(crypto.sha2.Sha2x32(.{ 1779033703, 3144134277, 1013904242, 2773480762, 1359893119, 2600822924, 528734635, 1541459225 },256))).makeRecordLayer (hkdf.zig:237)
==3813177==    by 0x121F843: ClientHandshake.Suite.deriveHandshakeKeys (ClientHandshake.zig:513)
==3813177==    by 0x121C18F: ClientHandshake.processServerHello (ClientHandshake.zig:1618)
==3813177==    by 0x14974B3: ClientHandshake.test.processServerHello: RFC 8448 §3 installs server handshake keys (ClientHandshake.zig:2336)
==3813177==    by 0x13D7EB7: test_runner.main (test_runner.zig:278)
==3813177== 
==3813177== 1,152 (192 direct, 960 indirect) bytes in 1 blocks are definitely lost in loss record 182 of 578
==3813177==    at 0x4885E30: malloc (in /nix/store/HASH-valgrind-3.27.1/libexec/valgrind/vgpreload_memcheck-arm64-linux.so)
==3813177==    by 0x4B1FDE7: CRYPTO_malloc (in /nix/store/HASH-openssl-3.6.4/lib/libcrypto.so.3)
==3813177==    by 0x4B20053: CRYPTO_zalloc (in /nix/store/HASH-openssl-3.6.4/lib/libcrypto.so.3)
==3813177==    by 0x4ADC9DB: EVP_CIPHER_CTX_new (in /nix/store/HASH-openssl-3.6.4/lib/libcrypto.so.3)
==3813177==    by 0x123DA6F: crypto.backend_openssl.aeadInit (backend_openssl.zig:541)
==3813177==    by 0x122A49F: init (backend.zig:303)
==3813177==    by 0x122A49F: aead.Context.init (aead.zig:138)
==3813177==    by 0x122A253: RecordLayer.init (RecordLayer.zig:79)
==3813177==    by 0x12132E3: hkdf.Hkdf(crypto.hmac.Hmac(crypto.sha2.Sha2x32(.{ 1779033703, 3144134277, 1013904242, 2773480762, 1359893119, 2600822924, 528734635, 1541459225 },256))).makeRecordLayer (hkdf.zig:237)
==3813177==    by 0x121F843: ClientHandshake.Suite.deriveHandshakeKeys (ClientHandshake.zig:513)
==3813177==    by 0x121C18F: ClientHandshake.processServerHello (ClientHandshake.zig:1618)
==3813177==    by 0x14974B3: ClientHandshake.test.processServerHello: RFC 8448 §3 installs server handshake keys (ClientHandshake.zig:2336)
==3813177==    by 0x13D7EB7: test_runner.main (test_runner.zig:278)
==3813177== 
==3813177== 1,152 (192 direct, 960 indirect) bytes in 1 blocks are definitely lost in loss record 183 of 578
==3813177==    at 0x4885E30: malloc (in /nix/store/HASH-valgrind-3.27.1/libexec/valgrind/vgpreload_memcheck-arm64-linux.so)
==3813177==    by 0x4B1FDE7: CRYPTO_malloc (in /nix/store/HASH-openssl-3.6.4/lib/libcrypto.so.3)
==3813177==    by 0x4B20053: CRYPTO_zalloc (in /nix/store/HASH-openssl-3.6.4/lib/libcrypto.so.3)
==3813177==    by 0x4ADC9DB: EVP_CIPHER_CTX_new (in /nix/store/HASH-openssl-3.6.4/lib/libcrypto.so.3)
==3813177==    by 0x123DA17: crypto.backend_openssl.aeadInit (backend_openssl.zig:539)
==3813177==    by 0x122A49F: init (backend.zig:303)
==3813177==    by 0x122A49F: aead.Context.init (aead.zig:138)
==3813177==    by 0x122A253: RecordLayer.init (RecordLayer.zig:79)
==3813177==    by 0x12132E3: hkdf.Hkdf(crypto.hmac.Hmac(crypto.sha2.Sha2x32(.{ 1779033703, 3144134277, 1013904242, 2773480762, 1359893119, 2600822924, 528734635, 1541459225 },256))).makeRecordLayer (hkdf.zig:237)
==3813177==    by 0x121F7A7: ClientHandshake.Suite.deriveHandshakeKeys (ClientHandshake.zig:511)
==3813177==    by 0x121C18F: ClientHandshake.processServerHello (ClientHandshake.zig:1618)
==3813177==    by 0x14981CF: ClientHandshake.test.processServerHello: accepts secp256r1 key_share (ClientHandshake.zig:2376)
==3813177==    by 0x13D7EB7: test_runner.main (test_runner.zig:278)
==3813177== 
==3813177== 1,152 (192 direct, 960 indirect) bytes in 1 blocks are definitely lost in loss record 184 of 578
==3813177==    at 0x4885E30: malloc (in /nix/store/HASH-valgrind-3.27.1/libexec/valgrind/vgpreload_memcheck-arm64-linux.so)
==3813177==    by 0x4B1FDE7: CRYPTO_malloc (in /nix/store/HASH-openssl-3.6.4/lib/libcrypto.so.3)
==3813177==    by 0x4B20053: CRYPTO_zalloc (in /nix/store/HASH-openssl-3.6.4/lib/libcrypto.so.3)
==3813177==    by 0x4ADC9DB: EVP_CIPHER_CTX_new (in /nix/store/HASH-openssl-3.6.4/lib/libcrypto.so.3)
==3813177==    by 0x123DA6F: crypto.backend_openssl.aeadInit (backend_openssl.zig:541)
==3813177==    by 0x122A49F: init (backend.zig:303)
==3813177==    by 0x122A49F: aead.Context.init (aead.zig:138)
==3813177==    by 0x122A253: RecordLayer.init (RecordLayer.zig:79)
==3813177==    by 0x12132E3: hkdf.Hkdf(crypto.hmac.Hmac(crypto.sha2.Sha2x32(.{ 1779033703, 3144134277, 1013904242, 2773480762, 1359893119, 2600822924, 528734635, 1541459225 },256))).makeRecordLayer (hkdf.zig:237)
==3813177==    by 0x121F7A7: ClientHandshake.Suite.deriveHandshakeKeys (ClientHandshake.zig:511)
==3813177==    by 0x121C18F: ClientHandshake.processServerHello (ClientHandshake.zig:1618)
==3813177==    by 0x14981CF: ClientHandshake.test.processServerHello: accepts secp256r1 key_share (ClientHandshake.zig:2376)
==3813177==    by 0x13D7EB7: test_runner.main (test_runner.zig:278)
==3813177== 
==3813177== 1,152 (192 direct, 960 indirect) bytes in 1 blocks are definitely lost in loss record 185 of 578
==3813177==    at 0x4885E30: malloc (in /nix/store/HASH-valgrind-3.27.1/libexec/valgrind/vgpreload_memcheck-arm64-linux.so)
==3813177==    by 0x4B1FDE7: CRYPTO_malloc (in /nix/store/HASH-openssl-3.6.4/lib/libcrypto.so.3)
==3813177==    by 0x4B20053: CRYPTO_zalloc (in /nix/store/HASH-openssl-3.6.4/lib/libcrypto.so.3)
==3813177==    by 0x4ADC9DB: EVP_CIPHER_CTX_new (in /nix/store/HASH-openssl-3.6.4/lib/libcrypto.so.3)
==3813177==    by 0x123DA17: crypto.backend_openssl.aeadInit (backend_openssl.zig:539)
==3813177==    by 0x122A49F: init (backend.zig:303)
==3813177==    by 0x122A49F: aead.Context.init (aead.zig:138)
==3813177==    by 0x122A253: RecordLayer.init (RecordLayer.zig:79)
==3813177==    by 0x12132E3: hkdf.Hkdf(crypto.hmac.Hmac(crypto.sha2.Sha2x32(.{ 1779033703, 3144134277, 1013904242, 2773480762, 1359893119, 2600822924, 528734635, 1541459225 },256))).makeRecordLayer (hkdf.zig:237)
==3813177==    by 0x121F843: ClientHandshake.Suite.deriveHandshakeKeys (ClientHandshake.zig:513)
==3813177==    by 0x121C18F: ClientHandshake.processServerHello (ClientHandshake.zig:1618)
==3813177==    by 0x14981CF: ClientHandshake.test.processServerHello: accepts secp256r1 key_share (ClientHandshake.zig:2376)
==3813177==    by 0x13D7EB7: test_runner.main (test_runner.zig:278)
==3813177== 
==3813177== 1,152 (192 direct, 960 indirect) bytes in 1 blocks are definitely lost in loss record 186 of 578
==3813177==    at 0x4885E30: malloc (in /nix/store/HASH-valgrind-3.27.1/libexec/valgrind/vgpreload_memcheck-arm64-linux.so)
==3813177==    by 0x4B1FDE7: CRYPTO_malloc (in /nix/store/HASH-openssl-3.6.4/lib/libcrypto.so.3)
==3813177==    by 0x4B20053: CRYPTO_zalloc (in /nix/store/HASH-openssl-3.6.4/lib/libcrypto.so.3)
==3813177==    by 0x4ADC9DB: EVP_CIPHER_CTX_new (in /nix/store/HASH-openssl-3.6.4/lib/libcrypto.so.3)
==3813177==    by 0x123DA6F: crypto.backend_openssl.aeadInit (backend_openssl.zig:541)
==3813177==    by 0x122A49F: init (backend.zig:303)
==3813177==    by 0x122A49F: aead.Context.init (aead.zig:138)
==3813177==    by 0x122A253: RecordLayer.init (RecordLayer.zig:79)
==3813177==    by 0x12132E3: hkdf.Hkdf(crypto.hmac.Hmac(crypto.sha2.Sha2x32(.{ 1779033703, 3144134277, 1013904242, 2773480762, 1359893119, 2600822924, 528734635, 1541459225 },256))).makeRecordLayer (hkdf.zig:237)
==3813177==    by 0x121F843: ClientHandshake.Suite.deriveHandshakeKeys (ClientHandshake.zig:513)
==3813177==    by 0x121C18F: ClientHandshake.processServerHello (ClientHandshake.zig:1618)
==3813177==    by 0x14981CF: ClientHandshake.test.processServerHello: accepts secp256r1 key_share (ClientHandshake.zig:2376)
==3813177==    by 0x13D7EB7: test_runner.main (test_runner.zig:278)
==3813177== 
==3813177== 1,152 (192 direct, 960 indirect) bytes in 1 blocks are definitely lost in loss record 187 of 578
==3813177==    at 0x4885E30: malloc (in /nix/store/HASH-valgrind-3.27.1/libexec/valgrind/vgpreload_memcheck-arm64-linux.so)
==3813177==    by 0x4B1FDE7: CRYPTO_malloc (in /nix/store/HASH-openssl-3.6.4/lib/libcrypto.so.3)
==3813177==    by 0x4B20053: CRYPTO_zalloc (in /nix/store/HASH-openssl-3.6.4/lib/libcrypto.so.3)
==3813177==    by 0x4ADC9DB: EVP_CIPHER_CTX_new (in /nix/store/HASH-openssl-3.6.4/lib/libcrypto.so.3)
==3813177==    by 0x123DA17: crypto.backend_openssl.aeadInit (backend_openssl.zig:539)
==3813177==    by 0x122A49F: init (backend.zig:303)
==3813177==    by 0x122A49F: aead.Context.init (aead.zig:138)
==3813177==    by 0x122A253: RecordLayer.init (RecordLayer.zig:79)
==3813177==    by 0x12132E3: hkdf.Hkdf(crypto.hmac.Hmac(crypto.sha2.Sha2x32(.{ 1779033703, 3144134277, 1013904242, 2773480762, 1359893119, 2600822924, 528734635, 1541459225 },256))).makeRecordLayer (hkdf.zig:237)
==3813177==    by 0x121F7A7: ClientHandshake.Suite.deriveHandshakeKeys (ClientHandshake.zig:511)
==3813177==    by 0x121C18F: ClientHandshake.processServerHello (ClientHandshake.zig:1618)
==3813177==    by 0x149A48B: ClientHandshake.test.processFlight: stores selected ALPN (ClientHandshake.zig:2570)
==3813177==    by 0x13D7EB7: test_runner.main (test_runner.zig:278)
==3813177== 
==3813177== 1,152 (192 direct, 960 indirect) bytes in 1 blocks are definitely lost in loss record 188 of 578
==3813177==    at 0x4885E30: malloc (in /nix/store/HASH-valgrind-3.27.1/libexec/valgrind/vgpreload_memcheck-arm64-linux.so)
==3813177==    by 0x4B1FDE7: CRYPTO_malloc (in /nix/store/HASH-openssl-3.6.4/lib/libcrypto.so.3)
==3813177==    by 0x4B20053: CRYPTO_zalloc (in /nix/store/HASH-openssl-3.6.4/lib/libcrypto.so.3)
==3813177==    by 0x4ADC9DB: EVP_CIPHER_CTX_new (in /nix/store/HASH-openssl-3.6.4/lib/libcrypto.so.3)
==3813177==    by 0x123DA6F: crypto.backend_openssl.aeadInit (backend_openssl.zig:541)
==3813177==    by 0x122A49F: init (backend.zig:303)
==3813177==    by 0x122A49F: aead.Context.init (aead.zig:138)
==3813177==    by 0x122A253: RecordLayer.init (RecordLayer.zig:79)
==3813177==    by 0x12132E3: hkdf.Hkdf(crypto.hmac.Hmac(crypto.sha2.Sha2x32(.{ 1779033703, 3144134277, 1013904242, 2773480762, 1359893119, 2600822924, 528734635, 1541459225 },256))).makeRecordLayer (hkdf.zig:237)
==3813177==    by 0x121F7A7: ClientHandshake.Suite.deriveHandshakeKeys (ClientHandshake.zig:511)
==3813177==    by 0x121C18F: ClientHandshake.processServerHello (ClientHandshake.zig:1618)
==3813177==    by 0x149A48B: ClientHandshake.test.processFlight: stores selected ALPN (ClientHandshake.zig:2570)
==3813177==    by 0x13D7EB7: test_runner.main (test_runner.zig:278)
==3813177== 
==3813177== 1,152 (192 direct, 960 indirect) bytes in 1 blocks are definitely lost in loss record 189 of 578
==3813177==    at 0x4885E30: malloc (in /nix/store/HASH-valgrind-3.27.1/libexec/valgrind/vgpreload_memcheck-arm64-linux.so)
==3813177==    by 0x4B1FDE7: CRYPTO_malloc (in /nix/store/HASH-openssl-3.6.4/lib/libcrypto.so.3)
==3813177==    by 0x4B20053: CRYPTO_zalloc (in /nix/store/HASH-openssl-3.6.4/lib/libcrypto.so.3)
==3813177==    by 0x4ADC9DB: EVP_CIPHER_CTX_new (in /nix/store/HASH-openssl-3.6.4/lib/libcrypto.so.3)
==3813177==    by 0x123DA17: crypto.backend_openssl.aeadInit (backend_openssl.zig:539)
==3813177==    by 0x122A49F: init (backend.zig:303)
==3813177==    by 0x122A49F: aead.Context.init (aead.zig:138)
==3813177==    by 0x122A253: RecordLayer.init (RecordLayer.zig:79)
==3813177==    by 0x12132E3: hkdf.Hkdf(crypto.hmac.Hmac(crypto.sha2.Sha2x32(.{ 1779033703, 3144134277, 1013904242, 2773480762, 1359893119, 2600822924, 528734635, 1541459225 },256))).makeRecordLayer (hkdf.zig:237)
==3813177==    by 0x121F843: ClientHandshake.Suite.deriveHandshakeKeys (ClientHandshake.zig:513)
==3813177==    by 0x121C18F: ClientHandshake.processServerHello (ClientHandshake.zig:1618)
==3813177==    by 0x149A48B: ClientHandshake.test.processFlight: stores selected ALPN (ClientHandshake.zig:2570)
==3813177==    by 0x13D7EB7: test_runner.main (test_runner.zig:278)
==3813177== 
==3813177== 1,152 (192 direct, 960 indirect) bytes in 1 blocks are definitely lost in loss record 190 of 578
==3813177==    at 0x4885E30: malloc (in /nix/store/HASH-valgrind-3.27.1/libexec/valgrind/vgpreload_memcheck-arm64-linux.so)
==3813177==    by 0x4B1FDE7: CRYPTO_malloc (in /nix/store/HASH-openssl-3.6.4/lib/libcrypto.so.3)
==3813177==    by 0x4B20053: CRYPTO_zalloc (in /nix/store/HASH-openssl-3.6.4/lib/libcrypto.so.3)
==3813177==    by 0x4ADC9DB: EVP_CIPHER_CTX_new (in /nix/store/HASH-openssl-3.6.4/lib/libcrypto.so.3)
==3813177==    by 0x123DA6F: crypto.backend_openssl.aeadInit (backend_openssl.zig:541)
==3813177==    by 0x122A49F: init (backend.zig:303)
==3813177==    by 0x122A49F: aead.Context.init (aead.zig:138)
==3813177==    by 0x122A253: RecordLayer.init (RecordLayer.zig:79)
==3813177==    by 0x12132E3: hkdf.Hkdf(crypto.hmac.Hmac(crypto.sha2.Sha2x32(.{ 1779033703, 3144134277, 1013904242, 2773480762, 1359893119, 2600822924, 528734635, 1541459225 },256))).makeRecordLayer (hkdf.zig:237)
==3813177==    by 0x121F843: ClientHandshake.Suite.deriveHandshakeKeys (ClientHandshake.zig:513)
==3813177==    by 0x121C18F: ClientHandshake.processServerHello (ClientHandshake.zig:1618)
==3813177==    by 0x149A48B: ClientHandshake.test.processFlight: stores selected ALPN (ClientHandshake.zig:2570)
==3813177==    by 0x13D7EB7: test_runner.main (test_runner.zig:278)
==3813177== 
==3813177== 1,152 (192 direct, 960 indirect) bytes in 1 blocks are definitely lost in loss record 191 of 578
==3813177==    at 0x4885E30: malloc (in /nix/store/HASH-valgrind-3.27.1/libexec/valgrind/vgpreload_memcheck-arm64-linux.so)
==3813177==    by 0x4B1FDE7: CRYPTO_malloc (in /nix/store/HASH-openssl-3.6.4/lib/libcrypto.so.3)
==3813177==    by 0x4B20053: CRYPTO_zalloc (in /nix/store/HASH-openssl-3.6.4/lib/libcrypto.so.3)
==3813177==    by 0x4ADC9DB: EVP_CIPHER_CTX_new (in /nix/store/HASH-openssl-3.6.4/lib/libcrypto.so.3)
==3813177==    by 0x123DA17: crypto.backend_openssl.aeadInit (backend_openssl.zig:539)
==3813177==    by 0x122A49F: init (backend.zig:303)
==3813177==    by 0x122A49F: aead.Context.init (aead.zig:138)
==3813177==    by 0x122A253: RecordLayer.init (RecordLayer.zig:79)
==3813177==    by 0x12132E3: hkdf.Hkdf(crypto.hmac.Hmac(crypto.sha2.Sha2x32(.{ 1779033703, 3144134277, 1013904242, 2773480762, 1359893119, 2600822924, 528734635, 1541459225 },256))).makeRecordLayer (hkdf.zig:237)
==3813177==    by 0x121F7A7: ClientHandshake.Suite.deriveHandshakeKeys (ClientHandshake.zig:511)
==3813177==    by 0x121C18F: ClientHandshake.processServerHello (ClientHandshake.zig:1618)
==3813177==    by 0x149A90B: ClientHandshake.test.processFlight: rejects unoffered ALPN (ClientHandshake.zig:2587)
==3813177==    by 0x13D7EB7: test_runner.main (test_runner.zig:278)
==3813177== 
==3813177== 1,152 (192 direct, 960 indirect) bytes in 1 blocks are definitely lost in loss record 192 of 578
==3813177==    at 0x4885E30: malloc (in /nix/store/HASH-valgrind-3.27.1/libexec/valgrind/vgpreload_memcheck-arm64-linux.so)
==3813177==    by 0x4B1FDE7: CRYPTO_malloc (in /nix/store/HASH-openssl-3.6.4/lib/libcrypto.so.3)
==3813177==    by 0x4B20053: CRYPTO_zalloc (in /nix/store/HASH-openssl-3.6.4/lib/libcrypto.so.3)
==3813177==    by 0x4ADC9DB: EVP_CIPHER_CTX_new (in /nix/store/HASH-openssl-3.6.4/lib/libcrypto.so.3)
==3813177==    by 0x123DA6F: crypto.backend_openssl.aeadInit (backend_openssl.zig:541)
==3813177==    by 0x122A49F: init (backend.zig:303)
==3813177==    by 0x122A49F: aead.Context.init (aead.zig:138)
==3813177==    by 0x122A253: RecordLayer.init (RecordLayer.zig:79)
==3813177==    by 0x12132E3: hkdf.Hkdf(crypto.hmac.Hmac(crypto.sha2.Sha2x32(.{ 1779033703, 3144134277, 1013904242, 2773480762, 1359893119, 2600822924, 528734635, 1541459225 },256))).makeRecordLayer (hkdf.zig:237)
==3813177==    by 0x121F7A7: ClientHandshake.Suite.deriveHandshakeKeys (ClientHandshake.zig:511)
==3813177==    by 0x121C18F: ClientHandshake.processServerHello (ClientHandshake.zig:1618)
==3813177==    by 0x149A90B: ClientHandshake.test.processFlight: rejects unoffered ALPN (ClientHandshake.zig:2587)
==3813177==    by 0x13D7EB7: test_runner.main (test_runner.zig:278)
==3813177== 
==3813177== 1,152 (192 direct, 960 indirect) bytes in 1 blocks are definitely lost in loss record 193 of 578
==3813177==    at 0x4885E30: malloc (in /nix/store/HASH-valgrind-3.27.1/libexec/valgrind/vgpreload_memcheck-arm64-linux.so)
==3813177==    by 0x4B1FDE7: CRYPTO_malloc (in /nix/store/HASH-openssl-3.6.4/lib/libcrypto.so.3)
==3813177==    by 0x4B20053: CRYPTO_zalloc (in /nix/store/HASH-openssl-3.6.4/lib/libcrypto.so.3)
==3813177==    by 0x4ADC9DB: EVP_CIPHER_CTX_new (in /nix/store/HASH-openssl-3.6.4/lib/libcrypto.so.3)
==3813177==    by 0x123DA17: crypto.backend_openssl.aeadInit (backend_openssl.zig:539)
==3813177==    by 0x122A49F: init (backend.zig:303)
==3813177==    by 0x122A49F: aead.Context.init (aead.zig:138)
==3813177==    by 0x122A253: RecordLayer.init (RecordLayer.zig:79)
==3813177==    by 0x12132E3: hkdf.Hkdf(crypto.hmac.Hmac(crypto.sha2.Sha2x32(.{ 1779033703, 3144134277, 1013904242, 2773480762, 1359893119, 2600822924, 528734635, 1541459225 },256))).makeRecordLayer (hkdf.zig:237)
==3813177==    by 0x121F843: ClientHandshake.Suite.deriveHandshakeKeys (ClientHandshake.zig:513)
==3813177==    by 0x121C18F: ClientHandshake.processServerHello (ClientHandshake.zig:1618)
==3813177==    by 0x149A90B: ClientHandshake.test.processFlight: rejects unoffered ALPN (ClientHandshake.zig:2587)
==3813177==    by 0x13D7EB7: test_runner.main (test_runner.zig:278)
==3813177== 
==3813177== 1,152 (192 direct, 960 indirect) bytes in 1 blocks are definitely lost in loss record 194 of 578
==3813177==    at 0x4885E30: malloc (in /nix/store/HASH-valgrind-3.27.1/libexec/valgrind/vgpreload_memcheck-arm64-linux.so)
==3813177==    by 0x4B1FDE7: CRYPTO_malloc (in /nix/store/HASH-openssl-3.6.4/lib/libcrypto.so.3)
==3813177==    by 0x4B20053: CRYPTO_zalloc (in /nix/store/HASH-openssl-3.6.4/lib/libcrypto.so.3)
==3813177==    by 0x4ADC9DB: EVP_CIPHER_CTX_new (in /nix/store/HASH-openssl-3.6.4/lib/libcrypto.so.3)
==3813177==    by 0x123DA6F: crypto.backend_openssl.aeadInit (backend_openssl.zig:541)
==3813177==    by 0x122A49F: init (backend.zig:303)
==3813177==    by 0x122A49F: aead.Context.init (aead.zig:138)
==3813177==    by 0x122A253: RecordLayer.init (RecordLayer.zig:79)
==3813177==    by 0x12132E3: hkdf.Hkdf(crypto.hmac.Hmac(crypto.sha2.Sha2x32(.{ 1779033703, 3144134277, 1013904242, 2773480762, 1359893119, 2600822924, 528734635, 1541459225 },256))).makeRecordLayer (hkdf.zig:237)
==3813177==    by 0x121F843: ClientHandshake.Suite.deriveHandshakeKeys (ClientHandshake.zig:513)
==3813177==    by 0x121C18F: ClientHandshake.processServerHello (ClientHandshake.zig:1618)
==3813177==    by 0x149A90B: ClientHandshake.test.processFlight: rejects unoffered ALPN (ClientHandshake.zig:2587)
==3813177==    by 0x13D7EB7: test_runner.main (test_runner.zig:278)
==3813177== 
==3813177== 1,152 (192 direct, 960 indirect) bytes in 1 blocks are definitely lost in loss record 195 of 578
==3813177==    at 0x4885E30: malloc (in /nix/store/HASH-valgrind-3.27.1/libexec/valgrind/vgpreload_memcheck-arm64-linux.so)
==3813177==    by 0x4B1FDE7: CRYPTO_malloc (in /nix/store/HASH-openssl-3.6.4/lib/libcrypto.so.3)
==3813177==    by 0x4B20053: CRYPTO_zalloc (in /nix/store/HASH-openssl-3.6.4/lib/libcrypto.so.3)
==3813177==    by 0x4ADC9DB: EVP_CIPHER_CTX_new (in /nix/store/HASH-openssl-3.6.4/lib/libcrypto.so.3)
==3813177==    by 0x123DA17: crypto.backend_openssl.aeadInit (backend_openssl.zig:539)
==3813177==    by 0x122A49F: init (backend.zig:303)
==3813177==    by 0x122A49F: aead.Context.init (aead.zig:138)
==3813177==    by 0x122A253: RecordLayer.init (RecordLayer.zig:79)
==3813177==    by 0x12132E3: hkdf.Hkdf(crypto.hmac.Hmac(crypto.sha2.Sha2x32(.{ 1779033703, 3144134277, 1013904242, 2773480762, 1359893119, 2600822924, 528734635, 1541459225 },256))).makeRecordLayer (hkdf.zig:237)
==3813177==    by 0x121F7A7: ClientHandshake.Suite.deriveHandshakeKeys (ClientHandshake.zig:511)
==3813177==    by 0x121C18F: ClientHandshake.processServerHello (ClientHandshake.zig:1618)
==3813177==    by 0x149AFBF: ClientHandshake.test.processFlight: rejects unanchored Certificate by default (ClientHandshake.zig:2601)
==3813177==    by 0x13D7EB7: test_runner.main (test_runner.zig:278)
==3813177== 
==3813177== 1,152 (192 direct, 960 indirect) bytes in 1 blocks are definitely lost in loss record 196 of 578
==3813177==    at 0x4885E30: malloc (in /nix/store/HASH-valgrind-3.27.1/libexec/valgrind/vgpreload_memcheck-arm64-linux.so)
==3813177==    by 0x4B1FDE7: CRYPTO_malloc (in /nix/store/HASH-openssl-3.6.4/lib/libcrypto.so.3)
==3813177==    by 0x4B20053: CRYPTO_zalloc (in /nix/store/HASH-openssl-3.6.4/lib/libcrypto.so.3)
==3813177==    by 0x4ADC9DB: EVP_CIPHER_CTX_new (in /nix/store/HASH-openssl-3.6.4/lib/libcrypto.so.3)
==3813177==    by 0x123DA6F: crypto.backend_openssl.aeadInit (backend_openssl.zig:541)
==3813177==    by 0x122A49F: init (backend.zig:303)
==3813177==    by 0x122A49F: aead.Context.init (aead.zig:138)
==3813177==    by 0x122A253: RecordLayer.init (RecordLayer.zig:79)
==3813177==    by 0x12132E3: hkdf.Hkdf(crypto.hmac.Hmac(crypto.sha2.Sha2x32(.{ 1779033703, 3144134277, 1013904242, 2773480762, 1359893119, 2600822924, 528734635, 1541459225 },256))).makeRecordLayer (hkdf.zig:237)
==3813177==    by 0x121F7A7: ClientHandshake.Suite.deriveHandshakeKeys (ClientHandshake.zig:511)
==3813177==    by 0x121C18F: ClientHandshake.processServerHello (ClientHandshake.zig:1618)
==3813177==    by 0x149AFBF: ClientHandshake.test.processFlight: rejects unanchored Certificate by default (ClientHandshake.zig:2601)
==3813177==    by 0x13D7EB7: test_runner.main (test_runner.zig:278)
==3813177== 
==3813177== 1,152 (192 direct, 960 indirect) bytes in 1 blocks are definitely lost in loss record 197 of 578
==3813177==    at 0x4885E30: malloc (in /nix/store/HASH-valgrind-3.27.1/libexec/valgrind/vgpreload_memcheck-arm64-linux.so)
==3813177==    by 0x4B1FDE7: CRYPTO_malloc (in /nix/store/HASH-openssl-3.6.4/lib/libcrypto.so.3)
==3813177==    by 0x4B20053: CRYPTO_zalloc (in /nix/store/HASH-openssl-3.6.4/lib/libcrypto.so.3)
==3813177==    by 0x4ADC9DB: EVP_CIPHER_CTX_new (in /nix/store/HASH-openssl-3.6.4/lib/libcrypto.so.3)
==3813177==    by 0x123DA17: crypto.backend_openssl.aeadInit (backend_openssl.zig:539)
==3813177==    by 0x122A49F: init (backend.zig:303)
==3813177==    by 0x122A49F: aead.Context.init (aead.zig:138)
==3813177==    by 0x122A253: RecordLayer.init (RecordLayer.zig:79)
==3813177==    by 0x12132E3: hkdf.Hkdf(crypto.hmac.Hmac(crypto.sha2.Sha2x32(.{ 1779033703, 3144134277, 1013904242, 2773480762, 1359893119, 2600822924, 528734635, 1541459225 },256))).makeRecordLayer (hkdf.zig:237)
==3813177==    by 0x121F843: ClientHandshake.Suite.deriveHandshakeKeys (ClientHandshake.zig:513)
==3813177==    by 0x121C18F: ClientHandshake.processServerHello (ClientHandshake.zig:1618)
==3813177==    by 0x149AFBF: ClientHandshake.test.processFlight: rejects unanchored Certificate by default (ClientHandshake.zig:2601)
==3813177==    by 0x13D7EB7: test_runner.main (test_runner.zig:278)
==3813177== 
==3813177== 1,152 (192 direct, 960 indirect) bytes in 1 blocks are definitely lost in loss record 198 of 578
==3813177==    at 0x4885E30: malloc (in /nix/store/HASH-valgrind-3.27.1/libexec/valgrind/vgpreload_memcheck-arm64-linux.so)
==3813177==    by 0x4B1FDE7: CRYPTO_malloc (in /nix/store/HASH-openssl-3.6.4/lib/libcrypto.so.3)
==3813177==    by 0x4B20053: CRYPTO_zalloc (in /nix/store/HASH-openssl-3.6.4/lib/libcrypto.so.3)
==3813177==    by 0x4ADC9DB: EVP_CIPHER_CTX_new (in /nix/store/HASH-openssl-3.6.4/lib/libcrypto.so.3)
==3813177==    by 0x123DA6F: crypto.backend_openssl.aeadInit (backend_openssl.zig:541)
==3813177==    by 0x122A49F: init (backend.zig:303)
==3813177==    by 0x122A49F: aead.Context.init (aead.zig:138)
==3813177==    by 0x122A253: RecordLayer.init (RecordLayer.zig:79)
==3813177==    by 0x12132E3: hkdf.Hkdf(crypto.hmac.Hmac(crypto.sha2.Sha2x32(.{ 1779033703, 3144134277, 1013904242, 2773480762, 1359893119, 2600822924, 528734635, 1541459225 },256))).makeRecordLayer (hkdf.zig:237)
==3813177==    by 0x121F843: ClientHandshake.Suite.deriveHandshakeKeys (ClientHandshake.zig:513)
==3813177==    by 0x121C18F: ClientHandshake.processServerHello (ClientHandshake.zig:1618)
==3813177==    by 0x149AFBF: ClientHandshake.test.processFlight: rejects unanchored Certificate by default (ClientHandshake.zig:2601)
==3813177==    by 0x13D7EB7: test_runner.main (test_runner.zig:278)
==3813177== 
==3813177== 1,152 (192 direct, 960 indirect) bytes in 1 blocks are definitely lost in loss record 199 of 578
==3813177==    at 0x4885E30: malloc (in /nix/store/HASH-valgrind-3.27.1/libexec/valgrind/vgpreload_memcheck-arm64-linux.so)
==3813177==    by 0x4B1FDE7: CRYPTO_malloc (in /nix/store/HASH-openssl-3.6.4/lib/libcrypto.so.3)
==3813177==    by 0x4B20053: CRYPTO_zalloc (in /nix/store/HASH-openssl-3.6.4/lib/libcrypto.so.3)
==3813177==    by 0x4ADC9DB: EVP_CIPHER_CTX_new (in /nix/store/HASH-openssl-3.6.4/lib/libcrypto.so.3)
==3813177==    by 0x123DA17: crypto.backend_openssl.aeadInit (backend_openssl.zig:539)
==3813177==    by 0x122A49F: init (backend.zig:303)
==3813177==    by 0x122A49F: aead.Context.init (aead.zig:138)
==3813177==    by 0x122A253: RecordLayer.init (RecordLayer.zig:79)
==3813177==    by 0x12132E3: hkdf.Hkdf(crypto.hmac.Hmac(crypto.sha2.Sha2x32(.{ 1779033703, 3144134277, 1013904242, 2773480762, 1359893119, 2600822924, 528734635, 1541459225 },256))).makeRecordLayer (hkdf.zig:237)
==3813177==    by 0x121F7A7: ClientHandshake.Suite.deriveHandshakeKeys (ClientHandshake.zig:511)
==3813177==    by 0x121C18F: ClientHandshake.processServerHello (ClientHandshake.zig:1618)
==3813177==    by 0x14A3707: ClientHandshake.test.processFlight: RFC 8448 §3 full server flight to connected (ClientHandshake.zig:2725)
==3813177==    by 0x13D7EB7: test_runner.main (test_runner.zig:278)
==3813177== 
==3813177== 1,152 (192 direct, 960 indirect) bytes in 1 blocks are definitely lost in loss record 200 of 578
==3813177==    at 0x4885E30: malloc (in /nix/store/HASH-valgrind-3.27.1/libexec/valgrind/vgpreload_memcheck-arm64-linux.so)
==3813177==    by 0x4B1FDE7: CRYPTO_malloc (in /nix/store/HASH-openssl-3.6.4/lib/libcrypto.so.3)
==3813177==    by 0x4B20053: CRYPTO_zalloc (in /nix/store/HASH-openssl-3.6.4/lib/libcrypto.so.3)
==3813177==    by 0x4ADC9DB: EVP_CIPHER_CTX_new (in /nix/store/HASH-openssl-3.6.4/lib/libcrypto.so.3)
==3813177==    by 0x123DA6F: crypto.backend_openssl.aeadInit (backend_openssl.zig:541)
==3813177==    by 0x122A49F: init (backend.zig:303)
==3813177==    by 0x122A49F: aead.Context.init (aead.zig:138)
==3813177==    by 0x122A253: RecordLayer.init (RecordLayer.zig:79)
==3813177==    by 0x12132E3: hkdf.Hkdf(crypto.hmac.Hmac(crypto.sha2.Sha2x32(.{ 1779033703, 3144134277, 1013904242, 2773480762, 1359893119, 2600822924, 528734635, 1541459225 },256))).makeRecordLayer (hkdf.zig:237)
==3813177==    by 0x121F7A7: ClientHandshake.Suite.deriveHandshakeKeys (ClientHandshake.zig:511)
==3813177==    by 0x121C18F: ClientHandshake.processServerHello (ClientHandshake.zig:1618)
==3813177==    by 0x14A3707: ClientHandshake.test.processFlight: RFC 8448 §3 full server flight to connected (ClientHandshake.zig:2725)
==3813177==    by 0x13D7EB7: test_runner.main (test_runner.zig:278)
==3813177== 
==3813177== 1,152 (192 direct, 960 indirect) bytes in 1 blocks are definitely lost in loss record 201 of 578
==3813177==    at 0x4885E30: malloc (in /nix/store/HASH-valgrind-3.27.1/libexec/valgrind/vgpreload_memcheck-arm64-linux.so)
==3813177==    by 0x4B1FDE7: CRYPTO_malloc (in /nix/store/HASH-openssl-3.6.4/lib/libcrypto.so.3)
==3813177==    by 0x4B20053: CRYPTO_zalloc (in /nix/store/HASH-openssl-3.6.4/lib/libcrypto.so.3)
==3813177==    by 0x4ADC9DB: EVP_CIPHER_CTX_new (in /nix/store/HASH-openssl-3.6.4/lib/libcrypto.so.3)
==3813177==    by 0x123DA17: crypto.backend_openssl.aeadInit (backend_openssl.zig:539)
==3813177==    by 0x122A49F: init (backend.zig:303)
==3813177==    by 0x122A49F: aead.Context.init (aead.zig:138)
==3813177==    by 0x122A253: RecordLayer.init (RecordLayer.zig:79)
==3813177==    by 0x12132E3: hkdf.Hkdf(crypto.hmac.Hmac(crypto.sha2.Sha2x32(.{ 1779033703, 3144134277, 1013904242, 2773480762, 1359893119, 2600822924, 528734635, 1541459225 },256))).makeRecordLayer (hkdf.zig:237)
==3813177==    by 0x121F843: ClientHandshake.Suite.deriveHandshakeKeys (ClientHandshake.zig:513)
==3813177==    by 0x121C18F: ClientHandshake.processServerHello (ClientHandshake.zig:1618)
==3813177==    by 0x14A3707: ClientHandshake.test.processFlight: RFC 8448 §3 full server flight to connected (ClientHandshake.zig:2725)
==3813177==    by 0x13D7EB7: test_runner.main (test_runner.zig:278)
==3813177== 
==3813177== 1,152 (192 direct, 960 indirect) bytes in 1 blocks are definitely lost in loss record 202 of 578
==3813177==    at 0x4885E30: malloc (in /nix/store/HASH-valgrind-3.27.1/libexec/valgrind/vgpreload_memcheck-arm64-linux.so)
==3813177==    by 0x4B1FDE7: CRYPTO_malloc (in /nix/store/HASH-openssl-3.6.4/lib/libcrypto.so.3)
==3813177==    by 0x4B20053: CRYPTO_zalloc (in /nix/store/HASH-openssl-3.6.4/lib/libcrypto.so.3)
==3813177==    by 0x4ADC9DB: EVP_CIPHER_CTX_new (in /nix/store/HASH-openssl-3.6.4/lib/libcrypto.so.3)
==3813177==    by 0x123DA6F: crypto.backend_openssl.aeadInit (backend_openssl.zig:541)
==3813177==    by 0x122A49F: init (backend.zig:303)
==3813177==    by 0x122A49F: aead.Context.init (aead.zig:138)
==3813177==    by 0x122A253: RecordLayer.init (RecordLayer.zig:79)
==3813177==    by 0x12132E3: hkdf.Hkdf(crypto.hmac.Hmac(crypto.sha2.Sha2x32(.{ 1779033703, 3144134277, 1013904242, 2773480762, 1359893119, 2600822924, 528734635, 1541459225 },256))).makeRecordLayer (hkdf.zig:237)
==3813177==    by 0x121F843: ClientHandshake.Suite.deriveHandshakeKeys (ClientHandshake.zig:513)
==3813177==    by 0x121C18F: ClientHandshake.processServerHello (ClientHandshake.zig:1618)
==3813177==    by 0x14A3707: ClientHandshake.test.processFlight: RFC 8448 §3 full server flight to connected (ClientHandshake.zig:2725)
==3813177==    by 0x13D7EB7: test_runner.main (test_runner.zig:278)
==3813177== 
==3813177== 1,152 (192 direct, 960 indirect) bytes in 1 blocks are definitely lost in loss record 203 of 578
==3813177==    at 0x4885E30: malloc (in /nix/store/HASH-valgrind-3.27.1/libexec/valgrind/vgpreload_memcheck-arm64-linux.so)
==3813177==    by 0x4B1FDE7: CRYPTO_malloc (in /nix/store/HASH-openssl-3.6.4/lib/libcrypto.so.3)
==3813177==    by 0x4B20053: CRYPTO_zalloc (in /nix/store/HASH-openssl-3.6.4/lib/libcrypto.so.3)
==3813177==    by 0x4ADC9DB: EVP_CIPHER_CTX_new (in /nix/store/HASH-openssl-3.6.4/lib/libcrypto.so.3)
==3813177==    by 0x123DA17: crypto.backend_openssl.aeadInit (backend_openssl.zig:539)
==3813177==    by 0x122A49F: init (backend.zig:303)
==3813177==    by 0x122A49F: aead.Context.init (aead.zig:138)
==3813177==    by 0x122A253: RecordLayer.init (RecordLayer.zig:79)
==3813177==    by 0x12132E3: hkdf.Hkdf(crypto.hmac.Hmac(crypto.sha2.Sha2x32(.{ 1779033703, 3144134277, 1013904242, 2773480762, 1359893119, 2600822924, 528734635, 1541459225 },256))).makeRecordLayer (hkdf.zig:237)
==3813177==    by 0x121F7A7: ClientHandshake.Suite.deriveHandshakeKeys (ClientHandshake.zig:511)
==3813177==    by 0x121C18F: ClientHandshake.processServerHello (ClientHandshake.zig:1618)
==3813177==    by 0x14A43CF: ClientHandshake.test.processFlight: handshake message spanning records needs buffer (ClientHandshake.zig:2756)
==3813177==    by 0x13D7EB7: test_runner.main (test_runner.zig:278)
==3813177== 
==3813177== 1,152 (192 direct, 960 indirect) bytes in 1 blocks are definitely lost in loss record 204 of 578
==3813177==    at 0x4885E30: malloc (in /nix/store/HASH-valgrind-3.27.1/libexec/valgrind/vgpreload_memcheck-arm64-linux.so)
==3813177==    by 0x4B1FDE7: CRYPTO_malloc (in /nix/store/HASH-openssl-3.6.4/lib/libcrypto.so.3)
==3813177==    by 0x4B20053: CRYPTO_zalloc (in /nix/store/HASH-openssl-3.6.4/lib/libcrypto.so.3)
==3813177==    by 0x4ADC9DB: EVP_CIPHER_CTX_new (in /nix/store/HASH-openssl-3.6.4/lib/libcrypto.so.3)
==3813177==    by 0x123DA6F: crypto.backend_openssl.aeadInit (backend_openssl.zig:541)
==3813177==    by 0x122A49F: init (backend.zig:303)
==3813177==    by 0x122A49F: aead.Context.init (aead.zig:138)
==3813177==    by 0x122A253: RecordLayer.init (RecordLayer.zig:79)
==3813177==    by 0x12132E3: hkdf.Hkdf(crypto.hmac.Hmac(crypto.sha2.Sha2x32(.{ 1779033703, 3144134277, 1013904242, 2773480762, 1359893119, 2600822924, 528734635, 1541459225 },256))).makeRecordLayer (hkdf.zig:237)
==3813177==    by 0x121F7A7: ClientHandshake.Suite.deriveHandshakeKeys (ClientHandshake.zig:511)
==3813177==    by 0x121C18F: ClientHandshake.processServerHello (ClientHandshake.zig:1618)
==3813177==    by 0x14A43CF: ClientHandshake.test.processFlight: handshake message spanning records needs buffer (ClientHandshake.zig:2756)
==3813177==    by 0x13D7EB7: test_runner.main (test_runner.zig:278)
==3813177== 
==3813177== 1,152 (192 direct, 960 indirect) bytes in 1 blocks are definitely lost in loss record 205 of 578
==3813177==    at 0x4885E30: malloc (in /nix/store/HASH-valgrind-3.27.1/libexec/valgrind/vgpreload_memcheck-arm64-linux.so)
==3813177==    by 0x4B1FDE7: CRYPTO_malloc (in /nix/store/HASH-openssl-3.6.4/lib/libcrypto.so.3)
==3813177==    by 0x4B20053: CRYPTO_zalloc (in /nix/store/HASH-openssl-3.6.4/lib/libcrypto.so.3)
==3813177==    by 0x4ADC9DB: EVP_CIPHER_CTX_new (in /nix/store/HASH-openssl-3.6.4/lib/libcrypto.so.3)
==3813177==    by 0x123DA17: crypto.backend_openssl.aeadInit (backend_openssl.zig:539)
==3813177==    by 0x122A49F: init (backend.zig:303)
==3813177==    by 0x122A49F: aead.Context.init (aead.zig:138)
==3813177==    by 0x122A253: RecordLayer.init (RecordLayer.zig:79)
==3813177==    by 0x12132E3: hkdf.Hkdf(crypto.hmac.Hmac(crypto.sha2.Sha2x32(.{ 1779033703, 3144134277, 1013904242, 2773480762, 1359893119, 2600822924, 528734635, 1541459225 },256))).makeRecordLayer (hkdf.zig:237)
==3813177==    by 0x121F843: ClientHandshake.Suite.deriveHandshakeKeys (ClientHandshake.zig:513)
==3813177==    by 0x121C18F: ClientHandshake.processServerHello (ClientHandshake.zig:1618)
==3813177==    by 0x14A43CF: ClientHandshake.test.processFlight: handshake message spanning records needs buffer (ClientHandshake.zig:2756)
==3813177==    by 0x13D7EB7: test_runner.main (test_runner.zig:278)
==3813177== 
==3813177== 1,152 (192 direct, 960 indirect) bytes in 1 blocks are definitely lost in loss record 206 of 578
==3813177==    at 0x4885E30: malloc (in /nix/store/HASH-valgrind-3.27.1/libexec/valgrind/vgpreload_memcheck-arm64-linux.so)
==3813177==    by 0x4B1FDE7: CRYPTO_malloc (in /nix/store/HASH-openssl-3.6.4/lib/libcrypto.so.3)
==3813177==    by 0x4B20053: CRYPTO_zalloc (in /nix/store/HASH-openssl-3.6.4/lib/libcrypto.so.3)
==3813177==    by 0x4ADC9DB: EVP_CIPHER_CTX_new (in /nix/store/HASH-openssl-3.6.4/lib/libcrypto.so.3)
==3813177==    by 0x123DA6F: crypto.backend_openssl.aeadInit (backend_openssl.zig:541)
==3813177==    by 0x122A49F: init (backend.zig:303)
==3813177==    by 0x122A49F: aead.Context.init (aead.zig:138)
==3813177==    by 0x122A253: RecordLayer.init (RecordLayer.zig:79)
==3813177==    by 0x12132E3: hkdf.Hkdf(crypto.hmac.Hmac(crypto.sha2.Sha2x32(.{ 1779033703, 3144134277, 1013904242, 2773480762, 1359893119, 2600822924, 528734635, 1541459225 },256))).makeRecordLayer (hkdf.zig:237)
==3813177==    by 0x121F843: ClientHandshake.Suite.deriveHandshakeKeys (ClientHandshake.zig:513)
==3813177==    by 0x121C18F: ClientHandshake.processServerHello (ClientHandshake.zig:1618)
==3813177==    by 0x14A43CF: ClientHandshake.test.processFlight: handshake message spanning records needs buffer (ClientHandshake.zig:2756)
==3813177==    by 0x13D7EB7: test_runner.main (test_runner.zig:278)
==3813177== 
==3813177== 1,152 (192 direct, 960 indirect) bytes in 1 blocks are definitely lost in loss record 207 of 578
==3813177==    at 0x4885E30: malloc (in /nix/store/HASH-valgrind-3.27.1/libexec/valgrind/vgpreload_memcheck-arm64-linux.so)
==3813177==    by 0x4B1FDE7: CRYPTO_malloc (in /nix/store/HASH-openssl-3.6.4/lib/libcrypto.so.3)
==3813177==    by 0x4B20053: CRYPTO_zalloc (in /nix/store/HASH-openssl-3.6.4/lib/libcrypto.so.3)
==3813177==    by 0x4ADC9DB: EVP_CIPHER_CTX_new (in /nix/store/HASH-openssl-3.6.4/lib/libcrypto.so.3)
==3813177==    by 0x123DA17: crypto.backend_openssl.aeadInit (backend_openssl.zig:539)
==3813177==    by 0x122A49F: init (backend.zig:303)
==3813177==    by 0x122A49F: aead.Context.init (aead.zig:138)
==3813177==    by 0x122A253: RecordLayer.init (RecordLayer.zig:79)
==3813177==    by 0x12132E3: hkdf.Hkdf(crypto.hmac.Hmac(crypto.sha2.Sha2x32(.{ 1779033703, 3144134277, 1013904242, 2773480762, 1359893119, 2600822924, 528734635, 1541459225 },256))).makeRecordLayer (hkdf.zig:237)
==3813177==    by 0x121F7A7: ClientHandshake.Suite.deriveHandshakeKeys (ClientHandshake.zig:511)
==3813177==    by 0x121C18F: ClientHandshake.processServerHello (ClientHandshake.zig:1618)
==3813177==    by 0x14A474F: ClientHandshake.test.processFlight: reassembles handshake message split across records (ClientHandshake.zig:2771)
==3813177==    by 0x13D7EB7: test_runner.main (test_runner.zig:278)
==3813177== 
==3813177== 1,152 (192 direct, 960 indirect) bytes in 1 blocks are definitely lost in loss record 208 of 578
==3813177==    at 0x4885E30: malloc (in /nix/store/HASH-valgrind-3.27.1/libexec/valgrind/vgpreload_memcheck-arm64-linux.so)
==3813177==    by 0x4B1FDE7: CRYPTO_malloc (in /nix/store/HASH-openssl-3.6.4/lib/libcrypto.so.3)
==3813177==    by 0x4B20053: CRYPTO_zalloc (in /nix/store/HASH-openssl-3.6.4/lib/libcrypto.so.3)
==3813177==    by 0x4ADC9DB: EVP_CIPHER_CTX_new (in /nix/store/HASH-openssl-3.6.4/lib/libcrypto.so.3)
==3813177==    by 0x123DA6F: crypto.backend_openssl.aeadInit (backend_openssl.zig:541)
==3813177==    by 0x122A49F: init (backend.zig:303)
==3813177==    by 0x122A49F: aead.Context.init (aead.zig:138)
==3813177==    by 0x122A253: RecordLayer.init (RecordLayer.zig:79)
==3813177==    by 0x12132E3: hkdf.Hkdf(crypto.hmac.Hmac(crypto.sha2.Sha2x32(.{ 1779033703, 3144134277, 1013904242, 2773480762, 1359893119, 2600822924, 528734635, 1541459225 },256))).makeRecordLayer (hkdf.zig:237)
==3813177==    by 0x121F7A7: ClientHandshake.Suite.deriveHandshakeKeys (ClientHandshake.zig:511)
==3813177==    by 0x121C18F: ClientHandshake.processServerHello (ClientHandshake.zig:1618)
==3813177==    by 0x14A474F: ClientHandshake.test.processFlight: reassembles handshake message split across records (ClientHandshake.zig:2771)
==3813177==    by 0x13D7EB7: test_runner.main (test_runner.zig:278)
==3813177== 
==3813177== 1,152 (192 direct, 960 indirect) bytes in 1 blocks are definitely lost in loss record 209 of 578
==3813177==    at 0x4885E30: malloc (in /nix/store/HASH-valgrind-3.27.1/libexec/valgrind/vgpreload_memcheck-arm64-linux.so)
==3813177==    by 0x4B1FDE7: CRYPTO_malloc (in /nix/store/HASH-openssl-3.6.4/lib/libcrypto.so.3)
==3813177==    by 0x4B20053: CRYPTO_zalloc (in /nix/store/HASH-openssl-3.6.4/lib/libcrypto.so.3)
==3813177==    by 0x4ADC9DB: EVP_CIPHER_CTX_new (in /nix/store/HASH-openssl-3.6.4/lib/libcrypto.so.3)
==3813177==    by 0x123DA17: crypto.backend_openssl.aeadInit (backend_openssl.zig:539)
==3813177==    by 0x122A49F: init (backend.zig:303)
==3813177==    by 0x122A49F: aead.Context.init (aead.zig:138)
==3813177==    by 0x122A253: RecordLayer.init (RecordLayer.zig:79)
==3813177==    by 0x12132E3: hkdf.Hkdf(crypto.hmac.Hmac(crypto.sha2.Sha2x32(.{ 1779033703, 3144134277, 1013904242, 2773480762, 1359893119, 2600822924, 528734635, 1541459225 },256))).makeRecordLayer (hkdf.zig:237)
==3813177==    by 0x121F843: ClientHandshake.Suite.deriveHandshakeKeys (ClientHandshake.zig:513)
==3813177==    by 0x121C18F: ClientHandshake.processServerHello (ClientHandshake.zig:1618)
==3813177==    by 0x14A474F: ClientHandshake.test.processFlight: reassembles handshake message split across records (ClientHandshake.zig:2771)
==3813177==    by 0x13D7EB7: test_runner.main (test_runner.zig:278)
==3813177== 
==3813177== 1,152 (192 direct, 960 indirect) bytes in 1 blocks are definitely lost in loss record 210 of 578
==3813177==    at 0x4885E30: malloc (in /nix/store/HASH-valgrind-3.27.1/libexec/valgrind/vgpreload_memcheck-arm64-linux.so)
==3813177==    by 0x4B1FDE7: CRYPTO_malloc (in /nix/store/HASH-openssl-3.6.4/lib/libcrypto.so.3)
==3813177==    by 0x4B20053: CRYPTO_zalloc (in /nix/store/HASH-openssl-3.6.4/lib/libcrypto.so.3)
==3813177==    by 0x4ADC9DB: EVP_CIPHER_CTX_new (in /nix/store/HASH-openssl-3.6.4/lib/libcrypto.so.3)
==3813177==    by 0x123DA6F: crypto.backend_openssl.aeadInit (backend_openssl.zig:541)
==3813177==    by 0x122A49F: init (backend.zig:303)
==3813177==    by 0x122A49F: aead.Context.init (aead.zig:138)
==3813177==    by 0x122A253: RecordLayer.init (RecordLayer.zig:79)
==3813177==    by 0x12132E3: hkdf.Hkdf(crypto.hmac.Hmac(crypto.sha2.Sha2x32(.{ 1779033703, 3144134277, 1013904242, 2773480762, 1359893119, 2600822924, 528734635, 1541459225 },256))).makeRecordLayer (hkdf.zig:237)
==3813177==    by 0x121F843: ClientHandshake.Suite.deriveHandshakeKeys (ClientHandshake.zig:513)
==3813177==    by 0x121C18F: ClientHandshake.processServerHello (ClientHandshake.zig:1618)
==3813177==    by 0x14A474F: ClientHandshake.test.processFlight: reassembles handshake message split across records (ClientHandshake.zig:2771)
==3813177==    by 0x13D7EB7: test_runner.main (test_runner.zig:278)
==3813177== 
==3813177== 1,152 (192 direct, 960 indirect) bytes in 1 blocks are definitely lost in loss record 211 of 578
==3813177==    at 0x4885E30: malloc (in /nix/store/HASH-valgrind-3.27.1/libexec/valgrind/vgpreload_memcheck-arm64-linux.so)
==3813177==    by 0x4B1FDE7: CRYPTO_malloc (in /nix/store/HASH-openssl-3.6.4/lib/libcrypto.so.3)
==3813177==    by 0x4B20053: CRYPTO_zalloc (in /nix/store/HASH-openssl-3.6.4/lib/libcrypto.so.3)
==3813177==    by 0x4ADC9DB: EVP_CIPHER_CTX_new (in /nix/store/HASH-openssl-3.6.4/lib/libcrypto.so.3)
==3813177==    by 0x123DA17: crypto.backend_openssl.aeadInit (backend_openssl.zig:539)
==3813177==    by 0x122A49F: init (backend.zig:303)
==3813177==    by 0x122A49F: aead.Context.init (aead.zig:138)
==3813177==    by 0x122A253: RecordLayer.init (RecordLayer.zig:79)
==3813177==    by 0x12132E3: hkdf.Hkdf(crypto.hmac.Hmac(crypto.sha2.Sha2x32(.{ 1779033703, 3144134277, 1013904242, 2773480762, 1359893119, 2600822924, 528734635, 1541459225 },256))).makeRecordLayer (hkdf.zig:237)
==3813177==    by 0x121F7A7: ClientHandshake.Suite.deriveHandshakeKeys (ClientHandshake.zig:511)
==3813177==    by 0x121C18F: ClientHandshake.processServerHello (ClientHandshake.zig:1618)
==3813177==    by 0x14A510B: ClientHandshake.test.processFlight: RFC 8448 §3 flight split one message per record (ClientHandshake.zig:2806)
==3813177==    by 0x13D7EB7: test_runner.main (test_runner.zig:278)
==3813177== 
==3813177== 1,152 (192 direct, 960 indirect) bytes in 1 blocks are definitely lost in loss record 212 of 578
==3813177==    at 0x4885E30: malloc (in /nix/store/HASH-valgrind-3.27.1/libexec/valgrind/vgpreload_memcheck-arm64-linux.so)
==3813177==    by 0x4B1FDE7: CRYPTO_malloc (in /nix/store/HASH-openssl-3.6.4/lib/libcrypto.so.3)
==3813177==    by 0x4B20053: CRYPTO_zalloc (in /nix/store/HASH-openssl-3.6.4/lib/libcrypto.so.3)
==3813177==    by 0x4ADC9DB: EVP_CIPHER_CTX_new (in /nix/store/HASH-openssl-3.6.4/lib/libcrypto.so.3)
==3813177==    by 0x123DA6F: crypto.backend_openssl.aeadInit (backend_openssl.zig:541)
==3813177==    by 0x122A49F: init (backend.zig:303)
==3813177==    by 0x122A49F: aead.Context.init (aead.zig:138)
==3813177==    by 0x122A253: RecordLayer.init (RecordLayer.zig:79)
==3813177==    by 0x12132E3: hkdf.Hkdf(crypto.hmac.Hmac(crypto.sha2.Sha2x32(.{ 1779033703, 3144134277, 1013904242, 2773480762, 1359893119, 2600822924, 528734635, 1541459225 },256))).makeRecordLayer (hkdf.zig:237)
==3813177==    by 0x121F7A7: ClientHandshake.Suite.deriveHandshakeKeys (ClientHandshake.zig:511)
==3813177==    by 0x121C18F: ClientHandshake.processServerHello (ClientHandshake.zig:1618)
==3813177==    by 0x14A510B: ClientHandshake.test.processFlight: RFC 8448 §3 flight split one message per record (ClientHandshake.zig:2806)
==3813177==    by 0x13D7EB7: test_runner.main (test_runner.zig:278)
==3813177== 
==3813177== 1,152 (192 direct, 960 indirect) bytes in 1 blocks are definitely lost in loss record 213 of 578
==3813177==    at 0x4885E30: malloc (in /nix/store/HASH-valgrind-3.27.1/libexec/valgrind/vgpreload_memcheck-arm64-linux.so)
==3813177==    by 0x4B1FDE7: CRYPTO_malloc (in /nix/store/HASH-openssl-3.6.4/lib/libcrypto.so.3)
==3813177==    by 0x4B20053: CRYPTO_zalloc (in /nix/store/HASH-openssl-3.6.4/lib/libcrypto.so.3)
==3813177==    by 0x4ADC9DB: EVP_CIPHER_CTX_new (in /nix/store/HASH-openssl-3.6.4/lib/libcrypto.so.3)
==3813177==    by 0x123DA17: crypto.backend_openssl.aeadInit (backend_openssl.zig:539)
==3813177==    by 0x122A49F: init (backend.zig:303)
==3813177==    by 0x122A49F: aead.Context.init (aead.zig:138)
==3813177==    by 0x122A253: RecordLayer.init (RecordLayer.zig:79)
==3813177==    by 0x12132E3: hkdf.Hkdf(crypto.hmac.Hmac(crypto.sha2.Sha2x32(.{ 1779033703, 3144134277, 1013904242, 2773480762, 1359893119, 2600822924, 528734635, 1541459225 },256))).makeRecordLayer (hkdf.zig:237)
==3813177==    by 0x121F843: ClientHandshake.Suite.deriveHandshakeKeys (ClientHandshake.zig:513)
==3813177==    by 0x121C18F: ClientHandshake.processServerHello (ClientHandshake.zig:1618)
==3813177==    by 0x14A510B: ClientHandshake.test.processFlight: RFC 8448 §3 flight split one message per record (ClientHandshake.zig:2806)
==3813177==    by 0x13D7EB7: test_runner.main (test_runner.zig:278)
==3813177== 
==3813177== 1,152 (192 direct, 960 indirect) bytes in 1 blocks are definitely lost in loss record 214 of 578
==3813177==    at 0x4885E30: malloc (in /nix/store/HASH-valgrind-3.27.1/libexec/valgrind/vgpreload_memcheck-arm64-linux.so)
==3813177==    by 0x4B1FDE7: CRYPTO_malloc (in /nix/store/HASH-openssl-3.6.4/lib/libcrypto.so.3)
==3813177==    by 0x4B20053: CRYPTO_zalloc (in /nix/store/HASH-openssl-3.6.4/lib/libcrypto.so.3)
==3813177==    by 0x4ADC9DB: EVP_CIPHER_CTX_new (in /nix/store/HASH-openssl-3.6.4/lib/libcrypto.so.3)
==3813177==    by 0x123DA6F: crypto.backend_openssl.aeadInit (backend_openssl.zig:541)
==3813177==    by 0x122A49F: init (backend.zig:303)
==3813177==    by 0x122A49F: aead.Context.init (aead.zig:138)
==3813177==    by 0x122A253: RecordLayer.init (RecordLayer.zig:79)
==3813177==    by 0x12132E3: hkdf.Hkdf(crypto.hmac.Hmac(crypto.sha2.Sha2x32(.{ 1779033703, 3144134277, 1013904242, 2773480762, 1359893119, 2600822924, 528734635, 1541459225 },256))).makeRecordLayer (hkdf.zig:237)
==3813177==    by 0x121F843: ClientHandshake.Suite.deriveHandshakeKeys (ClientHandshake.zig:513)
==3813177==    by 0x121C18F: ClientHandshake.processServerHello (ClientHandshake.zig:1618)
==3813177==    by 0x14A510B: ClientHandshake.test.processFlight: RFC 8448 §3 flight split one message per record (ClientHandshake.zig:2806)
==3813177==    by 0x13D7EB7: test_runner.main (test_runner.zig:278)
==3813177== 
==3813177== 1,152 (192 direct, 960 indirect) bytes in 1 blocks are definitely lost in loss record 215 of 578
==3813177==    at 0x4885E30: malloc (in /nix/store/HASH-valgrind-3.27.1/libexec/valgrind/vgpreload_memcheck-arm64-linux.so)
==3813177==    by 0x4B1FDE7: CRYPTO_malloc (in /nix/store/HASH-openssl-3.6.4/lib/libcrypto.so.3)
==3813177==    by 0x4B20053: CRYPTO_zalloc (in /nix/store/HASH-openssl-3.6.4/lib/libcrypto.so.3)
==3813177==    by 0x4ADC9DB: EVP_CIPHER_CTX_new (in /nix/store/HASH-openssl-3.6.4/lib/libcrypto.so.3)
==3813177==    by 0x123DA17: crypto.backend_openssl.aeadInit (backend_openssl.zig:539)
==3813177==    by 0x122A49F: init (backend.zig:303)
==3813177==    by 0x122A49F: aead.Context.init (aead.zig:138)
==3813177==    by 0x122A253: RecordLayer.init (RecordLayer.zig:79)
==3813177==    by 0x12132E3: hkdf.Hkdf(crypto.hmac.Hmac(crypto.sha2.Sha2x32(.{ 1779033703, 3144134277, 1013904242, 2773480762, 1359893119, 2600822924, 528734635, 1541459225 },256))).makeRecordLayer (hkdf.zig:237)
==3813177==    by 0x1222A67: ClientHandshake.Suite.finishHandshake (ClientHandshake.zig:448)
==3813177==    by 0x1221D0F: ClientHandshake.clientFinished (ClientHandshake.zig:2000)
==3813177==    by 0x14B1EBB: ClientHandshake.test.clientFinished: RFC 8448 §3 emits Finished and upgrades to app keys (ClientHandshake.zig:3256)
==3813177==    by 0x13D7EB7: test_runner.main (test_runner.zig:278)
==3813177== 
==3813177== 1,152 (192 direct, 960 indirect) bytes in 1 blocks are definitely lost in loss record 216 of 578
==3813177==    at 0x4885E30: malloc (in /nix/store/HASH-valgrind-3.27.1/libexec/valgrind/vgpreload_memcheck-arm64-linux.so)
==3813177==    by 0x4B1FDE7: CRYPTO_malloc (in /nix/store/HASH-openssl-3.6.4/lib/libcrypto.so.3)
==3813177==    by 0x4B20053: CRYPTO_zalloc (in /nix/store/HASH-openssl-3.6.4/lib/libcrypto.so.3)
==3813177==    by 0x4ADC9DB: EVP_CIPHER_CTX_new (in /nix/store/HASH-openssl-3.6.4/lib/libcrypto.so.3)
==3813177==    by 0x123DA6F: crypto.backend_openssl.aeadInit (backend_openssl.zig:541)
==3813177==    by 0x122A49F: init (backend.zig:303)
==3813177==    by 0x122A49F: aead.Context.init (aead.zig:138)
==3813177==    by 0x122A253: RecordLayer.init (RecordLayer.zig:79)
==3813177==    by 0x12132E3: hkdf.Hkdf(crypto.hmac.Hmac(crypto.sha2.Sha2x32(.{ 1779033703, 3144134277, 1013904242, 2773480762, 1359893119, 2600822924, 528734635, 1541459225 },256))).makeRecordLayer (hkdf.zig:237)
==3813177==    by 0x1222A67: ClientHandshake.Suite.finishHandshake (ClientHandshake.zig:448)
==3813177==    by 0x1221D0F: ClientHandshake.clientFinished (ClientHandshake.zig:2000)
==3813177==    by 0x14B1EBB: ClientHandshake.test.clientFinished: RFC 8448 §3 emits Finished and upgrades to app keys (ClientHandshake.zig:3256)
==3813177==    by 0x13D7EB7: test_runner.main (test_runner.zig:278)
==3813177== 
==3813177== 1,152 (192 direct, 960 indirect) bytes in 1 blocks are definitely lost in loss record 217 of 578
==3813177==    at 0x4885E30: malloc (in /nix/store/HASH-valgrind-3.27.1/libexec/valgrind/vgpreload_memcheck-arm64-linux.so)
==3813177==    by 0x4B1FDE7: CRYPTO_malloc (in /nix/store/HASH-openssl-3.6.4/lib/libcrypto.so.3)
==3813177==    by 0x4B20053: CRYPTO_zalloc (in /nix/store/HASH-openssl-3.6.4/lib/libcrypto.so.3)
==3813177==    by 0x4ADC9DB: EVP_CIPHER_CTX_new (in /nix/store/HASH-openssl-3.6.4/lib/libcrypto.so.3)
==3813177==    by 0x123DA17: crypto.backend_openssl.aeadInit (backend_openssl.zig:539)
==3813177==    by 0x122A49F: init (backend.zig:303)
==3813177==    by 0x122A49F: aead.Context.init (aead.zig:138)
==3813177==    by 0x122A253: RecordLayer.init (RecordLayer.zig:79)
==3813177==    by 0x12132E3: hkdf.Hkdf(crypto.hmac.Hmac(crypto.sha2.Sha2x32(.{ 1779033703, 3144134277, 1013904242, 2773480762, 1359893119, 2600822924, 528734635, 1541459225 },256))).makeRecordLayer (hkdf.zig:237)
==3813177==    by 0x1222ADB: ClientHandshake.Suite.finishHandshake (ClientHandshake.zig:450)
==3813177==    by 0x1221D0F: ClientHandshake.clientFinished (ClientHandshake.zig:2000)
==3813177==    by 0x14B1EBB: ClientHandshake.test.clientFinished: RFC 8448 §3 emits Finished and upgrades to app keys (ClientHandshake.zig:3256)
==3813177==    by 0x13D7EB7: test_runner.main (test_runner.zig:278)
==3813177== 
==3813177== 1,152 (192 direct, 960 indirect) bytes in 1 blocks are definitely lost in loss record 218 of 578
==3813177==    at 0x4885E30: malloc (in /nix/store/HASH-valgrind-3.27.1/libexec/valgrind/vgpreload_memcheck-arm64-linux.so)
==3813177==    by 0x4B1FDE7: CRYPTO_malloc (in /nix/store/HASH-openssl-3.6.4/lib/libcrypto.so.3)
==3813177==    by 0x4B20053: CRYPTO_zalloc (in /nix/store/HASH-openssl-3.6.4/lib/libcrypto.so.3)
==3813177==    by 0x4ADC9DB: EVP_CIPHER_CTX_new (in /nix/store/HASH-openssl-3.6.4/lib/libcrypto.so.3)
==3813177==    by 0x123DA6F: crypto.backend_openssl.aeadInit (backend_openssl.zig:541)
==3813177==    by 0x122A49F: init (backend.zig:303)
==3813177==    by 0x122A49F: aead.Context.init (aead.zig:138)
==3813177==    by 0x122A253: RecordLayer.init (RecordLayer.zig:79)
==3813177==    by 0x12132E3: hkdf.Hkdf(crypto.hmac.Hmac(crypto.sha2.Sha2x32(.{ 1779033703, 3144134277, 1013904242, 2773480762, 1359893119, 2600822924, 528734635, 1541459225 },256))).makeRecordLayer (hkdf.zig:237)
==3813177==    by 0x1222ADB: ClientHandshake.Suite.finishHandshake (ClientHandshake.zig:450)
==3813177==    by 0x1221D0F: ClientHandshake.clientFinished (ClientHandshake.zig:2000)
==3813177==    by 0x14B1EBB: ClientHandshake.test.clientFinished: RFC 8448 §3 emits Finished and upgrades to app keys (ClientHandshake.zig:3256)
==3813177==    by 0x13D7EB7: test_runner.main (test_runner.zig:278)
==3813177== 
==3813177== 1,152 (192 direct, 960 indirect) bytes in 1 blocks are definitely lost in loss record 219 of 578
==3813177==    at 0x4885E30: malloc (in /nix/store/HASH-valgrind-3.27.1/libexec/valgrind/vgpreload_memcheck-arm64-linux.so)
==3813177==    by 0x4B1FDE7: CRYPTO_malloc (in /nix/store/HASH-openssl-3.6.4/lib/libcrypto.so.3)
==3813177==    by 0x4B20053: CRYPTO_zalloc (in /nix/store/HASH-openssl-3.6.4/lib/libcrypto.so.3)
==3813177==    by 0x4ADC9DB: EVP_CIPHER_CTX_new (in /nix/store/HASH-openssl-3.6.4/lib/libcrypto.so.3)
==3813177==    by 0x123DA17: crypto.backend_openssl.aeadInit (backend_openssl.zig:539)
==3813177==    by 0x122A49F: init (backend.zig:303)
==3813177==    by 0x122A49F: aead.Context.init (aead.zig:138)
==3813177==    by 0x122A253: RecordLayer.init (RecordLayer.zig:79)
==3813177==    by 0x12132E3: hkdf.Hkdf(crypto.hmac.Hmac(crypto.sha2.Sha2x32(.{ 1779033703, 3144134277, 1013904242, 2773480762, 1359893119, 2600822924, 528734635, 1541459225 },256))).makeRecordLayer (hkdf.zig:237)
==3813177==    by 0x121F7A7: ClientHandshake.Suite.deriveHandshakeKeys (ClientHandshake.zig:511)
==3813177==    by 0x121C18F: ClientHandshake.processServerHello (ClientHandshake.zig:1618)
==3813177==    by 0x14B251F: ClientHandshake.test.processFlight: accepts CertificateRequest before server Certificate (ClientHandshake.zig:3278)
==3813177==    by 0x13D7EB7: test_runner.main (test_runner.zig:278)
==3813177== 
==3813177== 1,152 (192 direct, 960 indirect) bytes in 1 blocks are definitely lost in loss record 220 of 578
==3813177==    at 0x4885E30: malloc (in /nix/store/HASH-valgrind-3.27.1/libexec/valgrind/vgpreload_memcheck-arm64-linux.so)
==3813177==    by 0x4B1FDE7: CRYPTO_malloc (in /nix/store/HASH-openssl-3.6.4/lib/libcrypto.so.3)
==3813177==    by 0x4B20053: CRYPTO_zalloc (in /nix/store/HASH-openssl-3.6.4/lib/libcrypto.so.3)
==3813177==    by 0x4ADC9DB: EVP_CIPHER_CTX_new (in /nix/store/HASH-openssl-3.6.4/lib/libcrypto.so.3)
==3813177==    by 0x123DA6F: crypto.backend_openssl.aeadInit (backend_openssl.zig:541)
==3813177==    by 0x122A49F: init (backend.zig:303)
==3813177==    by 0x122A49F: aead.Context.init (aead.zig:138)
==3813177==    by 0x122A253: RecordLayer.init (RecordLayer.zig:79)
==3813177==    by 0x12132E3: hkdf.Hkdf(crypto.hmac.Hmac(crypto.sha2.Sha2x32(.{ 1779033703, 3144134277, 1013904242, 2773480762, 1359893119, 2600822924, 528734635, 1541459225 },256))).makeRecordLayer (hkdf.zig:237)
==3813177==    by 0x121F7A7: ClientHandshake.Suite.deriveHandshakeKeys (ClientHandshake.zig:511)
==3813177==    by 0x121C18F: ClientHandshake.processServerHello (ClientHandshake.zig:1618)
==3813177==    by 0x14B251F: ClientHandshake.test.processFlight: accepts CertificateRequest before server Certificate (ClientHandshake.zig:3278)
==3813177==    by 0x13D7EB7: test_runner.main (test_runner.zig:278)
==3813177== 
==3813177== 1,152 (192 direct, 960 indirect) bytes in 1 blocks are definitely lost in loss record 221 of 578
==3813177==    at 0x4885E30: malloc (in /nix/store/HASH-valgrind-3.27.1/libexec/valgrind/vgpreload_memcheck-arm64-linux.so)
==3813177==    by 0x4B1FDE7: CRYPTO_malloc (in /nix/store/HASH-openssl-3.6.4/lib/libcrypto.so.3)
==3813177==    by 0x4B20053: CRYPTO_zalloc (in /nix/store/HASH-openssl-3.6.4/lib/libcrypto.so.3)
==3813177==    by 0x4ADC9DB: EVP_CIPHER_CTX_new (in /nix/store/HASH-openssl-3.6.4/lib/libcrypto.so.3)
==3813177==    by 0x123DA17: crypto.backend_openssl.aeadInit (backend_openssl.zig:539)
==3813177==    by 0x122A49F: init (backend.zig:303)
==3813177==    by 0x122A49F: aead.Context.init (aead.zig:138)
==3813177==    by 0x122A253: RecordLayer.init (RecordLayer.zig:79)
==3813177==    by 0x12132E3: hkdf.Hkdf(crypto.hmac.Hmac(crypto.sha2.Sha2x32(.{ 1779033703, 3144134277, 1013904242, 2773480762, 1359893119, 2600822924, 528734635, 1541459225 },256))).makeRecordLayer (hkdf.zig:237)
==3813177==    by 0x121F843: ClientHandshake.Suite.deriveHandshakeKeys (ClientHandshake.zig:513)
==3813177==    by 0x121C18F: ClientHandshake.processServerHello (ClientHandshake.zig:1618)
==3813177==    by 0x14B251F: ClientHandshake.test.processFlight: accepts CertificateRequest before server Certificate (ClientHandshake.zig:3278)
==3813177==    by 0x13D7EB7: test_runner.main (test_runner.zig:278)
==3813177== 
==3813177== 1,152 (192 direct, 960 indirect) bytes in 1 blocks are definitely lost in loss record 222 of 578
==3813177==    at 0x4885E30: malloc (in /nix/store/HASH-valgrind-3.27.1/libexec/valgrind/vgpreload_memcheck-arm64-linux.so)
==3813177==    by 0x4B1FDE7: CRYPTO_malloc (in /nix/store/HASH-openssl-3.6.4/lib/libcrypto.so.3)
==3813177==    by 0x4B20053: CRYPTO_zalloc (in /nix/store/HASH-openssl-3.6.4/lib/libcrypto.so.3)
==3813177==    by 0x4ADC9DB: EVP_CIPHER_CTX_new (in /nix/store/HASH-openssl-3.6.4/lib/libcrypto.so.3)
==3813177==    by 0x123DA6F: crypto.backend_openssl.aeadInit (backend_openssl.zig:541)
==3813177==    by 0x122A49F: init (backend.zig:303)
==3813177==    by 0x122A49F: aead.Context.init (aead.zig:138)
==3813177==    by 0x122A253: RecordLayer.init (RecordLayer.zig:79)
==3813177==    by 0x12132E3: hkdf.Hkdf(crypto.hmac.Hmac(crypto.sha2.Sha2x32(.{ 1779033703, 3144134277, 1013904242, 2773480762, 1359893119, 2600822924, 528734635, 1541459225 },256))).makeRecordLayer (hkdf.zig:237)
==3813177==    by 0x121F843: ClientHandshake.Suite.deriveHandshakeKeys (ClientHandshake.zig:513)
==3813177==    by 0x121C18F: ClientHandshake.processServerHello (ClientHandshake.zig:1618)
==3813177==    by 0x14B251F: ClientHandshake.test.processFlight: accepts CertificateRequest before server Certificate (ClientHandshake.zig:3278)
==3813177==    by 0x13D7EB7: test_runner.main (test_runner.zig:278)
==3813177== 
==3813177== 1,152 (192 direct, 960 indirect) bytes in 1 blocks are definitely lost in loss record 223 of 578
==3813177==    at 0x4885E30: malloc (in /nix/store/HASH-valgrind-3.27.1/libexec/valgrind/vgpreload_memcheck-arm64-linux.so)
==3813177==    by 0x4B1FDE7: CRYPTO_malloc (in /nix/store/HASH-openssl-3.6.4/lib/libcrypto.so.3)
==3813177==    by 0x4B20053: CRYPTO_zalloc (in /nix/store/HASH-openssl-3.6.4/lib/libcrypto.so.3)
==3813177==    by 0x4ADC9DB: EVP_CIPHER_CTX_new (in /nix/store/HASH-openssl-3.6.4/lib/libcrypto.so.3)
==3813177==    by 0x123DA17: crypto.backend_openssl.aeadInit (backend_openssl.zig:539)
==3813177==    by 0x122A49F: init (backend.zig:303)
==3813177==    by 0x122A49F: aead.Context.init (aead.zig:138)
==3813177==    by 0x122A253: RecordLayer.init (RecordLayer.zig:79)
==3813177==    by 0x12132E3: hkdf.Hkdf(crypto.hmac.Hmac(crypto.sha2.Sha2x32(.{ 1779033703, 3144134277, 1013904242, 2773480762, 1359893119, 2600822924, 528734635, 1541459225 },256))).makeRecordLayer (hkdf.zig:237)
==3813177==    by 0x121F7A7: ClientHandshake.Suite.deriveHandshakeKeys (ClientHandshake.zig:511)
==3813177==    by 0x121C18F: ClientHandshake.processServerHello (ClientHandshake.zig:1618)
==3813177==    by 0x14B2B27: ClientHandshake.test.processFlight: rejects non-empty handshake CertificateRequest context (ClientHandshake.zig:3300)
==3813177==    by 0x13D7EB7: test_runner.main (test_runner.zig:278)
==3813177== 
==3813177== 1,152 (192 direct, 960 indirect) bytes in 1 blocks are definitely lost in loss record 224 of 578
==3813177==    at 0x4885E30: malloc (in /nix/store/HASH-valgrind-3.27.1/libexec/valgrind/vgpreload_memcheck-arm64-linux.so)
==3813177==    by 0x4B1FDE7: CRYPTO_malloc (in /nix/store/HASH-openssl-3.6.4/lib/libcrypto.so.3)
==3813177==    by 0x4B20053: CRYPTO_zalloc (in /nix/store/HASH-openssl-3.6.4/lib/libcrypto.so.3)
==3813177==    by 0x4ADC9DB: EVP_CIPHER_CTX_new (in /nix/store/HASH-openssl-3.6.4/lib/libcrypto.so.3)
==3813177==    by 0x123DA6F: crypto.backend_openssl.aeadInit (backend_openssl.zig:541)
==3813177==    by 0x122A49F: init (backend.zig:303)
==3813177==    by 0x122A49F: aead.Context.init (aead.zig:138)
==3813177==    by 0x122A253: RecordLayer.init (RecordLayer.zig:79)
==3813177==    by 0x12132E3: hkdf.Hkdf(crypto.hmac.Hmac(crypto.sha2.Sha2x32(.{ 1779033703, 3144134277, 1013904242, 2773480762, 1359893119, 2600822924, 528734635, 1541459225 },256))).makeRecordLayer (hkdf.zig:237)
==3813177==    by 0x121F7A7: ClientHandshake.Suite.deriveHandshakeKeys (ClientHandshake.zig:511)
==3813177==    by 0x121C18F: ClientHandshake.processServerHello (ClientHandshake.zig:1618)
==3813177==    by 0x14B2B27: ClientHandshake.test.processFlight: rejects non-empty handshake CertificateRequest context (ClientHandshake.zig:3300)
==3813177==    by 0x13D7EB7: test_runner.main (test_runner.zig:278)
==3813177== 
==3813177== 1,152 (192 direct, 960 indirect) bytes in 1 blocks are definitely lost in loss record 225 of 578
==3813177==    at 0x4885E30: malloc (in /nix/store/HASH-valgrind-3.27.1/libexec/valgrind/vgpreload_memcheck-arm64-linux.so)
==3813177==    by 0x4B1FDE7: CRYPTO_malloc (in /nix/store/HASH-openssl-3.6.4/lib/libcrypto.so.3)
==3813177==    by 0x4B20053: CRYPTO_zalloc (in /nix/store/HASH-openssl-3.6.4/lib/libcrypto.so.3)
==3813177==    by 0x4ADC9DB: EVP_CIPHER_CTX_new (in /nix/store/HASH-openssl-3.6.4/lib/libcrypto.so.3)
==3813177==    by 0x123DA17: crypto.backend_openssl.aeadInit (backend_openssl.zig:539)
==3813177==    by 0x122A49F: init (backend.zig:303)
==3813177==    by 0x122A49F: aead.Context.init (aead.zig:138)
==3813177==    by 0x122A253: RecordLayer.init (RecordLayer.zig:79)
==3813177==    by 0x12132E3: hkdf.Hkdf(crypto.hmac.Hmac(crypto.sha2.Sha2x32(.{ 1779033703, 3144134277, 1013904242, 2773480762, 1359893119, 2600822924, 528734635, 1541459225 },256))).makeRecordLayer (hkdf.zig:237)
==3813177==    by 0x121F843: ClientHandshake.Suite.deriveHandshakeKeys (ClientHandshake.zig:513)
==3813177==    by 0x121C18F: ClientHandshake.processServerHello (ClientHandshake.zig:1618)
==3813177==    by 0x14B2B27: ClientHandshake.test.processFlight: rejects non-empty handshake CertificateRequest context (ClientHandshake.zig:3300)
==3813177==    by 0x13D7EB7: test_runner.main (test_runner.zig:278)
==3813177== 
==3813177== 1,152 (192 direct, 960 indirect) bytes in 1 blocks are definitely lost in loss record 226 of 578
==3813177==    at 0x4885E30: malloc (in /nix/store/HASH-valgrind-3.27.1/libexec/valgrind/vgpreload_memcheck-arm64-linux.so)
==3813177==    by 0x4B1FDE7: CRYPTO_malloc (in /nix/store/HASH-openssl-3.6.4/lib/libcrypto.so.3)
==3813177==    by 0x4B20053: CRYPTO_zalloc (in /nix/store/HASH-openssl-3.6.4/lib/libcrypto.so.3)
==3813177==    by 0x4ADC9DB: EVP_CIPHER_CTX_new (in /nix/store/HASH-openssl-3.6.4/lib/libcrypto.so.3)
==3813177==    by 0x123DA6F: crypto.backend_openssl.aeadInit (backend_openssl.zig:541)
==3813177==    by 0x122A49F: init (backend.zig:303)
==3813177==    by 0x122A49F: aead.Context.init (aead.zig:138)
==3813177==    by 0x122A253: RecordLayer.init (RecordLayer.zig:79)
==3813177==    by 0x12132E3: hkdf.Hkdf(crypto.hmac.Hmac(crypto.sha2.Sha2x32(.{ 1779033703, 3144134277, 1013904242, 2773480762, 1359893119, 2600822924, 528734635, 1541459225 },256))).makeRecordLayer (hkdf.zig:237)
==3813177==    by 0x121F843: ClientHandshake.Suite.deriveHandshakeKeys (ClientHandshake.zig:513)
==3813177==    by 0x121C18F: ClientHandshake.processServerHello (ClientHandshake.zig:1618)
==3813177==    by 0x14B2B27: ClientHandshake.test.processFlight: rejects non-empty handshake CertificateRequest context (ClientHandshake.zig:3300)
==3813177==    by 0x13D7EB7: test_runner.main (test_runner.zig:278)
==3813177== 
==3813177== 1,152 (192 direct, 960 indirect) bytes in 1 blocks are definitely lost in loss record 227 of 578
==3813177==    at 0x4885E30: malloc (in /nix/store/HASH-valgrind-3.27.1/libexec/valgrind/vgpreload_memcheck-arm64-linux.so)
==3813177==    by 0x4B1FDE7: CRYPTO_malloc (in /nix/store/HASH-openssl-3.6.4/lib/libcrypto.so.3)
==3813177==    by 0x4B20053: CRYPTO_zalloc (in /nix/store/HASH-openssl-3.6.4/lib/libcrypto.so.3)
==3813177==    by 0x4ADC9DB: EVP_CIPHER_CTX_new (in /nix/store/HASH-openssl-3.6.4/lib/libcrypto.so.3)
==3813177==    by 0x123DA17: crypto.backend_openssl.aeadInit (backend_openssl.zig:539)
==3813177==    by 0x122A49F: init (backend.zig:303)
==3813177==    by 0x122A49F: aead.Context.init (aead.zig:138)
==3813177==    by 0x122A253: RecordLayer.init (RecordLayer.zig:79)
==3813177==    by 0x12132E3: hkdf.Hkdf(crypto.hmac.Hmac(crypto.sha2.Sha2x32(.{ 1779033703, 3144134277, 1013904242, 2773480762, 1359893119, 2600822924, 528734635, 1541459225 },256))).makeRecordLayer (hkdf.zig:237)
==3813177==    by 0x1222A67: ClientHandshake.Suite.finishHandshake (ClientHandshake.zig:448)
==3813177==    by 0x1221D0F: ClientHandshake.clientFinished (ClientHandshake.zig:2000)
==3813177==    by 0x14B32D3: ClientHandshake.test.clientFinished: sends empty Certificate before Finished for CertificateRequest (ClientHandshake.zig:3337)
==3813177==    by 0x13D7EB7: test_runner.main (test_runner.zig:278)
==3813177== 
==3813177== 1,152 (192 direct, 960 indirect) bytes in 1 blocks are definitely lost in loss record 228 of 578
==3813177==    at 0x4885E30: malloc (in /nix/store/HASH-valgrind-3.27.1/libexec/valgrind/vgpreload_memcheck-arm64-linux.so)
==3813177==    by 0x4B1FDE7: CRYPTO_malloc (in /nix/store/HASH-openssl-3.6.4/lib/libcrypto.so.3)
==3813177==    by 0x4B20053: CRYPTO_zalloc (in /nix/store/HASH-openssl-3.6.4/lib/libcrypto.so.3)
==3813177==    by 0x4ADC9DB: EVP_CIPHER_CTX_new (in /nix/store/HASH-openssl-3.6.4/lib/libcrypto.so.3)
==3813177==    by 0x123DA6F: crypto.backend_openssl.aeadInit (backend_openssl.zig:541)
==3813177==    by 0x122A49F: init (backend.zig:303)
==3813177==    by 0x122A49F: aead.Context.init (aead.zig:138)
==3813177==    by 0x122A253: RecordLayer.init (RecordLayer.zig:79)
==3813177==    by 0x12132E3: hkdf.Hkdf(crypto.hmac.Hmac(crypto.sha2.Sha2x32(.{ 1779033703, 3144134277, 1013904242, 2773480762, 1359893119, 2600822924, 528734635, 1541459225 },256))).makeRecordLayer (hkdf.zig:237)
==3813177==    by 0x1222A67: ClientHandshake.Suite.finishHandshake (ClientHandshake.zig:448)
==3813177==    by 0x1221D0F: ClientHandshake.clientFinished (ClientHandshake.zig:2000)
==3813177==    by 0x14B32D3: ClientHandshake.test.clientFinished: sends empty Certificate before Finished for CertificateRequest (ClientHandshake.zig:3337)
==3813177==    by 0x13D7EB7: test_runner.main (test_runner.zig:278)
==3813177== 
==3813177== 1,152 (192 direct, 960 indirect) bytes in 1 blocks are definitely lost in loss record 229 of 578
==3813177==    at 0x4885E30: malloc (in /nix/store/HASH-valgrind-3.27.1/libexec/valgrind/vgpreload_memcheck-arm64-linux.so)
==3813177==    by 0x4B1FDE7: CRYPTO_malloc (in /nix/store/HASH-openssl-3.6.4/lib/libcrypto.so.3)
==3813177==    by 0x4B20053: CRYPTO_zalloc (in /nix/store/HASH-openssl-3.6.4/lib/libcrypto.so.3)
==3813177==    by 0x4ADC9DB: EVP_CIPHER_CTX_new (in /nix/store/HASH-openssl-3.6.4/lib/libcrypto.so.3)
==3813177==    by 0x123DA17: crypto.backend_openssl.aeadInit (backend_openssl.zig:539)
==3813177==    by 0x122A49F: init (backend.zig:303)
==3813177==    by 0x122A49F: aead.Context.init (aead.zig:138)
==3813177==    by 0x122A253: RecordLayer.init (RecordLayer.zig:79)
==3813177==    by 0x12132E3: hkdf.Hkdf(crypto.hmac.Hmac(crypto.sha2.Sha2x32(.{ 1779033703, 3144134277, 1013904242, 2773480762, 1359893119, 2600822924, 528734635, 1541459225 },256))).makeRecordLayer (hkdf.zig:237)
==3813177==    by 0x1222ADB: ClientHandshake.Suite.finishHandshake (ClientHandshake.zig:450)
==3813177==    by 0x1221D0F: ClientHandshake.clientFinished (ClientHandshake.zig:2000)
==3813177==    by 0x14B32D3: ClientHandshake.test.clientFinished: sends empty Certificate before Finished for CertificateRequest (ClientHandshake.zig:3337)
==3813177==    by 0x13D7EB7: test_runner.main (test_runner.zig:278)
==3813177== 
==3813177== 1,152 (192 direct, 960 indirect) bytes in 1 blocks are definitely lost in loss record 230 of 578
==3813177==    at 0x4885E30: malloc (in /nix/store/HASH-valgrind-3.27.1/libexec/valgrind/vgpreload_memcheck-arm64-linux.so)
==3813177==    by 0x4B1FDE7: CRYPTO_malloc (in /nix/store/HASH-openssl-3.6.4/lib/libcrypto.so.3)
==3813177==    by 0x4B20053: CRYPTO_zalloc (in /nix/store/HASH-openssl-3.6.4/lib/libcrypto.so.3)
==3813177==    by 0x4ADC9DB: EVP_CIPHER_CTX_new (in /nix/store/HASH-openssl-3.6.4/lib/libcrypto.so.3)
==3813177==    by 0x123DA6F: crypto.backend_openssl.aeadInit (backend_openssl.zig:541)
==3813177==    by 0x122A49F: init (backend.zig:303)
==3813177==    by 0x122A49F: aead.Context.init (aead.zig:138)
==3813177==    by 0x122A253: RecordLayer.init (RecordLayer.zig:79)
==3813177==    by 0x12132E3: hkdf.Hkdf(crypto.hmac.Hmac(crypto.sha2.Sha2x32(.{ 1779033703, 3144134277, 1013904242, 2773480762, 1359893119, 2600822924, 528734635, 1541459225 },256))).makeRecordLayer (hkdf.zig:237)
==3813177==    by 0x1222ADB: ClientHandshake.Suite.finishHandshake (ClientHandshake.zig:450)
==3813177==    by 0x1221D0F: ClientHandshake.clientFinished (ClientHandshake.zig:2000)
==3813177==    by 0x14B32D3: ClientHandshake.test.clientFinished: sends empty Certificate before Finished for CertificateRequest (ClientHandshake.zig:3337)
==3813177==    by 0x13D7EB7: test_runner.main (test_runner.zig:278)
==3813177== 
==3813177== 1,152 (192 direct, 960 indirect) bytes in 1 blocks are definitely lost in loss record 231 of 578
==3813177==    at 0x4885E30: malloc (in /nix/store/HASH-valgrind-3.27.1/libexec/valgrind/vgpreload_memcheck-arm64-linux.so)
==3813177==    by 0x4B1FDE7: CRYPTO_malloc (in /nix/store/HASH-openssl-3.6.4/lib/libcrypto.so.3)
==3813177==    by 0x4B20053: CRYPTO_zalloc (in /nix/store/HASH-openssl-3.6.4/lib/libcrypto.so.3)
==3813177==    by 0x4ADC9DB: EVP_CIPHER_CTX_new (in /nix/store/HASH-openssl-3.6.4/lib/libcrypto.so.3)
==3813177==    by 0x123DA17: crypto.backend_openssl.aeadInit (backend_openssl.zig:539)
==3813177==    by 0x122A49F: init (backend.zig:303)
==3813177==    by 0x122A49F: aead.Context.init (aead.zig:138)
==3813177==    by 0x122A253: RecordLayer.init (RecordLayer.zig:79)
==3813177==    by 0x12132E3: hkdf.Hkdf(crypto.hmac.Hmac(crypto.sha2.Sha2x32(.{ 1779033703, 3144134277, 1013904242, 2773480762, 1359893119, 2600822924, 528734635, 1541459225 },256))).makeRecordLayer (hkdf.zig:237)
==3813177==    by 0x1222A67: ClientHandshake.Suite.finishHandshake (ClientHandshake.zig:448)
==3813177==    by 0x1221D0F: ClientHandshake.clientFinished (ClientHandshake.zig:2000)
==3813177==    by 0x14B4567: ClientHandshake.test.clientFinished: empty CertificateRequest with no credentials still finishes (ClientHandshake.zig:3377)
==3813177==    by 0x13D7EB7: test_runner.main (test_runner.zig:278)
==3813177== 
==3813177== 1,152 (192 direct, 960 indirect) bytes in 1 blocks are definitely lost in loss record 232 of 578
==3813177==    at 0x4885E30: malloc (in /nix/store/HASH-valgrind-3.27.1/libexec/valgrind/vgpreload_memcheck-arm64-linux.so)
==3813177==    by 0x4B1FDE7: CRYPTO_malloc (in /nix/store/HASH-openssl-3.6.4/lib/libcrypto.so.3)
==3813177==    by 0x4B20053: CRYPTO_zalloc (in /nix/store/HASH-openssl-3.6.4/lib/libcrypto.so.3)
==3813177==    by 0x4ADC9DB: EVP_CIPHER_CTX_new (in /nix/store/HASH-openssl-3.6.4/lib/libcrypto.so.3)
==3813177==    by 0x123DA6F: crypto.backend_openssl.aeadInit (backend_openssl.zig:541)
==3813177==    by 0x122A49F: init (backend.zig:303)
==3813177==    by 0x122A49F: aead.Context.init (aead.zig:138)
==3813177==    by 0x122A253: RecordLayer.init (RecordLayer.zig:79)
==3813177==    by 0x12132E3: hkdf.Hkdf(crypto.hmac.Hmac(crypto.sha2.Sha2x32(.{ 1779033703, 3144134277, 1013904242, 2773480762, 1359893119, 2600822924, 528734635, 1541459225 },256))).makeRecordLayer (hkdf.zig:237)
==3813177==    by 0x1222A67: ClientHandshake.Suite.finishHandshake (ClientHandshake.zig:448)
==3813177==    by 0x1221D0F: ClientHandshake.clientFinished (ClientHandshake.zig:2000)
==3813177==    by 0x14B4567: ClientHandshake.test.clientFinished: empty CertificateRequest with no credentials still finishes (ClientHandshake.zig:3377)
==3813177==    by 0x13D7EB7: test_runner.main (test_runner.zig:278)
==3813177== 
==3813177== 1,152 (192 direct, 960 indirect) bytes in 1 blocks are definitely lost in loss record 233 of 578
==3813177==    at 0x4885E30: malloc (in /nix/store/HASH-valgrind-3.27.1/libexec/valgrind/vgpreload_memcheck-arm64-linux.so)
==3813177==    by 0x4B1FDE7: CRYPTO_malloc (in /nix/store/HASH-openssl-3.6.4/lib/libcrypto.so.3)
==3813177==    by 0x4B20053: CRYPTO_zalloc (in /nix/store/HASH-openssl-3.6.4/lib/libcrypto.so.3)
==3813177==    by 0x4ADC9DB: EVP_CIPHER_CTX_new (in /nix/store/HASH-openssl-3.6.4/lib/libcrypto.so.3)
==3813177==    by 0x123DA17: crypto.backend_openssl.aeadInit (backend_openssl.zig:539)
==3813177==    by 0x122A49F: init (backend.zig:303)
==3813177==    by 0x122A49F: aead.Context.init (aead.zig:138)
==3813177==    by 0x122A253: RecordLayer.init (RecordLayer.zig:79)
==3813177==    by 0x12132E3: hkdf.Hkdf(crypto.hmac.Hmac(crypto.sha2.Sha2x32(.{ 1779033703, 3144134277, 1013904242, 2773480762, 1359893119, 2600822924, 528734635, 1541459225 },256))).makeRecordLayer (hkdf.zig:237)
==3813177==    by 0x1222ADB: ClientHandshake.Suite.finishHandshake (ClientHandshake.zig:450)
==3813177==    by 0x1221D0F: ClientHandshake.clientFinished (ClientHandshake.zig:2000)
==3813177==    by 0x14B4567: ClientHandshake.test.clientFinished: empty CertificateRequest with no credentials still finishes (ClientHandshake.zig:3377)
==3813177==    by 0x13D7EB7: test_runner.main (test_runner.zig:278)
==3813177== 
==3813177== 1,152 (192 direct, 960 indirect) bytes in 1 blocks are definitely lost in loss record 234 of 578
==3813177==    at 0x4885E30: malloc (in /nix/store/HASH-valgrind-3.27.1/libexec/valgrind/vgpreload_memcheck-arm64-linux.so)
==3813177==    by 0x4B1FDE7: CRYPTO_malloc (in /nix/store/HASH-openssl-3.6.4/lib/libcrypto.so.3)
==3813177==    by 0x4B20053: CRYPTO_zalloc (in /nix/store/HASH-openssl-3.6.4/lib/libcrypto.so.3)
==3813177==    by 0x4ADC9DB: EVP_CIPHER_CTX_new (in /nix/store/HASH-openssl-3.6.4/lib/libcrypto.so.3)
==3813177==    by 0x123DA6F: crypto.backend_openssl.aeadInit (backend_openssl.zig:541)
==3813177==    by 0x122A49F: init (backend.zig:303)
==3813177==    by 0x122A49F: aead.Context.init (aead.zig:138)
==3813177==    by 0x122A253: RecordLayer.init (RecordLayer.zig:79)
==3813177==    by 0x12132E3: hkdf.Hkdf(crypto.hmac.Hmac(crypto.sha2.Sha2x32(.{ 1779033703, 3144134277, 1013904242, 2773480762, 1359893119, 2600822924, 528734635, 1541459225 },256))).makeRecordLayer (hkdf.zig:237)
==3813177==    by 0x1222ADB: ClientHandshake.Suite.finishHandshake (ClientHandshake.zig:450)
==3813177==    by 0x1221D0F: ClientHandshake.clientFinished (ClientHandshake.zig:2000)
==3813177==    by 0x14B4567: ClientHandshake.test.clientFinished: empty CertificateRequest with no credentials still finishes (ClientHandshake.zig:3377)
==3813177==    by 0x13D7EB7: test_runner.main (test_runner.zig:278)
==3813177== 
==3813177== 1,152 (192 direct, 960 indirect) bytes in 1 blocks are definitely lost in loss record 235 of 578
==3813177==    at 0x4885E30: malloc (in /nix/store/HASH-valgrind-3.27.1/libexec/valgrind/vgpreload_memcheck-arm64-linux.so)
==3813177==    by 0x4B1FDE7: CRYPTO_malloc (in /nix/store/HASH-openssl-3.6.4/lib/libcrypto.so.3)
==3813177==    by 0x4B20053: CRYPTO_zalloc (in /nix/store/HASH-openssl-3.6.4/lib/libcrypto.so.3)
==3813177==    by 0x4ADC9DB: EVP_CIPHER_CTX_new (in /nix/store/HASH-openssl-3.6.4/lib/libcrypto.so.3)
==3813177==    by 0x123DA17: crypto.backend_openssl.aeadInit (backend_openssl.zig:539)
==3813177==    by 0x122A49F: init (backend.zig:303)
==3813177==    by 0x122A49F: aead.Context.init (aead.zig:138)
==3813177==    by 0x122A253: RecordLayer.init (RecordLayer.zig:79)
==3813177==    by 0x12132E3: hkdf.Hkdf(crypto.hmac.Hmac(crypto.sha2.Sha2x32(.{ 1779033703, 3144134277, 1013904242, 2773480762, 1359893119, 2600822924, 528734635, 1541459225 },256))).makeRecordLayer (hkdf.zig:237)
==3813177==    by 0x1222A67: ClientHandshake.Suite.finishHandshake (ClientHandshake.zig:448)
==3813177==    by 0x1221D0F: ClientHandshake.clientFinished (ClientHandshake.zig:2000)
==3813177==    by 0x14B4B2F: ClientHandshake.test.ratchetClientKey: RFC 8446 §7.2 next application write key (ClientHandshake.zig:3405)
==3813177==    by 0x13D7EB7: test_runner.main (test_runner.zig:278)
==3813177== 
==3813177== 1,152 (192 direct, 960 indirect) bytes in 1 blocks are definitely lost in loss record 236 of 578
==3813177==    at 0x4885E30: malloc (in /nix/store/HASH-valgrind-3.27.1/libexec/valgrind/vgpreload_memcheck-arm64-linux.so)
==3813177==    by 0x4B1FDE7: CRYPTO_malloc (in /nix/store/HASH-openssl-3.6.4/lib/libcrypto.so.3)
==3813177==    by 0x4B20053: CRYPTO_zalloc (in /nix/store/HASH-openssl-3.6.4/lib/libcrypto.so.3)
==3813177==    by 0x4ADC9DB: EVP_CIPHER_CTX_new (in /nix/store/HASH-openssl-3.6.4/lib/libcrypto.so.3)
==3813177==    by 0x123DA6F: crypto.backend_openssl.aeadInit (backend_openssl.zig:541)
==3813177==    by 0x122A49F: init (backend.zig:303)
==3813177==    by 0x122A49F: aead.Context.init (aead.zig:138)
==3813177==    by 0x122A253: RecordLayer.init (RecordLayer.zig:79)
==3813177==    by 0x12132E3: hkdf.Hkdf(crypto.hmac.Hmac(crypto.sha2.Sha2x32(.{ 1779033703, 3144134277, 1013904242, 2773480762, 1359893119, 2600822924, 528734635, 1541459225 },256))).makeRecordLayer (hkdf.zig:237)
==3813177==    by 0x1222A67: ClientHandshake.Suite.finishHandshake (ClientHandshake.zig:448)
==3813177==    by 0x1221D0F: ClientHandshake.clientFinished (ClientHandshake.zig:2000)
==3813177==    by 0x14B4B2F: ClientHandshake.test.ratchetClientKey: RFC 8446 §7.2 next application write key (ClientHandshake.zig:3405)
==3813177==    by 0x13D7EB7: test_runner.main (test_runner.zig:278)
==3813177== 
==3813177== 1,152 (192 direct, 960 indirect) bytes in 1 blocks are definitely lost in loss record 237 of 578
==3813177==    at 0x4885E30: malloc (in /nix/store/HASH-valgrind-3.27.1/libexec/valgrind/vgpreload_memcheck-arm64-linux.so)
==3813177==    by 0x4B1FDE7: CRYPTO_malloc (in /nix/store/HASH-openssl-3.6.4/lib/libcrypto.so.3)
==3813177==    by 0x4B20053: CRYPTO_zalloc (in /nix/store/HASH-openssl-3.6.4/lib/libcrypto.so.3)
==3813177==    by 0x4ADC9DB: EVP_CIPHER_CTX_new (in /nix/store/HASH-openssl-3.6.4/lib/libcrypto.so.3)
==3813177==    by 0x123DA17: crypto.backend_openssl.aeadInit (backend_openssl.zig:539)
==3813177==    by 0x122A49F: init (backend.zig:303)
==3813177==    by 0x122A49F: aead.Context.init (aead.zig:138)
==3813177==    by 0x122A253: RecordLayer.init (RecordLayer.zig:79)
==3813177==    by 0x12132E3: hkdf.Hkdf(crypto.hmac.Hmac(crypto.sha2.Sha2x32(.{ 1779033703, 3144134277, 1013904242, 2773480762, 1359893119, 2600822924, 528734635, 1541459225 },256))).makeRecordLayer (hkdf.zig:237)
==3813177==    by 0x1222ADB: ClientHandshake.Suite.finishHandshake (ClientHandshake.zig:450)
==3813177==    by 0x1221D0F: ClientHandshake.clientFinished (ClientHandshake.zig:2000)
==3813177==    by 0x14B4B2F: ClientHandshake.test.ratchetClientKey: RFC 8446 §7.2 next application write key (ClientHandshake.zig:3405)
==3813177==    by 0x13D7EB7: test_runner.main (test_runner.zig:278)
==3813177== 
==3813177== 1,152 (192 direct, 960 indirect) bytes in 1 blocks are definitely lost in loss record 238 of 578
==3813177==    at 0x4885E30: malloc (in /nix/store/HASH-valgrind-3.27.1/libexec/valgrind/vgpreload_memcheck-arm64-linux.so)
==3813177==    by 0x4B1FDE7: CRYPTO_malloc (in /nix/store/HASH-openssl-3.6.4/lib/libcrypto.so.3)
==3813177==    by 0x4B20053: CRYPTO_zalloc (in /nix/store/HASH-openssl-3.6.4/lib/libcrypto.so.3)
==3813177==    by 0x4ADC9DB: EVP_CIPHER_CTX_new (in /nix/store/HASH-openssl-3.6.4/lib/libcrypto.so.3)
==3813177==    by 0x123DA6F: crypto.backend_openssl.aeadInit (backend_openssl.zig:541)
==3813177==    by 0x122A49F: init (backend.zig:303)
==3813177==    by 0x122A49F: aead.Context.init (aead.zig:138)
==3813177==    by 0x122A253: RecordLayer.init (RecordLayer.zig:79)
==3813177==    by 0x12132E3: hkdf.Hkdf(crypto.hmac.Hmac(crypto.sha2.Sha2x32(.{ 1779033703, 3144134277, 1013904242, 2773480762, 1359893119, 2600822924, 528734635, 1541459225 },256))).makeRecordLayer (hkdf.zig:237)
==3813177==    by 0x1222ADB: ClientHandshake.Suite.finishHandshake (ClientHandshake.zig:450)
==3813177==    by 0x1221D0F: ClientHandshake.clientFinished (ClientHandshake.zig:2000)
==3813177==    by 0x14B4B2F: ClientHandshake.test.ratchetClientKey: RFC 8446 §7.2 next application write key (ClientHandshake.zig:3405)
==3813177==    by 0x13D7EB7: test_runner.main (test_runner.zig:278)
==3813177== 
==3813177== 1,152 (192 direct, 960 indirect) bytes in 1 blocks are definitely lost in loss record 239 of 578
==3813177==    at 0x4885E30: malloc (in /nix/store/HASH-valgrind-3.27.1/libexec/valgrind/vgpreload_memcheck-arm64-linux.so)
==3813177==    by 0x4B1FDE7: CRYPTO_malloc (in /nix/store/HASH-openssl-3.6.4/lib/libcrypto.so.3)
==3813177==    by 0x4B20053: CRYPTO_zalloc (in /nix/store/HASH-openssl-3.6.4/lib/libcrypto.so.3)
==3813177==    by 0x4ADC9DB: EVP_CIPHER_CTX_new (in /nix/store/HASH-openssl-3.6.4/lib/libcrypto.so.3)
==3813177==    by 0x123DA17: crypto.backend_openssl.aeadInit (backend_openssl.zig:539)
==3813177==    by 0x122A49F: init (backend.zig:303)
==3813177==    by 0x122A49F: aead.Context.init (aead.zig:138)
==3813177==    by 0x122A253: RecordLayer.init (RecordLayer.zig:79)
==3813177==    by 0x12132E3: hkdf.Hkdf(crypto.hmac.Hmac(crypto.sha2.Sha2x32(.{ 1779033703, 3144134277, 1013904242, 2773480762, 1359893119, 2600822924, 528734635, 1541459225 },256))).makeRecordLayer (hkdf.zig:237)
==3813177==    by 0x1222A67: ClientHandshake.Suite.finishHandshake (ClientHandshake.zig:448)
==3813177==    by 0x1221D0F: ClientHandshake.clientFinished (ClientHandshake.zig:2000)
==3813177==    by 0x14B09AB: ClientHandshake.connectedTestClient (ClientHandshake.zig:3435)
==3813177==    by 0x14B4D2F: ClientHandshake.test.handleRecord: application data resets both post-handshake flood counters (ClientHandshake.zig:3441)
==3813177== 
==3813177== 1,152 (192 direct, 960 indirect) bytes in 1 blocks are definitely lost in loss record 240 of 578
==3813177==    at 0x4885E30: malloc (in /nix/store/HASH-valgrind-3.27.1/libexec/valgrind/vgpreload_memcheck-arm64-linux.so)
==3813177==    by 0x4B1FDE7: CRYPTO_malloc (in /nix/store/HASH-openssl-3.6.4/lib/libcrypto.so.3)
==3813177==    by 0x4B20053: CRYPTO_zalloc (in /nix/store/HASH-openssl-3.6.4/lib/libcrypto.so.3)
==3813177==    by 0x4ADC9DB: EVP_CIPHER_CTX_new (in /nix/store/HASH-openssl-3.6.4/lib/libcrypto.so.3)
==3813177==    by 0x123DA6F: crypto.backend_openssl.aeadInit (backend_openssl.zig:541)
==3813177==    by 0x122A49F: init (backend.zig:303)
==3813177==    by 0x122A49F: aead.Context.init (aead.zig:138)
==3813177==    by 0x122A253: RecordLayer.init (RecordLayer.zig:79)
==3813177==    by 0x12132E3: hkdf.Hkdf(crypto.hmac.Hmac(crypto.sha2.Sha2x32(.{ 1779033703, 3144134277, 1013904242, 2773480762, 1359893119, 2600822924, 528734635, 1541459225 },256))).makeRecordLayer (hkdf.zig:237)
==3813177==    by 0x1222A67: ClientHandshake.Suite.finishHandshake (ClientHandshake.zig:448)
==3813177==    by 0x1221D0F: ClientHandshake.clientFinished (ClientHandshake.zig:2000)
==3813177==    by 0x14B09AB: ClientHandshake.connectedTestClient (ClientHandshake.zig:3435)
==3813177==    by 0x14B4D2F: ClientHandshake.test.handleRecord: application data resets both post-handshake flood counters (ClientHandshake.zig:3441)
==3813177== 
==3813177== 1,152 (192 direct, 960 indirect) bytes in 1 blocks are definitely lost in loss record 241 of 578
==3813177==    at 0x4885E30: malloc (in /nix/store/HASH-valgrind-3.27.1/libexec/valgrind/vgpreload_memcheck-arm64-linux.so)
==3813177==    by 0x4B1FDE7: CRYPTO_malloc (in /nix/store/HASH-openssl-3.6.4/lib/libcrypto.so.3)
==3813177==    by 0x4B20053: CRYPTO_zalloc (in /nix/store/HASH-openssl-3.6.4/lib/libcrypto.so.3)
==3813177==    by 0x4ADC9DB: EVP_CIPHER_CTX_new (in /nix/store/HASH-openssl-3.6.4/lib/libcrypto.so.3)
==3813177==    by 0x123DA17: crypto.backend_openssl.aeadInit (backend_openssl.zig:539)
==3813177==    by 0x122A49F: init (backend.zig:303)
==3813177==    by 0x122A49F: aead.Context.init (aead.zig:138)
==3813177==    by 0x122A253: RecordLayer.init (RecordLayer.zig:79)
==3813177==    by 0x12132E3: hkdf.Hkdf(crypto.hmac.Hmac(crypto.sha2.Sha2x32(.{ 1779033703, 3144134277, 1013904242, 2773480762, 1359893119, 2600822924, 528734635, 1541459225 },256))).makeRecordLayer (hkdf.zig:237)
==3813177==    by 0x1222ADB: ClientHandshake.Suite.finishHandshake (ClientHandshake.zig:450)
==3813177==    by 0x1221D0F: ClientHandshake.clientFinished (ClientHandshake.zig:2000)
==3813177==    by 0x14B09AB: ClientHandshake.connectedTestClient (ClientHandshake.zig:3435)
==3813177==    by 0x14B4D2F: ClientHandshake.test.handleRecord: application data resets both post-handshake flood counters (ClientHandshake.zig:3441)
==3813177== 
==3813177== 1,152 (192 direct, 960 indirect) bytes in 1 blocks are definitely lost in loss record 242 of 578
==3813177==    at 0x4885E30: malloc (in /nix/store/HASH-valgrind-3.27.1/libexec/valgrind/vgpreload_memcheck-arm64-linux.so)
==3813177==    by 0x4B1FDE7: CRYPTO_malloc (in /nix/store/HASH-openssl-3.6.4/lib/libcrypto.so.3)
==3813177==    by 0x4B20053: CRYPTO_zalloc (in /nix/store/HASH-openssl-3.6.4/lib/libcrypto.so.3)
==3813177==    by 0x4ADC9DB: EVP_CIPHER_CTX_new (in /nix/store/HASH-openssl-3.6.4/lib/libcrypto.so.3)
==3813177==    by 0x123DA6F: crypto.backend_openssl.aeadInit (backend_openssl.zig:541)
==3813177==    by 0x122A49F: init (backend.zig:303)
==3813177==    by 0x122A49F: aead.Context.init (aead.zig:138)
==3813177==    by 0x122A253: RecordLayer.init (RecordLayer.zig:79)
==3813177==    by 0x12132E3: hkdf.Hkdf(crypto.hmac.Hmac(crypto.sha2.Sha2x32(.{ 1779033703, 3144134277, 1013904242, 2773480762, 1359893119, 2600822924, 528734635, 1541459225 },256))).makeRecordLayer (hkdf.zig:237)
==3813177==    by 0x1222ADB: ClientHandshake.Suite.finishHandshake (ClientHandshake.zig:450)
==3813177==    by 0x1221D0F: ClientHandshake.clientFinished (ClientHandshake.zig:2000)
==3813177==    by 0x14B09AB: ClientHandshake.connectedTestClient (ClientHandshake.zig:3435)
==3813177==    by 0x14B4D2F: ClientHandshake.test.handleRecord: application data resets both post-handshake flood counters (ClientHandshake.zig:3441)
==3813177== 
==3813177== 1,152 (192 direct, 960 indirect) bytes in 1 blocks are definitely lost in loss record 243 of 578
==3813177==    at 0x4885E30: malloc (in /nix/store/HASH-valgrind-3.27.1/libexec/valgrind/vgpreload_memcheck-arm64-linux.so)
==3813177==    by 0x4B1FDE7: CRYPTO_malloc (in /nix/store/HASH-openssl-3.6.4/lib/libcrypto.so.3)
==3813177==    by 0x4B20053: CRYPTO_zalloc (in /nix/store/HASH-openssl-3.6.4/lib/libcrypto.so.3)
==3813177==    by 0x4ADC9DB: EVP_CIPHER_CTX_new (in /nix/store/HASH-openssl-3.6.4/lib/libcrypto.so.3)
==3813177==    by 0x123DA17: crypto.backend_openssl.aeadInit (backend_openssl.zig:539)
==3813177==    by 0x122A49F: init (backend.zig:303)
==3813177==    by 0x122A49F: aead.Context.init (aead.zig:138)
==3813177==    by 0x122A253: RecordLayer.init (RecordLayer.zig:79)
==3813177==    by 0x12132E3: hkdf.Hkdf(crypto.hmac.Hmac(crypto.sha2.Sha2x32(.{ 1779033703, 3144134277, 1013904242, 2773480762, 1359893119, 2600822924, 528734635, 1541459225 },256))).makeRecordLayer (hkdf.zig:237)
==3813177==    by 0x1222A67: ClientHandshake.Suite.finishHandshake (ClientHandshake.zig:448)
==3813177==    by 0x1221D0F: ClientHandshake.clientFinished (ClientHandshake.zig:2000)
==3813177==    by 0x14B09AB: ClientHandshake.connectedTestClient (ClientHandshake.zig:3435)
==3813177==    by 0x14BA83F: ClientHandshake.test.handleRecord: KeyUpdate not at record boundary is rejected (ClientHandshake.zig:3652)
==3813177== 
==3813177== 1,152 (192 direct, 960 indirect) bytes in 1 blocks are definitely lost in loss record 244 of 578
==3813177==    at 0x4885E30: malloc (in /nix/store/HASH-valgrind-3.27.1/libexec/valgrind/vgpreload_memcheck-arm64-linux.so)
==3813177==    by 0x4B1FDE7: CRYPTO_malloc (in /nix/store/HASH-openssl-3.6.4/lib/libcrypto.so.3)
==3813177==    by 0x4B20053: CRYPTO_zalloc (in /nix/store/HASH-openssl-3.6.4/lib/libcrypto.so.3)
==3813177==    by 0x4ADC9DB: EVP_CIPHER_CTX_new (in /nix/store/HASH-openssl-3.6.4/lib/libcrypto.so.3)
==3813177==    by 0x123DA6F: crypto.backend_openssl.aeadInit (backend_openssl.zig:541)
==3813177==    by 0x122A49F: init (backend.zig:303)
==3813177==    by 0x122A49F: aead.Context.init (aead.zig:138)
==3813177==    by 0x122A253: RecordLayer.init (RecordLayer.zig:79)
==3813177==    by 0x12132E3: hkdf.Hkdf(crypto.hmac.Hmac(crypto.sha2.Sha2x32(.{ 1779033703, 3144134277, 1013904242, 2773480762, 1359893119, 2600822924, 528734635, 1541459225 },256))).makeRecordLayer (hkdf.zig:237)
==3813177==    by 0x1222A67: ClientHandshake.Suite.finishHandshake (ClientHandshake.zig:448)
==3813177==    by 0x1221D0F: ClientHandshake.clientFinished (ClientHandshake.zig:2000)
==3813177==    by 0x14B09AB: ClientHandshake.connectedTestClient (ClientHandshake.zig:3435)
==3813177==    by 0x14BA83F: ClientHandshake.test.handleRecord: KeyUpdate not at record boundary is rejected (ClientHandshake.zig:3652)
==3813177== 
==3813177== 1,152 (192 direct, 960 indirect) bytes in 1 blocks are definitely lost in loss record 245 of 578
==3813177==    at 0x4885E30: malloc (in /nix/store/HASH-valgrind-3.27.1/libexec/valgrind/vgpreload_memcheck-arm64-linux.so)
==3813177==    by 0x4B1FDE7: CRYPTO_malloc (in /nix/store/HASH-openssl-3.6.4/lib/libcrypto.so.3)
==3813177==    by 0x4B20053: CRYPTO_zalloc (in /nix/store/HASH-openssl-3.6.4/lib/libcrypto.so.3)
==3813177==    by 0x4ADC9DB: EVP_CIPHER_CTX_new (in /nix/store/HASH-openssl-3.6.4/lib/libcrypto.so.3)
==3813177==    by 0x123DA17: crypto.backend_openssl.aeadInit (backend_openssl.zig:539)
==3813177==    by 0x122A49F: init (backend.zig:303)
==3813177==    by 0x122A49F: aead.Context.init (aead.zig:138)
==3813177==    by 0x122A253: RecordLayer.init (RecordLayer.zig:79)
==3813177==    by 0x12132E3: hkdf.Hkdf(crypto.hmac.Hmac(crypto.sha2.Sha2x32(.{ 1779033703, 3144134277, 1013904242, 2773480762, 1359893119, 2600822924, 528734635, 1541459225 },256))).makeRecordLayer (hkdf.zig:237)
==3813177==    by 0x1222ADB: ClientHandshake.Suite.finishHandshake (ClientHandshake.zig:450)
==3813177==    by 0x1221D0F: ClientHandshake.clientFinished (ClientHandshake.zig:2000)
==3813177==    by 0x14B09AB: ClientHandshake.connectedTestClient (ClientHandshake.zig:3435)
==3813177==    by 0x14BA83F: ClientHandshake.test.handleRecord: KeyUpdate not at record boundary is rejected (ClientHandshake.zig:3652)
==3813177== 
==3813177== 1,152 (192 direct, 960 indirect) bytes in 1 blocks are definitely lost in loss record 246 of 578
==3813177==    at 0x4885E30: malloc (in /nix/store/HASH-valgrind-3.27.1/libexec/valgrind/vgpreload_memcheck-arm64-linux.so)
==3813177==    by 0x4B1FDE7: CRYPTO_malloc (in /nix/store/HASH-openssl-3.6.4/lib/libcrypto.so.3)
==3813177==    by 0x4B20053: CRYPTO_zalloc (in /nix/store/HASH-openssl-3.6.4/lib/libcrypto.so.3)
==3813177==    by 0x4ADC9DB: EVP_CIPHER_CTX_new (in /nix/store/HASH-openssl-3.6.4/lib/libcrypto.so.3)
==3813177==    by 0x123DA6F: crypto.backend_openssl.aeadInit (backend_openssl.zig:541)
==3813177==    by 0x122A49F: init (backend.zig:303)
==3813177==    by 0x122A49F: aead.Context.init (aead.zig:138)
==3813177==    by 0x122A253: RecordLayer.init (RecordLayer.zig:79)
==3813177==    by 0x12132E3: hkdf.Hkdf(crypto.hmac.Hmac(crypto.sha2.Sha2x32(.{ 1779033703, 3144134277, 1013904242, 2773480762, 1359893119, 2600822924, 528734635, 1541459225 },256))).makeRecordLayer (hkdf.zig:237)
==3813177==    by 0x1222ADB: ClientHandshake.Suite.finishHandshake (ClientHandshake.zig:450)
==3813177==    by 0x1221D0F: ClientHandshake.clientFinished (ClientHandshake.zig:2000)
==3813177==    by 0x14B09AB: ClientHandshake.connectedTestClient (ClientHandshake.zig:3435)
==3813177==    by 0x14BA83F: ClientHandshake.test.handleRecord: KeyUpdate not at record boundary is rejected (ClientHandshake.zig:3652)
==3813177== 
==3813177== 1,152 (192 direct, 960 indirect) bytes in 1 blocks are definitely lost in loss record 247 of 578
==3813177==    at 0x4885E30: malloc (in /nix/store/HASH-valgrind-3.27.1/libexec/valgrind/vgpreload_memcheck-arm64-linux.so)
==3813177==    by 0x4B1FDE7: CRYPTO_malloc (in /nix/store/HASH-openssl-3.6.4/lib/libcrypto.so.3)
==3813177==    by 0x4B20053: CRYPTO_zalloc (in /nix/store/HASH-openssl-3.6.4/lib/libcrypto.so.3)
==3813177==    by 0x4ADC9DB: EVP_CIPHER_CTX_new (in /nix/store/HASH-openssl-3.6.4/lib/libcrypto.so.3)
==3813177==    by 0x123DA17: crypto.backend_openssl.aeadInit (backend_openssl.zig:539)
==3813177==    by 0x122A49F: init (backend.zig:303)
==3813177==    by 0x122A49F: aead.Context.init (aead.zig:138)
==3813177==    by 0x122A253: RecordLayer.init (RecordLayer.zig:79)
==3813177==    by 0x12132E3: hkdf.Hkdf(crypto.hmac.Hmac(crypto.sha2.Sha2x32(.{ 1779033703, 3144134277, 1013904242, 2773480762, 1359893119, 2600822924, 528734635, 1541459225 },256))).makeRecordLayer (hkdf.zig:237)
==3813177==    by 0x1222A67: ClientHandshake.Suite.finishHandshake (ClientHandshake.zig:448)
==3813177==    by 0x1221D0F: ClientHandshake.clientFinished (ClientHandshake.zig:2000)
==3813177==    by 0x14B09AB: ClientHandshake.connectedTestClient (ClientHandshake.zig:3435)
==3813177==    by 0x14BADCF: ClientHandshake.test.handleRecord: invalid server KeyUpdate request is rejected (ClientHandshake.zig:3676)
==3813177== 
==3813177== 1,152 (192 direct, 960 indirect) bytes in 1 blocks are definitely lost in loss record 248 of 578
==3813177==    at 0x4885E30: malloc (in /nix/store/HASH-valgrind-3.27.1/libexec/valgrind/vgpreload_memcheck-arm64-linux.so)
==3813177==    by 0x4B1FDE7: CRYPTO_malloc (in /nix/store/HASH-openssl-3.6.4/lib/libcrypto.so.3)
==3813177==    by 0x4B20053: CRYPTO_zalloc (in /nix/store/HASH-openssl-3.6.4/lib/libcrypto.so.3)
==3813177==    by 0x4ADC9DB: EVP_CIPHER_CTX_new (in /nix/store/HASH-openssl-3.6.4/lib/libcrypto.so.3)
==3813177==    by 0x123DA6F: crypto.backend_openssl.aeadInit (backend_openssl.zig:541)
==3813177==    by 0x122A49F: init (backend.zig:303)
==3813177==    by 0x122A49F: aead.Context.init (aead.zig:138)
==3813177==    by 0x122A253: RecordLayer.init (RecordLayer.zig:79)
==3813177==    by 0x12132E3: hkdf.Hkdf(crypto.hmac.Hmac(crypto.sha2.Sha2x32(.{ 1779033703, 3144134277, 1013904242, 2773480762, 1359893119, 2600822924, 528734635, 1541459225 },256))).makeRecordLayer (hkdf.zig:237)
==3813177==    by 0x1222A67: ClientHandshake.Suite.finishHandshake (ClientHandshake.zig:448)
==3813177==    by 0x1221D0F: ClientHandshake.clientFinished (ClientHandshake.zig:2000)
==3813177==    by 0x14B09AB: ClientHandshake.connectedTestClient (ClientHandshake.zig:3435)
==3813177==    by 0x14BADCF: ClientHandshake.test.handleRecord: invalid server KeyUpdate request is rejected (ClientHandshake.zig:3676)
==3813177== 
==3813177== 1,152 (192 direct, 960 indirect) bytes in 1 blocks are definitely lost in loss record 249 of 578
==3813177==    at 0x4885E30: malloc (in /nix/store/HASH-valgrind-3.27.1/libexec/valgrind/vgpreload_memcheck-arm64-linux.so)
==3813177==    by 0x4B1FDE7: CRYPTO_malloc (in /nix/store/HASH-openssl-3.6.4/lib/libcrypto.so.3)
==3813177==    by 0x4B20053: CRYPTO_zalloc (in /nix/store/HASH-openssl-3.6.4/lib/libcrypto.so.3)
==3813177==    by 0x4ADC9DB: EVP_CIPHER_CTX_new (in /nix/store/HASH-openssl-3.6.4/lib/libcrypto.so.3)
==3813177==    by 0x123DA17: crypto.backend_openssl.aeadInit (backend_openssl.zig:539)
==3813177==    by 0x122A49F: init (backend.zig:303)
==3813177==    by 0x122A49F: aead.Context.init (aead.zig:138)
==3813177==    by 0x122A253: RecordLayer.init (RecordLayer.zig:79)
==3813177==    by 0x12132E3: hkdf.Hkdf(crypto.hmac.Hmac(crypto.sha2.Sha2x32(.{ 1779033703, 3144134277, 1013904242, 2773480762, 1359893119, 2600822924, 528734635, 1541459225 },256))).makeRecordLayer (hkdf.zig:237)
==3813177==    by 0x1222ADB: ClientHandshake.Suite.finishHandshake (ClientHandshake.zig:450)
==3813177==    by 0x1221D0F: ClientHandshake.clientFinished (ClientHandshake.zig:2000)
==3813177==    by 0x14B09AB: ClientHandshake.connectedTestClient (ClientHandshake.zig:3435)
==3813177==    by 0x14BADCF: ClientHandshake.test.handleRecord: invalid server KeyUpdate request is rejected (ClientHandshake.zig:3676)
==3813177== 
==3813177== 1,152 (192 direct, 960 indirect) bytes in 1 blocks are definitely lost in loss record 250 of 578
==3813177==    at 0x4885E30: malloc (in /nix/store/HASH-valgrind-3.27.1/libexec/valgrind/vgpreload_memcheck-arm64-linux.so)
==3813177==    by 0x4B1FDE7: CRYPTO_malloc (in /nix/store/HASH-openssl-3.6.4/lib/libcrypto.so.3)
==3813177==    by 0x4B20053: CRYPTO_zalloc (in /nix/store/HASH-openssl-3.6.4/lib/libcrypto.so.3)
==3813177==    by 0x4ADC9DB: EVP_CIPHER_CTX_new (in /nix/store/HASH-openssl-3.6.4/lib/libcrypto.so.3)
==3813177==    by 0x123DA6F: crypto.backend_openssl.aeadInit (backend_openssl.zig:541)
==3813177==    by 0x122A49F: init (backend.zig:303)
==3813177==    by 0x122A49F: aead.Context.init (aead.zig:138)
==3813177==    by 0x122A253: RecordLayer.init (RecordLayer.zig:79)
==3813177==    by 0x12132E3: hkdf.Hkdf(crypto.hmac.Hmac(crypto.sha2.Sha2x32(.{ 1779033703, 3144134277, 1013904242, 2773480762, 1359893119, 2600822924, 528734635, 1541459225 },256))).makeRecordLayer (hkdf.zig:237)
==3813177==    by 0x1222ADB: ClientHandshake.Suite.finishHandshake (ClientHandshake.zig:450)
==3813177==    by 0x1221D0F: ClientHandshake.clientFinished (ClientHandshake.zig:2000)
==3813177==    by 0x14B09AB: ClientHandshake.connectedTestClient (ClientHandshake.zig:3435)
==3813177==    by 0x14BADCF: ClientHandshake.test.handleRecord: invalid server KeyUpdate request is rejected (ClientHandshake.zig:3676)
==3813177== 
==3813177== 1,152 (192 direct, 960 indirect) bytes in 1 blocks are definitely lost in loss record 251 of 578
==3813177==    at 0x4885E30: malloc (in /nix/store/HASH-valgrind-3.27.1/libexec/valgrind/vgpreload_memcheck-arm64-linux.so)
==3813177==    by 0x4B1FDE7: CRYPTO_malloc (in /nix/store/HASH-openssl-3.6.4/lib/libcrypto.so.3)
==3813177==    by 0x4B20053: CRYPTO_zalloc (in /nix/store/HASH-openssl-3.6.4/lib/libcrypto.so.3)
==3813177==    by 0x4ADC9DB: EVP_CIPHER_CTX_new (in /nix/store/HASH-openssl-3.6.4/lib/libcrypto.so.3)
==3813177==    by 0x123DA17: crypto.backend_openssl.aeadInit (backend_openssl.zig:539)
==3813177==    by 0x122A49F: init (backend.zig:303)
==3813177==    by 0x122A49F: aead.Context.init (aead.zig:138)
==3813177==    by 0x122A253: RecordLayer.init (RecordLayer.zig:79)
==3813177==    by 0x12132E3: hkdf.Hkdf(crypto.hmac.Hmac(crypto.sha2.Sha2x32(.{ 1779033703, 3144134277, 1013904242, 2773480762, 1359893119, 2600822924, 528734635, 1541459225 },256))).makeRecordLayer (hkdf.zig:237)
==3813177==    by 0x1222A67: ClientHandshake.Suite.finishHandshake (ClientHandshake.zig:448)
==3813177==    by 0x1221D0F: ClientHandshake.clientFinished (ClientHandshake.zig:2000)
==3813177==    by 0x14B09AB: ClientHandshake.connectedTestClient (ClientHandshake.zig:3435)
==3813177==    by 0x14BB34F: ClientHandshake.test.handleRecord: server KeyUpdate(update_not_requested) surfaces key_update rx only (ClientHandshake.zig:3694)
==3813177== 
==3813177== 1,152 (192 direct, 960 indirect) bytes in 1 blocks are definitely lost in loss record 252 of 578
==3813177==    at 0x4885E30: malloc (in /nix/store/HASH-valgrind-3.27.1/libexec/valgrind/vgpreload_memcheck-arm64-linux.so)
==3813177==    by 0x4B1FDE7: CRYPTO_malloc (in /nix/store/HASH-openssl-3.6.4/lib/libcrypto.so.3)
==3813177==    by 0x4B20053: CRYPTO_zalloc (in /nix/store/HASH-openssl-3.6.4/lib/libcrypto.so.3)
==3813177==    by 0x4ADC9DB: EVP_CIPHER_CTX_new (in /nix/store/HASH-openssl-3.6.4/lib/libcrypto.so.3)
==3813177==    by 0x123DA6F: crypto.backend_openssl.aeadInit (backend_openssl.zig:541)
==3813177==    by 0x122A49F: init (backend.zig:303)
==3813177==    by 0x122A49F: aead.Context.init (aead.zig:138)
==3813177==    by 0x122A253: RecordLayer.init (RecordLayer.zig:79)
==3813177==    by 0x12132E3: hkdf.Hkdf(crypto.hmac.Hmac(crypto.sha2.Sha2x32(.{ 1779033703, 3144134277, 1013904242, 2773480762, 1359893119, 2600822924, 528734635, 1541459225 },256))).makeRecordLayer (hkdf.zig:237)
==3813177==    by 0x1222A67: ClientHandshake.Suite.finishHandshake (ClientHandshake.zig:448)
==3813177==    by 0x1221D0F: ClientHandshake.clientFinished (ClientHandshake.zig:2000)
==3813177==    by 0x14B09AB: ClientHandshake.connectedTestClient (ClientHandshake.zig:3435)
==3813177==    by 0x14BB34F: ClientHandshake.test.handleRecord: server KeyUpdate(update_not_requested) surfaces key_update rx only (ClientHandshake.zig:3694)
==3813177== 
==3813177== 1,152 (192 direct, 960 indirect) bytes in 1 blocks are definitely lost in loss record 253 of 578
==3813177==    at 0x4885E30: malloc (in /nix/store/HASH-valgrind-3.27.1/libexec/valgrind/vgpreload_memcheck-arm64-linux.so)
==3813177==    by 0x4B1FDE7: CRYPTO_malloc (in /nix/store/HASH-openssl-3.6.4/lib/libcrypto.so.3)
==3813177==    by 0x4B20053: CRYPTO_zalloc (in /nix/store/HASH-openssl-3.6.4/lib/libcrypto.so.3)
==3813177==    by 0x4ADC9DB: EVP_CIPHER_CTX_new (in /nix/store/HASH-openssl-3.6.4/lib/libcrypto.so.3)
==3813177==    by 0x123DA17: crypto.backend_openssl.aeadInit (backend_openssl.zig:539)
==3813177==    by 0x122A49F: init (backend.zig:303)
==3813177==    by 0x122A49F: aead.Context.init (aead.zig:138)
==3813177==    by 0x122A253: RecordLayer.init (RecordLayer.zig:79)
==3813177==    by 0x12132E3: hkdf.Hkdf(crypto.hmac.Hmac(crypto.sha2.Sha2x32(.{ 1779033703, 3144134277, 1013904242, 2773480762, 1359893119, 2600822924, 528734635, 1541459225 },256))).makeRecordLayer (hkdf.zig:237)
==3813177==    by 0x1222A67: ClientHandshake.Suite.finishHandshake (ClientHandshake.zig:448)
==3813177==    by 0x1221D0F: ClientHandshake.clientFinished (ClientHandshake.zig:2000)
==3813177==    by 0x14B09AB: ClientHandshake.connectedTestClient (ClientHandshake.zig:3435)
==3813177==    by 0x14BD06F: ClientHandshake.test.sendAlert: encrypted close_notify after handshake (ClientHandshake.zig:3788)
==3813177== 
==3813177== 1,152 (192 direct, 960 indirect) bytes in 1 blocks are definitely lost in loss record 254 of 578
==3813177==    at 0x4885E30: malloc (in /nix/store/HASH-valgrind-3.27.1/libexec/valgrind/vgpreload_memcheck-arm64-linux.so)
==3813177==    by 0x4B1FDE7: CRYPTO_malloc (in /nix/store/HASH-openssl-3.6.4/lib/libcrypto.so.3)
==3813177==    by 0x4B20053: CRYPTO_zalloc (in /nix/store/HASH-openssl-3.6.4/lib/libcrypto.so.3)
==3813177==    by 0x4ADC9DB: EVP_CIPHER_CTX_new (in /nix/store/HASH-openssl-3.6.4/lib/libcrypto.so.3)
==3813177==    by 0x123DA6F: crypto.backend_openssl.aeadInit (backend_openssl.zig:541)
==3813177==    by 0x122A49F: init (backend.zig:303)
==3813177==    by 0x122A49F: aead.Context.init (aead.zig:138)
==3813177==    by 0x122A253: RecordLayer.init (RecordLayer.zig:79)
==3813177==    by 0x12132E3: hkdf.Hkdf(crypto.hmac.Hmac(crypto.sha2.Sha2x32(.{ 1779033703, 3144134277, 1013904242, 2773480762, 1359893119, 2600822924, 528734635, 1541459225 },256))).makeRecordLayer (hkdf.zig:237)
==3813177==    by 0x1222A67: ClientHandshake.Suite.finishHandshake (ClientHandshake.zig:448)
==3813177==    by 0x1221D0F: ClientHandshake.clientFinished (ClientHandshake.zig:2000)
==3813177==    by 0x14B09AB: ClientHandshake.connectedTestClient (ClientHandshake.zig:3435)
==3813177==    by 0x14BD06F: ClientHandshake.test.sendAlert: encrypted close_notify after handshake (ClientHandshake.zig:3788)
==3813177== 
==3813177== 1,152 (192 direct, 960 indirect) bytes in 1 blocks are definitely lost in loss record 255 of 578
==3813177==    at 0x4885E30: malloc (in /nix/store/HASH-valgrind-3.27.1/libexec/valgrind/vgpreload_memcheck-arm64-linux.so)
==3813177==    by 0x4B1FDE7: CRYPTO_malloc (in /nix/store/HASH-openssl-3.6.4/lib/libcrypto.so.3)
==3813177==    by 0x4B20053: CRYPTO_zalloc (in /nix/store/HASH-openssl-3.6.4/lib/libcrypto.so.3)
==3813177==    by 0x4ADC9DB: EVP_CIPHER_CTX_new (in /nix/store/HASH-openssl-3.6.4/lib/libcrypto.so.3)
==3813177==    by 0x123DA17: crypto.backend_openssl.aeadInit (backend_openssl.zig:539)
==3813177==    by 0x122A49F: init (backend.zig:303)
==3813177==    by 0x122A49F: aead.Context.init (aead.zig:138)
==3813177==    by 0x122A253: RecordLayer.init (RecordLayer.zig:79)
==3813177==    by 0x12132E3: hkdf.Hkdf(crypto.hmac.Hmac(crypto.sha2.Sha2x32(.{ 1779033703, 3144134277, 1013904242, 2773480762, 1359893119, 2600822924, 528734635, 1541459225 },256))).makeRecordLayer (hkdf.zig:237)
==3813177==    by 0x1222ADB: ClientHandshake.Suite.finishHandshake (ClientHandshake.zig:450)
==3813177==    by 0x1221D0F: ClientHandshake.clientFinished (ClientHandshake.zig:2000)
==3813177==    by 0x14B09AB: ClientHandshake.connectedTestClient (ClientHandshake.zig:3435)
==3813177==    by 0x14BD06F: ClientHandshake.test.sendAlert: encrypted close_notify after handshake (ClientHandshake.zig:3788)
==3813177== 
==3813177== 1,152 (192 direct, 960 indirect) bytes in 1 blocks are definitely lost in loss record 256 of 578
==3813177==    at 0x4885E30: malloc (in /nix/store/HASH-valgrind-3.27.1/libexec/valgrind/vgpreload_memcheck-arm64-linux.so)
==3813177==    by 0x4B1FDE7: CRYPTO_malloc (in /nix/store/HASH-openssl-3.6.4/lib/libcrypto.so.3)
==3813177==    by 0x4B20053: CRYPTO_zalloc (in /nix/store/HASH-openssl-3.6.4/lib/libcrypto.so.3)
==3813177==    by 0x4ADC9DB: EVP_CIPHER_CTX_new (in /nix/store/HASH-openssl-3.6.4/lib/libcrypto.so.3)
==3813177==    by 0x123DA6F: crypto.backend_openssl.aeadInit (backend_openssl.zig:541)
==3813177==    by 0x122A49F: init (backend.zig:303)
==3813177==    by 0x122A49F: aead.Context.init (aead.zig:138)
==3813177==    by 0x122A253: RecordLayer.init (RecordLayer.zig:79)
==3813177==    by 0x12132E3: hkdf.Hkdf(crypto.hmac.Hmac(crypto.sha2.Sha2x32(.{ 1779033703, 3144134277, 1013904242, 2773480762, 1359893119, 2600822924, 528734635, 1541459225 },256))).makeRecordLayer (hkdf.zig:237)
==3813177==    by 0x1222ADB: ClientHandshake.Suite.finishHandshake (ClientHandshake.zig:450)
==3813177==    by 0x1221D0F: ClientHandshake.clientFinished (ClientHandshake.zig:2000)
==3813177==    by 0x14B09AB: ClientHandshake.connectedTestClient (ClientHandshake.zig:3435)
==3813177==    by 0x14BD06F: ClientHandshake.test.sendAlert: encrypted close_notify after handshake (ClientHandshake.zig:3788)
==3813177== 
==3813177== 1,152 (192 direct, 960 indirect) bytes in 1 blocks are definitely lost in loss record 257 of 578
==3813177==    at 0x4885E30: malloc (in /nix/store/HASH-valgrind-3.27.1/libexec/valgrind/vgpreload_memcheck-arm64-linux.so)
==3813177==    by 0x4B1FDE7: CRYPTO_malloc (in /nix/store/HASH-openssl-3.6.4/lib/libcrypto.so.3)
==3813177==    by 0x4B20053: CRYPTO_zalloc (in /nix/store/HASH-openssl-3.6.4/lib/libcrypto.so.3)
==3813177==    by 0x4ADC9DB: EVP_CIPHER_CTX_new (in /nix/store/HASH-openssl-3.6.4/lib/libcrypto.so.3)
==3813177==    by 0x123DA17: crypto.backend_openssl.aeadInit (backend_openssl.zig:539)
==3813177==    by 0x122A49F: init (backend.zig:303)
==3813177==    by 0x122A49F: aead.Context.init (aead.zig:138)
==3813177==    by 0x122A253: RecordLayer.init (RecordLayer.zig:79)
==3813177==    by 0x12132E3: hkdf.Hkdf(crypto.hmac.Hmac(crypto.sha2.Sha2x32(.{ 1779033703, 3144134277, 1013904242, 2773480762, 1359893119, 2600822924, 528734635, 1541459225 },256))).makeRecordLayer (hkdf.zig:237)
==3813177==    by 0x1222A67: ClientHandshake.Suite.finishHandshake (ClientHandshake.zig:448)
==3813177==    by 0x1221D0F: ClientHandshake.clientFinished (ClientHandshake.zig:2000)
==3813177==    by 0x14B09AB: ClientHandshake.connectedTestClient (ClientHandshake.zig:3435)
==3813177==    by 0x14BD64F: ClientHandshake.test.handleRecord: close_notify returns closed (ClientHandshake.zig:3803)
==3813177== 
==3813177== 1,152 (192 direct, 960 indirect) bytes in 1 blocks are definitely lost in loss record 258 of 578
==3813177==    at 0x4885E30: malloc (in /nix/store/HASH-valgrind-3.27.1/libexec/valgrind/vgpreload_memcheck-arm64-linux.so)
==3813177==    by 0x4B1FDE7: CRYPTO_malloc (in /nix/store/HASH-openssl-3.6.4/lib/libcrypto.so.3)
==3813177==    by 0x4B20053: CRYPTO_zalloc (in /nix/store/HASH-openssl-3.6.4/lib/libcrypto.so.3)
==3813177==    by 0x4ADC9DB: EVP_CIPHER_CTX_new (in /nix/store/HASH-openssl-3.6.4/lib/libcrypto.so.3)
==3813177==    by 0x123DA6F: crypto.backend_openssl.aeadInit (backend_openssl.zig:541)
==3813177==    by 0x122A49F: init (backend.zig:303)
==3813177==    by 0x122A49F: aead.Context.init (aead.zig:138)
==3813177==    by 0x122A253: RecordLayer.init (RecordLayer.zig:79)
==3813177==    by 0x12132E3: hkdf.Hkdf(crypto.hmac.Hmac(crypto.sha2.Sha2x32(.{ 1779033703, 3144134277, 1013904242, 2773480762, 1359893119, 2600822924, 528734635, 1541459225 },256))).makeRecordLayer (hkdf.zig:237)
==3813177==    by 0x1222A67: ClientHandshake.Suite.finishHandshake (ClientHandshake.zig:448)
==3813177==    by 0x1221D0F: ClientHandshake.clientFinished (ClientHandshake.zig:2000)
==3813177==    by 0x14B09AB: ClientHandshake.connectedTestClient (ClientHandshake.zig:3435)
==3813177==    by 0x14BD64F: ClientHandshake.test.handleRecord: close_notify returns closed (ClientHandshake.zig:3803)
==3813177== 
==3813177== 1,152 (192 direct, 960 indirect) bytes in 1 blocks are definitely lost in loss record 259 of 578
==3813177==    at 0x4885E30: malloc (in /nix/store/HASH-valgrind-3.27.1/libexec/valgrind/vgpreload_memcheck-arm64-linux.so)
==3813177==    by 0x4B1FDE7: CRYPTO_malloc (in /nix/store/HASH-openssl-3.6.4/lib/libcrypto.so.3)
==3813177==    by 0x4B20053: CRYPTO_zalloc (in /nix/store/HASH-openssl-3.6.4/lib/libcrypto.so.3)
==3813177==    by 0x4ADC9DB: EVP_CIPHER_CTX_new (in /nix/store/HASH-openssl-3.6.4/lib/libcrypto.so.3)
==3813177==    by 0x123DA17: crypto.backend_openssl.aeadInit (backend_openssl.zig:539)
==3813177==    by 0x122A49F: init (backend.zig:303)
==3813177==    by 0x122A49F: aead.Context.init (aead.zig:138)
==3813177==    by 0x122A253: RecordLayer.init (RecordLayer.zig:79)
==3813177==    by 0x12132E3: hkdf.Hkdf(crypto.hmac.Hmac(crypto.sha2.Sha2x32(.{ 1779033703, 3144134277, 1013904242, 2773480762, 1359893119, 2600822924, 528734635, 1541459225 },256))).makeRecordLayer (hkdf.zig:237)
==3813177==    by 0x1222ADB: ClientHandshake.Suite.finishHandshake (ClientHandshake.zig:450)
==3813177==    by 0x1221D0F: ClientHandshake.clientFinished (ClientHandshake.zig:2000)
==3813177==    by 0x14B09AB: ClientHandshake.connectedTestClient (ClientHandshake.zig:3435)
==3813177==    by 0x14BD64F: ClientHandshake.test.handleRecord: close_notify returns closed (ClientHandshake.zig:3803)
==3813177== 
==3813177== 1,152 (192 direct, 960 indirect) bytes in 1 blocks are definitely lost in loss record 260 of 578
==3813177==    at 0x4885E30: malloc (in /nix/store/HASH-valgrind-3.27.1/libexec/valgrind/vgpreload_memcheck-arm64-linux.so)
==3813177==    by 0x4B1FDE7: CRYPTO_malloc (in /nix/store/HASH-openssl-3.6.4/lib/libcrypto.so.3)
==3813177==    by 0x4B20053: CRYPTO_zalloc (in /nix/store/HASH-openssl-3.6.4/lib/libcrypto.so.3)
==3813177==    by 0x4ADC9DB: EVP_CIPHER_CTX_new (in /nix/store/HASH-openssl-3.6.4/lib/libcrypto.so.3)
==3813177==    by 0x123DA6F: crypto.backend_openssl.aeadInit (backend_openssl.zig:541)
==3813177==    by 0x122A49F: init (backend.zig:303)
==3813177==    by 0x122A49F: aead.Context.init (aead.zig:138)
==3813177==    by 0x122A253: RecordLayer.init (RecordLayer.zig:79)
==3813177==    by 0x12132E3: hkdf.Hkdf(crypto.hmac.Hmac(crypto.sha2.Sha2x32(.{ 1779033703, 3144134277, 1013904242, 2773480762, 1359893119, 2600822924, 528734635, 1541459225 },256))).makeRecordLayer (hkdf.zig:237)
==3813177==    by 0x1222ADB: ClientHandshake.Suite.finishHandshake (ClientHandshake.zig:450)
==3813177==    by 0x1221D0F: ClientHandshake.clientFinished (ClientHandshake.zig:2000)
==3813177==    by 0x14B09AB: ClientHandshake.connectedTestClient (ClientHandshake.zig:3435)
==3813177==    by 0x14BD64F: ClientHandshake.test.handleRecord: close_notify returns closed (ClientHandshake.zig:3803)
==3813177== 
==3813177== 1,152 (192 direct, 960 indirect) bytes in 1 blocks are definitely lost in loss record 261 of 578
==3813177==    at 0x4885E30: malloc (in /nix/store/HASH-valgrind-3.27.1/libexec/valgrind/vgpreload_memcheck-arm64-linux.so)
==3813177==    by 0x4B1FDE7: CRYPTO_malloc (in /nix/store/HASH-openssl-3.6.4/lib/libcrypto.so.3)
==3813177==    by 0x4B20053: CRYPTO_zalloc (in /nix/store/HASH-openssl-3.6.4/lib/libcrypto.so.3)
==3813177==    by 0x4ADC9DB: EVP_CIPHER_CTX_new (in /nix/store/HASH-openssl-3.6.4/lib/libcrypto.so.3)
==3813177==    by 0x123DA17: crypto.backend_openssl.aeadInit (backend_openssl.zig:539)
==3813177==    by 0x122A49F: init (backend.zig:303)
==3813177==    by 0x122A49F: aead.Context.init (aead.zig:138)
==3813177==    by 0x122A253: RecordLayer.init (RecordLayer.zig:79)
==3813177==    by 0x12132E3: hkdf.Hkdf(crypto.hmac.Hmac(crypto.sha2.Sha2x32(.{ 1779033703, 3144134277, 1013904242, 2773480762, 1359893119, 2600822924, 528734635, 1541459225 },256))).makeRecordLayer (hkdf.zig:237)
==3813177==    by 0x1222A67: ClientHandshake.Suite.finishHandshake (ClientHandshake.zig:448)
==3813177==    by 0x1221D0F: ClientHandshake.clientFinished (ClientHandshake.zig:2000)
==3813177==    by 0x14B09AB: ClientHandshake.connectedTestClient (ClientHandshake.zig:3435)
==3813177==    by 0x14BDD27: ClientHandshake.test.handleRecord: fatal alert returns PeerAlert (ClientHandshake.zig:3823)
==3813177== 
==3813177== 1,152 (192 direct, 960 indirect) bytes in 1 blocks are definitely lost in loss record 262 of 578
==3813177==    at 0x4885E30: malloc (in /nix/store/HASH-valgrind-3.27.1/libexec/valgrind/vgpreload_memcheck-arm64-linux.so)
==3813177==    by 0x4B1FDE7: CRYPTO_malloc (in /nix/store/HASH-openssl-3.6.4/lib/libcrypto.so.3)
==3813177==    by 0x4B20053: CRYPTO_zalloc (in /nix/store/HASH-openssl-3.6.4/lib/libcrypto.so.3)
==3813177==    by 0x4ADC9DB: EVP_CIPHER_CTX_new (in /nix/store/HASH-openssl-3.6.4/lib/libcrypto.so.3)
==3813177==    by 0x123DA6F: crypto.backend_openssl.aeadInit (backend_openssl.zig:541)
==3813177==    by 0x122A49F: init (backend.zig:303)
==3813177==    by 0x122A49F: aead.Context.init (aead.zig:138)
==3813177==    by 0x122A253: RecordLayer.init (RecordLayer.zig:79)
==3813177==    by 0x12132E3: hkdf.Hkdf(crypto.hmac.Hmac(crypto.sha2.Sha2x32(.{ 1779033703, 3144134277, 1013904242, 2773480762, 1359893119, 2600822924, 528734635, 1541459225 },256))).makeRecordLayer (hkdf.zig:237)
==3813177==    by 0x1222A67: ClientHandshake.Suite.finishHandshake (ClientHandshake.zig:448)
==3813177==    by 0x1221D0F: ClientHandshake.clientFinished (ClientHandshake.zig:2000)
==3813177==    by 0x14B09AB: ClientHandshake.connectedTestClient (ClientHandshake.zig:3435)
==3813177==    by 0x14BDD27: ClientHandshake.test.handleRecord: fatal alert returns PeerAlert (ClientHandshake.zig:3823)
==3813177== 
==3813177== 1,152 (192 direct, 960 indirect) bytes in 1 blocks are definitely lost in loss record 263 of 578
==3813177==    at 0x4885E30: malloc (in /nix/store/HASH-valgrind-3.27.1/libexec/valgrind/vgpreload_memcheck-arm64-linux.so)
==3813177==    by 0x4B1FDE7: CRYPTO_malloc (in /nix/store/HASH-openssl-3.6.4/lib/libcrypto.so.3)
==3813177==    by 0x4B20053: CRYPTO_zalloc (in /nix/store/HASH-openssl-3.6.4/lib/libcrypto.so.3)
==3813177==    by 0x4ADC9DB: EVP_CIPHER_CTX_new (in /nix/store/HASH-openssl-3.6.4/lib/libcrypto.so.3)
==3813177==    by 0x123DA17: crypto.backend_openssl.aeadInit (backend_openssl.zig:539)
==3813177==    by 0x122A49F: init (backend.zig:303)
==3813177==    by 0x122A49F: aead.Context.init (aead.zig:138)
==3813177==    by 0x122A253: RecordLayer.init (RecordLayer.zig:79)
==3813177==    by 0x12132E3: hkdf.Hkdf(crypto.hmac.Hmac(crypto.sha2.Sha2x32(.{ 1779033703, 3144134277, 1013904242, 2773480762, 1359893119, 2600822924, 528734635, 1541459225 },256))).makeRecordLayer (hkdf.zig:237)
==3813177==    by 0x1222ADB: ClientHandshake.Suite.finishHandshake (ClientHandshake.zig:450)
==3813177==    by 0x1221D0F: ClientHandshake.clientFinished (ClientHandshake.zig:2000)
==3813177==    by 0x14B09AB: ClientHandshake.connectedTestClient (ClientHandshake.zig:3435)
==3813177==    by 0x14BDD27: ClientHandshake.test.handleRecord: fatal alert returns PeerAlert (ClientHandshake.zig:3823)
==3813177== 
==3813177== 1,152 (192 direct, 960 indirect) bytes in 1 blocks are definitely lost in loss record 264 of 578
==3813177==    at 0x4885E30: malloc (in /nix/store/HASH-valgrind-3.27.1/libexec/valgrind/vgpreload_memcheck-arm64-linux.so)
==3813177==    by 0x4B1FDE7: CRYPTO_malloc (in /nix/store/HASH-openssl-3.6.4/lib/libcrypto.so.3)
==3813177==    by 0x4B20053: CRYPTO_zalloc (in /nix/store/HASH-openssl-3.6.4/lib/libcrypto.so.3)
==3813177==    by 0x4ADC9DB: EVP_CIPHER_CTX_new (in /nix/store/HASH-openssl-3.6.4/lib/libcrypto.so.3)
==3813177==    by 0x123DA6F: crypto.backend_openssl.aeadInit (backend_openssl.zig:541)
==3813177==    by 0x122A49F: init (backend.zig:303)
==3813177==    by 0x122A49F: aead.Context.init (aead.zig:138)
==3813177==    by 0x122A253: RecordLayer.init (RecordLayer.zig:79)
==3813177==    by 0x12132E3: hkdf.Hkdf(crypto.hmac.Hmac(crypto.sha2.Sha2x32(.{ 1779033703, 3144134277, 1013904242, 2773480762, 1359893119, 2600822924, 528734635, 1541459225 },256))).makeRecordLayer (hkdf.zig:237)
==3813177==    by 0x1222ADB: ClientHandshake.Suite.finishHandshake (ClientHandshake.zig:450)
==3813177==    by 0x1221D0F: ClientHandshake.clientFinished (ClientHandshake.zig:2000)
==3813177==    by 0x14B09AB: ClientHandshake.connectedTestClient (ClientHandshake.zig:3435)
==3813177==    by 0x14BDD27: ClientHandshake.test.handleRecord: fatal alert returns PeerAlert (ClientHandshake.zig:3823)
==3813177== 
==3813177== 1,152 (192 direct, 960 indirect) bytes in 1 blocks are definitely lost in loss record 265 of 578
==3813177==    at 0x4885E30: malloc (in /nix/store/HASH-valgrind-3.27.1/libexec/valgrind/vgpreload_memcheck-arm64-linux.so)
==3813177==    by 0x4B1FDE7: CRYPTO_malloc (in /nix/store/HASH-openssl-3.6.4/lib/libcrypto.so.3)
==3813177==    by 0x4B20053: CRYPTO_zalloc (in /nix/store/HASH-openssl-3.6.4/lib/libcrypto.so.3)
==3813177==    by 0x4ADC9DB: EVP_CIPHER_CTX_new (in /nix/store/HASH-openssl-3.6.4/lib/libcrypto.so.3)
==3813177==    by 0x123DA17: crypto.backend_openssl.aeadInit (backend_openssl.zig:539)
==3813177==    by 0x122A49F: init (backend.zig:303)
==3813177==    by 0x122A49F: aead.Context.init (aead.zig:138)
==3813177==    by 0x122A253: RecordLayer.init (RecordLayer.zig:79)
==3813177==    by 0x12132E3: hkdf.Hkdf(crypto.hmac.Hmac(crypto.sha2.Sha2x32(.{ 1779033703, 3144134277, 1013904242, 2773480762, 1359893119, 2600822924, 528734635, 1541459225 },256))).makeRecordLayer (hkdf.zig:237)
==3813177==    by 0x1222A67: ClientHandshake.Suite.finishHandshake (ClientHandshake.zig:448)
==3813177==    by 0x1221D0F: ClientHandshake.clientFinished (ClientHandshake.zig:2000)
==3813177==    by 0x14B09AB: ClientHandshake.connectedTestClient (ClientHandshake.zig:3435)
==3813177==    by 0x14BE337: ClientHandshake.test.handleRecord: NewSessionTicket is surfaced as an event (ClientHandshake.zig:3845)
==3813177== 
==3813177== 1,152 (192 direct, 960 indirect) bytes in 1 blocks are definitely lost in loss record 266 of 578
==3813177==    at 0x4885E30: malloc (in /nix/store/HASH-valgrind-3.27.1/libexec/valgrind/vgpreload_memcheck-arm64-linux.so)
==3813177==    by 0x4B1FDE7: CRYPTO_malloc (in /nix/store/HASH-openssl-3.6.4/lib/libcrypto.so.3)
==3813177==    by 0x4B20053: CRYPTO_zalloc (in /nix/store/HASH-openssl-3.6.4/lib/libcrypto.so.3)
==3813177==    by 0x4ADC9DB: EVP_CIPHER_CTX_new (in /nix/store/HASH-openssl-3.6.4/lib/libcrypto.so.3)
==3813177==    by 0x123DA6F: crypto.backend_openssl.aeadInit (backend_openssl.zig:541)
==3813177==    by 0x122A49F: init (backend.zig:303)
==3813177==    by 0x122A49F: aead.Context.init (aead.zig:138)
==3813177==    by 0x122A253: RecordLayer.init (RecordLayer.zig:79)
==3813177==    by 0x12132E3: hkdf.Hkdf(crypto.hmac.Hmac(crypto.sha2.Sha2x32(.{ 1779033703, 3144134277, 1013904242, 2773480762, 1359893119, 2600822924, 528734635, 1541459225 },256))).makeRecordLayer (hkdf.zig:237)
==3813177==    by 0x1222A67: ClientHandshake.Suite.finishHandshake (ClientHandshake.zig:448)
==3813177==    by 0x1221D0F: ClientHandshake.clientFinished (ClientHandshake.zig:2000)
==3813177==    by 0x14B09AB: ClientHandshake.connectedTestClient (ClientHandshake.zig:3435)
==3813177==    by 0x14BE337: ClientHandshake.test.handleRecord: NewSessionTicket is surfaced as an event (ClientHandshake.zig:3845)
==3813177== 
==3813177== 1,152 (192 direct, 960 indirect) bytes in 1 blocks are definitely lost in loss record 267 of 578
==3813177==    at 0x4885E30: malloc (in /nix/store/HASH-valgrind-3.27.1/libexec/valgrind/vgpreload_memcheck-arm64-linux.so)
==3813177==    by 0x4B1FDE7: CRYPTO_malloc (in /nix/store/HASH-openssl-3.6.4/lib/libcrypto.so.3)
==3813177==    by 0x4B20053: CRYPTO_zalloc (in /nix/store/HASH-openssl-3.6.4/lib/libcrypto.so.3)
==3813177==    by 0x4ADC9DB: EVP_CIPHER_CTX_new (in /nix/store/HASH-openssl-3.6.4/lib/libcrypto.so.3)
==3813177==    by 0x123DA17: crypto.backend_openssl.aeadInit (backend_openssl.zig:539)
==3813177==    by 0x122A49F: init (backend.zig:303)
==3813177==    by 0x122A49F: aead.Context.init (aead.zig:138)
==3813177==    by 0x122A253: RecordLayer.init (RecordLayer.zig:79)
==3813177==    by 0x12132E3: hkdf.Hkdf(crypto.hmac.Hmac(crypto.sha2.Sha2x32(.{ 1779033703, 3144134277, 1013904242, 2773480762, 1359893119, 2600822924, 528734635, 1541459225 },256))).makeRecordLayer (hkdf.zig:237)
==3813177==    by 0x128CB37: suite_state.HashArm(hkdf.Hkdf(crypto.hmac.Hmac(crypto.sha2.Sha2x32(.{ 1779033703, 3144134277, 1013904242, 2773480762, 1359893119, 2600822924, 528734635, 1541459225 },256))),crypto.sha2.Sha2x32(.{ 1779033703, 3144134277, 1013904242, 2773480762, 1359893119, 2600822924, 528734635, 1541459225 },256)).ratchetServerKey (suite_state.zig:75)
==3813177==    by 0x126A6DF: ClientHandshake.Suite.ratchetServerKey (ClientHandshake.zig:476)
==3813177==    by 0x14BE3B3: ClientHandshake.test.handleRecord: NewSessionTicket is surfaced as an event (ClientHandshake.zig:3846)
==3813177==    by 0x13D7EB7: test_runner.main (test_runner.zig:278)
==3813177== 
==3813177== 1,152 (192 direct, 960 indirect) bytes in 1 blocks are definitely lost in loss record 268 of 578
==3813177==    at 0x4885E30: malloc (in /nix/store/HASH-valgrind-3.27.1/libexec/valgrind/vgpreload_memcheck-arm64-linux.so)
==3813177==    by 0x4B1FDE7: CRYPTO_malloc (in /nix/store/HASH-openssl-3.6.4/lib/libcrypto.so.3)
==3813177==    by 0x4B20053: CRYPTO_zalloc (in /nix/store/HASH-openssl-3.6.4/lib/libcrypto.so.3)
==3813177==    by 0x4ADC9DB: EVP_CIPHER_CTX_new (in /nix/store/HASH-openssl-3.6.4/lib/libcrypto.so.3)
==3813177==    by 0x123DA6F: crypto.backend_openssl.aeadInit (backend_openssl.zig:541)
==3813177==    by 0x122A49F: init (backend.zig:303)
==3813177==    by 0x122A49F: aead.Context.init (aead.zig:138)
==3813177==    by 0x122A253: RecordLayer.init (RecordLayer.zig:79)
==3813177==    by 0x12132E3: hkdf.Hkdf(crypto.hmac.Hmac(crypto.sha2.Sha2x32(.{ 1779033703, 3144134277, 1013904242, 2773480762, 1359893119, 2600822924, 528734635, 1541459225 },256))).makeRecordLayer (hkdf.zig:237)
==3813177==    by 0x128CB37: suite_state.HashArm(hkdf.Hkdf(crypto.hmac.Hmac(crypto.sha2.Sha2x32(.{ 1779033703, 3144134277, 1013904242, 2773480762, 1359893119, 2600822924, 528734635, 1541459225 },256))),crypto.sha2.Sha2x32(.{ 1779033703, 3144134277, 1013904242, 2773480762, 1359893119, 2600822924, 528734635, 1541459225 },256)).ratchetServerKey (suite_state.zig:75)
==3813177==    by 0x126A6DF: ClientHandshake.Suite.ratchetServerKey (ClientHandshake.zig:476)
==3813177==    by 0x14BE3B3: ClientHandshake.test.handleRecord: NewSessionTicket is surfaced as an event (ClientHandshake.zig:3846)
==3813177==    by 0x13D7EB7: test_runner.main (test_runner.zig:278)
==3813177== 
==3813177== 1,152 (192 direct, 960 indirect) bytes in 1 blocks are definitely lost in loss record 269 of 578
==3813177==    at 0x4885E30: malloc (in /nix/store/HASH-valgrind-3.27.1/libexec/valgrind/vgpreload_memcheck-arm64-linux.so)
==3813177==    by 0x4B1FDE7: CRYPTO_malloc (in /nix/store/HASH-openssl-3.6.4/lib/libcrypto.so.3)
==3813177==    by 0x4B20053: CRYPTO_zalloc (in /nix/store/HASH-openssl-3.6.4/lib/libcrypto.so.3)
==3813177==    by 0x4ADC9DB: EVP_CIPHER_CTX_new (in /nix/store/HASH-openssl-3.6.4/lib/libcrypto.so.3)
==3813177==    by 0x123DA17: crypto.backend_openssl.aeadInit (backend_openssl.zig:539)
==3813177==    by 0x122A49F: init (backend.zig:303)
==3813177==    by 0x122A49F: aead.Context.init (aead.zig:138)
==3813177==    by 0x122A253: RecordLayer.init (RecordLayer.zig:79)
==3813177==    by 0x12132E3: hkdf.Hkdf(crypto.hmac.Hmac(crypto.sha2.Sha2x32(.{ 1779033703, 3144134277, 1013904242, 2773480762, 1359893119, 2600822924, 528734635, 1541459225 },256))).makeRecordLayer (hkdf.zig:237)
==3813177==    by 0x1222A67: ClientHandshake.Suite.finishHandshake (ClientHandshake.zig:448)
==3813177==    by 0x1221D0F: ClientHandshake.clientFinished (ClientHandshake.zig:2000)
==3813177==    by 0x14B09AB: ClientHandshake.connectedTestClient (ClientHandshake.zig:3435)
==3813177==    by 0x14BEDBF: ClientHandshake.test.clientFinished: RFC 8448 §4 resumption_master_secret over the live transcript (ClientHandshake.zig:3884)
==3813177== 
==3813177== 1,152 (192 direct, 960 indirect) bytes in 1 blocks are definitely lost in loss record 270 of 578
==3813177==    at 0x4885E30: malloc (in /nix/store/HASH-valgrind-3.27.1/libexec/valgrind/vgpreload_memcheck-arm64-linux.so)
==3813177==    by 0x4B1FDE7: CRYPTO_malloc (in /nix/store/HASH-openssl-3.6.4/lib/libcrypto.so.3)
==3813177==    by 0x4B20053: CRYPTO_zalloc (in /nix/store/HASH-openssl-3.6.4/lib/libcrypto.so.3)
==3813177==    by 0x4ADC9DB: EVP_CIPHER_CTX_new (in /nix/store/HASH-openssl-3.6.4/lib/libcrypto.so.3)
==3813177==    by 0x123DA6F: crypto.backend_openssl.aeadInit (backend_openssl.zig:541)
==3813177==    by 0x122A49F: init (backend.zig:303)
==3813177==    by 0x122A49F: aead.Context.init (aead.zig:138)
==3813177==    by 0x122A253: RecordLayer.init (RecordLayer.zig:79)
==3813177==    by 0x12132E3: hkdf.Hkdf(crypto.hmac.Hmac(crypto.sha2.Sha2x32(.{ 1779033703, 3144134277, 1013904242, 2773480762, 1359893119, 2600822924, 528734635, 1541459225 },256))).makeRecordLayer (hkdf.zig:237)
==3813177==    by 0x1222A67: ClientHandshake.Suite.finishHandshake (ClientHandshake.zig:448)
==3813177==    by 0x1221D0F: ClientHandshake.clientFinished (ClientHandshake.zig:2000)
==3813177==    by 0x14B09AB: ClientHandshake.connectedTestClient (ClientHandshake.zig:3435)
==3813177==    by 0x14BEDBF: ClientHandshake.test.clientFinished: RFC 8448 §4 resumption_master_secret over the live transcript (ClientHandshake.zig:3884)
==3813177== 
==3813177== 1,152 (192 direct, 960 indirect) bytes in 1 blocks are definitely lost in loss record 271 of 578
==3813177==    at 0x4885E30: malloc (in /nix/store/HASH-valgrind-3.27.1/libexec/valgrind/vgpreload_memcheck-arm64-linux.so)
==3813177==    by 0x4B1FDE7: CRYPTO_malloc (in /nix/store/HASH-openssl-3.6.4/lib/libcrypto.so.3)
==3813177==    by 0x4B20053: CRYPTO_zalloc (in /nix/store/HASH-openssl-3.6.4/lib/libcrypto.so.3)
==3813177==    by 0x4ADC9DB: EVP_CIPHER_CTX_new (in /nix/store/HASH-openssl-3.6.4/lib/libcrypto.so.3)
==3813177==    by 0x123DA17: crypto.backend_openssl.aeadInit (backend_openssl.zig:539)
==3813177==    by 0x122A49F: init (backend.zig:303)
==3813177==    by 0x122A49F: aead.Context.init (aead.zig:138)
==3813177==    by 0x122A253: RecordLayer.init (RecordLayer.zig:79)
==3813177==    by 0x12132E3: hkdf.Hkdf(crypto.hmac.Hmac(crypto.sha2.Sha2x32(.{ 1779033703, 3144134277, 1013904242, 2773480762, 1359893119, 2600822924, 528734635, 1541459225 },256))).makeRecordLayer (hkdf.zig:237)
==3813177==    by 0x1222ADB: ClientHandshake.Suite.finishHandshake (ClientHandshake.zig:450)
==3813177==    by 0x1221D0F: ClientHandshake.clientFinished (ClientHandshake.zig:2000)
==3813177==    by 0x14B09AB: ClientHandshake.connectedTestClient (ClientHandshake.zig:3435)
==3813177==    by 0x14BEDBF: ClientHandshake.test.clientFinished: RFC 8448 §4 resumption_master_secret over the live transcript (ClientHandshake.zig:3884)
==3813177== 
==3813177== 1,152 (192 direct, 960 indirect) bytes in 1 blocks are definitely lost in loss record 272 of 578
==3813177==    at 0x4885E30: malloc (in /nix/store/HASH-valgrind-3.27.1/libexec/valgrind/vgpreload_memcheck-arm64-linux.so)
==3813177==    by 0x4B1FDE7: CRYPTO_malloc (in /nix/store/HASH-openssl-3.6.4/lib/libcrypto.so.3)
==3813177==    by 0x4B20053: CRYPTO_zalloc (in /nix/store/HASH-openssl-3.6.4/lib/libcrypto.so.3)
==3813177==    by 0x4ADC9DB: EVP_CIPHER_CTX_new (in /nix/store/HASH-openssl-3.6.4/lib/libcrypto.so.3)
==3813177==    by 0x123DA6F: crypto.backend_openssl.aeadInit (backend_openssl.zig:541)
==3813177==    by 0x122A49F: init (backend.zig:303)
==3813177==    by 0x122A49F: aead.Context.init (aead.zig:138)
==3813177==    by 0x122A253: RecordLayer.init (RecordLayer.zig:79)
==3813177==    by 0x12132E3: hkdf.Hkdf(crypto.hmac.Hmac(crypto.sha2.Sha2x32(.{ 1779033703, 3144134277, 1013904242, 2773480762, 1359893119, 2600822924, 528734635, 1541459225 },256))).makeRecordLayer (hkdf.zig:237)
==3813177==    by 0x1222ADB: ClientHandshake.Suite.finishHandshake (ClientHandshake.zig:450)
==3813177==    by 0x1221D0F: ClientHandshake.clientFinished (ClientHandshake.zig:2000)
==3813177==    by 0x14B09AB: ClientHandshake.connectedTestClient (ClientHandshake.zig:3435)
==3813177==    by 0x14BEDBF: ClientHandshake.test.clientFinished: RFC 8448 §4 resumption_master_secret over the live transcript (ClientHandshake.zig:3884)
==3813177== 
==3813177== 1,152 (192 direct, 960 indirect) bytes in 1 blocks are definitely lost in loss record 273 of 578
==3813177==    at 0x4885E30: malloc (in /nix/store/HASH-valgrind-3.27.1/libexec/valgrind/vgpreload_memcheck-arm64-linux.so)
==3813177==    by 0x4B1FDE7: CRYPTO_malloc (in /nix/store/HASH-openssl-3.6.4/lib/libcrypto.so.3)
==3813177==    by 0x4B20053: CRYPTO_zalloc (in /nix/store/HASH-openssl-3.6.4/lib/libcrypto.so.3)
==3813177==    by 0x4ADC9DB: EVP_CIPHER_CTX_new (in /nix/store/HASH-openssl-3.6.4/lib/libcrypto.so.3)
==3813177==    by 0x123DA17: crypto.backend_openssl.aeadInit (backend_openssl.zig:539)
==3813177==    by 0x122A49F: init (backend.zig:303)
==3813177==    by 0x122A49F: aead.Context.init (aead.zig:138)
==3813177==    by 0x122A253: RecordLayer.init (RecordLayer.zig:79)
==3813177==    by 0x12132E3: hkdf.Hkdf(crypto.hmac.Hmac(crypto.sha2.Sha2x32(.{ 1779033703, 3144134277, 1013904242, 2773480762, 1359893119, 2600822924, 528734635, 1541459225 },256))).makeRecordLayer (hkdf.zig:237)
==3813177==    by 0x1222A67: ClientHandshake.Suite.finishHandshake (ClientHandshake.zig:448)
==3813177==    by 0x1221D0F: ClientHandshake.clientFinished (ClientHandshake.zig:2000)
==3813177==    by 0x14B09AB: ClientHandshake.connectedTestClient (ClientHandshake.zig:3435)
==3813177==    by 0x14C45B3: ClientHandshake.test.handleRecord: accepts 17 consecutive NewSessionTickets (ClientHandshake.zig:4309)
==3813177== 
==3813177== 1,152 (192 direct, 960 indirect) bytes in 1 blocks are definitely lost in loss record 274 of 578
==3813177==    at 0x4885E30: malloc (in /nix/store/HASH-valgrind-3.27.1/libexec/valgrind/vgpreload_memcheck-arm64-linux.so)
==3813177==    by 0x4B1FDE7: CRYPTO_malloc (in /nix/store/HASH-openssl-3.6.4/lib/libcrypto.so.3)
==3813177==    by 0x4B20053: CRYPTO_zalloc (in /nix/store/HASH-openssl-3.6.4/lib/libcrypto.so.3)
==3813177==    by 0x4ADC9DB: EVP_CIPHER_CTX_new (in /nix/store/HASH-openssl-3.6.4/lib/libcrypto.so.3)
==3813177==    by 0x123DA6F: crypto.backend_openssl.aeadInit (backend_openssl.zig:541)
==3813177==    by 0x122A49F: init (backend.zig:303)
==3813177==    by 0x122A49F: aead.Context.init (aead.zig:138)
==3813177==    by 0x122A253: RecordLayer.init (RecordLayer.zig:79)
==3813177==    by 0x12132E3: hkdf.Hkdf(crypto.hmac.Hmac(crypto.sha2.Sha2x32(.{ 1779033703, 3144134277, 1013904242, 2773480762, 1359893119, 2600822924, 528734635, 1541459225 },256))).makeRecordLayer (hkdf.zig:237)
==3813177==    by 0x1222A67: ClientHandshake.Suite.finishHandshake (ClientHandshake.zig:448)
==3813177==    by 0x1221D0F: ClientHandshake.clientFinished (ClientHandshake.zig:2000)
==3813177==    by 0x14B09AB: ClientHandshake.connectedTestClient (ClientHandshake.zig:3435)
==3813177==    by 0x14C45B3: ClientHandshake.test.handleRecord: accepts 17 consecutive NewSessionTickets (ClientHandshake.zig:4309)
==3813177== 
==3813177== 1,152 (192 direct, 960 indirect) bytes in 1 blocks are definitely lost in loss record 275 of 578
==3813177==    at 0x4885E30: malloc (in /nix/store/HASH-valgrind-3.27.1/libexec/valgrind/vgpreload_memcheck-arm64-linux.so)
==3813177==    by 0x4B1FDE7: CRYPTO_malloc (in /nix/store/HASH-openssl-3.6.4/lib/libcrypto.so.3)
==3813177==    by 0x4B20053: CRYPTO_zalloc (in /nix/store/HASH-openssl-3.6.4/lib/libcrypto.so.3)
==3813177==    by 0x4ADC9DB: EVP_CIPHER_CTX_new (in /nix/store/HASH-openssl-3.6.4/lib/libcrypto.so.3)
==3813177==    by 0x123DA17: crypto.backend_openssl.aeadInit (backend_openssl.zig:539)
==3813177==    by 0x122A49F: init (backend.zig:303)
==3813177==    by 0x122A49F: aead.Context.init (aead.zig:138)
==3813177==    by 0x122A253: RecordLayer.init (RecordLayer.zig:79)
==3813177==    by 0x12132E3: hkdf.Hkdf(crypto.hmac.Hmac(crypto.sha2.Sha2x32(.{ 1779033703, 3144134277, 1013904242, 2773480762, 1359893119, 2600822924, 528734635, 1541459225 },256))).makeRecordLayer (hkdf.zig:237)
==3813177==    by 0x1222ADB: ClientHandshake.Suite.finishHandshake (ClientHandshake.zig:450)
==3813177==    by 0x1221D0F: ClientHandshake.clientFinished (ClientHandshake.zig:2000)
==3813177==    by 0x14B09AB: ClientHandshake.connectedTestClient (ClientHandshake.zig:3435)
==3813177==    by 0x14C45B3: ClientHandshake.test.handleRecord: accepts 17 consecutive NewSessionTickets (ClientHandshake.zig:4309)
==3813177== 
==3813177== 1,152 (192 direct, 960 indirect) bytes in 1 blocks are definitely lost in loss record 276 of 578
==3813177==    at 0x4885E30: malloc (in /nix/store/HASH-valgrind-3.27.1/libexec/valgrind/vgpreload_memcheck-arm64-linux.so)
==3813177==    by 0x4B1FDE7: CRYPTO_malloc (in /nix/store/HASH-openssl-3.6.4/lib/libcrypto.so.3)
==3813177==    by 0x4B20053: CRYPTO_zalloc (in /nix/store/HASH-openssl-3.6.4/lib/libcrypto.so.3)
==3813177==    by 0x4ADC9DB: EVP_CIPHER_CTX_new (in /nix/store/HASH-openssl-3.6.4/lib/libcrypto.so.3)
==3813177==    by 0x123DA6F: crypto.backend_openssl.aeadInit (backend_openssl.zig:541)
==3813177==    by 0x122A49F: init (backend.zig:303)
==3813177==    by 0x122A49F: aead.Context.init (aead.zig:138)
==3813177==    by 0x122A253: RecordLayer.init (RecordLayer.zig:79)
==3813177==    by 0x12132E3: hkdf.Hkdf(crypto.hmac.Hmac(crypto.sha2.Sha2x32(.{ 1779033703, 3144134277, 1013904242, 2773480762, 1359893119, 2600822924, 528734635, 1541459225 },256))).makeRecordLayer (hkdf.zig:237)
==3813177==    by 0x1222ADB: ClientHandshake.Suite.finishHandshake (ClientHandshake.zig:450)
==3813177==    by 0x1221D0F: ClientHandshake.clientFinished (ClientHandshake.zig:2000)
==3813177==    by 0x14B09AB: ClientHandshake.connectedTestClient (ClientHandshake.zig:3435)
==3813177==    by 0x14C45B3: ClientHandshake.test.handleRecord: accepts 17 consecutive NewSessionTickets (ClientHandshake.zig:4309)
==3813177== 
==3813177== 1,152 (192 direct, 960 indirect) bytes in 1 blocks are definitely lost in loss record 277 of 578
==3813177==    at 0x4885E30: malloc (in /nix/store/HASH-valgrind-3.27.1/libexec/valgrind/vgpreload_memcheck-arm64-linux.so)
==3813177==    by 0x4B1FDE7: CRYPTO_malloc (in /nix/store/HASH-openssl-3.6.4/lib/libcrypto.so.3)
==3813177==    by 0x4B20053: CRYPTO_zalloc (in /nix/store/HASH-openssl-3.6.4/lib/libcrypto.so.3)
==3813177==    by 0x4ADC9DB: EVP_CIPHER_CTX_new (in /nix/store/HASH-openssl-3.6.4/lib/libcrypto.so.3)
==3813177==    by 0x123DA17: crypto.backend_openssl.aeadInit (backend_openssl.zig:539)
==3813177==    by 0x122A49F: init (backend.zig:303)
==3813177==    by 0x122A49F: aead.Context.init (aead.zig:138)
==3813177==    by 0x122A253: RecordLayer.init (RecordLayer.zig:79)
==3813177==    by 0x12132E3: hkdf.Hkdf(crypto.hmac.Hmac(crypto.sha2.Sha2x32(.{ 1779033703, 3144134277, 1013904242, 2773480762, 1359893119, 2600822924, 528734635, 1541459225 },256))).makeRecordLayer (hkdf.zig:237)
==3813177==    by 0x1222A67: ClientHandshake.Suite.finishHandshake (ClientHandshake.zig:448)
==3813177==    by 0x1221D0F: ClientHandshake.clientFinished (ClientHandshake.zig:2000)
==3813177==    by 0x14B09AB: ClientHandshake.connectedTestClient (ClientHandshake.zig:3435)
==3813177==    by 0x14C4AA3: ClientHandshake.test.handleRecord: NewSessionTicket flood is rejected with ticket-specific error (ClientHandshake.zig:4332)
==3813177== 
==3813177== 1,152 (192 direct, 960 indirect) bytes in 1 blocks are definitely lost in loss record 278 of 578
==3813177==    at 0x4885E30: malloc (in /nix/store/HASH-valgrind-3.27.1/libexec/valgrind/vgpreload_memcheck-arm64-linux.so)
==3813177==    by 0x4B1FDE7: CRYPTO_malloc (in /nix/store/HASH-openssl-3.6.4/lib/libcrypto.so.3)
==3813177==    by 0x4B20053: CRYPTO_zalloc (in /nix/store/HASH-openssl-3.6.4/lib/libcrypto.so.3)
==3813177==    by 0x4ADC9DB: EVP_CIPHER_CTX_new (in /nix/store/HASH-openssl-3.6.4/lib/libcrypto.so.3)
==3813177==    by 0x123DA6F: crypto.backend_openssl.aeadInit (backend_openssl.zig:541)
==3813177==    by 0x122A49F: init (backend.zig:303)
==3813177==    by 0x122A49F: aead.Context.init (aead.zig:138)
==3813177==    by 0x122A253: RecordLayer.init (RecordLayer.zig:79)
==3813177==    by 0x12132E3: hkdf.Hkdf(crypto.hmac.Hmac(crypto.sha2.Sha2x32(.{ 1779033703, 3144134277, 1013904242, 2773480762, 1359893119, 2600822924, 528734635, 1541459225 },256))).makeRecordLayer (hkdf.zig:237)
==3813177==    by 0x1222A67: ClientHandshake.Suite.finishHandshake (ClientHandshake.zig:448)
==3813177==    by 0x1221D0F: ClientHandshake.clientFinished (ClientHandshake.zig:2000)
==3813177==    by 0x14B09AB: ClientHandshake.connectedTestClient (ClientHandshake.zig:3435)
==3813177==    by 0x14C4AA3: ClientHandshake.test.handleRecord: NewSessionTicket flood is rejected with ticket-specific error (ClientHandshake.zig:4332)
==3813177== 
==3813177== 1,152 (192 direct, 960 indirect) bytes in 1 blocks are definitely lost in loss record 279 of 578
==3813177==    at 0x4885E30: malloc (in /nix/store/HASH-valgrind-3.27.1/libexec/valgrind/vgpreload_memcheck-arm64-linux.so)
==3813177==    by 0x4B1FDE7: CRYPTO_malloc (in /nix/store/HASH-openssl-3.6.4/lib/libcrypto.so.3)
==3813177==    by 0x4B20053: CRYPTO_zalloc (in /nix/store/HASH-openssl-3.6.4/lib/libcrypto.so.3)
==3813177==    by 0x4ADC9DB: EVP_CIPHER_CTX_new (in /nix/store/HASH-openssl-3.6.4/lib/libcrypto.so.3)
==3813177==    by 0x123DA17: crypto.backend_openssl.aeadInit (backend_openssl.zig:539)
==3813177==    by 0x122A49F: init (backend.zig:303)
==3813177==    by 0x122A49F: aead.Context.init (aead.zig:138)
==3813177==    by 0x122A253: RecordLayer.init (RecordLayer.zig:79)
==3813177==    by 0x12132E3: hkdf.Hkdf(crypto.hmac.Hmac(crypto.sha2.Sha2x32(.{ 1779033703, 3144134277, 1013904242, 2773480762, 1359893119, 2600822924, 528734635, 1541459225 },256))).makeRecordLayer (hkdf.zig:237)
==3813177==    by 0x1222ADB: ClientHandshake.Suite.finishHandshake (ClientHandshake.zig:450)
==3813177==    by 0x1221D0F: ClientHandshake.clientFinished (ClientHandshake.zig:2000)
==3813177==    by 0x14B09AB: ClientHandshake.connectedTestClient (ClientHandshake.zig:3435)
==3813177==    by 0x14C4AA3: ClientHandshake.test.handleRecord: NewSessionTicket flood is rejected with ticket-specific error (ClientHandshake.zig:4332)
==3813177== 
==3813177== 1,152 (192 direct, 960 indirect) bytes in 1 blocks are definitely lost in loss record 280 of 578
==3813177==    at 0x4885E30: malloc (in /nix/store/HASH-valgrind-3.27.1/libexec/valgrind/vgpreload_memcheck-arm64-linux.so)
==3813177==    by 0x4B1FDE7: CRYPTO_malloc (in /nix/store/HASH-openssl-3.6.4/lib/libcrypto.so.3)
==3813177==    by 0x4B20053: CRYPTO_zalloc (in /nix/store/HASH-openssl-3.6.4/lib/libcrypto.so.3)
==3813177==    by 0x4ADC9DB: EVP_CIPHER_CTX_new (in /nix/store/HASH-openssl-3.6.4/lib/libcrypto.so.3)
==3813177==    by 0x123DA6F: crypto.backend_openssl.aeadInit (backend_openssl.zig:541)
==3813177==    by 0x122A49F: init (backend.zig:303)
==3813177==    by 0x122A49F: aead.Context.init (aead.zig:138)
==3813177==    by 0x122A253: RecordLayer.init (RecordLayer.zig:79)
==3813177==    by 0x12132E3: hkdf.Hkdf(crypto.hmac.Hmac(crypto.sha2.Sha2x32(.{ 1779033703, 3144134277, 1013904242, 2773480762, 1359893119, 2600822924, 528734635, 1541459225 },256))).makeRecordLayer (hkdf.zig:237)
==3813177==    by 0x1222ADB: ClientHandshake.Suite.finishHandshake (ClientHandshake.zig:450)
==3813177==    by 0x1221D0F: ClientHandshake.clientFinished (ClientHandshake.zig:2000)
==3813177==    by 0x14B09AB: ClientHandshake.connectedTestClient (ClientHandshake.zig:3435)
==3813177==    by 0x14C4AA3: ClientHandshake.test.handleRecord: NewSessionTicket flood is rejected with ticket-specific error (ClientHandshake.zig:4332)
==3813177== 
==3813177== 1,152 (192 direct, 960 indirect) bytes in 1 blocks are definitely lost in loss record 281 of 578
==3813177==    at 0x4885E30: malloc (in /nix/store/HASH-valgrind-3.27.1/libexec/valgrind/vgpreload_memcheck-arm64-linux.so)
==3813177==    by 0x4B1FDE7: CRYPTO_malloc (in /nix/store/HASH-openssl-3.6.4/lib/libcrypto.so.3)
==3813177==    by 0x4B20053: CRYPTO_zalloc (in /nix/store/HASH-openssl-3.6.4/lib/libcrypto.so.3)
==3813177==    by 0x4ADC9DB: EVP_CIPHER_CTX_new (in /nix/store/HASH-openssl-3.6.4/lib/libcrypto.so.3)
==3813177==    by 0x123DA17: crypto.backend_openssl.aeadInit (backend_openssl.zig:539)
==3813177==    by 0x122A49F: init (backend.zig:303)
==3813177==    by 0x122A49F: aead.Context.init (aead.zig:138)
==3813177==    by 0x122A253: RecordLayer.init (RecordLayer.zig:79)
==3813177==    by 0x12132E3: hkdf.Hkdf(crypto.hmac.Hmac(crypto.sha2.Sha2x32(.{ 1779033703, 3144134277, 1013904242, 2773480762, 1359893119, 2600822924, 528734635, 1541459225 },256))).makeRecordLayer (hkdf.zig:237)
==3813177==    by 0x1222A67: ClientHandshake.Suite.finishHandshake (ClientHandshake.zig:448)
==3813177==    by 0x1221D0F: ClientHandshake.clientFinished (ClientHandshake.zig:2000)
==3813177==    by 0x14B09AB: ClientHandshake.connectedTestClient (ClientHandshake.zig:3435)
==3813177==    by 0x14C535F: ClientHandshake.test.handleRecord: malformed NewSessionTicket is rejected (ClientHandshake.zig:4354)
==3813177== 
==3813177== 1,152 (192 direct, 960 indirect) bytes in 1 blocks are definitely lost in loss record 282 of 578
==3813177==    at 0x4885E30: malloc (in /nix/store/HASH-valgrind-3.27.1/libexec/valgrind/vgpreload_memcheck-arm64-linux.so)
==3813177==    by 0x4B1FDE7: CRYPTO_malloc (in /nix/store/HASH-openssl-3.6.4/lib/libcrypto.so.3)
==3813177==    by 0x4B20053: CRYPTO_zalloc (in /nix/store/HASH-openssl-3.6.4/lib/libcrypto.so.3)
==3813177==    by 0x4ADC9DB: EVP_CIPHER_CTX_new (in /nix/store/HASH-openssl-3.6.4/lib/libcrypto.so.3)
==3813177==    by 0x123DA6F: crypto.backend_openssl.aeadInit (backend_openssl.zig:541)
==3813177==    by 0x122A49F: init (backend.zig:303)
==3813177==    by 0x122A49F: aead.Context.init (aead.zig:138)
==3813177==    by 0x122A253: RecordLayer.init (RecordLayer.zig:79)
==3813177==    by 0x12132E3: hkdf.Hkdf(crypto.hmac.Hmac(crypto.sha2.Sha2x32(.{ 1779033703, 3144134277, 1013904242, 2773480762, 1359893119, 2600822924, 528734635, 1541459225 },256))).makeRecordLayer (hkdf.zig:237)
==3813177==    by 0x1222A67: ClientHandshake.Suite.finishHandshake (ClientHandshake.zig:448)
==3813177==    by 0x1221D0F: ClientHandshake.clientFinished (ClientHandshake.zig:2000)
==3813177==    by 0x14B09AB: ClientHandshake.connectedTestClient (ClientHandshake.zig:3435)
==3813177==    by 0x14C535F: ClientHandshake.test.handleRecord: malformed NewSessionTicket is rejected (ClientHandshake.zig:4354)
==3813177== 
==3813177== 1,152 (192 direct, 960 indirect) bytes in 1 blocks are definitely lost in loss record 283 of 578
==3813177==    at 0x4885E30: malloc (in /nix/store/HASH-valgrind-3.27.1/libexec/valgrind/vgpreload_memcheck-arm64-linux.so)
==3813177==    by 0x4B1FDE7: CRYPTO_malloc (in /nix/store/HASH-openssl-3.6.4/lib/libcrypto.so.3)
==3813177==    by 0x4B20053: CRYPTO_zalloc (in /nix/store/HASH-openssl-3.6.4/lib/libcrypto.so.3)
==3813177==    by 0x4ADC9DB: EVP_CIPHER_CTX_new (in /nix/store/HASH-openssl-3.6.4/lib/libcrypto.so.3)
==3813177==    by 0x123DA17: crypto.backend_openssl.aeadInit (backend_openssl.zig:539)
==3813177==    by 0x122A49F: init (backend.zig:303)
==3813177==    by 0x122A49F: aead.Context.init (aead.zig:138)
==3813177==    by 0x122A253: RecordLayer.init (RecordLayer.zig:79)
==3813177==    by 0x12132E3: hkdf.Hkdf(crypto.hmac.Hmac(crypto.sha2.Sha2x32(.{ 1779033703, 3144134277, 1013904242, 2773480762, 1359893119, 2600822924, 528734635, 1541459225 },256))).makeRecordLayer (hkdf.zig:237)
==3813177==    by 0x128CB37: suite_state.HashArm(hkdf.Hkdf(crypto.hmac.Hmac(crypto.sha2.Sha2x32(.{ 1779033703, 3144134277, 1013904242, 2773480762, 1359893119, 2600822924, 528734635, 1541459225 },256))),crypto.sha2.Sha2x32(.{ 1779033703, 3144134277, 1013904242, 2773480762, 1359893119, 2600822924, 528734635, 1541459225 },256)).ratchetServerKey (suite_state.zig:75)
==3813177==    by 0x126A6DF: ClientHandshake.Suite.ratchetServerKey (ClientHandshake.zig:476)
==3813177==    by 0x14C53DB: ClientHandshake.test.handleRecord: malformed NewSessionTicket is rejected (ClientHandshake.zig:4355)
==3813177==    by 0x13D7EB7: test_runner.main (test_runner.zig:278)
==3813177== 
==3813177== 1,152 (192 direct, 960 indirect) bytes in 1 blocks are definitely lost in loss record 284 of 578
==3813177==    at 0x4885E30: malloc (in /nix/store/HASH-valgrind-3.27.1/libexec/valgrind/vgpreload_memcheck-arm64-linux.so)
==3813177==    by 0x4B1FDE7: CRYPTO_malloc (in /nix/store/HASH-openssl-3.6.4/lib/libcrypto.so.3)
==3813177==    by 0x4B20053: CRYPTO_zalloc (in /nix/store/HASH-openssl-3.6.4/lib/libcrypto.so.3)
==3813177==    by 0x4ADC9DB: EVP_CIPHER_CTX_new (in /nix/store/HASH-openssl-3.6.4/lib/libcrypto.so.3)
==3813177==    by 0x123DA6F: crypto.backend_openssl.aeadInit (backend_openssl.zig:541)
==3813177==    by 0x122A49F: init (backend.zig:303)
==3813177==    by 0x122A49F: aead.Context.init (aead.zig:138)
==3813177==    by 0x122A253: RecordLayer.init (RecordLayer.zig:79)
==3813177==    by 0x12132E3: hkdf.Hkdf(crypto.hmac.Hmac(crypto.sha2.Sha2x32(.{ 1779033703, 3144134277, 1013904242, 2773480762, 1359893119, 2600822924, 528734635, 1541459225 },256))).makeRecordLayer (hkdf.zig:237)
==3813177==    by 0x128CB37: suite_state.HashArm(hkdf.Hkdf(crypto.hmac.Hmac(crypto.sha2.Sha2x32(.{ 1779033703, 3144134277, 1013904242, 2773480762, 1359893119, 2600822924, 528734635, 1541459225 },256))),crypto.sha2.Sha2x32(.{ 1779033703, 3144134277, 1013904242, 2773480762, 1359893119, 2600822924, 528734635, 1541459225 },256)).ratchetServerKey (suite_state.zig:75)
==3813177==    by 0x126A6DF: ClientHandshake.Suite.ratchetServerKey (ClientHandshake.zig:476)
==3813177==    by 0x14C53DB: ClientHandshake.test.handleRecord: malformed NewSessionTicket is rejected (ClientHandshake.zig:4355)
==3813177==    by 0x13D7EB7: test_runner.main (test_runner.zig:278)
==3813177== 
==3813177== 1,152 (192 direct, 960 indirect) bytes in 1 blocks are definitely lost in loss record 285 of 578
==3813177==    at 0x4885E30: malloc (in /nix/store/HASH-valgrind-3.27.1/libexec/valgrind/vgpreload_memcheck-arm64-linux.so)
==3813177==    by 0x4B1FDE7: CRYPTO_malloc (in /nix/store/HASH-openssl-3.6.4/lib/libcrypto.so.3)
==3813177==    by 0x4B20053: CRYPTO_zalloc (in /nix/store/HASH-openssl-3.6.4/lib/libcrypto.so.3)
==3813177==    by 0x4ADC9DB: EVP_CIPHER_CTX_new (in /nix/store/HASH-openssl-3.6.4/lib/libcrypto.so.3)
==3813177==    by 0x123DA17: crypto.backend_openssl.aeadInit (backend_openssl.zig:539)
==3813177==    by 0x122A49F: init (backend.zig:303)
==3813177==    by 0x122A49F: aead.Context.init (aead.zig:138)
==3813177==    by 0x122A253: RecordLayer.init (RecordLayer.zig:79)
==3813177==    by 0x12132E3: hkdf.Hkdf(crypto.hmac.Hmac(crypto.sha2.Sha2x32(.{ 1779033703, 3144134277, 1013904242, 2773480762, 1359893119, 2600822924, 528734635, 1541459225 },256))).makeRecordLayer (hkdf.zig:237)
==3813177==    by 0x1222A67: ClientHandshake.Suite.finishHandshake (ClientHandshake.zig:448)
==3813177==    by 0x1221D0F: ClientHandshake.clientFinished (ClientHandshake.zig:2000)
==3813177==    by 0x14B09AB: ClientHandshake.connectedTestClient (ClientHandshake.zig:3435)
==3813177==    by 0x14C57AF: ClientHandshake.test.handleRecord: KeyUpdate flood is rejected (ClientHandshake.zig:4369)
==3813177== 
==3813177== 1,152 (192 direct, 960 indirect) bytes in 1 blocks are definitely lost in loss record 286 of 578
==3813177==    at 0x4885E30: malloc (in /nix/store/HASH-valgrind-3.27.1/libexec/valgrind/vgpreload_memcheck-arm64-linux.so)
==3813177==    by 0x4B1FDE7: CRYPTO_malloc (in /nix/store/HASH-openssl-3.6.4/lib/libcrypto.so.3)
==3813177==    by 0x4B20053: CRYPTO_zalloc (in /nix/store/HASH-openssl-3.6.4/lib/libcrypto.so.3)
==3813177==    by 0x4ADC9DB: EVP_CIPHER_CTX_new (in /nix/store/HASH-openssl-3.6.4/lib/libcrypto.so.3)
==3813177==    by 0x123DA6F: crypto.backend_openssl.aeadInit (backend_openssl.zig:541)
==3813177==    by 0x122A49F: init (backend.zig:303)
==3813177==    by 0x122A49F: aead.Context.init (aead.zig:138)
==3813177==    by 0x122A253: RecordLayer.init (RecordLayer.zig:79)
==3813177==    by 0x12132E3: hkdf.Hkdf(crypto.hmac.Hmac(crypto.sha2.Sha2x32(.{ 1779033703, 3144134277, 1013904242, 2773480762, 1359893119, 2600822924, 528734635, 1541459225 },256))).makeRecordLayer (hkdf.zig:237)
==3813177==    by 0x1222A67: ClientHandshake.Suite.finishHandshake (ClientHandshake.zig:448)
==3813177==    by 0x1221D0F: ClientHandshake.clientFinished (ClientHandshake.zig:2000)
==3813177==    by 0x14B09AB: ClientHandshake.connectedTestClient (ClientHandshake.zig:3435)
==3813177==    by 0x14C57AF: ClientHandshake.test.handleRecord: KeyUpdate flood is rejected (ClientHandshake.zig:4369)
==3813177== 
==3813177== 1,152 (192 direct, 960 indirect) bytes in 1 blocks are definitely lost in loss record 287 of 578
==3813177==    at 0x4885E30: malloc (in /nix/store/HASH-valgrind-3.27.1/libexec/valgrind/vgpreload_memcheck-arm64-linux.so)
==3813177==    by 0x4B1FDE7: CRYPTO_malloc (in /nix/store/HASH-openssl-3.6.4/lib/libcrypto.so.3)
==3813177==    by 0x4B20053: CRYPTO_zalloc (in /nix/store/HASH-openssl-3.6.4/lib/libcrypto.so.3)
==3813177==    by 0x4ADC9DB: EVP_CIPHER_CTX_new (in /nix/store/HASH-openssl-3.6.4/lib/libcrypto.so.3)
==3813177==    by 0x123DA17: crypto.backend_openssl.aeadInit (backend_openssl.zig:539)
==3813177==    by 0x122A49F: init (backend.zig:303)
==3813177==    by 0x122A49F: aead.Context.init (aead.zig:138)
==3813177==    by 0x122A253: RecordLayer.init (RecordLayer.zig:79)
==3813177==    by 0x12132E3: hkdf.Hkdf(crypto.hmac.Hmac(crypto.sha2.Sha2x32(.{ 1779033703, 3144134277, 1013904242, 2773480762, 1359893119, 2600822924, 528734635, 1541459225 },256))).makeRecordLayer (hkdf.zig:237)
==3813177==    by 0x1222A67: ClientHandshake.Suite.finishHandshake (ClientHandshake.zig:448)
==3813177==    by 0x1221D0F: ClientHandshake.clientFinished (ClientHandshake.zig:2000)
==3813177==    by 0x14B09AB: ClientHandshake.connectedTestClient (ClientHandshake.zig:3435)
==3813177==    by 0x14C5F4F: ClientHandshake.test.handleRecord: empty application data does not reset flood counters (ClientHandshake.zig:4396)
==3813177== 
==3813177== 1,152 (192 direct, 960 indirect) bytes in 1 blocks are definitely lost in loss record 288 of 578
==3813177==    at 0x4885E30: malloc (in /nix/store/HASH-valgrind-3.27.1/libexec/valgrind/vgpreload_memcheck-arm64-linux.so)
==3813177==    by 0x4B1FDE7: CRYPTO_malloc (in /nix/store/HASH-openssl-3.6.4/lib/libcrypto.so.3)
==3813177==    by 0x4B20053: CRYPTO_zalloc (in /nix/store/HASH-openssl-3.6.4/lib/libcrypto.so.3)
==3813177==    by 0x4ADC9DB: EVP_CIPHER_CTX_new (in /nix/store/HASH-openssl-3.6.4/lib/libcrypto.so.3)
==3813177==    by 0x123DA6F: crypto.backend_openssl.aeadInit (backend_openssl.zig:541)
==3813177==    by 0x122A49F: init (backend.zig:303)
==3813177==    by 0x122A49F: aead.Context.init (aead.zig:138)
==3813177==    by 0x122A253: RecordLayer.init (RecordLayer.zig:79)
==3813177==    by 0x12132E3: hkdf.Hkdf(crypto.hmac.Hmac(crypto.sha2.Sha2x32(.{ 1779033703, 3144134277, 1013904242, 2773480762, 1359893119, 2600822924, 528734635, 1541459225 },256))).makeRecordLayer (hkdf.zig:237)
==3813177==    by 0x1222A67: ClientHandshake.Suite.finishHandshake (ClientHandshake.zig:448)
==3813177==    by 0x1221D0F: ClientHandshake.clientFinished (ClientHandshake.zig:2000)
==3813177==    by 0x14B09AB: ClientHandshake.connectedTestClient (ClientHandshake.zig:3435)
==3813177==    by 0x14C5F4F: ClientHandshake.test.handleRecord: empty application data does not reset flood counters (ClientHandshake.zig:4396)
==3813177== 
==3813177== 1,152 (192 direct, 960 indirect) bytes in 1 blocks are definitely lost in loss record 289 of 578
==3813177==    at 0x4885E30: malloc (in /nix/store/HASH-valgrind-3.27.1/libexec/valgrind/vgpreload_memcheck-arm64-linux.so)
==3813177==    by 0x4B1FDE7: CRYPTO_malloc (in /nix/store/HASH-openssl-3.6.4/lib/libcrypto.so.3)
==3813177==    by 0x4B20053: CRYPTO_zalloc (in /nix/store/HASH-openssl-3.6.4/lib/libcrypto.so.3)
==3813177==    by 0x4ADC9DB: EVP_CIPHER_CTX_new (in /nix/store/HASH-openssl-3.6.4/lib/libcrypto.so.3)
==3813177==    by 0x123DA17: crypto.backend_openssl.aeadInit (backend_openssl.zig:539)
==3813177==    by 0x122A49F: init (backend.zig:303)
==3813177==    by 0x122A49F: aead.Context.init (aead.zig:138)
==3813177==    by 0x122A253: RecordLayer.init (RecordLayer.zig:79)
==3813177==    by 0x12132E3: hkdf.Hkdf(crypto.hmac.Hmac(crypto.sha2.Sha2x32(.{ 1779033703, 3144134277, 1013904242, 2773480762, 1359893119, 2600822924, 528734635, 1541459225 },256))).makeRecordLayer (hkdf.zig:237)
==3813177==    by 0x1222ADB: ClientHandshake.Suite.finishHandshake (ClientHandshake.zig:450)
==3813177==    by 0x1221D0F: ClientHandshake.clientFinished (ClientHandshake.zig:2000)
==3813177==    by 0x14B09AB: ClientHandshake.connectedTestClient (ClientHandshake.zig:3435)
==3813177==    by 0x14C5F4F: ClientHandshake.test.handleRecord: empty application data does not reset flood counters (ClientHandshake.zig:4396)
==3813177== 
==3813177== 1,152 (192 direct, 960 indirect) bytes in 1 blocks are definitely lost in loss record 290 of 578
==3813177==    at 0x4885E30: malloc (in /nix/store/HASH-valgrind-3.27.1/libexec/valgrind/vgpreload_memcheck-arm64-linux.so)
==3813177==    by 0x4B1FDE7: CRYPTO_malloc (in /nix/store/HASH-openssl-3.6.4/lib/libcrypto.so.3)
==3813177==    by 0x4B20053: CRYPTO_zalloc (in /nix/store/HASH-openssl-3.6.4/lib/libcrypto.so.3)
==3813177==    by 0x4ADC9DB: EVP_CIPHER_CTX_new (in /nix/store/HASH-openssl-3.6.4/lib/libcrypto.so.3)
==3813177==    by 0x123DA6F: crypto.backend_openssl.aeadInit (backend_openssl.zig:541)
==3813177==    by 0x122A49F: init (backend.zig:303)
==3813177==    by 0x122A49F: aead.Context.init (aead.zig:138)
==3813177==    by 0x122A253: RecordLayer.init (RecordLayer.zig:79)
==3813177==    by 0x12132E3: hkdf.Hkdf(crypto.hmac.Hmac(crypto.sha2.Sha2x32(.{ 1779033703, 3144134277, 1013904242, 2773480762, 1359893119, 2600822924, 528734635, 1541459225 },256))).makeRecordLayer (hkdf.zig:237)
==3813177==    by 0x1222ADB: ClientHandshake.Suite.finishHandshake (ClientHandshake.zig:450)
==3813177==    by 0x1221D0F: ClientHandshake.clientFinished (ClientHandshake.zig:2000)
==3813177==    by 0x14B09AB: ClientHandshake.connectedTestClient (ClientHandshake.zig:3435)
==3813177==    by 0x14C5F4F: ClientHandshake.test.handleRecord: empty application data does not reset flood counters (ClientHandshake.zig:4396)
==3813177== 
==3813177== 1,152 (192 direct, 960 indirect) bytes in 1 blocks are definitely lost in loss record 291 of 578
==3813177==    at 0x4885E30: malloc (in /nix/store/HASH-valgrind-3.27.1/libexec/valgrind/vgpreload_memcheck-arm64-linux.so)
==3813177==    by 0x4B1FDE7: CRYPTO_malloc (in /nix/store/HASH-openssl-3.6.4/lib/libcrypto.so.3)
==3813177==    by 0x4B20053: CRYPTO_zalloc (in /nix/store/HASH-openssl-3.6.4/lib/libcrypto.so.3)
==3813177==    by 0x4ADC9DB: EVP_CIPHER_CTX_new (in /nix/store/HASH-openssl-3.6.4/lib/libcrypto.so.3)
==3813177==    by 0x123DA17: crypto.backend_openssl.aeadInit (backend_openssl.zig:539)
==3813177==    by 0x122A49F: init (backend.zig:303)
==3813177==    by 0x122A49F: aead.Context.init (aead.zig:138)
==3813177==    by 0x122A253: RecordLayer.init (RecordLayer.zig:79)
==3813177==    by 0x12132E3: hkdf.Hkdf(crypto.hmac.Hmac(crypto.sha2.Sha2x32(.{ 1779033703, 3144134277, 1013904242, 2773480762, 1359893119, 2600822924, 528734635, 1541459225 },256))).makeRecordLayer (hkdf.zig:237)
==3813177==    by 0x1222A67: ClientHandshake.Suite.finishHandshake (ClientHandshake.zig:448)
==3813177==    by 0x1221D0F: ClientHandshake.clientFinished (ClientHandshake.zig:2000)
==3813177==    by 0x14B09AB: ClientHandshake.connectedTestClient (ClientHandshake.zig:3435)
==3813177==    by 0x14C664F: ClientHandshake.test.handleRecord: KeyUpdate flood cap fires despite empty app-data interleaving (ClientHandshake.zig:4417)
==3813177== 
==3813177== 1,152 (192 direct, 960 indirect) bytes in 1 blocks are definitely lost in loss record 292 of 578
==3813177==    at 0x4885E30: malloc (in /nix/store/HASH-valgrind-3.27.1/libexec/valgrind/vgpreload_memcheck-arm64-linux.so)
==3813177==    by 0x4B1FDE7: CRYPTO_malloc (in /nix/store/HASH-openssl-3.6.4/lib/libcrypto.so.3)
==3813177==    by 0x4B20053: CRYPTO_zalloc (in /nix/store/HASH-openssl-3.6.4/lib/libcrypto.so.3)
==3813177==    by 0x4ADC9DB: EVP_CIPHER_CTX_new (in /nix/store/HASH-openssl-3.6.4/lib/libcrypto.so.3)
==3813177==    by 0x123DA6F: crypto.backend_openssl.aeadInit (backend_openssl.zig:541)
==3813177==    by 0x122A49F: init (backend.zig:303)
==3813177==    by 0x122A49F: aead.Context.init (aead.zig:138)
==3813177==    by 0x122A253: RecordLayer.init (RecordLayer.zig:79)
==3813177==    by 0x12132E3: hkdf.Hkdf(crypto.hmac.Hmac(crypto.sha2.Sha2x32(.{ 1779033703, 3144134277, 1013904242, 2773480762, 1359893119, 2600822924, 528734635, 1541459225 },256))).makeRecordLayer (hkdf.zig:237)
==3813177==    by 0x1222A67: ClientHandshake.Suite.finishHandshake (ClientHandshake.zig:448)
==3813177==    by 0x1221D0F: ClientHandshake.clientFinished (ClientHandshake.zig:2000)
==3813177==    by 0x14B09AB: ClientHandshake.connectedTestClient (ClientHandshake.zig:3435)
==3813177==    by 0x14C664F: ClientHandshake.test.handleRecord: KeyUpdate flood cap fires despite empty app-data interleaving (ClientHandshake.zig:4417)
==3813177== 
==3813177== 1,152 (192 direct, 960 indirect) bytes in 1 blocks are definitely lost in loss record 293 of 578
==3813177==    at 0x4885E30: malloc (in /nix/store/HASH-valgrind-3.27.1/libexec/valgrind/vgpreload_memcheck-arm64-linux.so)
==3813177==    by 0x4B1FDE7: CRYPTO_malloc (in /nix/store/HASH-openssl-3.6.4/lib/libcrypto.so.3)
==3813177==    by 0x4B20053: CRYPTO_zalloc (in /nix/store/HASH-openssl-3.6.4/lib/libcrypto.so.3)
==3813177==    by 0x4ADC9DB: EVP_CIPHER_CTX_new (in /nix/store/HASH-openssl-3.6.4/lib/libcrypto.so.3)
==3813177==    by 0x123DA17: crypto.backend_openssl.aeadInit (backend_openssl.zig:539)
==3813177==    by 0x122A49F: init (backend.zig:303)
==3813177==    by 0x122A49F: aead.Context.init (aead.zig:138)
==3813177==    by 0x122A253: RecordLayer.init (RecordLayer.zig:79)
==3813177==    by 0x12132E3: hkdf.Hkdf(crypto.hmac.Hmac(crypto.sha2.Sha2x32(.{ 1779033703, 3144134277, 1013904242, 2773480762, 1359893119, 2600822924, 528734635, 1541459225 },256))).makeRecordLayer (hkdf.zig:237)
==3813177==    by 0x1222A67: ClientHandshake.Suite.finishHandshake (ClientHandshake.zig:448)
==3813177==    by 0x1221D0F: ClientHandshake.clientFinished (ClientHandshake.zig:2000)
==3813177==    by 0x14B09AB: ClientHandshake.connectedTestClient (ClientHandshake.zig:3435)
==3813177==    by 0x14C808F: ClientHandshake.test.handleRecord: unacknowledged write blocks further calls (ClientHandshake.zig:4510)
==3813177== 
==3813177== 1,152 (192 direct, 960 indirect) bytes in 1 blocks are definitely lost in loss record 294 of 578
==3813177==    at 0x4885E30: malloc (in /nix/store/HASH-valgrind-3.27.1/libexec/valgrind/vgpreload_memcheck-arm64-linux.so)
==3813177==    by 0x4B1FDE7: CRYPTO_malloc (in /nix/store/HASH-openssl-3.6.4/lib/libcrypto.so.3)
==3813177==    by 0x4B20053: CRYPTO_zalloc (in /nix/store/HASH-openssl-3.6.4/lib/libcrypto.so.3)
==3813177==    by 0x4ADC9DB: EVP_CIPHER_CTX_new (in /nix/store/HASH-openssl-3.6.4/lib/libcrypto.so.3)
==3813177==    by 0x123DA6F: crypto.backend_openssl.aeadInit (backend_openssl.zig:541)
==3813177==    by 0x122A49F: init (backend.zig:303)
==3813177==    by 0x122A49F: aead.Context.init (aead.zig:138)
==3813177==    by 0x122A253: RecordLayer.init (RecordLayer.zig:79)
==3813177==    by 0x12132E3: hkdf.Hkdf(crypto.hmac.Hmac(crypto.sha2.Sha2x32(.{ 1779033703, 3144134277, 1013904242, 2773480762, 1359893119, 2600822924, 528734635, 1541459225 },256))).makeRecordLayer (hkdf.zig:237)
==3813177==    by 0x1222A67: ClientHandshake.Suite.finishHandshake (ClientHandshake.zig:448)
==3813177==    by 0x1221D0F: ClientHandshake.clientFinished (ClientHandshake.zig:2000)
==3813177==    by 0x14B09AB: ClientHandshake.connectedTestClient (ClientHandshake.zig:3435)
==3813177==    by 0x14C808F: ClientHandshake.test.handleRecord: unacknowledged write blocks further calls (ClientHandshake.zig:4510)
==3813177== 
==3813177== 1,152 (192 direct, 960 indirect) bytes in 1 blocks are definitely lost in loss record 295 of 578
==3813177==    at 0x4885E30: malloc (in /nix/store/HASH-valgrind-3.27.1/libexec/valgrind/vgpreload_memcheck-arm64-linux.so)
==3813177==    by 0x4B1FDE7: CRYPTO_malloc (in /nix/store/HASH-openssl-3.6.4/lib/libcrypto.so.3)
==3813177==    by 0x4B20053: CRYPTO_zalloc (in /nix/store/HASH-openssl-3.6.4/lib/libcrypto.so.3)
==3813177==    by 0x4ADC9DB: EVP_CIPHER_CTX_new (in /nix/store/HASH-openssl-3.6.4/lib/libcrypto.so.3)
==3813177==    by 0x123DA17: crypto.backend_openssl.aeadInit (backend_openssl.zig:539)
==3813177==    by 0x122A49F: init (backend.zig:303)
==3813177==    by 0x122A49F: aead.Context.init (aead.zig:138)
==3813177==    by 0x122A253: RecordLayer.init (RecordLayer.zig:79)
==3813177==    by 0x12132E3: hkdf.Hkdf(crypto.hmac.Hmac(crypto.sha2.Sha2x32(.{ 1779033703, 3144134277, 1013904242, 2773480762, 1359893119, 2600822924, 528734635, 1541459225 },256))).makeRecordLayer (hkdf.zig:237)
==3813177==    by 0x1222ADB: ClientHandshake.Suite.finishHandshake (ClientHandshake.zig:450)
==3813177==    by 0x1221D0F: ClientHandshake.clientFinished (ClientHandshake.zig:2000)
==3813177==    by 0x14B09AB: ClientHandshake.connectedTestClient (ClientHandshake.zig:3435)
==3813177==    by 0x14C808F: ClientHandshake.test.handleRecord: unacknowledged write blocks further calls (ClientHandshake.zig:4510)
==3813177== 
==3813177== 1,152 (192 direct, 960 indirect) bytes in 1 blocks are definitely lost in loss record 296 of 578
==3813177==    at 0x4885E30: malloc (in /nix/store/HASH-valgrind-3.27.1/libexec/valgrind/vgpreload_memcheck-arm64-linux.so)
==3813177==    by 0x4B1FDE7: CRYPTO_malloc (in /nix/store/HASH-openssl-3.6.4/lib/libcrypto.so.3)
==3813177==    by 0x4B20053: CRYPTO_zalloc (in /nix/store/HASH-openssl-3.6.4/lib/libcrypto.so.3)
==3813177==    by 0x4ADC9DB: EVP_CIPHER_CTX_new (in /nix/store/HASH-openssl-3.6.4/lib/libcrypto.so.3)
==3813177==    by 0x123DA6F: crypto.backend_openssl.aeadInit (backend_openssl.zig:541)
==3813177==    by 0x122A49F: init (backend.zig:303)
==3813177==    by 0x122A49F: aead.Context.init (aead.zig:138)
==3813177==    by 0x122A253: RecordLayer.init (RecordLayer.zig:79)
==3813177==    by 0x12132E3: hkdf.Hkdf(crypto.hmac.Hmac(crypto.sha2.Sha2x32(.{ 1779033703, 3144134277, 1013904242, 2773480762, 1359893119, 2600822924, 528734635, 1541459225 },256))).makeRecordLayer (hkdf.zig:237)
==3813177==    by 0x1222ADB: ClientHandshake.Suite.finishHandshake (ClientHandshake.zig:450)
==3813177==    by 0x1221D0F: ClientHandshake.clientFinished (ClientHandshake.zig:2000)
==3813177==    by 0x14B09AB: ClientHandshake.connectedTestClient (ClientHandshake.zig:3435)
==3813177==    by 0x14C808F: ClientHandshake.test.handleRecord: unacknowledged write blocks further calls (ClientHandshake.zig:4510)
==3813177== 
==3813177== 1,152 (192 direct, 960 indirect) bytes in 1 blocks are definitely lost in loss record 297 of 578
==3813177==    at 0x4885E30: malloc (in /nix/store/HASH-valgrind-3.27.1/libexec/valgrind/vgpreload_memcheck-arm64-linux.so)
==3813177==    by 0x4B1FDE7: CRYPTO_malloc (in /nix/store/HASH-openssl-3.6.4/lib/libcrypto.so.3)
==3813177==    by 0x4B20053: CRYPTO_zalloc (in /nix/store/HASH-openssl-3.6.4/lib/libcrypto.so.3)
==3813177==    by 0x4ADC9DB: EVP_CIPHER_CTX_new (in /nix/store/HASH-openssl-3.6.4/lib/libcrypto.so.3)
==3813177==    by 0x123DA17: crypto.backend_openssl.aeadInit (backend_openssl.zig:539)
==3813177==    by 0x122A49F: init (backend.zig:303)
==3813177==    by 0x122A49F: aead.Context.init (aead.zig:138)
==3813177==    by 0x122A253: RecordLayer.init (RecordLayer.zig:79)
==3813177==    by 0x12132E3: hkdf.Hkdf(crypto.hmac.Hmac(crypto.sha2.Sha2x32(.{ 1779033703, 3144134277, 1013904242, 2773480762, 1359893119, 2600822924, 528734635, 1541459225 },256))).makeRecordLayer (hkdf.zig:237)
==3813177==    by 0x121028F: ClientHandshake.startWithPsk (ClientHandshake.zig:945)
==3813177==    by 0x14C853B: ClientHandshake.test.sendEarlyData: unacknowledged write blocks further early data (ClientHandshake.zig:4532)
==3813177==    by 0x13D7EB7: test_runner.main (test_runner.zig:278)
==3813177==    by 0x13D9A2F: callMain (start.zig:627)
==3813177==    by 0x13D9A2F: callMainWithArgs (start.zig:587)
==3813177==    by 0x13D9A2F: main (start.zig:602)
==3813177== 
==3813177== 1,152 (192 direct, 960 indirect) bytes in 1 blocks are definitely lost in loss record 298 of 578
==3813177==    at 0x4885E30: malloc (in /nix/store/HASH-valgrind-3.27.1/libexec/valgrind/vgpreload_memcheck-arm64-linux.so)
==3813177==    by 0x4B1FDE7: CRYPTO_malloc (in /nix/store/HASH-openssl-3.6.4/lib/libcrypto.so.3)
==3813177==    by 0x4B20053: CRYPTO_zalloc (in /nix/store/HASH-openssl-3.6.4/lib/libcrypto.so.3)
==3813177==    by 0x4ADC9DB: EVP_CIPHER_CTX_new (in /nix/store/HASH-openssl-3.6.4/lib/libcrypto.so.3)
==3813177==    by 0x123DA6F: crypto.backend_openssl.aeadInit (backend_openssl.zig:541)
==3813177==    by 0x122A49F: init (backend.zig:303)
==3813177==    by 0x122A49F: aead.Context.init (aead.zig:138)
==3813177==    by 0x122A253: RecordLayer.init (RecordLayer.zig:79)
==3813177==    by 0x12132E3: hkdf.Hkdf(crypto.hmac.Hmac(crypto.sha2.Sha2x32(.{ 1779033703, 3144134277, 1013904242, 2773480762, 1359893119, 2600822924, 528734635, 1541459225 },256))).makeRecordLayer (hkdf.zig:237)
==3813177==    by 0x121028F: ClientHandshake.startWithPsk (ClientHandshake.zig:945)
==3813177==    by 0x14C853B: ClientHandshake.test.sendEarlyData: unacknowledged write blocks further early data (ClientHandshake.zig:4532)
==3813177==    by 0x13D7EB7: test_runner.main (test_runner.zig:278)
==3813177==    by 0x13D9A2F: callMain (start.zig:627)
==3813177==    by 0x13D9A2F: callMainWithArgs (start.zig:587)
==3813177==    by 0x13D9A2F: main (start.zig:602)
==3813177== 
==3813177== 1,152 (192 direct, 960 indirect) bytes in 1 blocks are definitely lost in loss record 299 of 578
==3813177==    at 0x4885E30: malloc (in /nix/store/HASH-valgrind-3.27.1/libexec/valgrind/vgpreload_memcheck-arm64-linux.so)
==3813177==    by 0x4B1FDE7: CRYPTO_malloc (in /nix/store/HASH-openssl-3.6.4/lib/libcrypto.so.3)
==3813177==    by 0x4B20053: CRYPTO_zalloc (in /nix/store/HASH-openssl-3.6.4/lib/libcrypto.so.3)
==3813177==    by 0x4ADC9DB: EVP_CIPHER_CTX_new (in /nix/store/HASH-openssl-3.6.4/lib/libcrypto.so.3)
==3813177==    by 0x123DA17: crypto.backend_openssl.aeadInit (backend_openssl.zig:539)
==3813177==    by 0x122A49F: init (backend.zig:303)
==3813177==    by 0x122A49F: aead.Context.init (aead.zig:138)
==3813177==    by 0x122A253: RecordLayer.init (RecordLayer.zig:79)
==3813177==    by 0x12132E3: hkdf.Hkdf(crypto.hmac.Hmac(crypto.sha2.Sha2x32(.{ 1779033703, 3144134277, 1013904242, 2773480762, 1359893119, 2600822924, 528734635, 1541459225 },256))).makeRecordLayer (hkdf.zig:237)
==3813177==    by 0x121F7A7: ClientHandshake.Suite.deriveHandshakeKeys (ClientHandshake.zig:511)
==3813177==    by 0x121C18F: ClientHandshake.processServerHello (ClientHandshake.zig:1618)
==3813177==    by 0x14D291F: ClientHandshake.test.processServerHello: post-HRR accepts matching ServerHello (ClientHandshake.zig:5171)
==3813177==    by 0x13D7EB7: test_runner.main (test_runner.zig:278)
==3813177== 
==3813177== 1,152 (192 direct, 960 indirect) bytes in 1 blocks are definitely lost in loss record 300 of 578
==3813177==    at 0x4885E30: malloc (in /nix/store/HASH-valgrind-3.27.1/libexec/valgrind/vgpreload_memcheck-arm64-linux.so)
==3813177==    by 0x4B1FDE7: CRYPTO_malloc (in /nix/store/HASH-openssl-3.6.4/lib/libcrypto.so.3)
==3813177==    by 0x4B20053: CRYPTO_zalloc (in /nix/store/HASH-openssl-3.6.4/lib/libcrypto.so.3)
==3813177==    by 0x4ADC9DB: EVP_CIPHER_CTX_new (in /nix/store/HASH-openssl-3.6.4/lib/libcrypto.so.3)
==3813177==    by 0x123DA6F: crypto.backend_openssl.aeadInit (backend_openssl.zig:541)
==3813177==    by 0x122A49F: init (backend.zig:303)
==3813177==    by 0x122A49F: aead.Context.init (aead.zig:138)
==3813177==    by 0x122A253: RecordLayer.init (RecordLayer.zig:79)
==3813177==    by 0x12132E3: hkdf.Hkdf(crypto.hmac.Hmac(crypto.sha2.Sha2x32(.{ 1779033703, 3144134277, 1013904242, 2773480762, 1359893119, 2600822924, 528734635, 1541459225 },256))).makeRecordLayer (hkdf.zig:237)
==3813177==    by 0x121F7A7: ClientHandshake.Suite.deriveHandshakeKeys (ClientHandshake.zig:511)
==3813177==    by 0x121C18F: ClientHandshake.processServerHello (ClientHandshake.zig:1618)
==3813177==    by 0x14D291F: ClientHandshake.test.processServerHello: post-HRR accepts matching ServerHello (ClientHandshake.zig:5171)
==3813177==    by 0x13D7EB7: test_runner.main (test_runner.zig:278)
==3813177== 
==3813177== 1,152 (192 direct, 960 indirect) bytes in 1 blocks are definitely lost in loss record 301 of 578
==3813177==    at 0x4885E30: malloc (in /nix/store/HASH-valgrind-3.27.1/libexec/valgrind/vgpreload_memcheck-arm64-linux.so)
==3813177==    by 0x4B1FDE7: CRYPTO_malloc (in /nix/store/HASH-openssl-3.6.4/lib/libcrypto.so.3)
==3813177==    by 0x4B20053: CRYPTO_zalloc (in /nix/store/HASH-openssl-3.6.4/lib/libcrypto.so.3)
==3813177==    by 0x4ADC9DB: EVP_CIPHER_CTX_new (in /nix/store/HASH-openssl-3.6.4/lib/libcrypto.so.3)
==3813177==    by 0x123DA17: crypto.backend_openssl.aeadInit (backend_openssl.zig:539)
==3813177==    by 0x122A49F: init (backend.zig:303)
==3813177==    by 0x122A49F: aead.Context.init (aead.zig:138)
==3813177==    by 0x122A253: RecordLayer.init (RecordLayer.zig:79)
==3813177==    by 0x12132E3: hkdf.Hkdf(crypto.hmac.Hmac(crypto.sha2.Sha2x32(.{ 1779033703, 3144134277, 1013904242, 2773480762, 1359893119, 2600822924, 528734635, 1541459225 },256))).makeRecordLayer (hkdf.zig:237)
==3813177==    by 0x121F843: ClientHandshake.Suite.deriveHandshakeKeys (ClientHandshake.zig:513)
==3813177==    by 0x121C18F: ClientHandshake.processServerHello (ClientHandshake.zig:1618)
==3813177==    by 0x14D291F: ClientHandshake.test.processServerHello: post-HRR accepts matching ServerHello (ClientHandshake.zig:5171)
==3813177==    by 0x13D7EB7: test_runner.main (test_runner.zig:278)
==3813177== 
==3813177== 1,152 (192 direct, 960 indirect) bytes in 1 blocks are definitely lost in loss record 302 of 578
==3813177==    at 0x4885E30: malloc (in /nix/store/HASH-valgrind-3.27.1/libexec/valgrind/vgpreload_memcheck-arm64-linux.so)
==3813177==    by 0x4B1FDE7: CRYPTO_malloc (in /nix/store/HASH-openssl-3.6.4/lib/libcrypto.so.3)
==3813177==    by 0x4B20053: CRYPTO_zalloc (in /nix/store/HASH-openssl-3.6.4/lib/libcrypto.so.3)
==3813177==    by 0x4ADC9DB: EVP_CIPHER_CTX_new (in /nix/store/HASH-openssl-3.6.4/lib/libcrypto.so.3)
==3813177==    by 0x123DA6F: crypto.backend_openssl.aeadInit (backend_openssl.zig:541)
==3813177==    by 0x122A49F: init (backend.zig:303)
==3813177==    by 0x122A49F: aead.Context.init (aead.zig:138)
==3813177==    by 0x122A253: RecordLayer.init (RecordLayer.zig:79)
==3813177==    by 0x12132E3: hkdf.Hkdf(crypto.hmac.Hmac(crypto.sha2.Sha2x32(.{ 1779033703, 3144134277, 1013904242, 2773480762, 1359893119, 2600822924, 528734635, 1541459225 },256))).makeRecordLayer (hkdf.zig:237)
==3813177==    by 0x121F843: ClientHandshake.Suite.deriveHandshakeKeys (ClientHandshake.zig:513)
==3813177==    by 0x121C18F: ClientHandshake.processServerHello (ClientHandshake.zig:1618)
==3813177==    by 0x14D291F: ClientHandshake.test.processServerHello: post-HRR accepts matching ServerHello (ClientHandshake.zig:5171)
==3813177==    by 0x13D7EB7: test_runner.main (test_runner.zig:278)
==3813177== 
==3813177== 1,152 (192 direct, 960 indirect) bytes in 1 blocks are definitely lost in loss record 303 of 578
==3813177==    at 0x4885E30: malloc (in /nix/store/HASH-valgrind-3.27.1/libexec/valgrind/vgpreload_memcheck-arm64-linux.so)
==3813177==    by 0x4B1FDE7: CRYPTO_malloc (in /nix/store/HASH-openssl-3.6.4/lib/libcrypto.so.3)
==3813177==    by 0x4B20053: CRYPTO_zalloc (in /nix/store/HASH-openssl-3.6.4/lib/libcrypto.so.3)
==3813177==    by 0x4ADC9DB: EVP_CIPHER_CTX_new (in /nix/store/HASH-openssl-3.6.4/lib/libcrypto.so.3)
==3813177==    by 0x123DA17: crypto.backend_openssl.aeadInit (backend_openssl.zig:539)
==3813177==    by 0x122A49F: init (backend.zig:303)
==3813177==    by 0x122A49F: aead.Context.init (aead.zig:138)
==3813177==    by 0x122A253: RecordLayer.init (RecordLayer.zig:79)
==3813177==    by 0x12132E3: hkdf.Hkdf(crypto.hmac.Hmac(crypto.sha2.Sha2x32(.{ 1779033703, 3144134277, 1013904242, 2773480762, 1359893119, 2600822924, 528734635, 1541459225 },256))).makeRecordLayer (hkdf.zig:237)
==3813177==    by 0x1273137: ServerHandshake.installHandshakeKeys (ServerHandshake.zig:1701)
==3813177==    by 0x1232B0B: ServerHandshake.processClientHelloMessage (ServerHandshake.zig:1364)
==3813177==    by 0x122FF83: ServerHandshake.acceptClientHello (ServerHandshake.zig:991)
==3813177==    by 0x152141B: ServerHandshake.test.acceptClientHello: emits ServerHello and installs handshake keys (ServerHandshake.zig:3152)
==3813177== 
==3813177== 1,152 (192 direct, 960 indirect) bytes in 1 blocks are definitely lost in loss record 304 of 578
==3813177==    at 0x4885E30: malloc (in /nix/store/HASH-valgrind-3.27.1/libexec/valgrind/vgpreload_memcheck-arm64-linux.so)
==3813177==    by 0x4B1FDE7: CRYPTO_malloc (in /nix/store/HASH-openssl-3.6.4/lib/libcrypto.so.3)
==3813177==    by 0x4B20053: CRYPTO_zalloc (in /nix/store/HASH-openssl-3.6.4/lib/libcrypto.so.3)
==3813177==    by 0x4ADC9DB: EVP_CIPHER_CTX_new (in /nix/store/HASH-openssl-3.6.4/lib/libcrypto.so.3)
==3813177==    by 0x123DA6F: crypto.backend_openssl.aeadInit (backend_openssl.zig:541)
==3813177==    by 0x122A49F: init (backend.zig:303)
==3813177==    by 0x122A49F: aead.Context.init (aead.zig:138)
==3813177==    by 0x122A253: RecordLayer.init (RecordLayer.zig:79)
==3813177==    by 0x12132E3: hkdf.Hkdf(crypto.hmac.Hmac(crypto.sha2.Sha2x32(.{ 1779033703, 3144134277, 1013904242, 2773480762, 1359893119, 2600822924, 528734635, 1541459225 },256))).makeRecordLayer (hkdf.zig:237)
==3813177==    by 0x1273137: ServerHandshake.installHandshakeKeys (ServerHandshake.zig:1701)
==3813177==    by 0x1232B0B: ServerHandshake.processClientHelloMessage (ServerHandshake.zig:1364)
==3813177==    by 0x122FF83: ServerHandshake.acceptClientHello (ServerHandshake.zig:991)
==3813177==    by 0x152141B: ServerHandshake.test.acceptClientHello: emits ServerHello and installs handshake keys (ServerHandshake.zig:3152)
==3813177== 
==3813177== 1,152 (192 direct, 960 indirect) bytes in 1 blocks are definitely lost in loss record 305 of 578
==3813177==    at 0x4885E30: malloc (in /nix/store/HASH-valgrind-3.27.1/libexec/valgrind/vgpreload_memcheck-arm64-linux.so)
==3813177==    by 0x4B1FDE7: CRYPTO_malloc (in /nix/store/HASH-openssl-3.6.4/lib/libcrypto.so.3)
==3813177==    by 0x4B20053: CRYPTO_zalloc (in /nix/store/HASH-openssl-3.6.4/lib/libcrypto.so.3)
==3813177==    by 0x4ADC9DB: EVP_CIPHER_CTX_new (in /nix/store/HASH-openssl-3.6.4/lib/libcrypto.so.3)
==3813177==    by 0x123DA17: crypto.backend_openssl.aeadInit (backend_openssl.zig:539)
==3813177==    by 0x122A49F: init (backend.zig:303)
==3813177==    by 0x122A49F: aead.Context.init (aead.zig:138)
==3813177==    by 0x122A253: RecordLayer.init (RecordLayer.zig:79)
==3813177==    by 0x12132E3: hkdf.Hkdf(crypto.hmac.Hmac(crypto.sha2.Sha2x32(.{ 1779033703, 3144134277, 1013904242, 2773480762, 1359893119, 2600822924, 528734635, 1541459225 },256))).makeRecordLayer (hkdf.zig:237)
==3813177==    by 0x12731F3: ServerHandshake.installHandshakeKeys (ServerHandshake.zig:1703)
==3813177==    by 0x1232B0B: ServerHandshake.processClientHelloMessage (ServerHandshake.zig:1364)
==3813177==    by 0x122FF83: ServerHandshake.acceptClientHello (ServerHandshake.zig:991)
==3813177==    by 0x152141B: ServerHandshake.test.acceptClientHello: emits ServerHello and installs handshake keys (ServerHandshake.zig:3152)
==3813177== 
==3813177== 1,152 (192 direct, 960 indirect) bytes in 1 blocks are definitely lost in loss record 306 of 578
==3813177==    at 0x4885E30: malloc (in /nix/store/HASH-valgrind-3.27.1/libexec/valgrind/vgpreload_memcheck-arm64-linux.so)
==3813177==    by 0x4B1FDE7: CRYPTO_malloc (in /nix/store/HASH-openssl-3.6.4/lib/libcrypto.so.3)
==3813177==    by 0x4B20053: CRYPTO_zalloc (in /nix/store/HASH-openssl-3.6.4/lib/libcrypto.so.3)
==3813177==    by 0x4ADC9DB: EVP_CIPHER_CTX_new (in /nix/store/HASH-openssl-3.6.4/lib/libcrypto.so.3)
==3813177==    by 0x123DA6F: crypto.backend_openssl.aeadInit (backend_openssl.zig:541)
==3813177==    by 0x122A49F: init (backend.zig:303)
==3813177==    by 0x122A49F: aead.Context.init (aead.zig:138)
==3813177==    by 0x122A253: RecordLayer.init (RecordLayer.zig:79)
==3813177==    by 0x12132E3: hkdf.Hkdf(crypto.hmac.Hmac(crypto.sha2.Sha2x32(.{ 1779033703, 3144134277, 1013904242, 2773480762, 1359893119, 2600822924, 528734635, 1541459225 },256))).makeRecordLayer (hkdf.zig:237)
==3813177==    by 0x12731F3: ServerHandshake.installHandshakeKeys (ServerHandshake.zig:1703)
==3813177==    by 0x1232B0B: ServerHandshake.processClientHelloMessage (ServerHandshake.zig:1364)
==3813177==    by 0x122FF83: ServerHandshake.acceptClientHello (ServerHandshake.zig:991)
==3813177==    by 0x152141B: ServerHandshake.test.acceptClientHello: emits ServerHello and installs handshake keys (ServerHandshake.zig:3152)
==3813177== 
==3813177== 1,152 (192 direct, 960 indirect) bytes in 1 blocks are definitely lost in loss record 307 of 578
==3813177==    at 0x4885E30: malloc (in /nix/store/HASH-valgrind-3.27.1/libexec/valgrind/vgpreload_memcheck-arm64-linux.so)
==3813177==    by 0x4B1FDE7: CRYPTO_malloc (in /nix/store/HASH-openssl-3.6.4/lib/libcrypto.so.3)
==3813177==    by 0x4B20053: CRYPTO_zalloc (in /nix/store/HASH-openssl-3.6.4/lib/libcrypto.so.3)
==3813177==    by 0x4ADC9DB: EVP_CIPHER_CTX_new (in /nix/store/HASH-openssl-3.6.4/lib/libcrypto.so.3)
==3813177==    by 0x123DA17: crypto.backend_openssl.aeadInit (backend_openssl.zig:539)
==3813177==    by 0x122A49F: init (backend.zig:303)
==3813177==    by 0x122A49F: aead.Context.init (aead.zig:138)
==3813177==    by 0x122A253: RecordLayer.init (RecordLayer.zig:79)
==3813177==    by 0x12132E3: hkdf.Hkdf(crypto.hmac.Hmac(crypto.sha2.Sha2x32(.{ 1779033703, 3144134277, 1013904242, 2773480762, 1359893119, 2600822924, 528734635, 1541459225 },256))).makeRecordLayer (hkdf.zig:237)
==3813177==    by 0x121F7A7: ClientHandshake.Suite.deriveHandshakeKeys (ClientHandshake.zig:511)
==3813177==    by 0x121C18F: ClientHandshake.processServerHello (ClientHandshake.zig:1618)
==3813177==    by 0x1521CEF: ServerHandshake.test.acceptClientHello: emits ServerHello and installs handshake keys (ServerHandshake.zig:3170)
==3813177==    by 0x13D7EB7: test_runner.main (test_runner.zig:278)
==3813177== 
==3813177== 1,152 (192 direct, 960 indirect) bytes in 1 blocks are definitely lost in loss record 308 of 578
==3813177==    at 0x4885E30: malloc (in /nix/store/HASH-valgrind-3.27.1/libexec/valgrind/vgpreload_memcheck-arm64-linux.so)
==3813177==    by 0x4B1FDE7: CRYPTO_malloc (in /nix/store/HASH-openssl-3.6.4/lib/libcrypto.so.3)
==3813177==    by 0x4B20053: CRYPTO_zalloc (in /nix/store/HASH-openssl-3.6.4/lib/libcrypto.so.3)
==3813177==    by 0x4ADC9DB: EVP_CIPHER_CTX_new (in /nix/store/HASH-openssl-3.6.4/lib/libcrypto.so.3)
==3813177==    by 0x123DA6F: crypto.backend_openssl.aeadInit (backend_openssl.zig:541)
==3813177==    by 0x122A49F: init (backend.zig:303)
==3813177==    by 0x122A49F: aead.Context.init (aead.zig:138)
==3813177==    by 0x122A253: RecordLayer.init (RecordLayer.zig:79)
==3813177==    by 0x12132E3: hkdf.Hkdf(crypto.hmac.Hmac(crypto.sha2.Sha2x32(.{ 1779033703, 3144134277, 1013904242, 2773480762, 1359893119, 2600822924, 528734635, 1541459225 },256))).makeRecordLayer (hkdf.zig:237)
==3813177==    by 0x121F7A7: ClientHandshake.Suite.deriveHandshakeKeys (ClientHandshake.zig:511)
==3813177==    by 0x121C18F: ClientHandshake.processServerHello (ClientHandshake.zig:1618)
==3813177==    by 0x1521CEF: ServerHandshake.test.acceptClientHello: emits ServerHello and installs handshake keys (ServerHandshake.zig:3170)
==3813177==    by 0x13D7EB7: test_runner.main (test_runner.zig:278)
==3813177== 
==3813177== 1,152 (192 direct, 960 indirect) bytes in 1 blocks are definitely lost in loss record 309 of 578
==3813177==    at 0x4885E30: malloc (in /nix/store/HASH-valgrind-3.27.1/libexec/valgrind/vgpreload_memcheck-arm64-linux.so)
==3813177==    by 0x4B1FDE7: CRYPTO_malloc (in /nix/store/HASH-openssl-3.6.4/lib/libcrypto.so.3)
==3813177==    by 0x4B20053: CRYPTO_zalloc (in /nix/store/HASH-openssl-3.6.4/lib/libcrypto.so.3)
==3813177==    by 0x4ADC9DB: EVP_CIPHER_CTX_new (in /nix/store/HASH-openssl-3.6.4/lib/libcrypto.so.3)
==3813177==    by 0x123DA17: crypto.backend_openssl.aeadInit (backend_openssl.zig:539)
==3813177==    by 0x122A49F: init (backend.zig:303)
==3813177==    by 0x122A49F: aead.Context.init (aead.zig:138)
==3813177==    by 0x122A253: RecordLayer.init (RecordLayer.zig:79)
==3813177==    by 0x12132E3: hkdf.Hkdf(crypto.hmac.Hmac(crypto.sha2.Sha2x32(.{ 1779033703, 3144134277, 1013904242, 2773480762, 1359893119, 2600822924, 528734635, 1541459225 },256))).makeRecordLayer (hkdf.zig:237)
==3813177==    by 0x121F843: ClientHandshake.Suite.deriveHandshakeKeys (ClientHandshake.zig:513)
==3813177==    by 0x121C18F: ClientHandshake.processServerHello (ClientHandshake.zig:1618)
==3813177==    by 0x1521CEF: ServerHandshake.test.acceptClientHello: emits ServerHello and installs handshake keys (ServerHandshake.zig:3170)
==3813177==    by 0x13D7EB7: test_runner.main (test_runner.zig:278)
==3813177== 
==3813177== 1,152 (192 direct, 960 indirect) bytes in 1 blocks are definitely lost in loss record 310 of 578
==3813177==    at 0x4885E30: malloc (in /nix/store/HASH-valgrind-3.27.1/libexec/valgrind/vgpreload_memcheck-arm64-linux.so)
==3813177==    by 0x4B1FDE7: CRYPTO_malloc (in /nix/store/HASH-openssl-3.6.4/lib/libcrypto.so.3)
==3813177==    by 0x4B20053: CRYPTO_zalloc (in /nix/store/HASH-openssl-3.6.4/lib/libcrypto.so.3)
==3813177==    by 0x4ADC9DB: EVP_CIPHER_CTX_new (in /nix/store/HASH-openssl-3.6.4/lib/libcrypto.so.3)
==3813177==    by 0x123DA6F: crypto.backend_openssl.aeadInit (backend_openssl.zig:541)
==3813177==    by 0x122A49F: init (backend.zig:303)
==3813177==    by 0x122A49F: aead.Context.init (aead.zig:138)
==3813177==    by 0x122A253: RecordLayer.init (RecordLayer.zig:79)
==3813177==    by 0x12132E3: hkdf.Hkdf(crypto.hmac.Hmac(crypto.sha2.Sha2x32(.{ 1779033703, 3144134277, 1013904242, 2773480762, 1359893119, 2600822924, 528734635, 1541459225 },256))).makeRecordLayer (hkdf.zig:237)
==3813177==    by 0x121F843: ClientHandshake.Suite.deriveHandshakeKeys (ClientHandshake.zig:513)
==3813177==    by 0x121C18F: ClientHandshake.processServerHello (ClientHandshake.zig:1618)
==3813177==    by 0x1521CEF: ServerHandshake.test.acceptClientHello: emits ServerHello and installs handshake keys (ServerHandshake.zig:3170)
==3813177==    by 0x13D7EB7: test_runner.main (test_runner.zig:278)
==3813177== 
==3813177== 1,152 (192 direct, 960 indirect) bytes in 1 blocks are definitely lost in loss record 311 of 578
==3813177==    at 0x4885E30: malloc (in /nix/store/HASH-valgrind-3.27.1/libexec/valgrind/vgpreload_memcheck-arm64-linux.so)
==3813177==    by 0x4B1FDE7: CRYPTO_malloc (in /nix/store/HASH-openssl-3.6.4/lib/libcrypto.so.3)
==3813177==    by 0x4B20053: CRYPTO_zalloc (in /nix/store/HASH-openssl-3.6.4/lib/libcrypto.so.3)
==3813177==    by 0x4ADC9DB: EVP_CIPHER_CTX_new (in /nix/store/HASH-openssl-3.6.4/lib/libcrypto.so.3)
==3813177==    by 0x123DA17: crypto.backend_openssl.aeadInit (backend_openssl.zig:539)
==3813177==    by 0x122A49F: init (backend.zig:303)
==3813177==    by 0x122A49F: aead.Context.init (aead.zig:138)
==3813177==    by 0x122A253: RecordLayer.init (RecordLayer.zig:79)
==3813177==    by 0x12132E3: hkdf.Hkdf(crypto.hmac.Hmac(crypto.sha2.Sha2x32(.{ 1779033703, 3144134277, 1013904242, 2773480762, 1359893119, 2600822924, 528734635, 1541459225 },256))).makeRecordLayer (hkdf.zig:237)
==3813177==    by 0x1273137: ServerHandshake.installHandshakeKeys (ServerHandshake.zig:1701)
==3813177==    by 0x1232B0B: ServerHandshake.processClientHelloMessage (ServerHandshake.zig:1364)
==3813177==    by 0x122FF83: ServerHandshake.acceptClientHello (ServerHandshake.zig:991)
==3813177==    by 0x15225F7: ServerHandshake.test.acceptClientHello: negotiates secp256r1 key share (ServerHandshake.zig:3202)
==3813177== 
==3813177== 1,152 (192 direct, 960 indirect) bytes in 1 blocks are definitely lost in loss record 312 of 578
==3813177==    at 0x4885E30: malloc (in /nix/store/HASH-valgrind-3.27.1/libexec/valgrind/vgpreload_memcheck-arm64-linux.so)
==3813177==    by 0x4B1FDE7: CRYPTO_malloc (in /nix/store/HASH-openssl-3.6.4/lib/libcrypto.so.3)
==3813177==    by 0x4B20053: CRYPTO_zalloc (in /nix/store/HASH-openssl-3.6.4/lib/libcrypto.so.3)
==3813177==    by 0x4ADC9DB: EVP_CIPHER_CTX_new (in /nix/store/HASH-openssl-3.6.4/lib/libcrypto.so.3)
==3813177==    by 0x123DA6F: crypto.backend_openssl.aeadInit (backend_openssl.zig:541)
==3813177==    by 0x122A49F: init (backend.zig:303)
==3813177==    by 0x122A49F: aead.Context.init (aead.zig:138)
==3813177==    by 0x122A253: RecordLayer.init (RecordLayer.zig:79)
==3813177==    by 0x12132E3: hkdf.Hkdf(crypto.hmac.Hmac(crypto.sha2.Sha2x32(.{ 1779033703, 3144134277, 1013904242, 2773480762, 1359893119, 2600822924, 528734635, 1541459225 },256))).makeRecordLayer (hkdf.zig:237)
==3813177==    by 0x1273137: ServerHandshake.installHandshakeKeys (ServerHandshake.zig:1701)
==3813177==    by 0x1232B0B: ServerHandshake.processClientHelloMessage (ServerHandshake.zig:1364)
==3813177==    by 0x122FF83: ServerHandshake.acceptClientHello (ServerHandshake.zig:991)
==3813177==    by 0x15225F7: ServerHandshake.test.acceptClientHello: negotiates secp256r1 key share (ServerHandshake.zig:3202)
==3813177== 
==3813177== 1,152 (192 direct, 960 indirect) bytes in 1 blocks are definitely lost in loss record 313 of 578
==3813177==    at 0x4885E30: malloc (in /nix/store/HASH-valgrind-3.27.1/libexec/valgrind/vgpreload_memcheck-arm64-linux.so)
==3813177==    by 0x4B1FDE7: CRYPTO_malloc (in /nix/store/HASH-openssl-3.6.4/lib/libcrypto.so.3)
==3813177==    by 0x4B20053: CRYPTO_zalloc (in /nix/store/HASH-openssl-3.6.4/lib/libcrypto.so.3)
==3813177==    by 0x4ADC9DB: EVP_CIPHER_CTX_new (in /nix/store/HASH-openssl-3.6.4/lib/libcrypto.so.3)
==3813177==    by 0x123DA17: crypto.backend_openssl.aeadInit (backend_openssl.zig:539)
==3813177==    by 0x122A49F: init (backend.zig:303)
==3813177==    by 0x122A49F: aead.Context.init (aead.zig:138)
==3813177==    by 0x122A253: RecordLayer.init (RecordLayer.zig:79)
==3813177==    by 0x12132E3: hkdf.Hkdf(crypto.hmac.Hmac(crypto.sha2.Sha2x32(.{ 1779033703, 3144134277, 1013904242, 2773480762, 1359893119, 2600822924, 528734635, 1541459225 },256))).makeRecordLayer (hkdf.zig:237)
==3813177==    by 0x12731F3: ServerHandshake.installHandshakeKeys (ServerHandshake.zig:1703)
==3813177==    by 0x1232B0B: ServerHandshake.processClientHelloMessage (ServerHandshake.zig:1364)
==3813177==    by 0x122FF83: ServerHandshake.acceptClientHello (ServerHandshake.zig:991)
==3813177==    by 0x15225F7: ServerHandshake.test.acceptClientHello: negotiates secp256r1 key share (ServerHandshake.zig:3202)
==3813177== 
==3813177== 1,152 (192 direct, 960 indirect) bytes in 1 blocks are definitely lost in loss record 314 of 578
==3813177==    at 0x4885E30: malloc (in /nix/store/HASH-valgrind-3.27.1/libexec/valgrind/vgpreload_memcheck-arm64-linux.so)
==3813177==    by 0x4B1FDE7: CRYPTO_malloc (in /nix/store/HASH-openssl-3.6.4/lib/libcrypto.so.3)
==3813177==    by 0x4B20053: CRYPTO_zalloc (in /nix/store/HASH-openssl-3.6.4/lib/libcrypto.so.3)
==3813177==    by 0x4ADC9DB: EVP_CIPHER_CTX_new (in /nix/store/HASH-openssl-3.6.4/lib/libcrypto.so.3)
==3813177==    by 0x123DA6F: crypto.backend_openssl.aeadInit (backend_openssl.zig:541)
==3813177==    by 0x122A49F: init (backend.zig:303)
==3813177==    by 0x122A49F: aead.Context.init (aead.zig:138)
==3813177==    by 0x122A253: RecordLayer.init (RecordLayer.zig:79)
==3813177==    by 0x12132E3: hkdf.Hkdf(crypto.hmac.Hmac(crypto.sha2.Sha2x32(.{ 1779033703, 3144134277, 1013904242, 2773480762, 1359893119, 2600822924, 528734635, 1541459225 },256))).makeRecordLayer (hkdf.zig:237)
==3813177==    by 0x12731F3: ServerHandshake.installHandshakeKeys (ServerHandshake.zig:1703)
==3813177==    by 0x1232B0B: ServerHandshake.processClientHelloMessage (ServerHandshake.zig:1364)
==3813177==    by 0x122FF83: ServerHandshake.acceptClientHello (ServerHandshake.zig:991)
==3813177==    by 0x15225F7: ServerHandshake.test.acceptClientHello: negotiates secp256r1 key share (ServerHandshake.zig:3202)
==3813177== 
==3813177== 1,152 (192 direct, 960 indirect) bytes in 1 blocks are definitely lost in loss record 315 of 578
==3813177==    at 0x4885E30: malloc (in /nix/store/HASH-valgrind-3.27.1/libexec/valgrind/vgpreload_memcheck-arm64-linux.so)
==3813177==    by 0x4B1FDE7: CRYPTO_malloc (in /nix/store/HASH-openssl-3.6.4/lib/libcrypto.so.3)
==3813177==    by 0x4B20053: CRYPTO_zalloc (in /nix/store/HASH-openssl-3.6.4/lib/libcrypto.so.3)
==3813177==    by 0x4ADC9DB: EVP_CIPHER_CTX_new (in /nix/store/HASH-openssl-3.6.4/lib/libcrypto.so.3)
==3813177==    by 0x123DA17: crypto.backend_openssl.aeadInit (backend_openssl.zig:539)
==3813177==    by 0x122A49F: init (backend.zig:303)
==3813177==    by 0x122A49F: aead.Context.init (aead.zig:138)
==3813177==    by 0x122A253: RecordLayer.init (RecordLayer.zig:79)
==3813177==    by 0x12132E3: hkdf.Hkdf(crypto.hmac.Hmac(crypto.sha2.Sha2x32(.{ 1779033703, 3144134277, 1013904242, 2773480762, 1359893119, 2600822924, 528734635, 1541459225 },256))).makeRecordLayer (hkdf.zig:237)
==3813177==    by 0x1273137: ServerHandshake.installHandshakeKeys (ServerHandshake.zig:1701)
==3813177==    by 0x1232B0B: ServerHandshake.processClientHelloMessage (ServerHandshake.zig:1364)
==3813177==    by 0x122FF83: ServerHandshake.acceptClientHello (ServerHandshake.zig:991)
==3813177==    by 0x1524643: ServerHandshake.test.acceptClientHello: negotiates secp384r1 key share (ServerHandshake.zig:3256)
==3813177== 
==3813177== 1,152 (192 direct, 960 indirect) bytes in 1 blocks are definitely lost in loss record 316 of 578
==3813177==    at 0x4885E30: malloc (in /nix/store/HASH-valgrind-3.27.1/libexec/valgrind/vgpreload_memcheck-arm64-linux.so)
==3813177==    by 0x4B1FDE7: CRYPTO_malloc (in /nix/store/HASH-openssl-3.6.4/lib/libcrypto.so.3)
==3813177==    by 0x4B20053: CRYPTO_zalloc (in /nix/store/HASH-openssl-3.6.4/lib/libcrypto.so.3)
==3813177==    by 0x4ADC9DB: EVP_CIPHER_CTX_new (in /nix/store/HASH-openssl-3.6.4/lib/libcrypto.so.3)
==3813177==    by 0x123DA6F: crypto.backend_openssl.aeadInit (backend_openssl.zig:541)
==3813177==    by 0x122A49F: init (backend.zig:303)
==3813177==    by 0x122A49F: aead.Context.init (aead.zig:138)
==3813177==    by 0x122A253: RecordLayer.init (RecordLayer.zig:79)
==3813177==    by 0x12132E3: hkdf.Hkdf(crypto.hmac.Hmac(crypto.sha2.Sha2x32(.{ 1779033703, 3144134277, 1013904242, 2773480762, 1359893119, 2600822924, 528734635, 1541459225 },256))).makeRecordLayer (hkdf.zig:237)
==3813177==    by 0x1273137: ServerHandshake.installHandshakeKeys (ServerHandshake.zig:1701)
==3813177==    by 0x1232B0B: ServerHandshake.processClientHelloMessage (ServerHandshake.zig:1364)
==3813177==    by 0x122FF83: ServerHandshake.acceptClientHello (ServerHandshake.zig:991)
==3813177==    by 0x1524643: ServerHandshake.test.acceptClientHello: negotiates secp384r1 key share (ServerHandshake.zig:3256)
==3813177== 
==3813177== 1,152 (192 direct, 960 indirect) bytes in 1 blocks are definitely lost in loss record 317 of 578
==3813177==    at 0x4885E30: malloc (in /nix/store/HASH-valgrind-3.27.1/libexec/valgrind/vgpreload_memcheck-arm64-linux.so)
==3813177==    by 0x4B1FDE7: CRYPTO_malloc (in /nix/store/HASH-openssl-3.6.4/lib/libcrypto.so.3)
==3813177==    by 0x4B20053: CRYPTO_zalloc (in /nix/store/HASH-openssl-3.6.4/lib/libcrypto.so.3)
==3813177==    by 0x4ADC9DB: EVP_CIPHER_CTX_new (in /nix/store/HASH-openssl-3.6.4/lib/libcrypto.so.3)
==3813177==    by 0x123DA17: crypto.backend_openssl.aeadInit (backend_openssl.zig:539)
==3813177==    by 0x122A49F: init (backend.zig:303)
==3813177==    by 0x122A49F: aead.Context.init (aead.zig:138)
==3813177==    by 0x122A253: RecordLayer.init (RecordLayer.zig:79)
==3813177==    by 0x12132E3: hkdf.Hkdf(crypto.hmac.Hmac(crypto.sha2.Sha2x32(.{ 1779033703, 3144134277, 1013904242, 2773480762, 1359893119, 2600822924, 528734635, 1541459225 },256))).makeRecordLayer (hkdf.zig:237)
==3813177==    by 0x12731F3: ServerHandshake.installHandshakeKeys (ServerHandshake.zig:1703)
==3813177==    by 0x1232B0B: ServerHandshake.processClientHelloMessage (ServerHandshake.zig:1364)
==3813177==    by 0x122FF83: ServerHandshake.acceptClientHello (ServerHandshake.zig:991)
==3813177==    by 0x1524643: ServerHandshake.test.acceptClientHello: negotiates secp384r1 key share (ServerHandshake.zig:3256)
==3813177== 
==3813177== 1,152 (192 direct, 960 indirect) bytes in 1 blocks are definitely lost in loss record 318 of 578
==3813177==    at 0x4885E30: malloc (in /nix/store/HASH-valgrind-3.27.1/libexec/valgrind/vgpreload_memcheck-arm64-linux.so)
==3813177==    by 0x4B1FDE7: CRYPTO_malloc (in /nix/store/HASH-openssl-3.6.4/lib/libcrypto.so.3)
==3813177==    by 0x4B20053: CRYPTO_zalloc (in /nix/store/HASH-openssl-3.6.4/lib/libcrypto.so.3)
==3813177==    by 0x4ADC9DB: EVP_CIPHER_CTX_new (in /nix/store/HASH-openssl-3.6.4/lib/libcrypto.so.3)
==3813177==    by 0x123DA6F: crypto.backend_openssl.aeadInit (backend_openssl.zig:541)
==3813177==    by 0x122A49F: init (backend.zig:303)
==3813177==    by 0x122A49F: aead.Context.init (aead.zig:138)
==3813177==    by 0x122A253: RecordLayer.init (RecordLayer.zig:79)
==3813177==    by 0x12132E3: hkdf.Hkdf(crypto.hmac.Hmac(crypto.sha2.Sha2x32(.{ 1779033703, 3144134277, 1013904242, 2773480762, 1359893119, 2600822924, 528734635, 1541459225 },256))).makeRecordLayer (hkdf.zig:237)
==3813177==    by 0x12731F3: ServerHandshake.installHandshakeKeys (ServerHandshake.zig:1703)
==3813177==    by 0x1232B0B: ServerHandshake.processClientHelloMessage (ServerHandshake.zig:1364)
==3813177==    by 0x122FF83: ServerHandshake.acceptClientHello (ServerHandshake.zig:991)
==3813177==    by 0x1524643: ServerHandshake.test.acceptClientHello: negotiates secp384r1 key share (ServerHandshake.zig:3256)
==3813177== 
==3813177== 1,152 (192 direct, 960 indirect) bytes in 1 blocks are definitely lost in loss record 319 of 578
==3813177==    at 0x4885E30: malloc (in /nix/store/HASH-valgrind-3.27.1/libexec/valgrind/vgpreload_memcheck-arm64-linux.so)
==3813177==    by 0x4B1FDE7: CRYPTO_malloc (in /nix/store/HASH-openssl-3.6.4/lib/libcrypto.so.3)
==3813177==    by 0x4B20053: CRYPTO_zalloc (in /nix/store/HASH-openssl-3.6.4/lib/libcrypto.so.3)
==3813177==    by 0x4ADC9DB: EVP_CIPHER_CTX_new (in /nix/store/HASH-openssl-3.6.4/lib/libcrypto.so.3)
==3813177==    by 0x123DA17: crypto.backend_openssl.aeadInit (backend_openssl.zig:539)
==3813177==    by 0x122A49F: init (backend.zig:303)
==3813177==    by 0x122A49F: aead.Context.init (aead.zig:138)
==3813177==    by 0x122A253: RecordLayer.init (RecordLayer.zig:79)
==3813177==    by 0x12132E3: hkdf.Hkdf(crypto.hmac.Hmac(crypto.sha2.Sha2x32(.{ 1779033703, 3144134277, 1013904242, 2773480762, 1359893119, 2600822924, 528734635, 1541459225 },256))).makeRecordLayer (hkdf.zig:237)
==3813177==    by 0x121F7A7: ClientHandshake.Suite.deriveHandshakeKeys (ClientHandshake.zig:511)
==3813177==    by 0x121C18F: ClientHandshake.processServerHello (ClientHandshake.zig:1618)
==3813177==    by 0x1524C27: ServerHandshake.test.acceptClientHello: negotiates secp384r1 key share (ServerHandshake.zig:3273)
==3813177==    by 0x13D7EB7: test_runner.main (test_runner.zig:278)
==3813177== 
==3813177== 1,152 (192 direct, 960 indirect) bytes in 1 blocks are definitely lost in loss record 320 of 578
==3813177==    at 0x4885E30: malloc (in /nix/store/HASH-valgrind-3.27.1/libexec/valgrind/vgpreload_memcheck-arm64-linux.so)
==3813177==    by 0x4B1FDE7: CRYPTO_malloc (in /nix/store/HASH-openssl-3.6.4/lib/libcrypto.so.3)
==3813177==    by 0x4B20053: CRYPTO_zalloc (in /nix/store/HASH-openssl-3.6.4/lib/libcrypto.so.3)
==3813177==    by 0x4ADC9DB: EVP_CIPHER_CTX_new (in /nix/store/HASH-openssl-3.6.4/lib/libcrypto.so.3)
==3813177==    by 0x123DA6F: crypto.backend_openssl.aeadInit (backend_openssl.zig:541)
==3813177==    by 0x122A49F: init (backend.zig:303)
==3813177==    by 0x122A49F: aead.Context.init (aead.zig:138)
==3813177==    by 0x122A253: RecordLayer.init (RecordLayer.zig:79)
==3813177==    by 0x12132E3: hkdf.Hkdf(crypto.hmac.Hmac(crypto.sha2.Sha2x32(.{ 1779033703, 3144134277, 1013904242, 2773480762, 1359893119, 2600822924, 528734635, 1541459225 },256))).makeRecordLayer (hkdf.zig:237)
==3813177==    by 0x121F7A7: ClientHandshake.Suite.deriveHandshakeKeys (ClientHandshake.zig:511)
==3813177==    by 0x121C18F: ClientHandshake.processServerHello (ClientHandshake.zig:1618)
==3813177==    by 0x1524C27: ServerHandshake.test.acceptClientHello: negotiates secp384r1 key share (ServerHandshake.zig:3273)
==3813177==    by 0x13D7EB7: test_runner.main (test_runner.zig:278)
==3813177== 
==3813177== 1,152 (192 direct, 960 indirect) bytes in 1 blocks are definitely lost in loss record 321 of 578
==3813177==    at 0x4885E30: malloc (in /nix/store/HASH-valgrind-3.27.1/libexec/valgrind/vgpreload_memcheck-arm64-linux.so)
==3813177==    by 0x4B1FDE7: CRYPTO_malloc (in /nix/store/HASH-openssl-3.6.4/lib/libcrypto.so.3)
==3813177==    by 0x4B20053: CRYPTO_zalloc (in /nix/store/HASH-openssl-3.6.4/lib/libcrypto.so.3)
==3813177==    by 0x4ADC9DB: EVP_CIPHER_CTX_new (in /nix/store/HASH-openssl-3.6.4/lib/libcrypto.so.3)
==3813177==    by 0x123DA17: crypto.backend_openssl.aeadInit (backend_openssl.zig:539)
==3813177==    by 0x122A49F: init (backend.zig:303)
==3813177==    by 0x122A49F: aead.Context.init (aead.zig:138)
==3813177==    by 0x122A253: RecordLayer.init (RecordLayer.zig:79)
==3813177==    by 0x12132E3: hkdf.Hkdf(crypto.hmac.Hmac(crypto.sha2.Sha2x32(.{ 1779033703, 3144134277, 1013904242, 2773480762, 1359893119, 2600822924, 528734635, 1541459225 },256))).makeRecordLayer (hkdf.zig:237)
==3813177==    by 0x121F843: ClientHandshake.Suite.deriveHandshakeKeys (ClientHandshake.zig:513)
==3813177==    by 0x121C18F: ClientHandshake.processServerHello (ClientHandshake.zig:1618)
==3813177==    by 0x1524C27: ServerHandshake.test.acceptClientHello: negotiates secp384r1 key share (ServerHandshake.zig:3273)
==3813177==    by 0x13D7EB7: test_runner.main (test_runner.zig:278)
==3813177== 
==3813177== 1,152 (192 direct, 960 indirect) bytes in 1 blocks are definitely lost in loss record 322 of 578
==3813177==    at 0x4885E30: malloc (in /nix/store/HASH-valgrind-3.27.1/libexec/valgrind/vgpreload_memcheck-arm64-linux.so)
==3813177==    by 0x4B1FDE7: CRYPTO_malloc (in /nix/store/HASH-openssl-3.6.4/lib/libcrypto.so.3)
==3813177==    by 0x4B20053: CRYPTO_zalloc (in /nix/store/HASH-openssl-3.6.4/lib/libcrypto.so.3)
==3813177==    by 0x4ADC9DB: EVP_CIPHER_CTX_new (in /nix/store/HASH-openssl-3.6.4/lib/libcrypto.so.3)
==3813177==    by 0x123DA6F: crypto.backend_openssl.aeadInit (backend_openssl.zig:541)
==3813177==    by 0x122A49F: init (backend.zig:303)
==3813177==    by 0x122A49F: aead.Context.init (aead.zig:138)
==3813177==    by 0x122A253: RecordLayer.init (RecordLayer.zig:79)
==3813177==    by 0x12132E3: hkdf.Hkdf(crypto.hmac.Hmac(crypto.sha2.Sha2x32(.{ 1779033703, 3144134277, 1013904242, 2773480762, 1359893119, 2600822924, 528734635, 1541459225 },256))).makeRecordLayer (hkdf.zig:237)
==3813177==    by 0x121F843: ClientHandshake.Suite.deriveHandshakeKeys (ClientHandshake.zig:513)
==3813177==    by 0x121C18F: ClientHandshake.processServerHello (ClientHandshake.zig:1618)
==3813177==    by 0x1524C27: ServerHandshake.test.acceptClientHello: negotiates secp384r1 key share (ServerHandshake.zig:3273)
==3813177==    by 0x13D7EB7: test_runner.main (test_runner.zig:278)
==3813177== 
==3813177== 1,152 (192 direct, 960 indirect) bytes in 1 blocks are definitely lost in loss record 323 of 578
==3813177==    at 0x4885E30: malloc (in /nix/store/HASH-valgrind-3.27.1/libexec/valgrind/vgpreload_memcheck-arm64-linux.so)
==3813177==    by 0x4B1FDE7: CRYPTO_malloc (in /nix/store/HASH-openssl-3.6.4/lib/libcrypto.so.3)
==3813177==    by 0x4B20053: CRYPTO_zalloc (in /nix/store/HASH-openssl-3.6.4/lib/libcrypto.so.3)
==3813177==    by 0x4ADC9DB: EVP_CIPHER_CTX_new (in /nix/store/HASH-openssl-3.6.4/lib/libcrypto.so.3)
==3813177==    by 0x123DA17: crypto.backend_openssl.aeadInit (backend_openssl.zig:539)
==3813177==    by 0x122A49F: init (backend.zig:303)
==3813177==    by 0x122A49F: aead.Context.init (aead.zig:138)
==3813177==    by 0x122A253: RecordLayer.init (RecordLayer.zig:79)
==3813177==    by 0x12132E3: hkdf.Hkdf(crypto.hmac.Hmac(crypto.sha2.Sha2x32(.{ 1779033703, 3144134277, 1013904242, 2773480762, 1359893119, 2600822924, 528734635, 1541459225 },256))).makeRecordLayer (hkdf.zig:237)
==3813177==    by 0x1273137: ServerHandshake.installHandshakeKeys (ServerHandshake.zig:1701)
==3813177==    by 0x1232B0B: ServerHandshake.processClientHelloMessage (ServerHandshake.zig:1364)
==3813177==    by 0x122FF83: ServerHandshake.acceptClientHello (ServerHandshake.zig:991)
==3813177==    by 0x152C89F: ServerHandshake.test.acceptClientHello: bounded PSK identity admission before HelloRetryRequest (ServerHandshake.zig:3945)
==3813177== 
==3813177== 1,152 (192 direct, 960 indirect) bytes in 1 blocks are definitely lost in loss record 324 of 578
==3813177==    at 0x4885E30: malloc (in /nix/store/HASH-valgrind-3.27.1/libexec/valgrind/vgpreload_memcheck-arm64-linux.so)
==3813177==    by 0x4B1FDE7: CRYPTO_malloc (in /nix/store/HASH-openssl-3.6.4/lib/libcrypto.so.3)
==3813177==    by 0x4B20053: CRYPTO_zalloc (in /nix/store/HASH-openssl-3.6.4/lib/libcrypto.so.3)
==3813177==    by 0x4ADC9DB: EVP_CIPHER_CTX_new (in /nix/store/HASH-openssl-3.6.4/lib/libcrypto.so.3)
==3813177==    by 0x123DA6F: crypto.backend_openssl.aeadInit (backend_openssl.zig:541)
==3813177==    by 0x122A49F: init (backend.zig:303)
==3813177==    by 0x122A49F: aead.Context.init (aead.zig:138)
==3813177==    by 0x122A253: RecordLayer.init (RecordLayer.zig:79)
==3813177==    by 0x12132E3: hkdf.Hkdf(crypto.hmac.Hmac(crypto.sha2.Sha2x32(.{ 1779033703, 3144134277, 1013904242, 2773480762, 1359893119, 2600822924, 528734635, 1541459225 },256))).makeRecordLayer (hkdf.zig:237)
==3813177==    by 0x1273137: ServerHandshake.installHandshakeKeys (ServerHandshake.zig:1701)
==3813177==    by 0x1232B0B: ServerHandshake.processClientHelloMessage (ServerHandshake.zig:1364)
==3813177==    by 0x122FF83: ServerHandshake.acceptClientHello (ServerHandshake.zig:991)
==3813177==    by 0x152C89F: ServerHandshake.test.acceptClientHello: bounded PSK identity admission before HelloRetryRequest (ServerHandshake.zig:3945)
==3813177== 
==3813177== 1,152 (192 direct, 960 indirect) bytes in 1 blocks are definitely lost in loss record 325 of 578
==3813177==    at 0x4885E30: malloc (in /nix/store/HASH-valgrind-3.27.1/libexec/valgrind/vgpreload_memcheck-arm64-linux.so)
==3813177==    by 0x4B1FDE7: CRYPTO_malloc (in /nix/store/HASH-openssl-3.6.4/lib/libcrypto.so.3)
==3813177==    by 0x4B20053: CRYPTO_zalloc (in /nix/store/HASH-openssl-3.6.4/lib/libcrypto.so.3)
==3813177==    by 0x4ADC9DB: EVP_CIPHER_CTX_new (in /nix/store/HASH-openssl-3.6.4/lib/libcrypto.so.3)
==3813177==    by 0x123DA17: crypto.backend_openssl.aeadInit (backend_openssl.zig:539)
==3813177==    by 0x122A49F: init (backend.zig:303)
==3813177==    by 0x122A49F: aead.Context.init (aead.zig:138)
==3813177==    by 0x122A253: RecordLayer.init (RecordLayer.zig:79)
==3813177==    by 0x12132E3: hkdf.Hkdf(crypto.hmac.Hmac(crypto.sha2.Sha2x32(.{ 1779033703, 3144134277, 1013904242, 2773480762, 1359893119, 2600822924, 528734635, 1541459225 },256))).makeRecordLayer (hkdf.zig:237)
==3813177==    by 0x12731F3: ServerHandshake.installHandshakeKeys (ServerHandshake.zig:1703)
==3813177==    by 0x1232B0B: ServerHandshake.processClientHelloMessage (ServerHandshake.zig:1364)
==3813177==    by 0x122FF83: ServerHandshake.acceptClientHello (ServerHandshake.zig:991)
==3813177==    by 0x152C89F: ServerHandshake.test.acceptClientHello: bounded PSK identity admission before HelloRetryRequest (ServerHandshake.zig:3945)
==3813177== 
==3813177== 1,152 (192 direct, 960 indirect) bytes in 1 blocks are definitely lost in loss record 326 of 578
==3813177==    at 0x4885E30: malloc (in /nix/store/HASH-valgrind-3.27.1/libexec/valgrind/vgpreload_memcheck-arm64-linux.so)
==3813177==    by 0x4B1FDE7: CRYPTO_malloc (in /nix/store/HASH-openssl-3.6.4/lib/libcrypto.so.3)
==3813177==    by 0x4B20053: CRYPTO_zalloc (in /nix/store/HASH-openssl-3.6.4/lib/libcrypto.so.3)
==3813177==    by 0x4ADC9DB: EVP_CIPHER_CTX_new (in /nix/store/HASH-openssl-3.6.4/lib/libcrypto.so.3)
==3813177==    by 0x123DA6F: crypto.backend_openssl.aeadInit (backend_openssl.zig:541)
==3813177==    by 0x122A49F: init (backend.zig:303)
==3813177==    by 0x122A49F: aead.Context.init (aead.zig:138)
==3813177==    by 0x122A253: RecordLayer.init (RecordLayer.zig:79)
==3813177==    by 0x12132E3: hkdf.Hkdf(crypto.hmac.Hmac(crypto.sha2.Sha2x32(.{ 1779033703, 3144134277, 1013904242, 2773480762, 1359893119, 2600822924, 528734635, 1541459225 },256))).makeRecordLayer (hkdf.zig:237)
==3813177==    by 0x12731F3: ServerHandshake.installHandshakeKeys (ServerHandshake.zig:1703)
==3813177==    by 0x1232B0B: ServerHandshake.processClientHelloMessage (ServerHandshake.zig:1364)
==3813177==    by 0x122FF83: ServerHandshake.acceptClientHello (ServerHandshake.zig:991)
==3813177==    by 0x152C89F: ServerHandshake.test.acceptClientHello: bounded PSK identity admission before HelloRetryRequest (ServerHandshake.zig:3945)
==3813177== 
==3813177== 1,152 (192 direct, 960 indirect) bytes in 1 blocks are definitely lost in loss record 327 of 578
==3813177==    at 0x4885E30: malloc (in /nix/store/HASH-valgrind-3.27.1/libexec/valgrind/vgpreload_memcheck-arm64-linux.so)
==3813177==    by 0x4B1FDE7: CRYPTO_malloc (in /nix/store/HASH-openssl-3.6.4/lib/libcrypto.so.3)
==3813177==    by 0x4B20053: CRYPTO_zalloc (in /nix/store/HASH-openssl-3.6.4/lib/libcrypto.so.3)
==3813177==    by 0x4ADC9DB: EVP_CIPHER_CTX_new (in /nix/store/HASH-openssl-3.6.4/lib/libcrypto.so.3)
==3813177==    by 0x123DA17: crypto.backend_openssl.aeadInit (backend_openssl.zig:539)
==3813177==    by 0x122A49F: init (backend.zig:303)
==3813177==    by 0x122A49F: aead.Context.init (aead.zig:138)
==3813177==    by 0x122A253: RecordLayer.init (RecordLayer.zig:79)
==3813177==    by 0x12132E3: hkdf.Hkdf(crypto.hmac.Hmac(crypto.sha2.Sha2x32(.{ 1779033703, 3144134277, 1013904242, 2773480762, 1359893119, 2600822924, 528734635, 1541459225 },256))).makeRecordLayer (hkdf.zig:237)
==3813177==    by 0x1273137: ServerHandshake.installHandshakeKeys (ServerHandshake.zig:1701)
==3813177==    by 0x1232B0B: ServerHandshake.processClientHelloMessage (ServerHandshake.zig:1364)
==3813177==    by 0x122FF83: ServerHandshake.acceptClientHello (ServerHandshake.zig:991)
==3813177==    by 0x1531637: ServerHandshake.test.acceptClientHello: HRR sends at most one compatibility ChangeCipherSpec (ServerHandshake.zig:4177)
==3813177== 
==3813177== 1,152 (192 direct, 960 indirect) bytes in 1 blocks are definitely lost in loss record 328 of 578
==3813177==    at 0x4885E30: malloc (in /nix/store/HASH-valgrind-3.27.1/libexec/valgrind/vgpreload_memcheck-arm64-linux.so)
==3813177==    by 0x4B1FDE7: CRYPTO_malloc (in /nix/store/HASH-openssl-3.6.4/lib/libcrypto.so.3)
==3813177==    by 0x4B20053: CRYPTO_zalloc (in /nix/store/HASH-openssl-3.6.4/lib/libcrypto.so.3)
==3813177==    by 0x4ADC9DB: EVP_CIPHER_CTX_new (in /nix/store/HASH-openssl-3.6.4/lib/libcrypto.so.3)
==3813177==    by 0x123DA6F: crypto.backend_openssl.aeadInit (backend_openssl.zig:541)
==3813177==    by 0x122A49F: init (backend.zig:303)
==3813177==    by 0x122A49F: aead.Context.init (aead.zig:138)
==3813177==    by 0x122A253: RecordLayer.init (RecordLayer.zig:79)
==3813177==    by 0x12132E3: hkdf.Hkdf(crypto.hmac.Hmac(crypto.sha2.Sha2x32(.{ 1779033703, 3144134277, 1013904242, 2773480762, 1359893119, 2600822924, 528734635, 1541459225 },256))).makeRecordLayer (hkdf.zig:237)
==3813177==    by 0x1273137: ServerHandshake.installHandshakeKeys (ServerHandshake.zig:1701)
==3813177==    by 0x1232B0B: ServerHandshake.processClientHelloMessage (ServerHandshake.zig:1364)
==3813177==    by 0x122FF83: ServerHandshake.acceptClientHello (ServerHandshake.zig:991)
==3813177==    by 0x1531637: ServerHandshake.test.acceptClientHello: HRR sends at most one compatibility ChangeCipherSpec (ServerHandshake.zig:4177)
==3813177== 
==3813177== 1,152 (192 direct, 960 indirect) bytes in 1 blocks are definitely lost in loss record 329 of 578
==3813177==    at 0x4885E30: malloc (in /nix/store/HASH-valgrind-3.27.1/libexec/valgrind/vgpreload_memcheck-arm64-linux.so)
==3813177==    by 0x4B1FDE7: CRYPTO_malloc (in /nix/store/HASH-openssl-3.6.4/lib/libcrypto.so.3)
==3813177==    by 0x4B20053: CRYPTO_zalloc (in /nix/store/HASH-openssl-3.6.4/lib/libcrypto.so.3)
==3813177==    by 0x4ADC9DB: EVP_CIPHER_CTX_new (in /nix/store/HASH-openssl-3.6.4/lib/libcrypto.so.3)
==3813177==    by 0x123DA17: crypto.backend_openssl.aeadInit (backend_openssl.zig:539)
==3813177==    by 0x122A49F: init (backend.zig:303)
==3813177==    by 0x122A49F: aead.Context.init (aead.zig:138)
==3813177==    by 0x122A253: RecordLayer.init (RecordLayer.zig:79)
==3813177==    by 0x12132E3: hkdf.Hkdf(crypto.hmac.Hmac(crypto.sha2.Sha2x32(.{ 1779033703, 3144134277, 1013904242, 2773480762, 1359893119, 2600822924, 528734635, 1541459225 },256))).makeRecordLayer (hkdf.zig:237)
==3813177==    by 0x12731F3: ServerHandshake.installHandshakeKeys (ServerHandshake.zig:1703)
==3813177==    by 0x1232B0B: ServerHandshake.processClientHelloMessage (ServerHandshake.zig:1364)
==3813177==    by 0x122FF83: ServerHandshake.acceptClientHello (ServerHandshake.zig:991)
==3813177==    by 0x1531637: ServerHandshake.test.acceptClientHello: HRR sends at most one compatibility ChangeCipherSpec (ServerHandshake.zig:4177)
==3813177== 
==3813177== 1,152 (192 direct, 960 indirect) bytes in 1 blocks are definitely lost in loss record 330 of 578
==3813177==    at 0x4885E30: malloc (in /nix/store/HASH-valgrind-3.27.1/libexec/valgrind/vgpreload_memcheck-arm64-linux.so)
==3813177==    by 0x4B1FDE7: CRYPTO_malloc (in /nix/store/HASH-openssl-3.6.4/lib/libcrypto.so.3)
==3813177==    by 0x4B20053: CRYPTO_zalloc (in /nix/store/HASH-openssl-3.6.4/lib/libcrypto.so.3)
==3813177==    by 0x4ADC9DB: EVP_CIPHER_CTX_new (in /nix/store/HASH-openssl-3.6.4/lib/libcrypto.so.3)
==3813177==    by 0x123DA6F: crypto.backend_openssl.aeadInit (backend_openssl.zig:541)
==3813177==    by 0x122A49F: init (backend.zig:303)
==3813177==    by 0x122A49F: aead.Context.init (aead.zig:138)
==3813177==    by 0x122A253: RecordLayer.init (RecordLayer.zig:79)
==3813177==    by 0x12132E3: hkdf.Hkdf(crypto.hmac.Hmac(crypto.sha2.Sha2x32(.{ 1779033703, 3144134277, 1013904242, 2773480762, 1359893119, 2600822924, 528734635, 1541459225 },256))).makeRecordLayer (hkdf.zig:237)
==3813177==    by 0x12731F3: ServerHandshake.installHandshakeKeys (ServerHandshake.zig:1703)
==3813177==    by 0x1232B0B: ServerHandshake.processClientHelloMessage (ServerHandshake.zig:1364)
==3813177==    by 0x122FF83: ServerHandshake.acceptClientHello (ServerHandshake.zig:991)
==3813177==    by 0x1531637: ServerHandshake.test.acceptClientHello: HRR sends at most one compatibility ChangeCipherSpec (ServerHandshake.zig:4177)
==3813177== 
==3813177== 1,152 (192 direct, 960 indirect) bytes in 1 blocks are definitely lost in loss record 331 of 578
==3813177==    at 0x4885E30: malloc (in /nix/store/HASH-valgrind-3.27.1/libexec/valgrind/vgpreload_memcheck-arm64-linux.so)
==3813177==    by 0x4B1FDE7: CRYPTO_malloc (in /nix/store/HASH-openssl-3.6.4/lib/libcrypto.so.3)
==3813177==    by 0x4B20053: CRYPTO_zalloc (in /nix/store/HASH-openssl-3.6.4/lib/libcrypto.so.3)
==3813177==    by 0x4ADC9DB: EVP_CIPHER_CTX_new (in /nix/store/HASH-openssl-3.6.4/lib/libcrypto.so.3)
==3813177==    by 0x123DA17: crypto.backend_openssl.aeadInit (backend_openssl.zig:539)
==3813177==    by 0x122A49F: init (backend.zig:303)
==3813177==    by 0x122A49F: aead.Context.init (aead.zig:138)
==3813177==    by 0x122A253: RecordLayer.init (RecordLayer.zig:79)
==3813177==    by 0x12132E3: hkdf.Hkdf(crypto.hmac.Hmac(crypto.sha2.Sha2x32(.{ 1779033703, 3144134277, 1013904242, 2773480762, 1359893119, 2600822924, 528734635, 1541459225 },256))).makeRecordLayer (hkdf.zig:237)
==3813177==    by 0x1273137: ServerHandshake.installHandshakeKeys (ServerHandshake.zig:1701)
==3813177==    by 0x1232B0B: ServerHandshake.processClientHelloMessage (ServerHandshake.zig:1364)
==3813177==    by 0x122FF83: ServerHandshake.acceptClientHello (ServerHandshake.zig:991)
==3813177==    by 0x15327EB: ServerHandshake.test.acceptClientHello: emits compatibility ChangeCipherSpec for non-empty legacy_session_id (ServerHandshake.zig:4211)
==3813177== 
==3813177== 1,152 (192 direct, 960 indirect) bytes in 1 blocks are definitely lost in loss record 332 of 578
==3813177==    at 0x4885E30: malloc (in /nix/store/HASH-valgrind-3.27.1/libexec/valgrind/vgpreload_memcheck-arm64-linux.so)
==3813177==    by 0x4B1FDE7: CRYPTO_malloc (in /nix/store/HASH-openssl-3.6.4/lib/libcrypto.so.3)
==3813177==    by 0x4B20053: CRYPTO_zalloc (in /nix/store/HASH-openssl-3.6.4/lib/libcrypto.so.3)
==3813177==    by 0x4ADC9DB: EVP_CIPHER_CTX_new (in /nix/store/HASH-openssl-3.6.4/lib/libcrypto.so.3)
==3813177==    by 0x123DA6F: crypto.backend_openssl.aeadInit (backend_openssl.zig:541)
==3813177==    by 0x122A49F: init (backend.zig:303)
==3813177==    by 0x122A49F: aead.Context.init (aead.zig:138)
==3813177==    by 0x122A253: RecordLayer.init (RecordLayer.zig:79)
==3813177==    by 0x12132E3: hkdf.Hkdf(crypto.hmac.Hmac(crypto.sha2.Sha2x32(.{ 1779033703, 3144134277, 1013904242, 2773480762, 1359893119, 2600822924, 528734635, 1541459225 },256))).makeRecordLayer (hkdf.zig:237)
==3813177==    by 0x1273137: ServerHandshake.installHandshakeKeys (ServerHandshake.zig:1701)
==3813177==    by 0x1232B0B: ServerHandshake.processClientHelloMessage (ServerHandshake.zig:1364)
==3813177==    by 0x122FF83: ServerHandshake.acceptClientHello (ServerHandshake.zig:991)
==3813177==    by 0x15327EB: ServerHandshake.test.acceptClientHello: emits compatibility ChangeCipherSpec for non-empty legacy_session_id (ServerHandshake.zig:4211)
==3813177== 
==3813177== 1,152 (192 direct, 960 indirect) bytes in 1 blocks are definitely lost in loss record 333 of 578
==3813177==    at 0x4885E30: malloc (in /nix/store/HASH-valgrind-3.27.1/libexec/valgrind/vgpreload_memcheck-arm64-linux.so)
==3813177==    by 0x4B1FDE7: CRYPTO_malloc (in /nix/store/HASH-openssl-3.6.4/lib/libcrypto.so.3)
==3813177==    by 0x4B20053: CRYPTO_zalloc (in /nix/store/HASH-openssl-3.6.4/lib/libcrypto.so.3)
==3813177==    by 0x4ADC9DB: EVP_CIPHER_CTX_new (in /nix/store/HASH-openssl-3.6.4/lib/libcrypto.so.3)
==3813177==    by 0x123DA17: crypto.backend_openssl.aeadInit (backend_openssl.zig:539)
==3813177==    by 0x122A49F: init (backend.zig:303)
==3813177==    by 0x122A49F: aead.Context.init (aead.zig:138)
==3813177==    by 0x122A253: RecordLayer.init (RecordLayer.zig:79)
==3813177==    by 0x12132E3: hkdf.Hkdf(crypto.hmac.Hmac(crypto.sha2.Sha2x32(.{ 1779033703, 3144134277, 1013904242, 2773480762, 1359893119, 2600822924, 528734635, 1541459225 },256))).makeRecordLayer (hkdf.zig:237)
==3813177==    by 0x12731F3: ServerHandshake.installHandshakeKeys (ServerHandshake.zig:1703)
==3813177==    by 0x1232B0B: ServerHandshake.processClientHelloMessage (ServerHandshake.zig:1364)
==3813177==    by 0x122FF83: ServerHandshake.acceptClientHello (ServerHandshake.zig:991)
==3813177==    by 0x15327EB: ServerHandshake.test.acceptClientHello: emits compatibility ChangeCipherSpec for non-empty legacy_session_id (ServerHandshake.zig:4211)
==3813177== 
==3813177== 1,152 (192 direct, 960 indirect) bytes in 1 blocks are definitely lost in loss record 334 of 578
==3813177==    at 0x4885E30: malloc (in /nix/store/HASH-valgrind-3.27.1/libexec/valgrind/vgpreload_memcheck-arm64-linux.so)
==3813177==    by 0x4B1FDE7: CRYPTO_malloc (in /nix/store/HASH-openssl-3.6.4/lib/libcrypto.so.3)
==3813177==    by 0x4B20053: CRYPTO_zalloc (in /nix/store/HASH-openssl-3.6.4/lib/libcrypto.so.3)
==3813177==    by 0x4ADC9DB: EVP_CIPHER_CTX_new (in /nix/store/HASH-openssl-3.6.4/lib/libcrypto.so.3)
==3813177==    by 0x123DA6F: crypto.backend_openssl.aeadInit (backend_openssl.zig:541)
==3813177==    by 0x122A49F: init (backend.zig:303)
==3813177==    by 0x122A49F: aead.Context.init (aead.zig:138)
==3813177==    by 0x122A253: RecordLayer.init (RecordLayer.zig:79)
==3813177==    by 0x12132E3: hkdf.Hkdf(crypto.hmac.Hmac(crypto.sha2.Sha2x32(.{ 1779033703, 3144134277, 1013904242, 2773480762, 1359893119, 2600822924, 528734635, 1541459225 },256))).makeRecordLayer (hkdf.zig:237)
==3813177==    by 0x12731F3: ServerHandshake.installHandshakeKeys (ServerHandshake.zig:1703)
==3813177==    by 0x1232B0B: ServerHandshake.processClientHelloMessage (ServerHandshake.zig:1364)
==3813177==    by 0x122FF83: ServerHandshake.acceptClientHello (ServerHandshake.zig:991)
==3813177==    by 0x15327EB: ServerHandshake.test.acceptClientHello: emits compatibility ChangeCipherSpec for non-empty legacy_session_id (ServerHandshake.zig:4211)
==3813177== 
==3813177== 1,152 (192 direct, 960 indirect) bytes in 1 blocks are definitely lost in loss record 335 of 578
==3813177==    at 0x4885E30: malloc (in /nix/store/HASH-valgrind-3.27.1/libexec/valgrind/vgpreload_memcheck-arm64-linux.so)
==3813177==    by 0x4B1FDE7: CRYPTO_malloc (in /nix/store/HASH-openssl-3.6.4/lib/libcrypto.so.3)
==3813177==    by 0x4B20053: CRYPTO_zalloc (in /nix/store/HASH-openssl-3.6.4/lib/libcrypto.so.3)
==3813177==    by 0x4ADC9DB: EVP_CIPHER_CTX_new (in /nix/store/HASH-openssl-3.6.4/lib/libcrypto.so.3)
==3813177==    by 0x123DA17: crypto.backend_openssl.aeadInit (backend_openssl.zig:539)
==3813177==    by 0x122A49F: init (backend.zig:303)
==3813177==    by 0x122A49F: aead.Context.init (aead.zig:138)
==3813177==    by 0x122A253: RecordLayer.init (RecordLayer.zig:79)
==3813177==    by 0x12132E3: hkdf.Hkdf(crypto.hmac.Hmac(crypto.sha2.Sha2x32(.{ 1779033703, 3144134277, 1013904242, 2773480762, 1359893119, 2600822924, 528734635, 1541459225 },256))).makeRecordLayer (hkdf.zig:237)
==3813177==    by 0x1273137: ServerHandshake.installHandshakeKeys (ServerHandshake.zig:1701)
==3813177==    by 0x1232B0B: ServerHandshake.processClientHelloMessage (ServerHandshake.zig:1364)
==3813177==    by 0x122FF83: ServerHandshake.acceptClientHello (ServerHandshake.zig:991)
==3813177==    by 0x1533517: ServerHandshake.test.sendAnonymousFlightForTest: client decrypts EncryptedExtensions and Finished (ServerHandshake.zig:4253)
==3813177== 
==3813177== 1,152 (192 direct, 960 indirect) bytes in 1 blocks are definitely lost in loss record 336 of 578
==3813177==    at 0x4885E30: malloc (in /nix/store/HASH-valgrind-3.27.1/libexec/valgrind/vgpreload_memcheck-arm64-linux.so)
==3813177==    by 0x4B1FDE7: CRYPTO_malloc (in /nix/store/HASH-openssl-3.6.4/lib/libcrypto.so.3)
==3813177==    by 0x4B20053: CRYPTO_zalloc (in /nix/store/HASH-openssl-3.6.4/lib/libcrypto.so.3)
==3813177==    by 0x4ADC9DB: EVP_CIPHER_CTX_new (in /nix/store/HASH-openssl-3.6.4/lib/libcrypto.so.3)
==3813177==    by 0x123DA6F: crypto.backend_openssl.aeadInit (backend_openssl.zig:541)
==3813177==    by 0x122A49F: init (backend.zig:303)
==3813177==    by 0x122A49F: aead.Context.init (aead.zig:138)
==3813177==    by 0x122A253: RecordLayer.init (RecordLayer.zig:79)
==3813177==    by 0x12132E3: hkdf.Hkdf(crypto.hmac.Hmac(crypto.sha2.Sha2x32(.{ 1779033703, 3144134277, 1013904242, 2773480762, 1359893119, 2600822924, 528734635, 1541459225 },256))).makeRecordLayer (hkdf.zig:237)
==3813177==    by 0x1273137: ServerHandshake.installHandshakeKeys (ServerHandshake.zig:1701)
==3813177==    by 0x1232B0B: ServerHandshake.processClientHelloMessage (ServerHandshake.zig:1364)
==3813177==    by 0x122FF83: ServerHandshake.acceptClientHello (ServerHandshake.zig:991)
==3813177==    by 0x1533517: ServerHandshake.test.sendAnonymousFlightForTest: client decrypts EncryptedExtensions and Finished (ServerHandshake.zig:4253)
==3813177== 
==3813177== 1,152 (192 direct, 960 indirect) bytes in 1 blocks are definitely lost in loss record 337 of 578
==3813177==    at 0x4885E30: malloc (in /nix/store/HASH-valgrind-3.27.1/libexec/valgrind/vgpreload_memcheck-arm64-linux.so)
==3813177==    by 0x4B1FDE7: CRYPTO_malloc (in /nix/store/HASH-openssl-3.6.4/lib/libcrypto.so.3)
==3813177==    by 0x4B20053: CRYPTO_zalloc (in /nix/store/HASH-openssl-3.6.4/lib/libcrypto.so.3)
==3813177==    by 0x4ADC9DB: EVP_CIPHER_CTX_new (in /nix/store/HASH-openssl-3.6.4/lib/libcrypto.so.3)
==3813177==    by 0x123DA17: crypto.backend_openssl.aeadInit (backend_openssl.zig:539)
==3813177==    by 0x122A49F: init (backend.zig:303)
==3813177==    by 0x122A49F: aead.Context.init (aead.zig:138)
==3813177==    by 0x122A253: RecordLayer.init (RecordLayer.zig:79)
==3813177==    by 0x12132E3: hkdf.Hkdf(crypto.hmac.Hmac(crypto.sha2.Sha2x32(.{ 1779033703, 3144134277, 1013904242, 2773480762, 1359893119, 2600822924, 528734635, 1541459225 },256))).makeRecordLayer (hkdf.zig:237)
==3813177==    by 0x121F7A7: ClientHandshake.Suite.deriveHandshakeKeys (ClientHandshake.zig:511)
==3813177==    by 0x121C18F: ClientHandshake.processServerHello (ClientHandshake.zig:1618)
==3813177==    by 0x15337B7: ServerHandshake.test.sendAnonymousFlightForTest: client decrypts EncryptedExtensions and Finished (ServerHandshake.zig:4266)
==3813177==    by 0x13D7EB7: test_runner.main (test_runner.zig:278)
==3813177== 
==3813177== 1,152 (192 direct, 960 indirect) bytes in 1 blocks are definitely lost in loss record 338 of 578
==3813177==    at 0x4885E30: malloc (in /nix/store/HASH-valgrind-3.27.1/libexec/valgrind/vgpreload_memcheck-arm64-linux.so)
==3813177==    by 0x4B1FDE7: CRYPTO_malloc (in /nix/store/HASH-openssl-3.6.4/lib/libcrypto.so.3)
==3813177==    by 0x4B20053: CRYPTO_zalloc (in /nix/store/HASH-openssl-3.6.4/lib/libcrypto.so.3)
==3813177==    by 0x4ADC9DB: EVP_CIPHER_CTX_new (in /nix/store/HASH-openssl-3.6.4/lib/libcrypto.so.3)
==3813177==    by 0x123DA6F: crypto.backend_openssl.aeadInit (backend_openssl.zig:541)
==3813177==    by 0x122A49F: init (backend.zig:303)
==3813177==    by 0x122A49F: aead.Context.init (aead.zig:138)
==3813177==    by 0x122A253: RecordLayer.init (RecordLayer.zig:79)
==3813177==    by 0x12132E3: hkdf.Hkdf(crypto.hmac.Hmac(crypto.sha2.Sha2x32(.{ 1779033703, 3144134277, 1013904242, 2773480762, 1359893119, 2600822924, 528734635, 1541459225 },256))).makeRecordLayer (hkdf.zig:237)
==3813177==    by 0x121F7A7: ClientHandshake.Suite.deriveHandshakeKeys (ClientHandshake.zig:511)
==3813177==    by 0x121C18F: ClientHandshake.processServerHello (ClientHandshake.zig:1618)
==3813177==    by 0x15337B7: ServerHandshake.test.sendAnonymousFlightForTest: client decrypts EncryptedExtensions and Finished (ServerHandshake.zig:4266)
==3813177==    by 0x13D7EB7: test_runner.main (test_runner.zig:278)
==3813177== 
==3813177== 1,152 (192 direct, 960 indirect) bytes in 1 blocks are definitely lost in loss record 339 of 578
==3813177==    at 0x4885E30: malloc (in /nix/store/HASH-valgrind-3.27.1/libexec/valgrind/vgpreload_memcheck-arm64-linux.so)
==3813177==    by 0x4B1FDE7: CRYPTO_malloc (in /nix/store/HASH-openssl-3.6.4/lib/libcrypto.so.3)
==3813177==    by 0x4B20053: CRYPTO_zalloc (in /nix/store/HASH-openssl-3.6.4/lib/libcrypto.so.3)
==3813177==    by 0x4ADC9DB: EVP_CIPHER_CTX_new (in /nix/store/HASH-openssl-3.6.4/lib/libcrypto.so.3)
==3813177==    by 0x123DA17: crypto.backend_openssl.aeadInit (backend_openssl.zig:539)
==3813177==    by 0x122A49F: init (backend.zig:303)
==3813177==    by 0x122A49F: aead.Context.init (aead.zig:138)
==3813177==    by 0x122A253: RecordLayer.init (RecordLayer.zig:79)
==3813177==    by 0x12132E3: hkdf.Hkdf(crypto.hmac.Hmac(crypto.sha2.Sha2x32(.{ 1779033703, 3144134277, 1013904242, 2773480762, 1359893119, 2600822924, 528734635, 1541459225 },256))).makeRecordLayer (hkdf.zig:237)
==3813177==    by 0x121F843: ClientHandshake.Suite.deriveHandshakeKeys (ClientHandshake.zig:513)
==3813177==    by 0x121C18F: ClientHandshake.processServerHello (ClientHandshake.zig:1618)
==3813177==    by 0x15337B7: ServerHandshake.test.sendAnonymousFlightForTest: client decrypts EncryptedExtensions and Finished (ServerHandshake.zig:4266)
==3813177==    by 0x13D7EB7: test_runner.main (test_runner.zig:278)
==3813177== 
==3813177== 1,152 (192 direct, 960 indirect) bytes in 1 blocks are definitely lost in loss record 340 of 578
==3813177==    at 0x4885E30: malloc (in /nix/store/HASH-valgrind-3.27.1/libexec/valgrind/vgpreload_memcheck-arm64-linux.so)
==3813177==    by 0x4B1FDE7: CRYPTO_malloc (in /nix/store/HASH-openssl-3.6.4/lib/libcrypto.so.3)
==3813177==    by 0x4B20053: CRYPTO_zalloc (in /nix/store/HASH-openssl-3.6.4/lib/libcrypto.so.3)
==3813177==    by 0x4ADC9DB: EVP_CIPHER_CTX_new (in /nix/store/HASH-openssl-3.6.4/lib/libcrypto.so.3)
==3813177==    by 0x123DA6F: crypto.backend_openssl.aeadInit (backend_openssl.zig:541)
==3813177==    by 0x122A49F: init (backend.zig:303)
==3813177==    by 0x122A49F: aead.Context.init (aead.zig:138)
==3813177==    by 0x122A253: RecordLayer.init (RecordLayer.zig:79)
==3813177==    by 0x12132E3: hkdf.Hkdf(crypto.hmac.Hmac(crypto.sha2.Sha2x32(.{ 1779033703, 3144134277, 1013904242, 2773480762, 1359893119, 2600822924, 528734635, 1541459225 },256))).makeRecordLayer (hkdf.zig:237)
==3813177==    by 0x121F843: ClientHandshake.Suite.deriveHandshakeKeys (ClientHandshake.zig:513)
==3813177==    by 0x121C18F: ClientHandshake.processServerHello (ClientHandshake.zig:1618)
==3813177==    by 0x15337B7: ServerHandshake.test.sendAnonymousFlightForTest: client decrypts EncryptedExtensions and Finished (ServerHandshake.zig:4266)
==3813177==    by 0x13D7EB7: test_runner.main (test_runner.zig:278)
==3813177== 
==3813177== 1,152 (192 direct, 960 indirect) bytes in 1 blocks are definitely lost in loss record 341 of 578
==3813177==    at 0x4885E30: malloc (in /nix/store/HASH-valgrind-3.27.1/libexec/valgrind/vgpreload_memcheck-arm64-linux.so)
==3813177==    by 0x4B1FDE7: CRYPTO_malloc (in /nix/store/HASH-openssl-3.6.4/lib/libcrypto.so.3)
==3813177==    by 0x4B20053: CRYPTO_zalloc (in /nix/store/HASH-openssl-3.6.4/lib/libcrypto.so.3)
==3813177==    by 0x4ADC9DB: EVP_CIPHER_CTX_new (in /nix/store/HASH-openssl-3.6.4/lib/libcrypto.so.3)
==3813177==    by 0x123DA17: crypto.backend_openssl.aeadInit (backend_openssl.zig:539)
==3813177==    by 0x122A49F: init (backend.zig:303)
==3813177==    by 0x122A49F: aead.Context.init (aead.zig:138)
==3813177==    by 0x122A253: RecordLayer.init (RecordLayer.zig:79)
==3813177==    by 0x12132E3: hkdf.Hkdf(crypto.hmac.Hmac(crypto.sha2.Sha2x32(.{ 1779033703, 3144134277, 1013904242, 2773480762, 1359893119, 2600822924, 528734635, 1541459225 },256))).makeRecordLayer (hkdf.zig:237)
==3813177==    by 0x12748CF: ServerHandshake.prepareServerApplicationWriteKey (ServerHandshake.zig:2020)
==3813177==    by 0x1234AB3: ServerHandshake.encryptServerFlight (ServerHandshake.zig:1982)
==3813177==    by 0x151C1B7: ServerHandshake.sendAnonymousFlightForTest (ServerHandshake.zig:1744)
==3813177==    by 0x1533897: ServerHandshake.test.sendAnonymousFlightForTest: client decrypts EncryptedExtensions and Finished (ServerHandshake.zig:4269)
==3813177== 
==3813177== 1,152 (192 direct, 960 indirect) bytes in 1 blocks are definitely lost in loss record 342 of 578
==3813177==    at 0x4885E30: malloc (in /nix/store/HASH-valgrind-3.27.1/libexec/valgrind/vgpreload_memcheck-arm64-linux.so)
==3813177==    by 0x4B1FDE7: CRYPTO_malloc (in /nix/store/HASH-openssl-3.6.4/lib/libcrypto.so.3)
==3813177==    by 0x4B20053: CRYPTO_zalloc (in /nix/store/HASH-openssl-3.6.4/lib/libcrypto.so.3)
==3813177==    by 0x4ADC9DB: EVP_CIPHER_CTX_new (in /nix/store/HASH-openssl-3.6.4/lib/libcrypto.so.3)
==3813177==    by 0x123DA6F: crypto.backend_openssl.aeadInit (backend_openssl.zig:541)
==3813177==    by 0x122A49F: init (backend.zig:303)
==3813177==    by 0x122A49F: aead.Context.init (aead.zig:138)
==3813177==    by 0x122A253: RecordLayer.init (RecordLayer.zig:79)
==3813177==    by 0x12132E3: hkdf.Hkdf(crypto.hmac.Hmac(crypto.sha2.Sha2x32(.{ 1779033703, 3144134277, 1013904242, 2773480762, 1359893119, 2600822924, 528734635, 1541459225 },256))).makeRecordLayer (hkdf.zig:237)
==3813177==    by 0x12748CF: ServerHandshake.prepareServerApplicationWriteKey (ServerHandshake.zig:2020)
==3813177==    by 0x1234AB3: ServerHandshake.encryptServerFlight (ServerHandshake.zig:1982)
==3813177==    by 0x151C1B7: ServerHandshake.sendAnonymousFlightForTest (ServerHandshake.zig:1744)
==3813177==    by 0x1533897: ServerHandshake.test.sendAnonymousFlightForTest: client decrypts EncryptedExtensions and Finished (ServerHandshake.zig:4269)
==3813177== 
==3813177== 1,152 (192 direct, 960 indirect) bytes in 1 blocks are definitely lost in loss record 343 of 578
==3813177==    at 0x4885E30: malloc (in /nix/store/HASH-valgrind-3.27.1/libexec/valgrind/vgpreload_memcheck-arm64-linux.so)
==3813177==    by 0x4B1FDE7: CRYPTO_malloc (in /nix/store/HASH-openssl-3.6.4/lib/libcrypto.so.3)
==3813177==    by 0x4B20053: CRYPTO_zalloc (in /nix/store/HASH-openssl-3.6.4/lib/libcrypto.so.3)
==3813177==    by 0x4ADC9DB: EVP_CIPHER_CTX_new (in /nix/store/HASH-openssl-3.6.4/lib/libcrypto.so.3)
==3813177==    by 0x123DA17: crypto.backend_openssl.aeadInit (backend_openssl.zig:539)
==3813177==    by 0x122A49F: init (backend.zig:303)
==3813177==    by 0x122A49F: aead.Context.init (aead.zig:138)
==3813177==    by 0x122A253: RecordLayer.init (RecordLayer.zig:79)
==3813177==    by 0x12132E3: hkdf.Hkdf(crypto.hmac.Hmac(crypto.sha2.Sha2x32(.{ 1779033703, 3144134277, 1013904242, 2773480762, 1359893119, 2600822924, 528734635, 1541459225 },256))).makeRecordLayer (hkdf.zig:237)
==3813177==    by 0x1273137: ServerHandshake.installHandshakeKeys (ServerHandshake.zig:1701)
==3813177==    by 0x1232B0B: ServerHandshake.processClientHelloMessage (ServerHandshake.zig:1364)
==3813177==    by 0x122FF83: ServerHandshake.acceptClientHello (ServerHandshake.zig:991)
==3813177==    by 0x1534753: ServerHandshake.test.sendPreparedServerFlight: credentials and pending write are enforced (ServerHandshake.zig:4311)
==3813177== 
==3813177== 1,152 (192 direct, 960 indirect) bytes in 1 blocks are definitely lost in loss record 344 of 578
==3813177==    at 0x4885E30: malloc (in /nix/store/HASH-valgrind-3.27.1/libexec/valgrind/vgpreload_memcheck-arm64-linux.so)
==3813177==    by 0x4B1FDE7: CRYPTO_malloc (in /nix/store/HASH-openssl-3.6.4/lib/libcrypto.so.3)
==3813177==    by 0x4B20053: CRYPTO_zalloc (in /nix/store/HASH-openssl-3.6.4/lib/libcrypto.so.3)
==3813177==    by 0x4ADC9DB: EVP_CIPHER_CTX_new (in /nix/store/HASH-openssl-3.6.4/lib/libcrypto.so.3)
==3813177==    by 0x123DA6F: crypto.backend_openssl.aeadInit (backend_openssl.zig:541)
==3813177==    by 0x122A49F: init (backend.zig:303)
==3813177==    by 0x122A49F: aead.Context.init (aead.zig:138)
==3813177==    by 0x122A253: RecordLayer.init (RecordLayer.zig:79)
==3813177==    by 0x12132E3: hkdf.Hkdf(crypto.hmac.Hmac(crypto.sha2.Sha2x32(.{ 1779033703, 3144134277, 1013904242, 2773480762, 1359893119, 2600822924, 528734635, 1541459225 },256))).makeRecordLayer (hkdf.zig:237)
==3813177==    by 0x1273137: ServerHandshake.installHandshakeKeys (ServerHandshake.zig:1701)
==3813177==    by 0x1232B0B: ServerHandshake.processClientHelloMessage (ServerHandshake.zig:1364)
==3813177==    by 0x122FF83: ServerHandshake.acceptClientHello (ServerHandshake.zig:991)
==3813177==    by 0x1534753: ServerHandshake.test.sendPreparedServerFlight: credentials and pending write are enforced (ServerHandshake.zig:4311)
==3813177== 
==3813177== 1,152 (192 direct, 960 indirect) bytes in 1 blocks are definitely lost in loss record 345 of 578
==3813177==    at 0x4885E30: malloc (in /nix/store/HASH-valgrind-3.27.1/libexec/valgrind/vgpreload_memcheck-arm64-linux.so)
==3813177==    by 0x4B1FDE7: CRYPTO_malloc (in /nix/store/HASH-openssl-3.6.4/lib/libcrypto.so.3)
==3813177==    by 0x4B20053: CRYPTO_zalloc (in /nix/store/HASH-openssl-3.6.4/lib/libcrypto.so.3)
==3813177==    by 0x4ADC9DB: EVP_CIPHER_CTX_new (in /nix/store/HASH-openssl-3.6.4/lib/libcrypto.so.3)
==3813177==    by 0x123DA17: crypto.backend_openssl.aeadInit (backend_openssl.zig:539)
==3813177==    by 0x122A49F: init (backend.zig:303)
==3813177==    by 0x122A49F: aead.Context.init (aead.zig:138)
==3813177==    by 0x122A253: RecordLayer.init (RecordLayer.zig:79)
==3813177==    by 0x12132E3: hkdf.Hkdf(crypto.hmac.Hmac(crypto.sha2.Sha2x32(.{ 1779033703, 3144134277, 1013904242, 2773480762, 1359893119, 2600822924, 528734635, 1541459225 },256))).makeRecordLayer (hkdf.zig:237)
==3813177==    by 0x12731F3: ServerHandshake.installHandshakeKeys (ServerHandshake.zig:1703)
==3813177==    by 0x1232B0B: ServerHandshake.processClientHelloMessage (ServerHandshake.zig:1364)
==3813177==    by 0x122FF83: ServerHandshake.acceptClientHello (ServerHandshake.zig:991)
==3813177==    by 0x1534753: ServerHandshake.test.sendPreparedServerFlight: credentials and pending write are enforced (ServerHandshake.zig:4311)
==3813177== 
==3813177== 1,152 (192 direct, 960 indirect) bytes in 1 blocks are definitely lost in loss record 346 of 578
==3813177==    at 0x4885E30: malloc (in /nix/store/HASH-valgrind-3.27.1/libexec/valgrind/vgpreload_memcheck-arm64-linux.so)
==3813177==    by 0x4B1FDE7: CRYPTO_malloc (in /nix/store/HASH-openssl-3.6.4/lib/libcrypto.so.3)
==3813177==    by 0x4B20053: CRYPTO_zalloc (in /nix/store/HASH-openssl-3.6.4/lib/libcrypto.so.3)
==3813177==    by 0x4ADC9DB: EVP_CIPHER_CTX_new (in /nix/store/HASH-openssl-3.6.4/lib/libcrypto.so.3)
==3813177==    by 0x123DA6F: crypto.backend_openssl.aeadInit (backend_openssl.zig:541)
==3813177==    by 0x122A49F: init (backend.zig:303)
==3813177==    by 0x122A49F: aead.Context.init (aead.zig:138)
==3813177==    by 0x122A253: RecordLayer.init (RecordLayer.zig:79)
==3813177==    by 0x12132E3: hkdf.Hkdf(crypto.hmac.Hmac(crypto.sha2.Sha2x32(.{ 1779033703, 3144134277, 1013904242, 2773480762, 1359893119, 2600822924, 528734635, 1541459225 },256))).makeRecordLayer (hkdf.zig:237)
==3813177==    by 0x12731F3: ServerHandshake.installHandshakeKeys (ServerHandshake.zig:1703)
==3813177==    by 0x1232B0B: ServerHandshake.processClientHelloMessage (ServerHandshake.zig:1364)
==3813177==    by 0x122FF83: ServerHandshake.acceptClientHello (ServerHandshake.zig:991)
==3813177==    by 0x1534753: ServerHandshake.test.sendPreparedServerFlight: credentials and pending write are enforced (ServerHandshake.zig:4311)
==3813177== 
==3813177== 1,152 (192 direct, 960 indirect) bytes in 1 blocks are definitely lost in loss record 347 of 578
==3813177==    at 0x4885E30: malloc (in /nix/store/HASH-valgrind-3.27.1/libexec/valgrind/vgpreload_memcheck-arm64-linux.so)
==3813177==    by 0x4B1FDE7: CRYPTO_malloc (in /nix/store/HASH-openssl-3.6.4/lib/libcrypto.so.3)
==3813177==    by 0x4B20053: CRYPTO_zalloc (in /nix/store/HASH-openssl-3.6.4/lib/libcrypto.so.3)
==3813177==    by 0x4ADC9DB: EVP_CIPHER_CTX_new (in /nix/store/HASH-openssl-3.6.4/lib/libcrypto.so.3)
==3813177==    by 0x123DA17: crypto.backend_openssl.aeadInit (backend_openssl.zig:539)
==3813177==    by 0x122A49F: init (backend.zig:303)
==3813177==    by 0x122A49F: aead.Context.init (aead.zig:138)
==3813177==    by 0x122A253: RecordLayer.init (RecordLayer.zig:79)
==3813177==    by 0x12132E3: hkdf.Hkdf(crypto.hmac.Hmac(crypto.sha2.Sha2x32(.{ 1779033703, 3144134277, 1013904242, 2773480762, 1359893119, 2600822924, 528734635, 1541459225 },256))).makeRecordLayer (hkdf.zig:237)
==3813177==    by 0x1273137: ServerHandshake.installHandshakeKeys (ServerHandshake.zig:1701)
==3813177==    by 0x1232B0B: ServerHandshake.processClientHelloMessage (ServerHandshake.zig:1364)
==3813177==    by 0x122FF83: ServerHandshake.acceptClientHello (ServerHandshake.zig:991)
==3813177==    by 0x1534B73: ServerHandshake.test.sendPreparedServerFlight: credentials and pending write are enforced (ServerHandshake.zig:4326)
==3813177== 
==3813177== 1,152 (192 direct, 960 indirect) bytes in 1 blocks are definitely lost in loss record 348 of 578
==3813177==    at 0x4885E30: malloc (in /nix/store/HASH-valgrind-3.27.1/libexec/valgrind/vgpreload_memcheck-arm64-linux.so)
==3813177==    by 0x4B1FDE7: CRYPTO_malloc (in /nix/store/HASH-openssl-3.6.4/lib/libcrypto.so.3)
==3813177==    by 0x4B20053: CRYPTO_zalloc (in /nix/store/HASH-openssl-3.6.4/lib/libcrypto.so.3)
==3813177==    by 0x4ADC9DB: EVP_CIPHER_CTX_new (in /nix/store/HASH-openssl-3.6.4/lib/libcrypto.so.3)
==3813177==    by 0x123DA6F: crypto.backend_openssl.aeadInit (backend_openssl.zig:541)
==3813177==    by 0x122A49F: init (backend.zig:303)
==3813177==    by 0x122A49F: aead.Context.init (aead.zig:138)
==3813177==    by 0x122A253: RecordLayer.init (RecordLayer.zig:79)
==3813177==    by 0x12132E3: hkdf.Hkdf(crypto.hmac.Hmac(crypto.sha2.Sha2x32(.{ 1779033703, 3144134277, 1013904242, 2773480762, 1359893119, 2600822924, 528734635, 1541459225 },256))).makeRecordLayer (hkdf.zig:237)
==3813177==    by 0x1273137: ServerHandshake.installHandshakeKeys (ServerHandshake.zig:1701)
==3813177==    by 0x1232B0B: ServerHandshake.processClientHelloMessage (ServerHandshake.zig:1364)
==3813177==    by 0x122FF83: ServerHandshake.acceptClientHello (ServerHandshake.zig:991)
==3813177==    by 0x1534B73: ServerHandshake.test.sendPreparedServerFlight: credentials and pending write are enforced (ServerHandshake.zig:4326)
==3813177== 
==3813177== 1,152 (192 direct, 960 indirect) bytes in 1 blocks are definitely lost in loss record 349 of 578
==3813177==    at 0x4885E30: malloc (in /nix/store/HASH-valgrind-3.27.1/libexec/valgrind/vgpreload_memcheck-arm64-linux.so)
==3813177==    by 0x4B1FDE7: CRYPTO_malloc (in /nix/store/HASH-openssl-3.6.4/lib/libcrypto.so.3)
==3813177==    by 0x4B20053: CRYPTO_zalloc (in /nix/store/HASH-openssl-3.6.4/lib/libcrypto.so.3)
==3813177==    by 0x4ADC9DB: EVP_CIPHER_CTX_new (in /nix/store/HASH-openssl-3.6.4/lib/libcrypto.so.3)
==3813177==    by 0x123DA17: crypto.backend_openssl.aeadInit (backend_openssl.zig:539)
==3813177==    by 0x122A49F: init (backend.zig:303)
==3813177==    by 0x122A49F: aead.Context.init (aead.zig:138)
==3813177==    by 0x122A253: RecordLayer.init (RecordLayer.zig:79)
==3813177==    by 0x12132E3: hkdf.Hkdf(crypto.hmac.Hmac(crypto.sha2.Sha2x32(.{ 1779033703, 3144134277, 1013904242, 2773480762, 1359893119, 2600822924, 528734635, 1541459225 },256))).makeRecordLayer (hkdf.zig:237)
==3813177==    by 0x12748CF: ServerHandshake.prepareServerApplicationWriteKey (ServerHandshake.zig:2020)
==3813177==    by 0x123523B: ServerHandshake.encryptPreparedServerFlight (ServerHandshake.zig:1998)
==3813177==    by 0x12359AF: ServerHandshake.sendPreparedServerFlight (ServerHandshake.zig:1887)
==3813177==    by 0x1534CFF: ServerHandshake.test.sendPreparedServerFlight: credentials and pending write are enforced (ServerHandshake.zig:4331)
==3813177== 
==3813177== 1,152 (192 direct, 960 indirect) bytes in 1 blocks are definitely lost in loss record 350 of 578
==3813177==    at 0x4885E30: malloc (in /nix/store/HASH-valgrind-3.27.1/libexec/valgrind/vgpreload_memcheck-arm64-linux.so)
==3813177==    by 0x4B1FDE7: CRYPTO_malloc (in /nix/store/HASH-openssl-3.6.4/lib/libcrypto.so.3)
==3813177==    by 0x4B20053: CRYPTO_zalloc (in /nix/store/HASH-openssl-3.6.4/lib/libcrypto.so.3)
==3813177==    by 0x4ADC9DB: EVP_CIPHER_CTX_new (in /nix/store/HASH-openssl-3.6.4/lib/libcrypto.so.3)
==3813177==    by 0x123DA6F: crypto.backend_openssl.aeadInit (backend_openssl.zig:541)
==3813177==    by 0x122A49F: init (backend.zig:303)
==3813177==    by 0x122A49F: aead.Context.init (aead.zig:138)
==3813177==    by 0x122A253: RecordLayer.init (RecordLayer.zig:79)
==3813177==    by 0x12132E3: hkdf.Hkdf(crypto.hmac.Hmac(crypto.sha2.Sha2x32(.{ 1779033703, 3144134277, 1013904242, 2773480762, 1359893119, 2600822924, 528734635, 1541459225 },256))).makeRecordLayer (hkdf.zig:237)
==3813177==    by 0x12748CF: ServerHandshake.prepareServerApplicationWriteKey (ServerHandshake.zig:2020)
==3813177==    by 0x123523B: ServerHandshake.encryptPreparedServerFlight (ServerHandshake.zig:1998)
==3813177==    by 0x12359AF: ServerHandshake.sendPreparedServerFlight (ServerHandshake.zig:1887)
==3813177==    by 0x1534CFF: ServerHandshake.test.sendPreparedServerFlight: credentials and pending write are enforced (ServerHandshake.zig:4331)
==3813177== 
==3813177== 1,152 (192 direct, 960 indirect) bytes in 1 blocks are definitely lost in loss record 351 of 578
==3813177==    at 0x4885E30: malloc (in /nix/store/HASH-valgrind-3.27.1/libexec/valgrind/vgpreload_memcheck-arm64-linux.so)
==3813177==    by 0x4B1FDE7: CRYPTO_malloc (in /nix/store/HASH-openssl-3.6.4/lib/libcrypto.so.3)
==3813177==    by 0x4B20053: CRYPTO_zalloc (in /nix/store/HASH-openssl-3.6.4/lib/libcrypto.so.3)
==3813177==    by 0x4ADC9DB: EVP_CIPHER_CTX_new (in /nix/store/HASH-openssl-3.6.4/lib/libcrypto.so.3)
==3813177==    by 0x123DA17: crypto.backend_openssl.aeadInit (backend_openssl.zig:539)
==3813177==    by 0x122A49F: init (backend.zig:303)
==3813177==    by 0x122A49F: aead.Context.init (aead.zig:138)
==3813177==    by 0x122A253: RecordLayer.init (RecordLayer.zig:79)
==3813177==    by 0x12132E3: hkdf.Hkdf(crypto.hmac.Hmac(crypto.sha2.Sha2x32(.{ 1779033703, 3144134277, 1013904242, 2773480762, 1359893119, 2600822924, 528734635, 1541459225 },256))).makeRecordLayer (hkdf.zig:237)
==3813177==    by 0x1273137: ServerHandshake.installHandshakeKeys (ServerHandshake.zig:1701)
==3813177==    by 0x1232B0B: ServerHandshake.processClientHelloMessage (ServerHandshake.zig:1364)
==3813177==    by 0x122FF83: ServerHandshake.acceptClientHello (ServerHandshake.zig:991)
==3813177==    by 0x1536EFF: ServerHandshake.test.sendAuthenticatedFlight: client decrypts authenticated server flight (ServerHandshake.zig:4429)
==3813177== 
==3813177== 1,152 (192 direct, 960 indirect) bytes in 1 blocks are definitely lost in loss record 352 of 578
==3813177==    at 0x4885E30: malloc (in /nix/store/HASH-valgrind-3.27.1/libexec/valgrind/vgpreload_memcheck-arm64-linux.so)
==3813177==    by 0x4B1FDE7: CRYPTO_malloc (in /nix/store/HASH-openssl-3.6.4/lib/libcrypto.so.3)
==3813177==    by 0x4B20053: CRYPTO_zalloc (in /nix/store/HASH-openssl-3.6.4/lib/libcrypto.so.3)
==3813177==    by 0x4ADC9DB: EVP_CIPHER_CTX_new (in /nix/store/HASH-openssl-3.6.4/lib/libcrypto.so.3)
==3813177==    by 0x123DA6F: crypto.backend_openssl.aeadInit (backend_openssl.zig:541)
==3813177==    by 0x122A49F: init (backend.zig:303)
==3813177==    by 0x122A49F: aead.Context.init (aead.zig:138)
==3813177==    by 0x122A253: RecordLayer.init (RecordLayer.zig:79)
==3813177==    by 0x12132E3: hkdf.Hkdf(crypto.hmac.Hmac(crypto.sha2.Sha2x32(.{ 1779033703, 3144134277, 1013904242, 2773480762, 1359893119, 2600822924, 528734635, 1541459225 },256))).makeRecordLayer (hkdf.zig:237)
==3813177==    by 0x1273137: ServerHandshake.installHandshakeKeys (ServerHandshake.zig:1701)
==3813177==    by 0x1232B0B: ServerHandshake.processClientHelloMessage (ServerHandshake.zig:1364)
==3813177==    by 0x122FF83: ServerHandshake.acceptClientHello (ServerHandshake.zig:991)
==3813177==    by 0x1536EFF: ServerHandshake.test.sendAuthenticatedFlight: client decrypts authenticated server flight (ServerHandshake.zig:4429)
==3813177== 
==3813177== 1,152 (192 direct, 960 indirect) bytes in 1 blocks are definitely lost in loss record 353 of 578
==3813177==    at 0x4885E30: malloc (in /nix/store/HASH-valgrind-3.27.1/libexec/valgrind/vgpreload_memcheck-arm64-linux.so)
==3813177==    by 0x4B1FDE7: CRYPTO_malloc (in /nix/store/HASH-openssl-3.6.4/lib/libcrypto.so.3)
==3813177==    by 0x4B20053: CRYPTO_zalloc (in /nix/store/HASH-openssl-3.6.4/lib/libcrypto.so.3)
==3813177==    by 0x4ADC9DB: EVP_CIPHER_CTX_new (in /nix/store/HASH-openssl-3.6.4/lib/libcrypto.so.3)
==3813177==    by 0x123DA17: crypto.backend_openssl.aeadInit (backend_openssl.zig:539)
==3813177==    by 0x122A49F: init (backend.zig:303)
==3813177==    by 0x122A49F: aead.Context.init (aead.zig:138)
==3813177==    by 0x122A253: RecordLayer.init (RecordLayer.zig:79)
==3813177==    by 0x12132E3: hkdf.Hkdf(crypto.hmac.Hmac(crypto.sha2.Sha2x32(.{ 1779033703, 3144134277, 1013904242, 2773480762, 1359893119, 2600822924, 528734635, 1541459225 },256))).makeRecordLayer (hkdf.zig:237)
==3813177==    by 0x121F7A7: ClientHandshake.Suite.deriveHandshakeKeys (ClientHandshake.zig:511)
==3813177==    by 0x121C18F: ClientHandshake.processServerHello (ClientHandshake.zig:1618)
==3813177==    by 0x15375BB: ServerHandshake.test.sendAuthenticatedFlight: client decrypts authenticated server flight (ServerHandshake.zig:4459)
==3813177==    by 0x13D7EB7: test_runner.main (test_runner.zig:278)
==3813177== 
==3813177== 1,152 (192 direct, 960 indirect) bytes in 1 blocks are definitely lost in loss record 354 of 578
==3813177==    at 0x4885E30: malloc (in /nix/store/HASH-valgrind-3.27.1/libexec/valgrind/vgpreload_memcheck-arm64-linux.so)
==3813177==    by 0x4B1FDE7: CRYPTO_malloc (in /nix/store/HASH-openssl-3.6.4/lib/libcrypto.so.3)
==3813177==    by 0x4B20053: CRYPTO_zalloc (in /nix/store/HASH-openssl-3.6.4/lib/libcrypto.so.3)
==3813177==    by 0x4ADC9DB: EVP_CIPHER_CTX_new (in /nix/store/HASH-openssl-3.6.4/lib/libcrypto.so.3)
==3813177==    by 0x123DA6F: crypto.backend_openssl.aeadInit (backend_openssl.zig:541)
==3813177==    by 0x122A49F: init (backend.zig:303)
==3813177==    by 0x122A49F: aead.Context.init (aead.zig:138)
==3813177==    by 0x122A253: RecordLayer.init (RecordLayer.zig:79)
==3813177==    by 0x12132E3: hkdf.Hkdf(crypto.hmac.Hmac(crypto.sha2.Sha2x32(.{ 1779033703, 3144134277, 1013904242, 2773480762, 1359893119, 2600822924, 528734635, 1541459225 },256))).makeRecordLayer (hkdf.zig:237)
==3813177==    by 0x121F7A7: ClientHandshake.Suite.deriveHandshakeKeys (ClientHandshake.zig:511)
==3813177==    by 0x121C18F: ClientHandshake.processServerHello (ClientHandshake.zig:1618)
==3813177==    by 0x15375BB: ServerHandshake.test.sendAuthenticatedFlight: client decrypts authenticated server flight (ServerHandshake.zig:4459)
==3813177==    by 0x13D7EB7: test_runner.main (test_runner.zig:278)
==3813177== 
==3813177== 1,152 (192 direct, 960 indirect) bytes in 1 blocks are definitely lost in loss record 355 of 578
==3813177==    at 0x4885E30: malloc (in /nix/store/HASH-valgrind-3.27.1/libexec/valgrind/vgpreload_memcheck-arm64-linux.so)
==3813177==    by 0x4B1FDE7: CRYPTO_malloc (in /nix/store/HASH-openssl-3.6.4/lib/libcrypto.so.3)
==3813177==    by 0x4B20053: CRYPTO_zalloc (in /nix/store/HASH-openssl-3.6.4/lib/libcrypto.so.3)
==3813177==    by 0x4ADC9DB: EVP_CIPHER_CTX_new (in /nix/store/HASH-openssl-3.6.4/lib/libcrypto.so.3)
==3813177==    by 0x123DA17: crypto.backend_openssl.aeadInit (backend_openssl.zig:539)
==3813177==    by 0x122A49F: init (backend.zig:303)
==3813177==    by 0x122A49F: aead.Context.init (aead.zig:138)
==3813177==    by 0x122A253: RecordLayer.init (RecordLayer.zig:79)
==3813177==    by 0x12132E3: hkdf.Hkdf(crypto.hmac.Hmac(crypto.sha2.Sha2x32(.{ 1779033703, 3144134277, 1013904242, 2773480762, 1359893119, 2600822924, 528734635, 1541459225 },256))).makeRecordLayer (hkdf.zig:237)
==3813177==    by 0x121F843: ClientHandshake.Suite.deriveHandshakeKeys (ClientHandshake.zig:513)
==3813177==    by 0x121C18F: ClientHandshake.processServerHello (ClientHandshake.zig:1618)
==3813177==    by 0x15375BB: ServerHandshake.test.sendAuthenticatedFlight: client decrypts authenticated server flight (ServerHandshake.zig:4459)
==3813177==    by 0x13D7EB7: test_runner.main (test_runner.zig:278)
==3813177== 
==3813177== 1,152 (192 direct, 960 indirect) bytes in 1 blocks are definitely lost in loss record 356 of 578
==3813177==    at 0x4885E30: malloc (in /nix/store/HASH-valgrind-3.27.1/libexec/valgrind/vgpreload_memcheck-arm64-linux.so)
==3813177==    by 0x4B1FDE7: CRYPTO_malloc (in /nix/store/HASH-openssl-3.6.4/lib/libcrypto.so.3)
==3813177==    by 0x4B20053: CRYPTO_zalloc (in /nix/store/HASH-openssl-3.6.4/lib/libcrypto.so.3)
==3813177==    by 0x4ADC9DB: EVP_CIPHER_CTX_new (in /nix/store/HASH-openssl-3.6.4/lib/libcrypto.so.3)
==3813177==    by 0x123DA6F: crypto.backend_openssl.aeadInit (backend_openssl.zig:541)
==3813177==    by 0x122A49F: init (backend.zig:303)
==3813177==    by 0x122A49F: aead.Context.init (aead.zig:138)
==3813177==    by 0x122A253: RecordLayer.init (RecordLayer.zig:79)
==3813177==    by 0x12132E3: hkdf.Hkdf(crypto.hmac.Hmac(crypto.sha2.Sha2x32(.{ 1779033703, 3144134277, 1013904242, 2773480762, 1359893119, 2600822924, 528734635, 1541459225 },256))).makeRecordLayer (hkdf.zig:237)
==3813177==    by 0x121F843: ClientHandshake.Suite.deriveHandshakeKeys (ClientHandshake.zig:513)
==3813177==    by 0x121C18F: ClientHandshake.processServerHello (ClientHandshake.zig:1618)
==3813177==    by 0x15375BB: ServerHandshake.test.sendAuthenticatedFlight: client decrypts authenticated server flight (ServerHandshake.zig:4459)
==3813177==    by 0x13D7EB7: test_runner.main (test_runner.zig:278)
==3813177== 
==3813177== 1,152 (192 direct, 960 indirect) bytes in 1 blocks are definitely lost in loss record 357 of 578
==3813177==    at 0x4885E30: malloc (in /nix/store/HASH-valgrind-3.27.1/libexec/valgrind/vgpreload_memcheck-arm64-linux.so)
==3813177==    by 0x4B1FDE7: CRYPTO_malloc (in /nix/store/HASH-openssl-3.6.4/lib/libcrypto.so.3)
==3813177==    by 0x4B20053: CRYPTO_zalloc (in /nix/store/HASH-openssl-3.6.4/lib/libcrypto.so.3)
==3813177==    by 0x4ADC9DB: EVP_CIPHER_CTX_new (in /nix/store/HASH-openssl-3.6.4/lib/libcrypto.so.3)
==3813177==    by 0x123DA17: crypto.backend_openssl.aeadInit (backend_openssl.zig:539)
==3813177==    by 0x122A49F: init (backend.zig:303)
==3813177==    by 0x122A49F: aead.Context.init (aead.zig:138)
==3813177==    by 0x122A253: RecordLayer.init (RecordLayer.zig:79)
==3813177==    by 0x12132E3: hkdf.Hkdf(crypto.hmac.Hmac(crypto.sha2.Sha2x32(.{ 1779033703, 3144134277, 1013904242, 2773480762, 1359893119, 2600822924, 528734635, 1541459225 },256))).makeRecordLayer (hkdf.zig:237)
==3813177==    by 0x1273137: ServerHandshake.installHandshakeKeys (ServerHandshake.zig:1701)
==3813177==    by 0x1232B0B: ServerHandshake.processClientHelloMessage (ServerHandshake.zig:1364)
==3813177==    by 0x122FF83: ServerHandshake.acceptClientHello (ServerHandshake.zig:991)
==3813177==    by 0x15383E3: ServerHandshake.test.sendAuthenticatedFlight: optional client auth sends CertificateRequest (ServerHandshake.zig:4490)
==3813177== 
==3813177== 1,152 (192 direct, 960 indirect) bytes in 1 blocks are definitely lost in loss record 358 of 578
==3813177==    at 0x4885E30: malloc (in /nix/store/HASH-valgrind-3.27.1/libexec/valgrind/vgpreload_memcheck-arm64-linux.so)
==3813177==    by 0x4B1FDE7: CRYPTO_malloc (in /nix/store/HASH-openssl-3.6.4/lib/libcrypto.so.3)
==3813177==    by 0x4B20053: CRYPTO_zalloc (in /nix/store/HASH-openssl-3.6.4/lib/libcrypto.so.3)
==3813177==    by 0x4ADC9DB: EVP_CIPHER_CTX_new (in /nix/store/HASH-openssl-3.6.4/lib/libcrypto.so.3)
==3813177==    by 0x123DA6F: crypto.backend_openssl.aeadInit (backend_openssl.zig:541)
==3813177==    by 0x122A49F: init (backend.zig:303)
==3813177==    by 0x122A49F: aead.Context.init (aead.zig:138)
==3813177==    by 0x122A253: RecordLayer.init (RecordLayer.zig:79)
==3813177==    by 0x12132E3: hkdf.Hkdf(crypto.hmac.Hmac(crypto.sha2.Sha2x32(.{ 1779033703, 3144134277, 1013904242, 2773480762, 1359893119, 2600822924, 528734635, 1541459225 },256))).makeRecordLayer (hkdf.zig:237)
==3813177==    by 0x1273137: ServerHandshake.installHandshakeKeys (ServerHandshake.zig:1701)
==3813177==    by 0x1232B0B: ServerHandshake.processClientHelloMessage (ServerHandshake.zig:1364)
==3813177==    by 0x122FF83: ServerHandshake.acceptClientHello (ServerHandshake.zig:991)
==3813177==    by 0x15383E3: ServerHandshake.test.sendAuthenticatedFlight: optional client auth sends CertificateRequest (ServerHandshake.zig:4490)
==3813177== 
==3813177== 1,152 (192 direct, 960 indirect) bytes in 1 blocks are definitely lost in loss record 359 of 578
==3813177==    at 0x4885E30: malloc (in /nix/store/HASH-valgrind-3.27.1/libexec/valgrind/vgpreload_memcheck-arm64-linux.so)
==3813177==    by 0x4B1FDE7: CRYPTO_malloc (in /nix/store/HASH-openssl-3.6.4/lib/libcrypto.so.3)
==3813177==    by 0x4B20053: CRYPTO_zalloc (in /nix/store/HASH-openssl-3.6.4/lib/libcrypto.so.3)
==3813177==    by 0x4ADC9DB: EVP_CIPHER_CTX_new (in /nix/store/HASH-openssl-3.6.4/lib/libcrypto.so.3)
==3813177==    by 0x123DA17: crypto.backend_openssl.aeadInit (backend_openssl.zig:539)
==3813177==    by 0x122A49F: init (backend.zig:303)
==3813177==    by 0x122A49F: aead.Context.init (aead.zig:138)
==3813177==    by 0x122A253: RecordLayer.init (RecordLayer.zig:79)
==3813177==    by 0x12132E3: hkdf.Hkdf(crypto.hmac.Hmac(crypto.sha2.Sha2x32(.{ 1779033703, 3144134277, 1013904242, 2773480762, 1359893119, 2600822924, 528734635, 1541459225 },256))).makeRecordLayer (hkdf.zig:237)
==3813177==    by 0x121F7A7: ClientHandshake.Suite.deriveHandshakeKeys (ClientHandshake.zig:511)
==3813177==    by 0x121C18F: ClientHandshake.processServerHello (ClientHandshake.zig:1618)
==3813177==    by 0x1538917: ServerHandshake.test.sendAuthenticatedFlight: optional client auth sends CertificateRequest (ServerHandshake.zig:4514)
==3813177==    by 0x13D7EB7: test_runner.main (test_runner.zig:278)
==3813177== 
==3813177== 1,152 (192 direct, 960 indirect) bytes in 1 blocks are definitely lost in loss record 360 of 578
==3813177==    at 0x4885E30: malloc (in /nix/store/HASH-valgrind-3.27.1/libexec/valgrind/vgpreload_memcheck-arm64-linux.so)
==3813177==    by 0x4B1FDE7: CRYPTO_malloc (in /nix/store/HASH-openssl-3.6.4/lib/libcrypto.so.3)
==3813177==    by 0x4B20053: CRYPTO_zalloc (in /nix/store/HASH-openssl-3.6.4/lib/libcrypto.so.3)
==3813177==    by 0x4ADC9DB: EVP_CIPHER_CTX_new (in /nix/store/HASH-openssl-3.6.4/lib/libcrypto.so.3)
==3813177==    by 0x123DA6F: crypto.backend_openssl.aeadInit (backend_openssl.zig:541)
==3813177==    by 0x122A49F: init (backend.zig:303)
==3813177==    by 0x122A49F: aead.Context.init (aead.zig:138)
==3813177==    by 0x122A253: RecordLayer.init (RecordLayer.zig:79)
==3813177==    by 0x12132E3: hkdf.Hkdf(crypto.hmac.Hmac(crypto.sha2.Sha2x32(.{ 1779033703, 3144134277, 1013904242, 2773480762, 1359893119, 2600822924, 528734635, 1541459225 },256))).makeRecordLayer (hkdf.zig:237)
==3813177==    by 0x121F7A7: ClientHandshake.Suite.deriveHandshakeKeys (ClientHandshake.zig:511)
==3813177==    by 0x121C18F: ClientHandshake.processServerHello (ClientHandshake.zig:1618)
==3813177==    by 0x1538917: ServerHandshake.test.sendAuthenticatedFlight: optional client auth sends CertificateRequest (ServerHandshake.zig:4514)
==3813177==    by 0x13D7EB7: test_runner.main (test_runner.zig:278)
==3813177== 
==3813177== 1,152 (192 direct, 960 indirect) bytes in 1 blocks are definitely lost in loss record 361 of 578
==3813177==    at 0x4885E30: malloc (in /nix/store/HASH-valgrind-3.27.1/libexec/valgrind/vgpreload_memcheck-arm64-linux.so)
==3813177==    by 0x4B1FDE7: CRYPTO_malloc (in /nix/store/HASH-openssl-3.6.4/lib/libcrypto.so.3)
==3813177==    by 0x4B20053: CRYPTO_zalloc (in /nix/store/HASH-openssl-3.6.4/lib/libcrypto.so.3)
==3813177==    by 0x4ADC9DB: EVP_CIPHER_CTX_new (in /nix/store/HASH-openssl-3.6.4/lib/libcrypto.so.3)
==3813177==    by 0x123DA17: crypto.backend_openssl.aeadInit (backend_openssl.zig:539)
==3813177==    by 0x122A49F: init (backend.zig:303)
==3813177==    by 0x122A49F: aead.Context.init (aead.zig:138)
==3813177==    by 0x122A253: RecordLayer.init (RecordLayer.zig:79)
==3813177==    by 0x12132E3: hkdf.Hkdf(crypto.hmac.Hmac(crypto.sha2.Sha2x32(.{ 1779033703, 3144134277, 1013904242, 2773480762, 1359893119, 2600822924, 528734635, 1541459225 },256))).makeRecordLayer (hkdf.zig:237)
==3813177==    by 0x121F843: ClientHandshake.Suite.deriveHandshakeKeys (ClientHandshake.zig:513)
==3813177==    by 0x121C18F: ClientHandshake.processServerHello (ClientHandshake.zig:1618)
==3813177==    by 0x1538917: ServerHandshake.test.sendAuthenticatedFlight: optional client auth sends CertificateRequest (ServerHandshake.zig:4514)
==3813177==    by 0x13D7EB7: test_runner.main (test_runner.zig:278)
==3813177== 
==3813177== 1,152 (192 direct, 960 indirect) bytes in 1 blocks are definitely lost in loss record 362 of 578
==3813177==    at 0x4885E30: malloc (in /nix/store/HASH-valgrind-3.27.1/libexec/valgrind/vgpreload_memcheck-arm64-linux.so)
==3813177==    by 0x4B1FDE7: CRYPTO_malloc (in /nix/store/HASH-openssl-3.6.4/lib/libcrypto.so.3)
==3813177==    by 0x4B20053: CRYPTO_zalloc (in /nix/store/HASH-openssl-3.6.4/lib/libcrypto.so.3)
==3813177==    by 0x4ADC9DB: EVP_CIPHER_CTX_new (in /nix/store/HASH-openssl-3.6.4/lib/libcrypto.so.3)
==3813177==    by 0x123DA6F: crypto.backend_openssl.aeadInit (backend_openssl.zig:541)
==3813177==    by 0x122A49F: init (backend.zig:303)
==3813177==    by 0x122A49F: aead.Context.init (aead.zig:138)
==3813177==    by 0x122A253: RecordLayer.init (RecordLayer.zig:79)
==3813177==    by 0x12132E3: hkdf.Hkdf(crypto.hmac.Hmac(crypto.sha2.Sha2x32(.{ 1779033703, 3144134277, 1013904242, 2773480762, 1359893119, 2600822924, 528734635, 1541459225 },256))).makeRecordLayer (hkdf.zig:237)
==3813177==    by 0x121F843: ClientHandshake.Suite.deriveHandshakeKeys (ClientHandshake.zig:513)
==3813177==    by 0x121C18F: ClientHandshake.processServerHello (ClientHandshake.zig:1618)
==3813177==    by 0x1538917: ServerHandshake.test.sendAuthenticatedFlight: optional client auth sends CertificateRequest (ServerHandshake.zig:4514)
==3813177==    by 0x13D7EB7: test_runner.main (test_runner.zig:278)
==3813177== 
==3813177== 1,152 (192 direct, 960 indirect) bytes in 1 blocks are definitely lost in loss record 363 of 578
==3813177==    at 0x4885E30: malloc (in /nix/store/HASH-valgrind-3.27.1/libexec/valgrind/vgpreload_memcheck-arm64-linux.so)
==3813177==    by 0x4B1FDE7: CRYPTO_malloc (in /nix/store/HASH-openssl-3.6.4/lib/libcrypto.so.3)
==3813177==    by 0x4B20053: CRYPTO_zalloc (in /nix/store/HASH-openssl-3.6.4/lib/libcrypto.so.3)
==3813177==    by 0x4ADC9DB: EVP_CIPHER_CTX_new (in /nix/store/HASH-openssl-3.6.4/lib/libcrypto.so.3)
==3813177==    by 0x123DA17: crypto.backend_openssl.aeadInit (backend_openssl.zig:539)
==3813177==    by 0x122A49F: init (backend.zig:303)
==3813177==    by 0x122A49F: aead.Context.init (aead.zig:138)
==3813177==    by 0x122A253: RecordLayer.init (RecordLayer.zig:79)
==3813177==    by 0x12132E3: hkdf.Hkdf(crypto.hmac.Hmac(crypto.sha2.Sha2x32(.{ 1779033703, 3144134277, 1013904242, 2773480762, 1359893119, 2600822924, 528734635, 1541459225 },256))).makeRecordLayer (hkdf.zig:237)
==3813177==    by 0x12755FF: ServerHandshake.verifyClientFinished (ServerHandshake.zig:2149)
==3813177==    by 0x1236B93: ServerHandshake.processClientFinishedPlaintext (ServerHandshake.zig:2117)
==3813177==    by 0x1236073: ServerHandshake.processClientFinished (ServerHandshake.zig:2046)
==3813177==    by 0x1543DD3: ServerHandshake.test.processClientFinished: optional client auth accepts empty Certificate (ServerHandshake.zig:5083)
==3813177== 
==3813177== 1,152 (192 direct, 960 indirect) bytes in 1 blocks are definitely lost in loss record 364 of 578
==3813177==    at 0x4885E30: malloc (in /nix/store/HASH-valgrind-3.27.1/libexec/valgrind/vgpreload_memcheck-arm64-linux.so)
==3813177==    by 0x4B1FDE7: CRYPTO_malloc (in /nix/store/HASH-openssl-3.6.4/lib/libcrypto.so.3)
==3813177==    by 0x4B20053: CRYPTO_zalloc (in /nix/store/HASH-openssl-3.6.4/lib/libcrypto.so.3)
==3813177==    by 0x4ADC9DB: EVP_CIPHER_CTX_new (in /nix/store/HASH-openssl-3.6.4/lib/libcrypto.so.3)
==3813177==    by 0x123DA6F: crypto.backend_openssl.aeadInit (backend_openssl.zig:541)
==3813177==    by 0x122A49F: init (backend.zig:303)
==3813177==    by 0x122A49F: aead.Context.init (aead.zig:138)
==3813177==    by 0x122A253: RecordLayer.init (RecordLayer.zig:79)
==3813177==    by 0x12132E3: hkdf.Hkdf(crypto.hmac.Hmac(crypto.sha2.Sha2x32(.{ 1779033703, 3144134277, 1013904242, 2773480762, 1359893119, 2600822924, 528734635, 1541459225 },256))).makeRecordLayer (hkdf.zig:237)
==3813177==    by 0x12755FF: ServerHandshake.verifyClientFinished (ServerHandshake.zig:2149)
==3813177==    by 0x1236B93: ServerHandshake.processClientFinishedPlaintext (ServerHandshake.zig:2117)
==3813177==    by 0x1236073: ServerHandshake.processClientFinished (ServerHandshake.zig:2046)
==3813177==    by 0x1543DD3: ServerHandshake.test.processClientFinished: optional client auth accepts empty Certificate (ServerHandshake.zig:5083)
==3813177== 
==3813177== 1,152 (192 direct, 960 indirect) bytes in 1 blocks are definitely lost in loss record 365 of 578
==3813177==    at 0x4885E30: malloc (in /nix/store/HASH-valgrind-3.27.1/libexec/valgrind/vgpreload_memcheck-arm64-linux.so)
==3813177==    by 0x4B1FDE7: CRYPTO_malloc (in /nix/store/HASH-openssl-3.6.4/lib/libcrypto.so.3)
==3813177==    by 0x4B20053: CRYPTO_zalloc (in /nix/store/HASH-openssl-3.6.4/lib/libcrypto.so.3)
==3813177==    by 0x4ADC9DB: EVP_CIPHER_CTX_new (in /nix/store/HASH-openssl-3.6.4/lib/libcrypto.so.3)
==3813177==    by 0x123DA17: crypto.backend_openssl.aeadInit (backend_openssl.zig:539)
==3813177==    by 0x122A49F: init (backend.zig:303)
==3813177==    by 0x122A49F: aead.Context.init (aead.zig:138)
==3813177==    by 0x122A253: RecordLayer.init (RecordLayer.zig:79)
==3813177==    by 0x12132E3: hkdf.Hkdf(crypto.hmac.Hmac(crypto.sha2.Sha2x32(.{ 1779033703, 3144134277, 1013904242, 2773480762, 1359893119, 2600822924, 528734635, 1541459225 },256))).makeRecordLayer (hkdf.zig:237)
==3813177==    by 0x1273137: ServerHandshake.installHandshakeKeys (ServerHandshake.zig:1701)
==3813177==    by 0x1232B0B: ServerHandshake.processClientHelloMessage (ServerHandshake.zig:1364)
==3813177==    by 0x122FF83: ServerHandshake.acceptClientHello (ServerHandshake.zig:991)
==3813177==    by 0x1545C7F: ServerHandshake.test.processClientFinished: required client auth rejects empty Certificate (ServerHandshake.zig:5112)
==3813177== 
==3813177== 1,152 (192 direct, 960 indirect) bytes in 1 blocks are definitely lost in loss record 366 of 578
==3813177==    at 0x4885E30: malloc (in /nix/store/HASH-valgrind-3.27.1/libexec/valgrind/vgpreload_memcheck-arm64-linux.so)
==3813177==    by 0x4B1FDE7: CRYPTO_malloc (in /nix/store/HASH-openssl-3.6.4/lib/libcrypto.so.3)
==3813177==    by 0x4B20053: CRYPTO_zalloc (in /nix/store/HASH-openssl-3.6.4/lib/libcrypto.so.3)
==3813177==    by 0x4ADC9DB: EVP_CIPHER_CTX_new (in /nix/store/HASH-openssl-3.6.4/lib/libcrypto.so.3)
==3813177==    by 0x123DA6F: crypto.backend_openssl.aeadInit (backend_openssl.zig:541)
==3813177==    by 0x122A49F: init (backend.zig:303)
==3813177==    by 0x122A49F: aead.Context.init (aead.zig:138)
==3813177==    by 0x122A253: RecordLayer.init (RecordLayer.zig:79)
==3813177==    by 0x12132E3: hkdf.Hkdf(crypto.hmac.Hmac(crypto.sha2.Sha2x32(.{ 1779033703, 3144134277, 1013904242, 2773480762, 1359893119, 2600822924, 528734635, 1541459225 },256))).makeRecordLayer (hkdf.zig:237)
==3813177==    by 0x1273137: ServerHandshake.installHandshakeKeys (ServerHandshake.zig:1701)
==3813177==    by 0x1232B0B: ServerHandshake.processClientHelloMessage (ServerHandshake.zig:1364)
==3813177==    by 0x122FF83: ServerHandshake.acceptClientHello (ServerHandshake.zig:991)
==3813177==    by 0x1545C7F: ServerHandshake.test.processClientFinished: required client auth rejects empty Certificate (ServerHandshake.zig:5112)
==3813177== 
==3813177== 1,152 (192 direct, 960 indirect) bytes in 1 blocks are definitely lost in loss record 367 of 578
==3813177==    at 0x4885E30: malloc (in /nix/store/HASH-valgrind-3.27.1/libexec/valgrind/vgpreload_memcheck-arm64-linux.so)
==3813177==    by 0x4B1FDE7: CRYPTO_malloc (in /nix/store/HASH-openssl-3.6.4/lib/libcrypto.so.3)
==3813177==    by 0x4B20053: CRYPTO_zalloc (in /nix/store/HASH-openssl-3.6.4/lib/libcrypto.so.3)
==3813177==    by 0x4ADC9DB: EVP_CIPHER_CTX_new (in /nix/store/HASH-openssl-3.6.4/lib/libcrypto.so.3)
==3813177==    by 0x123DA17: crypto.backend_openssl.aeadInit (backend_openssl.zig:539)
==3813177==    by 0x122A49F: init (backend.zig:303)
==3813177==    by 0x122A49F: aead.Context.init (aead.zig:138)
==3813177==    by 0x122A253: RecordLayer.init (RecordLayer.zig:79)
==3813177==    by 0x12132E3: hkdf.Hkdf(crypto.hmac.Hmac(crypto.sha2.Sha2x32(.{ 1779033703, 3144134277, 1013904242, 2773480762, 1359893119, 2600822924, 528734635, 1541459225 },256))).makeRecordLayer (hkdf.zig:237)
==3813177==    by 0x12755FF: ServerHandshake.verifyClientFinished (ServerHandshake.zig:2149)
==3813177==    by 0x1236B93: ServerHandshake.processClientFinishedPlaintext (ServerHandshake.zig:2117)
==3813177==    by 0x1236073: ServerHandshake.processClientFinished (ServerHandshake.zig:2046)
==3813177==    by 0x154830F: ServerHandshake.test.processClientFinished: required client auth verifies real client Certificate + CV (ServerHandshake.zig:5234)
==3813177== 
==3813177== 1,152 (192 direct, 960 indirect) bytes in 1 blocks are definitely lost in loss record 368 of 578
==3813177==    at 0x4885E30: malloc (in /nix/store/HASH-valgrind-3.27.1/libexec/valgrind/vgpreload_memcheck-arm64-linux.so)
==3813177==    by 0x4B1FDE7: CRYPTO_malloc (in /nix/store/HASH-openssl-3.6.4/lib/libcrypto.so.3)
==3813177==    by 0x4B20053: CRYPTO_zalloc (in /nix/store/HASH-openssl-3.6.4/lib/libcrypto.so.3)
==3813177==    by 0x4ADC9DB: EVP_CIPHER_CTX_new (in /nix/store/HASH-openssl-3.6.4/lib/libcrypto.so.3)
==3813177==    by 0x123DA6F: crypto.backend_openssl.aeadInit (backend_openssl.zig:541)
==3813177==    by 0x122A49F: init (backend.zig:303)
==3813177==    by 0x122A49F: aead.Context.init (aead.zig:138)
==3813177==    by 0x122A253: RecordLayer.init (RecordLayer.zig:79)
==3813177==    by 0x12132E3: hkdf.Hkdf(crypto.hmac.Hmac(crypto.sha2.Sha2x32(.{ 1779033703, 3144134277, 1013904242, 2773480762, 1359893119, 2600822924, 528734635, 1541459225 },256))).makeRecordLayer (hkdf.zig:237)
==3813177==    by 0x12755FF: ServerHandshake.verifyClientFinished (ServerHandshake.zig:2149)
==3813177==    by 0x1236B93: ServerHandshake.processClientFinishedPlaintext (ServerHandshake.zig:2117)
==3813177==    by 0x1236073: ServerHandshake.processClientFinished (ServerHandshake.zig:2046)
==3813177==    by 0x154830F: ServerHandshake.test.processClientFinished: required client auth verifies real client Certificate + CV (ServerHandshake.zig:5234)
==3813177== 
==3813177== 1,152 (192 direct, 960 indirect) bytes in 1 blocks are definitely lost in loss record 369 of 578
==3813177==    at 0x4885E30: malloc (in /nix/store/HASH-valgrind-3.27.1/libexec/valgrind/vgpreload_memcheck-arm64-linux.so)
==3813177==    by 0x4B1FDE7: CRYPTO_malloc (in /nix/store/HASH-openssl-3.6.4/lib/libcrypto.so.3)
==3813177==    by 0x4B20053: CRYPTO_zalloc (in /nix/store/HASH-openssl-3.6.4/lib/libcrypto.so.3)
==3813177==    by 0x4ADC9DB: EVP_CIPHER_CTX_new (in /nix/store/HASH-openssl-3.6.4/lib/libcrypto.so.3)
==3813177==    by 0x123DA17: crypto.backend_openssl.aeadInit (backend_openssl.zig:539)
==3813177==    by 0x122A49F: init (backend.zig:303)
==3813177==    by 0x122A49F: aead.Context.init (aead.zig:138)
==3813177==    by 0x122A253: RecordLayer.init (RecordLayer.zig:79)
==3813177==    by 0x12132E3: hkdf.Hkdf(crypto.hmac.Hmac(crypto.sha2.Sha2x32(.{ 1779033703, 3144134277, 1013904242, 2773480762, 1359893119, 2600822924, 528734635, 1541459225 },256))).makeRecordLayer (hkdf.zig:237)
==3813177==    by 0x1273137: ServerHandshake.installHandshakeKeys (ServerHandshake.zig:1701)
==3813177==    by 0x1232B0B: ServerHandshake.processClientHelloMessage (ServerHandshake.zig:1364)
==3813177==    by 0x122FF83: ServerHandshake.acceptClientHello (ServerHandshake.zig:991)
==3813177==    by 0x1549693: ServerHandshake.test.processClientFinished: bad client Finished does not retain identity (ServerHandshake.zig:5312)
==3813177== 
==3813177== 1,152 (192 direct, 960 indirect) bytes in 1 blocks are definitely lost in loss record 370 of 578
==3813177==    at 0x4885E30: malloc (in /nix/store/HASH-valgrind-3.27.1/libexec/valgrind/vgpreload_memcheck-arm64-linux.so)
==3813177==    by 0x4B1FDE7: CRYPTO_malloc (in /nix/store/HASH-openssl-3.6.4/lib/libcrypto.so.3)
==3813177==    by 0x4B20053: CRYPTO_zalloc (in /nix/store/HASH-openssl-3.6.4/lib/libcrypto.so.3)
==3813177==    by 0x4ADC9DB: EVP_CIPHER_CTX_new (in /nix/store/HASH-openssl-3.6.4/lib/libcrypto.so.3)
==3813177==    by 0x123DA6F: crypto.backend_openssl.aeadInit (backend_openssl.zig:541)
==3813177==    by 0x122A49F: init (backend.zig:303)
==3813177==    by 0x122A49F: aead.Context.init (aead.zig:138)
==3813177==    by 0x122A253: RecordLayer.init (RecordLayer.zig:79)
==3813177==    by 0x12132E3: hkdf.Hkdf(crypto.hmac.Hmac(crypto.sha2.Sha2x32(.{ 1779033703, 3144134277, 1013904242, 2773480762, 1359893119, 2600822924, 528734635, 1541459225 },256))).makeRecordLayer (hkdf.zig:237)
==3813177==    by 0x1273137: ServerHandshake.installHandshakeKeys (ServerHandshake.zig:1701)
==3813177==    by 0x1232B0B: ServerHandshake.processClientHelloMessage (ServerHandshake.zig:1364)
==3813177==    by 0x122FF83: ServerHandshake.acceptClientHello (ServerHandshake.zig:991)
==3813177==    by 0x1549693: ServerHandshake.test.processClientFinished: bad client Finished does not retain identity (ServerHandshake.zig:5312)
==3813177== 
==3813177== 1,152 (192 direct, 960 indirect) bytes in 1 blocks are definitely lost in loss record 371 of 578
==3813177==    at 0x4885E30: malloc (in /nix/store/HASH-valgrind-3.27.1/libexec/valgrind/vgpreload_memcheck-arm64-linux.so)
==3813177==    by 0x4B1FDE7: CRYPTO_malloc (in /nix/store/HASH-openssl-3.6.4/lib/libcrypto.so.3)
==3813177==    by 0x4B20053: CRYPTO_zalloc (in /nix/store/HASH-openssl-3.6.4/lib/libcrypto.so.3)
==3813177==    by 0x4ADC9DB: EVP_CIPHER_CTX_new (in /nix/store/HASH-openssl-3.6.4/lib/libcrypto.so.3)
==3813177==    by 0x123DA17: crypto.backend_openssl.aeadInit (backend_openssl.zig:539)
==3813177==    by 0x122A49F: init (backend.zig:303)
==3813177==    by 0x122A49F: aead.Context.init (aead.zig:138)
==3813177==    by 0x122A253: RecordLayer.init (RecordLayer.zig:79)
==3813177==    by 0x12132E3: hkdf.Hkdf(crypto.hmac.Hmac(crypto.sha2.Sha2x32(.{ 1779033703, 3144134277, 1013904242, 2773480762, 1359893119, 2600822924, 528734635, 1541459225 },256))).makeRecordLayer (hkdf.zig:237)
==3813177==    by 0x12755FF: ServerHandshake.verifyClientFinished (ServerHandshake.zig:2149)
==3813177==    by 0x1236B93: ServerHandshake.processClientFinishedPlaintext (ServerHandshake.zig:2117)
==3813177==    by 0x1236073: ServerHandshake.processClientFinished (ServerHandshake.zig:2046)
==3813177==    by 0x154B32F: ServerHandshake.test.processClientFinished: client identity requires caller-owned storage (ServerHandshake.zig:5396)
==3813177== 
==3813177== 1,152 (192 direct, 960 indirect) bytes in 1 blocks are definitely lost in loss record 372 of 578
==3813177==    at 0x4885E30: malloc (in /nix/store/HASH-valgrind-3.27.1/libexec/valgrind/vgpreload_memcheck-arm64-linux.so)
==3813177==    by 0x4B1FDE7: CRYPTO_malloc (in /nix/store/HASH-openssl-3.6.4/lib/libcrypto.so.3)
==3813177==    by 0x4B20053: CRYPTO_zalloc (in /nix/store/HASH-openssl-3.6.4/lib/libcrypto.so.3)
==3813177==    by 0x4ADC9DB: EVP_CIPHER_CTX_new (in /nix/store/HASH-openssl-3.6.4/lib/libcrypto.so.3)
==3813177==    by 0x123DA6F: crypto.backend_openssl.aeadInit (backend_openssl.zig:541)
==3813177==    by 0x122A49F: init (backend.zig:303)
==3813177==    by 0x122A49F: aead.Context.init (aead.zig:138)
==3813177==    by 0x122A253: RecordLayer.init (RecordLayer.zig:79)
==3813177==    by 0x12132E3: hkdf.Hkdf(crypto.hmac.Hmac(crypto.sha2.Sha2x32(.{ 1779033703, 3144134277, 1013904242, 2773480762, 1359893119, 2600822924, 528734635, 1541459225 },256))).makeRecordLayer (hkdf.zig:237)
==3813177==    by 0x12755FF: ServerHandshake.verifyClientFinished (ServerHandshake.zig:2149)
==3813177==    by 0x1236B93: ServerHandshake.processClientFinishedPlaintext (ServerHandshake.zig:2117)
==3813177==    by 0x1236073: ServerHandshake.processClientFinished (ServerHandshake.zig:2046)
==3813177==    by 0x154B32F: ServerHandshake.test.processClientFinished: client identity requires caller-owned storage (ServerHandshake.zig:5396)
==3813177== 
==3813177== 1,152 (192 direct, 960 indirect) bytes in 1 blocks are definitely lost in loss record 373 of 578
==3813177==    at 0x4885E30: malloc (in /nix/store/HASH-valgrind-3.27.1/libexec/valgrind/vgpreload_memcheck-arm64-linux.so)
==3813177==    by 0x4B1FDE7: CRYPTO_malloc (in /nix/store/HASH-openssl-3.6.4/lib/libcrypto.so.3)
==3813177==    by 0x4B20053: CRYPTO_zalloc (in /nix/store/HASH-openssl-3.6.4/lib/libcrypto.so.3)
==3813177==    by 0x4ADC9DB: EVP_CIPHER_CTX_new (in /nix/store/HASH-openssl-3.6.4/lib/libcrypto.so.3)
==3813177==    by 0x123DA17: crypto.backend_openssl.aeadInit (backend_openssl.zig:539)
==3813177==    by 0x122A49F: init (backend.zig:303)
==3813177==    by 0x122A49F: aead.Context.init (aead.zig:138)
==3813177==    by 0x122A253: RecordLayer.init (RecordLayer.zig:79)
==3813177==    by 0x12132E3: hkdf.Hkdf(crypto.hmac.Hmac(crypto.sha2.Sha2x32(.{ 1779033703, 3144134277, 1013904242, 2773480762, 1359893119, 2600822924, 528734635, 1541459225 },256))).makeRecordLayer (hkdf.zig:237)
==3813177==    by 0x1273137: ServerHandshake.installHandshakeKeys (ServerHandshake.zig:1701)
==3813177==    by 0x1232B0B: ServerHandshake.processClientHelloMessage (ServerHandshake.zig:1364)
==3813177==    by 0x122FF83: ServerHandshake.acceptClientHello (ServerHandshake.zig:991)
==3813177==    by 0x154BBD3: ServerHandshake.test.processClientFinished: required client auth rejects forged CertificateVerify (ServerHandshake.zig:5435)
==3813177== 
==3813177== 1,152 (192 direct, 960 indirect) bytes in 1 blocks are definitely lost in loss record 374 of 578
==3813177==    at 0x4885E30: malloc (in /nix/store/HASH-valgrind-3.27.1/libexec/valgrind/vgpreload_memcheck-arm64-linux.so)
==3813177==    by 0x4B1FDE7: CRYPTO_malloc (in /nix/store/HASH-openssl-3.6.4/lib/libcrypto.so.3)
==3813177==    by 0x4B20053: CRYPTO_zalloc (in /nix/store/HASH-openssl-3.6.4/lib/libcrypto.so.3)
==3813177==    by 0x4ADC9DB: EVP_CIPHER_CTX_new (in /nix/store/HASH-openssl-3.6.4/lib/libcrypto.so.3)
==3813177==    by 0x123DA6F: crypto.backend_openssl.aeadInit (backend_openssl.zig:541)
==3813177==    by 0x122A49F: init (backend.zig:303)
==3813177==    by 0x122A49F: aead.Context.init (aead.zig:138)
==3813177==    by 0x122A253: RecordLayer.init (RecordLayer.zig:79)
==3813177==    by 0x12132E3: hkdf.Hkdf(crypto.hmac.Hmac(crypto.sha2.Sha2x32(.{ 1779033703, 3144134277, 1013904242, 2773480762, 1359893119, 2600822924, 528734635, 1541459225 },256))).makeRecordLayer (hkdf.zig:237)
==3813177==    by 0x1273137: ServerHandshake.installHandshakeKeys (ServerHandshake.zig:1701)
==3813177==    by 0x1232B0B: ServerHandshake.processClientHelloMessage (ServerHandshake.zig:1364)
==3813177==    by 0x122FF83: ServerHandshake.acceptClientHello (ServerHandshake.zig:991)
==3813177==    by 0x154BBD3: ServerHandshake.test.processClientFinished: required client auth rejects forged CertificateVerify (ServerHandshake.zig:5435)
==3813177== 
==3813177== 1,152 (192 direct, 960 indirect) bytes in 1 blocks are definitely lost in loss record 375 of 578
==3813177==    at 0x4885E30: malloc (in /nix/store/HASH-valgrind-3.27.1/libexec/valgrind/vgpreload_memcheck-arm64-linux.so)
==3813177==    by 0x4B1FDE7: CRYPTO_malloc (in /nix/store/HASH-openssl-3.6.4/lib/libcrypto.so.3)
==3813177==    by 0x4B20053: CRYPTO_zalloc (in /nix/store/HASH-openssl-3.6.4/lib/libcrypto.so.3)
==3813177==    by 0x4ADC9DB: EVP_CIPHER_CTX_new (in /nix/store/HASH-openssl-3.6.4/lib/libcrypto.so.3)
==3813177==    by 0x123DA17: crypto.backend_openssl.aeadInit (backend_openssl.zig:539)
==3813177==    by 0x122A49F: init (backend.zig:303)
==3813177==    by 0x122A49F: aead.Context.init (aead.zig:138)
==3813177==    by 0x122A253: RecordLayer.init (RecordLayer.zig:79)
==3813177==    by 0x12132E3: hkdf.Hkdf(crypto.hmac.Hmac(crypto.sha2.Sha2x32(.{ 1779033703, 3144134277, 1013904242, 2773480762, 1359893119, 2600822924, 528734635, 1541459225 },256))).makeRecordLayer (hkdf.zig:237)
==3813177==    by 0x1273137: ServerHandshake.installHandshakeKeys (ServerHandshake.zig:1701)
==3813177==    by 0x1232B0B: ServerHandshake.processClientHelloMessage (ServerHandshake.zig:1364)
==3813177==    by 0x122FF83: ServerHandshake.acceptClientHello (ServerHandshake.zig:991)
==3813177==    by 0x154C8A7: ServerHandshake.test.sendAuthenticatedFlight: client processes CertificateVerify and Finished (ServerHandshake.zig:5481)
==3813177== 
==3813177== 1,152 (192 direct, 960 indirect) bytes in 1 blocks are definitely lost in loss record 376 of 578
==3813177==    at 0x4885E30: malloc (in /nix/store/HASH-valgrind-3.27.1/libexec/valgrind/vgpreload_memcheck-arm64-linux.so)
==3813177==    by 0x4B1FDE7: CRYPTO_malloc (in /nix/store/HASH-openssl-3.6.4/lib/libcrypto.so.3)
==3813177==    by 0x4B20053: CRYPTO_zalloc (in /nix/store/HASH-openssl-3.6.4/lib/libcrypto.so.3)
==3813177==    by 0x4ADC9DB: EVP_CIPHER_CTX_new (in /nix/store/HASH-openssl-3.6.4/lib/libcrypto.so.3)
==3813177==    by 0x123DA6F: crypto.backend_openssl.aeadInit (backend_openssl.zig:541)
==3813177==    by 0x122A49F: init (backend.zig:303)
==3813177==    by 0x122A49F: aead.Context.init (aead.zig:138)
==3813177==    by 0x122A253: RecordLayer.init (RecordLayer.zig:79)
==3813177==    by 0x12132E3: hkdf.Hkdf(crypto.hmac.Hmac(crypto.sha2.Sha2x32(.{ 1779033703, 3144134277, 1013904242, 2773480762, 1359893119, 2600822924, 528734635, 1541459225 },256))).makeRecordLayer (hkdf.zig:237)
==3813177==    by 0x1273137: ServerHandshake.installHandshakeKeys (ServerHandshake.zig:1701)
==3813177==    by 0x1232B0B: ServerHandshake.processClientHelloMessage (ServerHandshake.zig:1364)
==3813177==    by 0x122FF83: ServerHandshake.acceptClientHello (ServerHandshake.zig:991)
==3813177==    by 0x154C8A7: ServerHandshake.test.sendAuthenticatedFlight: client processes CertificateVerify and Finished (ServerHandshake.zig:5481)
==3813177== 
==3813177== 1,152 (192 direct, 960 indirect) bytes in 1 blocks are definitely lost in loss record 377 of 578
==3813177==    at 0x4885E30: malloc (in /nix/store/HASH-valgrind-3.27.1/libexec/valgrind/vgpreload_memcheck-arm64-linux.so)
==3813177==    by 0x4B1FDE7: CRYPTO_malloc (in /nix/store/HASH-openssl-3.6.4/lib/libcrypto.so.3)
==3813177==    by 0x4B20053: CRYPTO_zalloc (in /nix/store/HASH-openssl-3.6.4/lib/libcrypto.so.3)
==3813177==    by 0x4ADC9DB: EVP_CIPHER_CTX_new (in /nix/store/HASH-openssl-3.6.4/lib/libcrypto.so.3)
==3813177==    by 0x123DA17: crypto.backend_openssl.aeadInit (backend_openssl.zig:539)
==3813177==    by 0x122A49F: init (backend.zig:303)
==3813177==    by 0x122A49F: aead.Context.init (aead.zig:138)
==3813177==    by 0x122A253: RecordLayer.init (RecordLayer.zig:79)
==3813177==    by 0x12132E3: hkdf.Hkdf(crypto.hmac.Hmac(crypto.sha2.Sha2x32(.{ 1779033703, 3144134277, 1013904242, 2773480762, 1359893119, 2600822924, 528734635, 1541459225 },256))).makeRecordLayer (hkdf.zig:237)
==3813177==    by 0x121F7A7: ClientHandshake.Suite.deriveHandshakeKeys (ClientHandshake.zig:511)
==3813177==    by 0x121C18F: ClientHandshake.processServerHello (ClientHandshake.zig:1618)
==3813177==    by 0x154CDE3: ServerHandshake.test.sendAuthenticatedFlight: client processes CertificateVerify and Finished (ServerHandshake.zig:5507)
==3813177==    by 0x13D7EB7: test_runner.main (test_runner.zig:278)
==3813177== 
==3813177== 1,152 (192 direct, 960 indirect) bytes in 1 blocks are definitely lost in loss record 378 of 578
==3813177==    at 0x4885E30: malloc (in /nix/store/HASH-valgrind-3.27.1/libexec/valgrind/vgpreload_memcheck-arm64-linux.so)
==3813177==    by 0x4B1FDE7: CRYPTO_malloc (in /nix/store/HASH-openssl-3.6.4/lib/libcrypto.so.3)
==3813177==    by 0x4B20053: CRYPTO_zalloc (in /nix/store/HASH-openssl-3.6.4/lib/libcrypto.so.3)
==3813177==    by 0x4ADC9DB: EVP_CIPHER_CTX_new (in /nix/store/HASH-openssl-3.6.4/lib/libcrypto.so.3)
==3813177==    by 0x123DA6F: crypto.backend_openssl.aeadInit (backend_openssl.zig:541)
==3813177==    by 0x122A49F: init (backend.zig:303)
==3813177==    by 0x122A49F: aead.Context.init (aead.zig:138)
==3813177==    by 0x122A253: RecordLayer.init (RecordLayer.zig:79)
==3813177==    by 0x12132E3: hkdf.Hkdf(crypto.hmac.Hmac(crypto.sha2.Sha2x32(.{ 1779033703, 3144134277, 1013904242, 2773480762, 1359893119, 2600822924, 528734635, 1541459225 },256))).makeRecordLayer (hkdf.zig:237)
==3813177==    by 0x121F7A7: ClientHandshake.Suite.deriveHandshakeKeys (ClientHandshake.zig:511)
==3813177==    by 0x121C18F: ClientHandshake.processServerHello (ClientHandshake.zig:1618)
==3813177==    by 0x154CDE3: ServerHandshake.test.sendAuthenticatedFlight: client processes CertificateVerify and Finished (ServerHandshake.zig:5507)
==3813177==    by 0x13D7EB7: test_runner.main (test_runner.zig:278)
==3813177== 
==3813177== 1,152 (192 direct, 960 indirect) bytes in 1 blocks are definitely lost in loss record 379 of 578
==3813177==    at 0x4885E30: malloc (in /nix/store/HASH-valgrind-3.27.1/libexec/valgrind/vgpreload_memcheck-arm64-linux.so)
==3813177==    by 0x4B1FDE7: CRYPTO_malloc (in /nix/store/HASH-openssl-3.6.4/lib/libcrypto.so.3)
==3813177==    by 0x4B20053: CRYPTO_zalloc (in /nix/store/HASH-openssl-3.6.4/lib/libcrypto.so.3)
==3813177==    by 0x4ADC9DB: EVP_CIPHER_CTX_new (in /nix/store/HASH-openssl-3.6.4/lib/libcrypto.so.3)
==3813177==    by 0x123DA17: crypto.backend_openssl.aeadInit (backend_openssl.zig:539)
==3813177==    by 0x122A49F: init (backend.zig:303)
==3813177==    by 0x122A49F: aead.Context.init (aead.zig:138)
==3813177==    by 0x122A253: RecordLayer.init (RecordLayer.zig:79)
==3813177==    by 0x12132E3: hkdf.Hkdf(crypto.hmac.Hmac(crypto.sha2.Sha2x32(.{ 1779033703, 3144134277, 1013904242, 2773480762, 1359893119, 2600822924, 528734635, 1541459225 },256))).makeRecordLayer (hkdf.zig:237)
==3813177==    by 0x121F843: ClientHandshake.Suite.deriveHandshakeKeys (ClientHandshake.zig:513)
==3813177==    by 0x121C18F: ClientHandshake.processServerHello (ClientHandshake.zig:1618)
==3813177==    by 0x154CDE3: ServerHandshake.test.sendAuthenticatedFlight: client processes CertificateVerify and Finished (ServerHandshake.zig:5507)
==3813177==    by 0x13D7EB7: test_runner.main (test_runner.zig:278)
==3813177== 
==3813177== 1,152 (192 direct, 960 indirect) bytes in 1 blocks are definitely lost in loss record 380 of 578
==3813177==    at 0x4885E30: malloc (in /nix/store/HASH-valgrind-3.27.1/libexec/valgrind/vgpreload_memcheck-arm64-linux.so)
==3813177==    by 0x4B1FDE7: CRYPTO_malloc (in /nix/store/HASH-openssl-3.6.4/lib/libcrypto.so.3)
==3813177==    by 0x4B20053: CRYPTO_zalloc (in /nix/store/HASH-openssl-3.6.4/lib/libcrypto.so.3)
==3813177==    by 0x4ADC9DB: EVP_CIPHER_CTX_new (in /nix/store/HASH-openssl-3.6.4/lib/libcrypto.so.3)
==3813177==    by 0x123DA6F: crypto.backend_openssl.aeadInit (backend_openssl.zig:541)
==3813177==    by 0x122A49F: init (backend.zig:303)
==3813177==    by 0x122A49F: aead.Context.init (aead.zig:138)
==3813177==    by 0x122A253: RecordLayer.init (RecordLayer.zig:79)
==3813177==    by 0x12132E3: hkdf.Hkdf(crypto.hmac.Hmac(crypto.sha2.Sha2x32(.{ 1779033703, 3144134277, 1013904242, 2773480762, 1359893119, 2600822924, 528734635, 1541459225 },256))).makeRecordLayer (hkdf.zig:237)
==3813177==    by 0x121F843: ClientHandshake.Suite.deriveHandshakeKeys (ClientHandshake.zig:513)
==3813177==    by 0x121C18F: ClientHandshake.processServerHello (ClientHandshake.zig:1618)
==3813177==    by 0x154CDE3: ServerHandshake.test.sendAuthenticatedFlight: client processes CertificateVerify and Finished (ServerHandshake.zig:5507)
==3813177==    by 0x13D7EB7: test_runner.main (test_runner.zig:278)
==3813177== 
==3813177== 1,152 (192 direct, 960 indirect) bytes in 1 blocks are definitely lost in loss record 381 of 578
==3813177==    at 0x4885E30: malloc (in /nix/store/HASH-valgrind-3.27.1/libexec/valgrind/vgpreload_memcheck-arm64-linux.so)
==3813177==    by 0x4B1FDE7: CRYPTO_malloc (in /nix/store/HASH-openssl-3.6.4/lib/libcrypto.so.3)
==3813177==    by 0x4B20053: CRYPTO_zalloc (in /nix/store/HASH-openssl-3.6.4/lib/libcrypto.so.3)
==3813177==    by 0x4ADC9DB: EVP_CIPHER_CTX_new (in /nix/store/HASH-openssl-3.6.4/lib/libcrypto.so.3)
==3813177==    by 0x123DA17: crypto.backend_openssl.aeadInit (backend_openssl.zig:539)
==3813177==    by 0x122A49F: init (backend.zig:303)
==3813177==    by 0x122A49F: aead.Context.init (aead.zig:138)
==3813177==    by 0x122A253: RecordLayer.init (RecordLayer.zig:79)
==3813177==    by 0x12132E3: hkdf.Hkdf(crypto.hmac.Hmac(crypto.sha2.Sha2x32(.{ 1779033703, 3144134277, 1013904242, 2773480762, 1359893119, 2600822924, 528734635, 1541459225 },256))).makeRecordLayer (hkdf.zig:237)
==3813177==    by 0x12748CF: ServerHandshake.prepareServerApplicationWriteKey (ServerHandshake.zig:2020)
==3813177==    by 0x1234AB3: ServerHandshake.encryptServerFlight (ServerHandshake.zig:1982)
==3813177==    by 0x151C1B7: ServerHandshake.sendAnonymousFlightForTest (ServerHandshake.zig:1744)
==3813177==    by 0x154D763: ServerHandshake.test.processClientFinished: verifies Finished and installs app keys (ServerHandshake.zig:5528)
==3813177== 
==3813177== 1,152 (192 direct, 960 indirect) bytes in 1 blocks are definitely lost in loss record 382 of 578
==3813177==    at 0x4885E30: malloc (in /nix/store/HASH-valgrind-3.27.1/libexec/valgrind/vgpreload_memcheck-arm64-linux.so)
==3813177==    by 0x4B1FDE7: CRYPTO_malloc (in /nix/store/HASH-openssl-3.6.4/lib/libcrypto.so.3)
==3813177==    by 0x4B20053: CRYPTO_zalloc (in /nix/store/HASH-openssl-3.6.4/lib/libcrypto.so.3)
==3813177==    by 0x4ADC9DB: EVP_CIPHER_CTX_new (in /nix/store/HASH-openssl-3.6.4/lib/libcrypto.so.3)
==3813177==    by 0x123DA6F: crypto.backend_openssl.aeadInit (backend_openssl.zig:541)
==3813177==    by 0x122A49F: init (backend.zig:303)
==3813177==    by 0x122A49F: aead.Context.init (aead.zig:138)
==3813177==    by 0x122A253: RecordLayer.init (RecordLayer.zig:79)
==3813177==    by 0x12132E3: hkdf.Hkdf(crypto.hmac.Hmac(crypto.sha2.Sha2x32(.{ 1779033703, 3144134277, 1013904242, 2773480762, 1359893119, 2600822924, 528734635, 1541459225 },256))).makeRecordLayer (hkdf.zig:237)
==3813177==    by 0x12748CF: ServerHandshake.prepareServerApplicationWriteKey (ServerHandshake.zig:2020)
==3813177==    by 0x1234AB3: ServerHandshake.encryptServerFlight (ServerHandshake.zig:1982)
==3813177==    by 0x151C1B7: ServerHandshake.sendAnonymousFlightForTest (ServerHandshake.zig:1744)
==3813177==    by 0x154D763: ServerHandshake.test.processClientFinished: verifies Finished and installs app keys (ServerHandshake.zig:5528)
==3813177== 
==3813177== 1,152 (192 direct, 960 indirect) bytes in 1 blocks are definitely lost in loss record 383 of 578
==3813177==    at 0x4885E30: malloc (in /nix/store/HASH-valgrind-3.27.1/libexec/valgrind/vgpreload_memcheck-arm64-linux.so)
==3813177==    by 0x4B1FDE7: CRYPTO_malloc (in /nix/store/HASH-openssl-3.6.4/lib/libcrypto.so.3)
==3813177==    by 0x4B20053: CRYPTO_zalloc (in /nix/store/HASH-openssl-3.6.4/lib/libcrypto.so.3)
==3813177==    by 0x4ADC9DB: EVP_CIPHER_CTX_new (in /nix/store/HASH-openssl-3.6.4/lib/libcrypto.so.3)
==3813177==    by 0x123DA17: crypto.backend_openssl.aeadInit (backend_openssl.zig:539)
==3813177==    by 0x122A49F: init (backend.zig:303)
==3813177==    by 0x122A49F: aead.Context.init (aead.zig:138)
==3813177==    by 0x122A253: RecordLayer.init (RecordLayer.zig:79)
==3813177==    by 0x12132E3: hkdf.Hkdf(crypto.hmac.Hmac(crypto.sha2.Sha2x32(.{ 1779033703, 3144134277, 1013904242, 2773480762, 1359893119, 2600822924, 528734635, 1541459225 },256))).makeRecordLayer (hkdf.zig:237)
==3813177==    by 0x12755FF: ServerHandshake.verifyClientFinished (ServerHandshake.zig:2149)
==3813177==    by 0x1236B93: ServerHandshake.processClientFinishedPlaintext (ServerHandshake.zig:2117)
==3813177==    by 0x1236073: ServerHandshake.processClientFinished (ServerHandshake.zig:2046)
==3813177==    by 0x154DC7F: ServerHandshake.test.processClientFinished: verifies Finished and installs app keys (ServerHandshake.zig:5546)
==3813177== 
==3813177== 1,152 (192 direct, 960 indirect) bytes in 1 blocks are definitely lost in loss record 384 of 578
==3813177==    at 0x4885E30: malloc (in /nix/store/HASH-valgrind-3.27.1/libexec/valgrind/vgpreload_memcheck-arm64-linux.so)
==3813177==    by 0x4B1FDE7: CRYPTO_malloc (in /nix/store/HASH-openssl-3.6.4/lib/libcrypto.so.3)
==3813177==    by 0x4B20053: CRYPTO_zalloc (in /nix/store/HASH-openssl-3.6.4/lib/libcrypto.so.3)
==3813177==    by 0x4ADC9DB: EVP_CIPHER_CTX_new (in /nix/store/HASH-openssl-3.6.4/lib/libcrypto.so.3)
==3813177==    by 0x123DA6F: crypto.backend_openssl.aeadInit (backend_openssl.zig:541)
==3813177==    by 0x122A49F: init (backend.zig:303)
==3813177==    by 0x122A49F: aead.Context.init (aead.zig:138)
==3813177==    by 0x122A253: RecordLayer.init (RecordLayer.zig:79)
==3813177==    by 0x12132E3: hkdf.Hkdf(crypto.hmac.Hmac(crypto.sha2.Sha2x32(.{ 1779033703, 3144134277, 1013904242, 2773480762, 1359893119, 2600822924, 528734635, 1541459225 },256))).makeRecordLayer (hkdf.zig:237)
==3813177==    by 0x12755FF: ServerHandshake.verifyClientFinished (ServerHandshake.zig:2149)
==3813177==    by 0x1236B93: ServerHandshake.processClientFinishedPlaintext (ServerHandshake.zig:2117)
==3813177==    by 0x1236073: ServerHandshake.processClientFinished (ServerHandshake.zig:2046)
==3813177==    by 0x154DC7F: ServerHandshake.test.processClientFinished: verifies Finished and installs app keys (ServerHandshake.zig:5546)
==3813177== 
==3813177== 1,152 (192 direct, 960 indirect) bytes in 1 blocks are definitely lost in loss record 385 of 578
==3813177==    at 0x4885E30: malloc (in /nix/store/HASH-valgrind-3.27.1/libexec/valgrind/vgpreload_memcheck-arm64-linux.so)
==3813177==    by 0x4B1FDE7: CRYPTO_malloc (in /nix/store/HASH-openssl-3.6.4/lib/libcrypto.so.3)
==3813177==    by 0x4B20053: CRYPTO_zalloc (in /nix/store/HASH-openssl-3.6.4/lib/libcrypto.so.3)
==3813177==    by 0x4ADC9DB: EVP_CIPHER_CTX_new (in /nix/store/HASH-openssl-3.6.4/lib/libcrypto.so.3)
==3813177==    by 0x123DA17: crypto.backend_openssl.aeadInit (backend_openssl.zig:539)
==3813177==    by 0x122A49F: init (backend.zig:303)
==3813177==    by 0x122A49F: aead.Context.init (aead.zig:138)
==3813177==    by 0x122A253: RecordLayer.init (RecordLayer.zig:79)
==3813177==    by 0x12132E3: hkdf.Hkdf(crypto.hmac.Hmac(crypto.sha2.Sha2x32(.{ 1779033703, 3144134277, 1013904242, 2773480762, 1359893119, 2600822924, 528734635, 1541459225 },256))).makeRecordLayer (hkdf.zig:237)
==3813177==    by 0x1273137: ServerHandshake.installHandshakeKeys (ServerHandshake.zig:1701)
==3813177==    by 0x1232B0B: ServerHandshake.processClientHelloMessage (ServerHandshake.zig:1364)
==3813177==    by 0x122FF83: ServerHandshake.acceptClientHello (ServerHandshake.zig:991)
==3813177==    by 0x154E3CB: ServerHandshake.test.processClientFinished: rejects bad verify_data (ServerHandshake.zig:5567)
==3813177== 
==3813177== 1,152 (192 direct, 960 indirect) bytes in 1 blocks are definitely lost in loss record 386 of 578
==3813177==    at 0x4885E30: malloc (in /nix/store/HASH-valgrind-3.27.1/libexec/valgrind/vgpreload_memcheck-arm64-linux.so)
==3813177==    by 0x4B1FDE7: CRYPTO_malloc (in /nix/store/HASH-openssl-3.6.4/lib/libcrypto.so.3)
==3813177==    by 0x4B20053: CRYPTO_zalloc (in /nix/store/HASH-openssl-3.6.4/lib/libcrypto.so.3)
==3813177==    by 0x4ADC9DB: EVP_CIPHER_CTX_new (in /nix/store/HASH-openssl-3.6.4/lib/libcrypto.so.3)
==3813177==    by 0x123DA6F: crypto.backend_openssl.aeadInit (backend_openssl.zig:541)
==3813177==    by 0x122A49F: init (backend.zig:303)
==3813177==    by 0x122A49F: aead.Context.init (aead.zig:138)
==3813177==    by 0x122A253: RecordLayer.init (RecordLayer.zig:79)
==3813177==    by 0x12132E3: hkdf.Hkdf(crypto.hmac.Hmac(crypto.sha2.Sha2x32(.{ 1779033703, 3144134277, 1013904242, 2773480762, 1359893119, 2600822924, 528734635, 1541459225 },256))).makeRecordLayer (hkdf.zig:237)
==3813177==    by 0x1273137: ServerHandshake.installHandshakeKeys (ServerHandshake.zig:1701)
==3813177==    by 0x1232B0B: ServerHandshake.processClientHelloMessage (ServerHandshake.zig:1364)
==3813177==    by 0x122FF83: ServerHandshake.acceptClientHello (ServerHandshake.zig:991)
==3813177==    by 0x154E3CB: ServerHandshake.test.processClientFinished: rejects bad verify_data (ServerHandshake.zig:5567)
==3813177== 
==3813177== 1,152 (192 direct, 960 indirect) bytes in 1 blocks are definitely lost in loss record 387 of 578
==3813177==    at 0x4885E30: malloc (in /nix/store/HASH-valgrind-3.27.1/libexec/valgrind/vgpreload_memcheck-arm64-linux.so)
==3813177==    by 0x4B1FDE7: CRYPTO_malloc (in /nix/store/HASH-openssl-3.6.4/lib/libcrypto.so.3)
==3813177==    by 0x4B20053: CRYPTO_zalloc (in /nix/store/HASH-openssl-3.6.4/lib/libcrypto.so.3)
==3813177==    by 0x4ADC9DB: EVP_CIPHER_CTX_new (in /nix/store/HASH-openssl-3.6.4/lib/libcrypto.so.3)
==3813177==    by 0x123DA17: crypto.backend_openssl.aeadInit (backend_openssl.zig:539)
==3813177==    by 0x122A49F: init (backend.zig:303)
==3813177==    by 0x122A49F: aead.Context.init (aead.zig:138)
==3813177==    by 0x122A253: RecordLayer.init (RecordLayer.zig:79)
==3813177==    by 0x12132E3: hkdf.Hkdf(crypto.hmac.Hmac(crypto.sha2.Sha2x32(.{ 1779033703, 3144134277, 1013904242, 2773480762, 1359893119, 2600822924, 528734635, 1541459225 },256))).makeRecordLayer (hkdf.zig:237)
==3813177==    by 0x12748CF: ServerHandshake.prepareServerApplicationWriteKey (ServerHandshake.zig:2020)
==3813177==    by 0x1234AB3: ServerHandshake.encryptServerFlight (ServerHandshake.zig:1982)
==3813177==    by 0x151C1B7: ServerHandshake.sendAnonymousFlightForTest (ServerHandshake.zig:1744)
==3813177==    by 0x154E4B3: ServerHandshake.test.processClientFinished: rejects bad verify_data (ServerHandshake.zig:5569)
==3813177== 
==3813177== 1,152 (192 direct, 960 indirect) bytes in 1 blocks are definitely lost in loss record 388 of 578
==3813177==    at 0x4885E30: malloc (in /nix/store/HASH-valgrind-3.27.1/libexec/valgrind/vgpreload_memcheck-arm64-linux.so)
==3813177==    by 0x4B1FDE7: CRYPTO_malloc (in /nix/store/HASH-openssl-3.6.4/lib/libcrypto.so.3)
==3813177==    by 0x4B20053: CRYPTO_zalloc (in /nix/store/HASH-openssl-3.6.4/lib/libcrypto.so.3)
==3813177==    by 0x4ADC9DB: EVP_CIPHER_CTX_new (in /nix/store/HASH-openssl-3.6.4/lib/libcrypto.so.3)
==3813177==    by 0x123DA6F: crypto.backend_openssl.aeadInit (backend_openssl.zig:541)
==3813177==    by 0x122A49F: init (backend.zig:303)
==3813177==    by 0x122A49F: aead.Context.init (aead.zig:138)
==3813177==    by 0x122A253: RecordLayer.init (RecordLayer.zig:79)
==3813177==    by 0x12132E3: hkdf.Hkdf(crypto.hmac.Hmac(crypto.sha2.Sha2x32(.{ 1779033703, 3144134277, 1013904242, 2773480762, 1359893119, 2600822924, 528734635, 1541459225 },256))).makeRecordLayer (hkdf.zig:237)
==3813177==    by 0x12748CF: ServerHandshake.prepareServerApplicationWriteKey (ServerHandshake.zig:2020)
==3813177==    by 0x1234AB3: ServerHandshake.encryptServerFlight (ServerHandshake.zig:1982)
==3813177==    by 0x151C1B7: ServerHandshake.sendAnonymousFlightForTest (ServerHandshake.zig:1744)
==3813177==    by 0x154E4B3: ServerHandshake.test.processClientFinished: rejects bad verify_data (ServerHandshake.zig:5569)
==3813177== 
==3813177== 1,152 (192 direct, 960 indirect) bytes in 1 blocks are definitely lost in loss record 389 of 578
==3813177==    at 0x4885E30: malloc (in /nix/store/HASH-valgrind-3.27.1/libexec/valgrind/vgpreload_memcheck-arm64-linux.so)
==3813177==    by 0x4B1FDE7: CRYPTO_malloc (in /nix/store/HASH-openssl-3.6.4/lib/libcrypto.so.3)
==3813177==    by 0x4B20053: CRYPTO_zalloc (in /nix/store/HASH-openssl-3.6.4/lib/libcrypto.so.3)
==3813177==    by 0x4ADC9DB: EVP_CIPHER_CTX_new (in /nix/store/HASH-openssl-3.6.4/lib/libcrypto.so.3)
==3813177==    by 0x123DA17: crypto.backend_openssl.aeadInit (backend_openssl.zig:539)
==3813177==    by 0x122A49F: init (backend.zig:303)
==3813177==    by 0x122A49F: aead.Context.init (aead.zig:138)
==3813177==    by 0x122A253: RecordLayer.init (RecordLayer.zig:79)
==3813177==    by 0x12132E3: hkdf.Hkdf(crypto.hmac.Hmac(crypto.sha2.Sha2x32(.{ 1779033703, 3144134277, 1013904242, 2773480762, 1359893119, 2600822924, 528734635, 1541459225 },256))).makeRecordLayer (hkdf.zig:237)
==3813177==    by 0x1273137: ServerHandshake.installHandshakeKeys (ServerHandshake.zig:1701)
==3813177==    by 0x1232B0B: ServerHandshake.processClientHelloMessage (ServerHandshake.zig:1364)
==3813177==    by 0x122FF83: ServerHandshake.acceptClientHello (ServerHandshake.zig:991)
==3813177==    by 0x154F253: ServerHandshake.test.processClientFinished: rejects EndOfEarlyData when 0-RTT was not accepted (ServerHandshake.zig:5616)
==3813177== 
==3813177== 1,152 (192 direct, 960 indirect) bytes in 1 blocks are definitely lost in loss record 390 of 578
==3813177==    at 0x4885E30: malloc (in /nix/store/HASH-valgrind-3.27.1/libexec/valgrind/vgpreload_memcheck-arm64-linux.so)
==3813177==    by 0x4B1FDE7: CRYPTO_malloc (in /nix/store/HASH-openssl-3.6.4/lib/libcrypto.so.3)
==3813177==    by 0x4B20053: CRYPTO_zalloc (in /nix/store/HASH-openssl-3.6.4/lib/libcrypto.so.3)
==3813177==    by 0x4ADC9DB: EVP_CIPHER_CTX_new (in /nix/store/HASH-openssl-3.6.4/lib/libcrypto.so.3)
==3813177==    by 0x123DA6F: crypto.backend_openssl.aeadInit (backend_openssl.zig:541)
==3813177==    by 0x122A49F: init (backend.zig:303)
==3813177==    by 0x122A49F: aead.Context.init (aead.zig:138)
==3813177==    by 0x122A253: RecordLayer.init (RecordLayer.zig:79)
==3813177==    by 0x12132E3: hkdf.Hkdf(crypto.hmac.Hmac(crypto.sha2.Sha2x32(.{ 1779033703, 3144134277, 1013904242, 2773480762, 1359893119, 2600822924, 528734635, 1541459225 },256))).makeRecordLayer (hkdf.zig:237)
==3813177==    by 0x1273137: ServerHandshake.installHandshakeKeys (ServerHandshake.zig:1701)
==3813177==    by 0x1232B0B: ServerHandshake.processClientHelloMessage (ServerHandshake.zig:1364)
==3813177==    by 0x122FF83: ServerHandshake.acceptClientHello (ServerHandshake.zig:991)
==3813177==    by 0x154F253: ServerHandshake.test.processClientFinished: rejects EndOfEarlyData when 0-RTT was not accepted (ServerHandshake.zig:5616)
==3813177== 
==3813177== 1,152 (192 direct, 960 indirect) bytes in 1 blocks are definitely lost in loss record 391 of 578
==3813177==    at 0x4885E30: malloc (in /nix/store/HASH-valgrind-3.27.1/libexec/valgrind/vgpreload_memcheck-arm64-linux.so)
==3813177==    by 0x4B1FDE7: CRYPTO_malloc (in /nix/store/HASH-openssl-3.6.4/lib/libcrypto.so.3)
==3813177==    by 0x4B20053: CRYPTO_zalloc (in /nix/store/HASH-openssl-3.6.4/lib/libcrypto.so.3)
==3813177==    by 0x4ADC9DB: EVP_CIPHER_CTX_new (in /nix/store/HASH-openssl-3.6.4/lib/libcrypto.so.3)
==3813177==    by 0x123DA17: crypto.backend_openssl.aeadInit (backend_openssl.zig:539)
==3813177==    by 0x122A49F: init (backend.zig:303)
==3813177==    by 0x122A49F: aead.Context.init (aead.zig:138)
==3813177==    by 0x122A253: RecordLayer.init (RecordLayer.zig:79)
==3813177==    by 0x12132E3: hkdf.Hkdf(crypto.hmac.Hmac(crypto.sha2.Sha2x32(.{ 1779033703, 3144134277, 1013904242, 2773480762, 1359893119, 2600822924, 528734635, 1541459225 },256))).makeRecordLayer (hkdf.zig:237)
==3813177==    by 0x12748CF: ServerHandshake.prepareServerApplicationWriteKey (ServerHandshake.zig:2020)
==3813177==    by 0x1234AB3: ServerHandshake.encryptServerFlight (ServerHandshake.zig:1982)
==3813177==    by 0x151C1B7: ServerHandshake.sendAnonymousFlightForTest (ServerHandshake.zig:1744)
==3813177==    by 0x154F33B: ServerHandshake.test.processClientFinished: rejects EndOfEarlyData when 0-RTT was not accepted (ServerHandshake.zig:5618)
==3813177== 
==3813177== 1,152 (192 direct, 960 indirect) bytes in 1 blocks are definitely lost in loss record 392 of 578
==3813177==    at 0x4885E30: malloc (in /nix/store/HASH-valgrind-3.27.1/libexec/valgrind/vgpreload_memcheck-arm64-linux.so)
==3813177==    by 0x4B1FDE7: CRYPTO_malloc (in /nix/store/HASH-openssl-3.6.4/lib/libcrypto.so.3)
==3813177==    by 0x4B20053: CRYPTO_zalloc (in /nix/store/HASH-openssl-3.6.4/lib/libcrypto.so.3)
==3813177==    by 0x4ADC9DB: EVP_CIPHER_CTX_new (in /nix/store/HASH-openssl-3.6.4/lib/libcrypto.so.3)
==3813177==    by 0x123DA6F: crypto.backend_openssl.aeadInit (backend_openssl.zig:541)
==3813177==    by 0x122A49F: init (backend.zig:303)
==3813177==    by 0x122A49F: aead.Context.init (aead.zig:138)
==3813177==    by 0x122A253: RecordLayer.init (RecordLayer.zig:79)
==3813177==    by 0x12132E3: hkdf.Hkdf(crypto.hmac.Hmac(crypto.sha2.Sha2x32(.{ 1779033703, 3144134277, 1013904242, 2773480762, 1359893119, 2600822924, 528734635, 1541459225 },256))).makeRecordLayer (hkdf.zig:237)
==3813177==    by 0x12748CF: ServerHandshake.prepareServerApplicationWriteKey (ServerHandshake.zig:2020)
==3813177==    by 0x1234AB3: ServerHandshake.encryptServerFlight (ServerHandshake.zig:1982)
==3813177==    by 0x151C1B7: ServerHandshake.sendAnonymousFlightForTest (ServerHandshake.zig:1744)
==3813177==    by 0x154F33B: ServerHandshake.test.processClientFinished: rejects EndOfEarlyData when 0-RTT was not accepted (ServerHandshake.zig:5618)
==3813177== 
==3813177== 1,152 (192 direct, 960 indirect) bytes in 1 blocks are definitely lost in loss record 393 of 578
==3813177==    at 0x4885E30: malloc (in /nix/store/HASH-valgrind-3.27.1/libexec/valgrind/vgpreload_memcheck-arm64-linux.so)
==3813177==    by 0x4B1FDE7: CRYPTO_malloc (in /nix/store/HASH-openssl-3.6.4/lib/libcrypto.so.3)
==3813177==    by 0x4B20053: CRYPTO_zalloc (in /nix/store/HASH-openssl-3.6.4/lib/libcrypto.so.3)
==3813177==    by 0x4ADC9DB: EVP_CIPHER_CTX_new (in /nix/store/HASH-openssl-3.6.4/lib/libcrypto.so.3)
==3813177==    by 0x123DA17: crypto.backend_openssl.aeadInit (backend_openssl.zig:539)
==3813177==    by 0x122A49F: init (backend.zig:303)
==3813177==    by 0x122A49F: aead.Context.init (aead.zig:138)
==3813177==    by 0x122A253: RecordLayer.init (RecordLayer.zig:79)
==3813177==    by 0x12132E3: hkdf.Hkdf(crypto.hmac.Hmac(crypto.sha2.Sha2x32(.{ 1779033703, 3144134277, 1013904242, 2773480762, 1359893119, 2600822924, 528734635, 1541459225 },256))).makeRecordLayer (hkdf.zig:237)
==3813177==    by 0x1273137: ServerHandshake.installHandshakeKeys (ServerHandshake.zig:1701)
==3813177==    by 0x1232B0B: ServerHandshake.processClientHelloMessage (ServerHandshake.zig:1364)
==3813177==    by 0x122FF83: ServerHandshake.acceptClientHello (ServerHandshake.zig:991)
==3813177==    by 0x154FC93: ServerHandshake.test.handleRecord: rejects second plaintext ClientHello before Finished (ServerHandshake.zig:5647)
==3813177== 
==3813177== 1,152 (192 direct, 960 indirect) bytes in 1 blocks are definitely lost in loss record 394 of 578
==3813177==    at 0x4885E30: malloc (in /nix/store/HASH-valgrind-3.27.1/libexec/valgrind/vgpreload_memcheck-arm64-linux.so)
==3813177==    by 0x4B1FDE7: CRYPTO_malloc (in /nix/store/HASH-openssl-3.6.4/lib/libcrypto.so.3)
==3813177==    by 0x4B20053: CRYPTO_zalloc (in /nix/store/HASH-openssl-3.6.4/lib/libcrypto.so.3)
==3813177==    by 0x4ADC9DB: EVP_CIPHER_CTX_new (in /nix/store/HASH-openssl-3.6.4/lib/libcrypto.so.3)
==3813177==    by 0x123DA6F: crypto.backend_openssl.aeadInit (backend_openssl.zig:541)
==3813177==    by 0x122A49F: init (backend.zig:303)
==3813177==    by 0x122A49F: aead.Context.init (aead.zig:138)
==3813177==    by 0x122A253: RecordLayer.init (RecordLayer.zig:79)
==3813177==    by 0x12132E3: hkdf.Hkdf(crypto.hmac.Hmac(crypto.sha2.Sha2x32(.{ 1779033703, 3144134277, 1013904242, 2773480762, 1359893119, 2600822924, 528734635, 1541459225 },256))).makeRecordLayer (hkdf.zig:237)
==3813177==    by 0x1273137: ServerHandshake.installHandshakeKeys (ServerHandshake.zig:1701)
==3813177==    by 0x1232B0B: ServerHandshake.processClientHelloMessage (ServerHandshake.zig:1364)
==3813177==    by 0x122FF83: ServerHandshake.acceptClientHello (ServerHandshake.zig:991)
==3813177==    by 0x154FC93: ServerHandshake.test.handleRecord: rejects second plaintext ClientHello before Finished (ServerHandshake.zig:5647)
==3813177== 
==3813177== 1,152 (192 direct, 960 indirect) bytes in 1 blocks are definitely lost in loss record 395 of 578
==3813177==    at 0x4885E30: malloc (in /nix/store/HASH-valgrind-3.27.1/libexec/valgrind/vgpreload_memcheck-arm64-linux.so)
==3813177==    by 0x4B1FDE7: CRYPTO_malloc (in /nix/store/HASH-openssl-3.6.4/lib/libcrypto.so.3)
==3813177==    by 0x4B20053: CRYPTO_zalloc (in /nix/store/HASH-openssl-3.6.4/lib/libcrypto.so.3)
==3813177==    by 0x4ADC9DB: EVP_CIPHER_CTX_new (in /nix/store/HASH-openssl-3.6.4/lib/libcrypto.so.3)
==3813177==    by 0x123DA17: crypto.backend_openssl.aeadInit (backend_openssl.zig:539)
==3813177==    by 0x122A49F: init (backend.zig:303)
==3813177==    by 0x122A49F: aead.Context.init (aead.zig:138)
==3813177==    by 0x122A253: RecordLayer.init (RecordLayer.zig:79)
==3813177==    by 0x12132E3: hkdf.Hkdf(crypto.hmac.Hmac(crypto.sha2.Sha2x32(.{ 1779033703, 3144134277, 1013904242, 2773480762, 1359893119, 2600822924, 528734635, 1541459225 },256))).makeRecordLayer (hkdf.zig:237)
==3813177==    by 0x12748CF: ServerHandshake.prepareServerApplicationWriteKey (ServerHandshake.zig:2020)
==3813177==    by 0x1234AB3: ServerHandshake.encryptServerFlight (ServerHandshake.zig:1982)
==3813177==    by 0x151C1B7: ServerHandshake.sendAnonymousFlightForTest (ServerHandshake.zig:1744)
==3813177==    by 0x154FD7B: ServerHandshake.test.handleRecord: rejects second plaintext ClientHello before Finished (ServerHandshake.zig:5649)
==3813177== 
==3813177== 1,152 (192 direct, 960 indirect) bytes in 1 blocks are definitely lost in loss record 396 of 578
==3813177==    at 0x4885E30: malloc (in /nix/store/HASH-valgrind-3.27.1/libexec/valgrind/vgpreload_memcheck-arm64-linux.so)
==3813177==    by 0x4B1FDE7: CRYPTO_malloc (in /nix/store/HASH-openssl-3.6.4/lib/libcrypto.so.3)
==3813177==    by 0x4B20053: CRYPTO_zalloc (in /nix/store/HASH-openssl-3.6.4/lib/libcrypto.so.3)
==3813177==    by 0x4ADC9DB: EVP_CIPHER_CTX_new (in /nix/store/HASH-openssl-3.6.4/lib/libcrypto.so.3)
==3813177==    by 0x123DA6F: crypto.backend_openssl.aeadInit (backend_openssl.zig:541)
==3813177==    by 0x122A49F: init (backend.zig:303)
==3813177==    by 0x122A49F: aead.Context.init (aead.zig:138)
==3813177==    by 0x122A253: RecordLayer.init (RecordLayer.zig:79)
==3813177==    by 0x12132E3: hkdf.Hkdf(crypto.hmac.Hmac(crypto.sha2.Sha2x32(.{ 1779033703, 3144134277, 1013904242, 2773480762, 1359893119, 2600822924, 528734635, 1541459225 },256))).makeRecordLayer (hkdf.zig:237)
==3813177==    by 0x12748CF: ServerHandshake.prepareServerApplicationWriteKey (ServerHandshake.zig:2020)
==3813177==    by 0x1234AB3: ServerHandshake.encryptServerFlight (ServerHandshake.zig:1982)
==3813177==    by 0x151C1B7: ServerHandshake.sendAnonymousFlightForTest (ServerHandshake.zig:1744)
==3813177==    by 0x154FD7B: ServerHandshake.test.handleRecord: rejects second plaintext ClientHello before Finished (ServerHandshake.zig:5649)
==3813177== 
==3813177== 1,152 (192 direct, 960 indirect) bytes in 1 blocks are definitely lost in loss record 397 of 578
==3813177==    at 0x4885E30: malloc (in /nix/store/HASH-valgrind-3.27.1/libexec/valgrind/vgpreload_memcheck-arm64-linux.so)
==3813177==    by 0x4B1FDE7: CRYPTO_malloc (in /nix/store/HASH-openssl-3.6.4/lib/libcrypto.so.3)
==3813177==    by 0x4B20053: CRYPTO_zalloc (in /nix/store/HASH-openssl-3.6.4/lib/libcrypto.so.3)
==3813177==    by 0x4ADC9DB: EVP_CIPHER_CTX_new (in /nix/store/HASH-openssl-3.6.4/lib/libcrypto.so.3)
==3813177==    by 0x123DA17: crypto.backend_openssl.aeadInit (backend_openssl.zig:539)
==3813177==    by 0x122A49F: init (backend.zig:303)
==3813177==    by 0x122A49F: aead.Context.init (aead.zig:138)
==3813177==    by 0x122A253: RecordLayer.init (RecordLayer.zig:79)
==3813177==    by 0x12132E3: hkdf.Hkdf(crypto.hmac.Hmac(crypto.sha2.Sha2x32(.{ 1779033703, 3144134277, 1013904242, 2773480762, 1359893119, 2600822924, 528734635, 1541459225 },256))).makeRecordLayer (hkdf.zig:237)
==3813177==    by 0x1273137: ServerHandshake.installHandshakeKeys (ServerHandshake.zig:1701)
==3813177==    by 0x1232B0B: ServerHandshake.processClientHelloMessage (ServerHandshake.zig:1364)
==3813177==    by 0x122FF83: ServerHandshake.acceptClientHello (ServerHandshake.zig:991)
==3813177==    by 0x1551523: ServerHandshake.test.handleRecord: rejects client KeyUpdate before Finished (ServerHandshake.zig:5709)
==3813177== 
==3813177== 1,152 (192 direct, 960 indirect) bytes in 1 blocks are definitely lost in loss record 398 of 578
==3813177==    at 0x4885E30: malloc (in /nix/store/HASH-valgrind-3.27.1/libexec/valgrind/vgpreload_memcheck-arm64-linux.so)
==3813177==    by 0x4B1FDE7: CRYPTO_malloc (in /nix/store/HASH-openssl-3.6.4/lib/libcrypto.so.3)
==3813177==    by 0x4B20053: CRYPTO_zalloc (in /nix/store/HASH-openssl-3.6.4/lib/libcrypto.so.3)
==3813177==    by 0x4ADC9DB: EVP_CIPHER_CTX_new (in /nix/store/HASH-openssl-3.6.4/lib/libcrypto.so.3)
==3813177==    by 0x123DA6F: crypto.backend_openssl.aeadInit (backend_openssl.zig:541)
==3813177==    by 0x122A49F: init (backend.zig:303)
==3813177==    by 0x122A49F: aead.Context.init (aead.zig:138)
==3813177==    by 0x122A253: RecordLayer.init (RecordLayer.zig:79)
==3813177==    by 0x12132E3: hkdf.Hkdf(crypto.hmac.Hmac(crypto.sha2.Sha2x32(.{ 1779033703, 3144134277, 1013904242, 2773480762, 1359893119, 2600822924, 528734635, 1541459225 },256))).makeRecordLayer (hkdf.zig:237)
==3813177==    by 0x1273137: ServerHandshake.installHandshakeKeys (ServerHandshake.zig:1701)
==3813177==    by 0x1232B0B: ServerHandshake.processClientHelloMessage (ServerHandshake.zig:1364)
==3813177==    by 0x122FF83: ServerHandshake.acceptClientHello (ServerHandshake.zig:991)
==3813177==    by 0x1551523: ServerHandshake.test.handleRecord: rejects client KeyUpdate before Finished (ServerHandshake.zig:5709)
==3813177== 
==3813177== 1,152 (192 direct, 960 indirect) bytes in 1 blocks are definitely lost in loss record 399 of 578
==3813177==    at 0x4885E30: malloc (in /nix/store/HASH-valgrind-3.27.1/libexec/valgrind/vgpreload_memcheck-arm64-linux.so)
==3813177==    by 0x4B1FDE7: CRYPTO_malloc (in /nix/store/HASH-openssl-3.6.4/lib/libcrypto.so.3)
==3813177==    by 0x4B20053: CRYPTO_zalloc (in /nix/store/HASH-openssl-3.6.4/lib/libcrypto.so.3)
==3813177==    by 0x4ADC9DB: EVP_CIPHER_CTX_new (in /nix/store/HASH-openssl-3.6.4/lib/libcrypto.so.3)
==3813177==    by 0x123DA17: crypto.backend_openssl.aeadInit (backend_openssl.zig:539)
==3813177==    by 0x122A49F: init (backend.zig:303)
==3813177==    by 0x122A49F: aead.Context.init (aead.zig:138)
==3813177==    by 0x122A253: RecordLayer.init (RecordLayer.zig:79)
==3813177==    by 0x12132E3: hkdf.Hkdf(crypto.hmac.Hmac(crypto.sha2.Sha2x32(.{ 1779033703, 3144134277, 1013904242, 2773480762, 1359893119, 2600822924, 528734635, 1541459225 },256))).makeRecordLayer (hkdf.zig:237)
==3813177==    by 0x12748CF: ServerHandshake.prepareServerApplicationWriteKey (ServerHandshake.zig:2020)
==3813177==    by 0x1234AB3: ServerHandshake.encryptServerFlight (ServerHandshake.zig:1982)
==3813177==    by 0x151C1B7: ServerHandshake.sendAnonymousFlightForTest (ServerHandshake.zig:1744)
==3813177==    by 0x155160B: ServerHandshake.test.handleRecord: rejects client KeyUpdate before Finished (ServerHandshake.zig:5711)
==3813177== 
==3813177== 1,152 (192 direct, 960 indirect) bytes in 1 blocks are definitely lost in loss record 400 of 578
==3813177==    at 0x4885E30: malloc (in /nix/store/HASH-valgrind-3.27.1/libexec/valgrind/vgpreload_memcheck-arm64-linux.so)
==3813177==    by 0x4B1FDE7: CRYPTO_malloc (in /nix/store/HASH-openssl-3.6.4/lib/libcrypto.so.3)
==3813177==    by 0x4B20053: CRYPTO_zalloc (in /nix/store/HASH-openssl-3.6.4/lib/libcrypto.so.3)
==3813177==    by 0x4ADC9DB: EVP_CIPHER_CTX_new (in /nix/store/HASH-openssl-3.6.4/lib/libcrypto.so.3)
==3813177==    by 0x123DA6F: crypto.backend_openssl.aeadInit (backend_openssl.zig:541)
==3813177==    by 0x122A49F: init (backend.zig:303)
==3813177==    by 0x122A49F: aead.Context.init (aead.zig:138)
==3813177==    by 0x122A253: RecordLayer.init (RecordLayer.zig:79)
==3813177==    by 0x12132E3: hkdf.Hkdf(crypto.hmac.Hmac(crypto.sha2.Sha2x32(.{ 1779033703, 3144134277, 1013904242, 2773480762, 1359893119, 2600822924, 528734635, 1541459225 },256))).makeRecordLayer (hkdf.zig:237)
==3813177==    by 0x12748CF: ServerHandshake.prepareServerApplicationWriteKey (ServerHandshake.zig:2020)
==3813177==    by 0x1234AB3: ServerHandshake.encryptServerFlight (ServerHandshake.zig:1982)
==3813177==    by 0x151C1B7: ServerHandshake.sendAnonymousFlightForTest (ServerHandshake.zig:1744)
==3813177==    by 0x155160B: ServerHandshake.test.handleRecord: rejects client KeyUpdate before Finished (ServerHandshake.zig:5711)
==3813177== 
==3813177== 1,152 (192 direct, 960 indirect) bytes in 1 blocks are definitely lost in loss record 401 of 578
==3813177==    at 0x4885E30: malloc (in /nix/store/HASH-valgrind-3.27.1/libexec/valgrind/vgpreload_memcheck-arm64-linux.so)
==3813177==    by 0x4B1FDE7: CRYPTO_malloc (in /nix/store/HASH-openssl-3.6.4/lib/libcrypto.so.3)
==3813177==    by 0x4B20053: CRYPTO_zalloc (in /nix/store/HASH-openssl-3.6.4/lib/libcrypto.so.3)
==3813177==    by 0x4ADC9DB: EVP_CIPHER_CTX_new (in /nix/store/HASH-openssl-3.6.4/lib/libcrypto.so.3)
==3813177==    by 0x123DA17: crypto.backend_openssl.aeadInit (backend_openssl.zig:539)
==3813177==    by 0x122A49F: init (backend.zig:303)
==3813177==    by 0x122A49F: aead.Context.init (aead.zig:138)
==3813177==    by 0x122A253: RecordLayer.init (RecordLayer.zig:79)
==3813177==    by 0x122A743: RecordLayer.clone (RecordLayer.zig:103)
==3813177==    by 0x155C5F3: ServerHandshake.test.handleRecord: KeyUpdate flood cap fires despite empty app-data interleaving (ServerHandshake.zig:6195)
==3813177==    by 0x13D7EB7: test_runner.main (test_runner.zig:278)
==3813177==    by 0x13D9A2F: callMain (start.zig:627)
==3813177==    by 0x13D9A2F: callMainWithArgs (start.zig:587)
==3813177==    by 0x13D9A2F: main (start.zig:602)
==3813177== 
==3813177== 1,152 (192 direct, 960 indirect) bytes in 1 blocks are definitely lost in loss record 402 of 578
==3813177==    at 0x4885E30: malloc (in /nix/store/HASH-valgrind-3.27.1/libexec/valgrind/vgpreload_memcheck-arm64-linux.so)
==3813177==    by 0x4B1FDE7: CRYPTO_malloc (in /nix/store/HASH-openssl-3.6.4/lib/libcrypto.so.3)
==3813177==    by 0x4B20053: CRYPTO_zalloc (in /nix/store/HASH-openssl-3.6.4/lib/libcrypto.so.3)
==3813177==    by 0x4ADC9DB: EVP_CIPHER_CTX_new (in /nix/store/HASH-openssl-3.6.4/lib/libcrypto.so.3)
==3813177==    by 0x123DA6F: crypto.backend_openssl.aeadInit (backend_openssl.zig:541)
==3813177==    by 0x122A49F: init (backend.zig:303)
==3813177==    by 0x122A49F: aead.Context.init (aead.zig:138)
==3813177==    by 0x122A253: RecordLayer.init (RecordLayer.zig:79)
==3813177==    by 0x122A743: RecordLayer.clone (RecordLayer.zig:103)
==3813177==    by 0x155C5F3: ServerHandshake.test.handleRecord: KeyUpdate flood cap fires despite empty app-data interleaving (ServerHandshake.zig:6195)
==3813177==    by 0x13D7EB7: test_runner.main (test_runner.zig:278)
==3813177==    by 0x13D9A2F: callMain (start.zig:627)
==3813177==    by 0x13D9A2F: callMainWithArgs (start.zig:587)
==3813177==    by 0x13D9A2F: main (start.zig:602)
==3813177== 
==3813177== 1,152 (192 direct, 960 indirect) bytes in 1 blocks are definitely lost in loss record 403 of 578
==3813177==    at 0x4885E30: malloc (in /nix/store/HASH-valgrind-3.27.1/libexec/valgrind/vgpreload_memcheck-arm64-linux.so)
==3813177==    by 0x4B1FDE7: CRYPTO_malloc (in /nix/store/HASH-openssl-3.6.4/lib/libcrypto.so.3)
==3813177==    by 0x4B20053: CRYPTO_zalloc (in /nix/store/HASH-openssl-3.6.4/lib/libcrypto.so.3)
==3813177==    by 0x4ADC9DB: EVP_CIPHER_CTX_new (in /nix/store/HASH-openssl-3.6.4/lib/libcrypto.so.3)
==3813177==    by 0x123DA6F: crypto.backend_openssl.aeadInit (backend_openssl.zig:541)
==3813177==    by 0x122A49F: init (backend.zig:303)
==3813177==    by 0x122A49F: aead.Context.init (aead.zig:138)
==3813177==    by 0x122A253: RecordLayer.init (RecordLayer.zig:79)
==3813177==    by 0x1212907: hkdf.Hkdf(crypto.hmac.Hmac(crypto.sha2.Sha2x64(.{ 14680500436340154072, 7105036623409894663, 10473403895298186519, 1526699215303891257, 7436329637833083697, 10282925794625328401, 15784041429090275239, 5167115440072839076 },384))).makeRecordLayer (hkdf.zig:237)
==3813177==    by 0x1274C7F: ServerHandshake.prepareServerApplicationWriteKey (ServerHandshake.zig:2020)
==3813177==    by 0x1234AB3: ServerHandshake.encryptServerFlight (ServerHandshake.zig:1982)
==3813177==    by 0x12330D7: ServerHandshake.sendCertificateChainFlight (ServerHandshake.zig:1814)
==3813177==    by 0x1232F43: ServerHandshake.sendAuthenticatedFlight (ServerHandshake.zig:1796)
==3813177== 
==3813177== 1,152 (192 direct, 960 indirect) bytes in 1 blocks are definitely lost in loss record 404 of 578
==3813177==    at 0x4885E30: malloc (in /nix/store/HASH-valgrind-3.27.1/libexec/valgrind/vgpreload_memcheck-arm64-linux.so)
==3813177==    by 0x4B1FDE7: CRYPTO_malloc (in /nix/store/HASH-openssl-3.6.4/lib/libcrypto.so.3)
==3813177==    by 0x4B20053: CRYPTO_zalloc (in /nix/store/HASH-openssl-3.6.4/lib/libcrypto.so.3)
==3813177==    by 0x4ADC9DB: EVP_CIPHER_CTX_new (in /nix/store/HASH-openssl-3.6.4/lib/libcrypto.so.3)
==3813177==    by 0x123DA17: crypto.backend_openssl.aeadInit (backend_openssl.zig:539)
==3813177==    by 0x122A49F: init (backend.zig:303)
==3813177==    by 0x122A49F: aead.Context.init (aead.zig:138)
==3813177==    by 0x122A253: RecordLayer.init (RecordLayer.zig:79)
==3813177==    by 0x1212907: hkdf.Hkdf(crypto.hmac.Hmac(crypto.sha2.Sha2x64(.{ 14680500436340154072, 7105036623409894663, 10473403895298186519, 1526699215303891257, 7436329637833083697, 10282925794625328401, 15784041429090275239, 5167115440072839076 },384))).makeRecordLayer (hkdf.zig:237)
==3813177==    by 0x1275CCF: ServerHandshake.verifyClientFinished (ServerHandshake.zig:2149)
==3813177==    by 0x1236B93: ServerHandshake.processClientFinishedPlaintext (ServerHandshake.zig:2117)
==3813177==    by 0x1236073: ServerHandshake.processClientFinished (ServerHandshake.zig:2046)
==3813177==    by 0x156C7DB: ServerHandshake.expectInMemoryAuthenticatedHandshake (ServerHandshake.zig:6871)
==3813177== 
==3813177== 1,152 (192 direct, 960 indirect) bytes in 1 blocks are definitely lost in loss record 405 of 578
==3813177==    at 0x4885E30: malloc (in /nix/store/HASH-valgrind-3.27.1/libexec/valgrind/vgpreload_memcheck-arm64-linux.so)
==3813177==    by 0x4B1FDE7: CRYPTO_malloc (in /nix/store/HASH-openssl-3.6.4/lib/libcrypto.so.3)
==3813177==    by 0x4B20053: CRYPTO_zalloc (in /nix/store/HASH-openssl-3.6.4/lib/libcrypto.so.3)
==3813177==    by 0x4ADC9DB: EVP_CIPHER_CTX_new (in /nix/store/HASH-openssl-3.6.4/lib/libcrypto.so.3)
==3813177==    by 0x123DA6F: crypto.backend_openssl.aeadInit (backend_openssl.zig:541)
==3813177==    by 0x122A49F: init (backend.zig:303)
==3813177==    by 0x122A49F: aead.Context.init (aead.zig:138)
==3813177==    by 0x122A253: RecordLayer.init (RecordLayer.zig:79)
==3813177==    by 0x1212907: hkdf.Hkdf(crypto.hmac.Hmac(crypto.sha2.Sha2x64(.{ 14680500436340154072, 7105036623409894663, 10473403895298186519, 1526699215303891257, 7436329637833083697, 10282925794625328401, 15784041429090275239, 5167115440072839076 },384))).makeRecordLayer (hkdf.zig:237)
==3813177==    by 0x1275CCF: ServerHandshake.verifyClientFinished (ServerHandshake.zig:2149)
==3813177==    by 0x1236B93: ServerHandshake.processClientFinishedPlaintext (ServerHandshake.zig:2117)
==3813177==    by 0x1236073: ServerHandshake.processClientFinished (ServerHandshake.zig:2046)
==3813177==    by 0x156C7DB: ServerHandshake.expectInMemoryAuthenticatedHandshake (ServerHandshake.zig:6871)
==3813177== 
==3813177== 1,152 (192 direct, 960 indirect) bytes in 1 blocks are definitely lost in loss record 406 of 578
==3813177==    at 0x4885E30: malloc (in /nix/store/HASH-valgrind-3.27.1/libexec/valgrind/vgpreload_memcheck-arm64-linux.so)
==3813177==    by 0x4B1FDE7: CRYPTO_malloc (in /nix/store/HASH-openssl-3.6.4/lib/libcrypto.so.3)
==3813177==    by 0x4B20053: CRYPTO_zalloc (in /nix/store/HASH-openssl-3.6.4/lib/libcrypto.so.3)
==3813177==    by 0x4ADC9DB: EVP_CIPHER_CTX_new (in /nix/store/HASH-openssl-3.6.4/lib/libcrypto.so.3)
==3813177==    by 0x123DA17: crypto.backend_openssl.aeadInit (backend_openssl.zig:539)
==3813177==    by 0x122A49F: init (backend.zig:303)
==3813177==    by 0x122A49F: aead.Context.init (aead.zig:138)
==3813177==    by 0x122A253: RecordLayer.init (RecordLayer.zig:79)
==3813177==    by 0x1212907: hkdf.Hkdf(crypto.hmac.Hmac(crypto.sha2.Sha2x64(.{ 14680500436340154072, 7105036623409894663, 10473403895298186519, 1526699215303891257, 7436329637833083697, 10282925794625328401, 15784041429090275239, 5167115440072839076 },384))).makeRecordLayer (hkdf.zig:237)
==3813177==    by 0x128CD83: suite_state.HashArm(hkdf.Hkdf(crypto.hmac.Hmac(crypto.sha2.Sha2x64(.{ 14680500436340154072, 7105036623409894663, 10473403895298186519, 1526699215303891257, 7436329637833083697, 10282925794625328401, 15784041429090275239, 5167115440072839076 },384))),crypto.sha2.Sha2x64(.{ 14680500436340154072, 7105036623409894663, 10473403895298186519, 1526699215303891257, 7436329637833083697, 10282925794625328401, 15784041429090275239, 5167115440072839076 },384)).ratchetServerKey (suite_state.zig:75)
==3813177==    by 0x126BA6F: suite_state.Suite.ratchetServerKey (suite_state.zig:107)
==3813177==    by 0x123A7E3: handshake.ratchetKtlsTx__anon_51814 (handshake.zig:220)
==3813177==    by 0x123A617: handshake.sendKeyUpdate__anon_51813 (handshake.zig:196)
==3813177== 
==3813177== 1,152 (192 direct, 960 indirect) bytes in 1 blocks are definitely lost in loss record 407 of 578
==3813177==    at 0x4885E30: malloc (in /nix/store/HASH-valgrind-3.27.1/libexec/valgrind/vgpreload_memcheck-arm64-linux.so)
==3813177==    by 0x4B1FDE7: CRYPTO_malloc (in /nix/store/HASH-openssl-3.6.4/lib/libcrypto.so.3)
==3813177==    by 0x4B20053: CRYPTO_zalloc (in /nix/store/HASH-openssl-3.6.4/lib/libcrypto.so.3)
==3813177==    by 0x4ADC9DB: EVP_CIPHER_CTX_new (in /nix/store/HASH-openssl-3.6.4/lib/libcrypto.so.3)
==3813177==    by 0x123DA6F: crypto.backend_openssl.aeadInit (backend_openssl.zig:541)
==3813177==    by 0x122A49F: init (backend.zig:303)
==3813177==    by 0x122A49F: aead.Context.init (aead.zig:138)
==3813177==    by 0x122A253: RecordLayer.init (RecordLayer.zig:79)
==3813177==    by 0x1212907: hkdf.Hkdf(crypto.hmac.Hmac(crypto.sha2.Sha2x64(.{ 14680500436340154072, 7105036623409894663, 10473403895298186519, 1526699215303891257, 7436329637833083697, 10282925794625328401, 15784041429090275239, 5167115440072839076 },384))).makeRecordLayer (hkdf.zig:237)
==3813177==    by 0x128CD83: suite_state.HashArm(hkdf.Hkdf(crypto.hmac.Hmac(crypto.sha2.Sha2x64(.{ 14680500436340154072, 7105036623409894663, 10473403895298186519, 1526699215303891257, 7436329637833083697, 10282925794625328401, 15784041429090275239, 5167115440072839076 },384))),crypto.sha2.Sha2x64(.{ 14680500436340154072, 7105036623409894663, 10473403895298186519, 1526699215303891257, 7436329637833083697, 10282925794625328401, 15784041429090275239, 5167115440072839076 },384)).ratchetServerKey (suite_state.zig:75)
==3813177==    by 0x126BA6F: suite_state.Suite.ratchetServerKey (suite_state.zig:107)
==3813177==    by 0x123A7E3: handshake.ratchetKtlsTx__anon_51814 (handshake.zig:220)
==3813177==    by 0x123A617: handshake.sendKeyUpdate__anon_51813 (handshake.zig:196)
==3813177== 
==3813177== 1,152 (192 direct, 960 indirect) bytes in 1 blocks are definitely lost in loss record 408 of 578
==3813177==    at 0x4885E30: malloc (in /nix/store/HASH-valgrind-3.27.1/libexec/valgrind/vgpreload_memcheck-arm64-linux.so)
==3813177==    by 0x4B1FDE7: CRYPTO_malloc (in /nix/store/HASH-openssl-3.6.4/lib/libcrypto.so.3)
==3813177==    by 0x4B20053: CRYPTO_zalloc (in /nix/store/HASH-openssl-3.6.4/lib/libcrypto.so.3)
==3813177==    by 0x4ADC9DB: EVP_CIPHER_CTX_new (in /nix/store/HASH-openssl-3.6.4/lib/libcrypto.so.3)
==3813177==    by 0x123DA17: crypto.backend_openssl.aeadInit (backend_openssl.zig:539)
==3813177==    by 0x122A49F: init (backend.zig:303)
==3813177==    by 0x122A49F: aead.Context.init (aead.zig:138)
==3813177==    by 0x122A253: RecordLayer.init (RecordLayer.zig:79)
==3813177==    by 0x1212907: hkdf.Hkdf(crypto.hmac.Hmac(crypto.sha2.Sha2x64(.{ 14680500436340154072, 7105036623409894663, 10473403895298186519, 1526699215303891257, 7436329637833083697, 10282925794625328401, 15784041429090275239, 5167115440072839076 },384))).makeRecordLayer (hkdf.zig:237)
==3813177==    by 0x128CD83: suite_state.HashArm(hkdf.Hkdf(crypto.hmac.Hmac(crypto.sha2.Sha2x64(.{ 14680500436340154072, 7105036623409894663, 10473403895298186519, 1526699215303891257, 7436329637833083697, 10282925794625328401, 15784041429090275239, 5167115440072839076 },384))),crypto.sha2.Sha2x64(.{ 14680500436340154072, 7105036623409894663, 10473403895298186519, 1526699215303891257, 7436329637833083697, 10282925794625328401, 15784041429090275239, 5167115440072839076 },384)).ratchetServerKey (suite_state.zig:75)
==3813177==    by 0x126A70B: ClientHandshake.Suite.ratchetServerKey (ClientHandshake.zig:476)
==3813177==    by 0x1223DBB: ClientHandshake.receivePlaintextRecord (ClientHandshake.zig:2102)
==3813177==    by 0x12236CB: ClientHandshake.receiveRecord (ClientHandshake.zig:2047)
==3813177== 
==3813177== 1,152 (192 direct, 960 indirect) bytes in 1 blocks are definitely lost in loss record 409 of 578
==3813177==    at 0x4885E30: malloc (in /nix/store/HASH-valgrind-3.27.1/libexec/valgrind/vgpreload_memcheck-arm64-linux.so)
==3813177==    by 0x4B1FDE7: CRYPTO_malloc (in /nix/store/HASH-openssl-3.6.4/lib/libcrypto.so.3)
==3813177==    by 0x4B20053: CRYPTO_zalloc (in /nix/store/HASH-openssl-3.6.4/lib/libcrypto.so.3)
==3813177==    by 0x4ADC9DB: EVP_CIPHER_CTX_new (in /nix/store/HASH-openssl-3.6.4/lib/libcrypto.so.3)
==3813177==    by 0x123DA6F: crypto.backend_openssl.aeadInit (backend_openssl.zig:541)
==3813177==    by 0x122A49F: init (backend.zig:303)
==3813177==    by 0x122A49F: aead.Context.init (aead.zig:138)
==3813177==    by 0x122A253: RecordLayer.init (RecordLayer.zig:79)
==3813177==    by 0x1212907: hkdf.Hkdf(crypto.hmac.Hmac(crypto.sha2.Sha2x64(.{ 14680500436340154072, 7105036623409894663, 10473403895298186519, 1526699215303891257, 7436329637833083697, 10282925794625328401, 15784041429090275239, 5167115440072839076 },384))).makeRecordLayer (hkdf.zig:237)
==3813177==    by 0x128CD83: suite_state.HashArm(hkdf.Hkdf(crypto.hmac.Hmac(crypto.sha2.Sha2x64(.{ 14680500436340154072, 7105036623409894663, 10473403895298186519, 1526699215303891257, 7436329637833083697, 10282925794625328401, 15784041429090275239, 5167115440072839076 },384))),crypto.sha2.Sha2x64(.{ 14680500436340154072, 7105036623409894663, 10473403895298186519, 1526699215303891257, 7436329637833083697, 10282925794625328401, 15784041429090275239, 5167115440072839076 },384)).ratchetServerKey (suite_state.zig:75)
==3813177==    by 0x126A70B: ClientHandshake.Suite.ratchetServerKey (ClientHandshake.zig:476)
==3813177==    by 0x1223DBB: ClientHandshake.receivePlaintextRecord (ClientHandshake.zig:2102)
==3813177==    by 0x12236CB: ClientHandshake.receiveRecord (ClientHandshake.zig:2047)
==3813177== 
==3813177== 1,152 (192 direct, 960 indirect) bytes in 1 blocks are definitely lost in loss record 410 of 578
==3813177==    at 0x4885E30: malloc (in /nix/store/HASH-valgrind-3.27.1/libexec/valgrind/vgpreload_memcheck-arm64-linux.so)
==3813177==    by 0x4B1FDE7: CRYPTO_malloc (in /nix/store/HASH-openssl-3.6.4/lib/libcrypto.so.3)
==3813177==    by 0x4B20053: CRYPTO_zalloc (in /nix/store/HASH-openssl-3.6.4/lib/libcrypto.so.3)
==3813177==    by 0x4ADC9DB: EVP_CIPHER_CTX_new (in /nix/store/HASH-openssl-3.6.4/lib/libcrypto.so.3)
==3813177==    by 0x123DA17: crypto.backend_openssl.aeadInit (backend_openssl.zig:539)
==3813177==    by 0x122A49F: init (backend.zig:303)
==3813177==    by 0x122A49F: aead.Context.init (aead.zig:138)
==3813177==    by 0x122A253: RecordLayer.init (RecordLayer.zig:79)
==3813177==    by 0x1212907: hkdf.Hkdf(crypto.hmac.Hmac(crypto.sha2.Sha2x64(.{ 14680500436340154072, 7105036623409894663, 10473403895298186519, 1526699215303891257, 7436329637833083697, 10282925794625328401, 15784041429090275239, 5167115440072839076 },384))).makeRecordLayer (hkdf.zig:237)
==3813177==    by 0x128D54F: suite_state.HashArm(hkdf.Hkdf(crypto.hmac.Hmac(crypto.sha2.Sha2x64(.{ 14680500436340154072, 7105036623409894663, 10473403895298186519, 1526699215303891257, 7436329637833083697, 10282925794625328401, 15784041429090275239, 5167115440072839076 },384))),crypto.sha2.Sha2x64(.{ 14680500436340154072, 7105036623409894663, 10473403895298186519, 1526699215303891257, 7436329637833083697, 10282925794625328401, 15784041429090275239, 5167115440072839076 },384)).ratchetClientKey (suite_state.zig:67)
==3813177==    by 0x126B27B: ClientHandshake.Suite.ratchetClientKey (ClientHandshake.zig:467)
==3813177==    by 0x1224917: handshake.ratchetKtlsTx__anon_13945 (handshake.zig:219)
==3813177==    by 0x122475B: handshake.sendKeyUpdate__anon_13939 (handshake.zig:196)
==3813177== 
==3813177== 1,152 (192 direct, 960 indirect) bytes in 1 blocks are definitely lost in loss record 411 of 578
==3813177==    at 0x4885E30: malloc (in /nix/store/HASH-valgrind-3.27.1/libexec/valgrind/vgpreload_memcheck-arm64-linux.so)
==3813177==    by 0x4B1FDE7: CRYPTO_malloc (in /nix/store/HASH-openssl-3.6.4/lib/libcrypto.so.3)
==3813177==    by 0x4B20053: CRYPTO_zalloc (in /nix/store/HASH-openssl-3.6.4/lib/libcrypto.so.3)
==3813177==    by 0x4ADC9DB: EVP_CIPHER_CTX_new (in /nix/store/HASH-openssl-3.6.4/lib/libcrypto.so.3)
==3813177==    by 0x123DA6F: crypto.backend_openssl.aeadInit (backend_openssl.zig:541)
==3813177==    by 0x122A49F: init (backend.zig:303)
==3813177==    by 0x122A49F: aead.Context.init (aead.zig:138)
==3813177==    by 0x122A253: RecordLayer.init (RecordLayer.zig:79)
==3813177==    by 0x1212907: hkdf.Hkdf(crypto.hmac.Hmac(crypto.sha2.Sha2x64(.{ 14680500436340154072, 7105036623409894663, 10473403895298186519, 1526699215303891257, 7436329637833083697, 10282925794625328401, 15784041429090275239, 5167115440072839076 },384))).makeRecordLayer (hkdf.zig:237)
==3813177==    by 0x128D54F: suite_state.HashArm(hkdf.Hkdf(crypto.hmac.Hmac(crypto.sha2.Sha2x64(.{ 14680500436340154072, 7105036623409894663, 10473403895298186519, 1526699215303891257, 7436329637833083697, 10282925794625328401, 15784041429090275239, 5167115440072839076 },384))),crypto.sha2.Sha2x64(.{ 14680500436340154072, 7105036623409894663, 10473403895298186519, 1526699215303891257, 7436329637833083697, 10282925794625328401, 15784041429090275239, 5167115440072839076 },384)).ratchetClientKey (suite_state.zig:67)
==3813177==    by 0x126B27B: ClientHandshake.Suite.ratchetClientKey (ClientHandshake.zig:467)
==3813177==    by 0x1224917: handshake.ratchetKtlsTx__anon_13945 (handshake.zig:219)
==3813177==    by 0x122475B: handshake.sendKeyUpdate__anon_13939 (handshake.zig:196)
==3813177== 
==3813177== 1,152 (192 direct, 960 indirect) bytes in 1 blocks are definitely lost in loss record 412 of 578
==3813177==    at 0x4885E30: malloc (in /nix/store/HASH-valgrind-3.27.1/libexec/valgrind/vgpreload_memcheck-arm64-linux.so)
==3813177==    by 0x4B1FDE7: CRYPTO_malloc (in /nix/store/HASH-openssl-3.6.4/lib/libcrypto.so.3)
==3813177==    by 0x4B20053: CRYPTO_zalloc (in /nix/store/HASH-openssl-3.6.4/lib/libcrypto.so.3)
==3813177==    by 0x4ADC9DB: EVP_CIPHER_CTX_new (in /nix/store/HASH-openssl-3.6.4/lib/libcrypto.so.3)
==3813177==    by 0x123DA17: crypto.backend_openssl.aeadInit (backend_openssl.zig:539)
==3813177==    by 0x122A49F: init (backend.zig:303)
==3813177==    by 0x122A49F: aead.Context.init (aead.zig:138)
==3813177==    by 0x122A253: RecordLayer.init (RecordLayer.zig:79)
==3813177==    by 0x1212907: hkdf.Hkdf(crypto.hmac.Hmac(crypto.sha2.Sha2x64(.{ 14680500436340154072, 7105036623409894663, 10473403895298186519, 1526699215303891257, 7436329637833083697, 10282925794625328401, 15784041429090275239, 5167115440072839076 },384))).makeRecordLayer (hkdf.zig:237)
==3813177==    by 0x128D54F: suite_state.HashArm(hkdf.Hkdf(crypto.hmac.Hmac(crypto.sha2.Sha2x64(.{ 14680500436340154072, 7105036623409894663, 10473403895298186519, 1526699215303891257, 7436329637833083697, 10282925794625328401, 15784041429090275239, 5167115440072839076 },384))),crypto.sha2.Sha2x64(.{ 14680500436340154072, 7105036623409894663, 10473403895298186519, 1526699215303891257, 7436329637833083697, 10282925794625328401, 15784041429090275239, 5167115440072839076 },384)).ratchetClientKey (suite_state.zig:67)
==3813177==    by 0x1292513: suite_state.Suite.ratchetClientKey (suite_state.zig:101)
==3813177==    by 0x127842B: handshake.reassembleServerKeyUpdate__anon_55510 (handshake.zig:280)
==3813177==    by 0x1239F4B: handshake.serverReceivePlaintext__anon_51811 (handshake.zig:323)
==3813177== 
==3813177== 1,152 (192 direct, 960 indirect) bytes in 1 blocks are definitely lost in loss record 413 of 578
==3813177==    at 0x4885E30: malloc (in /nix/store/HASH-valgrind-3.27.1/libexec/valgrind/vgpreload_memcheck-arm64-linux.so)
==3813177==    by 0x4B1FDE7: CRYPTO_malloc (in /nix/store/HASH-openssl-3.6.4/lib/libcrypto.so.3)
==3813177==    by 0x4B20053: CRYPTO_zalloc (in /nix/store/HASH-openssl-3.6.4/lib/libcrypto.so.3)
==3813177==    by 0x4ADC9DB: EVP_CIPHER_CTX_new (in /nix/store/HASH-openssl-3.6.4/lib/libcrypto.so.3)
==3813177==    by 0x123DA6F: crypto.backend_openssl.aeadInit (backend_openssl.zig:541)
==3813177==    by 0x122A49F: init (backend.zig:303)
==3813177==    by 0x122A49F: aead.Context.init (aead.zig:138)
==3813177==    by 0x122A253: RecordLayer.init (RecordLayer.zig:79)
==3813177==    by 0x1212907: hkdf.Hkdf(crypto.hmac.Hmac(crypto.sha2.Sha2x64(.{ 14680500436340154072, 7105036623409894663, 10473403895298186519, 1526699215303891257, 7436329637833083697, 10282925794625328401, 15784041429090275239, 5167115440072839076 },384))).makeRecordLayer (hkdf.zig:237)
==3813177==    by 0x128D54F: suite_state.HashArm(hkdf.Hkdf(crypto.hmac.Hmac(crypto.sha2.Sha2x64(.{ 14680500436340154072, 7105036623409894663, 10473403895298186519, 1526699215303891257, 7436329637833083697, 10282925794625328401, 15784041429090275239, 5167115440072839076 },384))),crypto.sha2.Sha2x64(.{ 14680500436340154072, 7105036623409894663, 10473403895298186519, 1526699215303891257, 7436329637833083697, 10282925794625328401, 15784041429090275239, 5167115440072839076 },384)).ratchetClientKey (suite_state.zig:67)
==3813177==    by 0x1292513: suite_state.Suite.ratchetClientKey (suite_state.zig:101)
==3813177==    by 0x127842B: handshake.reassembleServerKeyUpdate__anon_55510 (handshake.zig:280)
==3813177==    by 0x1239F4B: handshake.serverReceivePlaintext__anon_51811 (handshake.zig:323)
==3813177== 
==3813177== 1,152 (192 direct, 960 indirect) bytes in 1 blocks are definitely lost in loss record 414 of 578
==3813177==    at 0x4885E30: malloc (in /nix/store/HASH-valgrind-3.27.1/libexec/valgrind/vgpreload_memcheck-arm64-linux.so)
==3813177==    by 0x4B1FDE7: CRYPTO_malloc (in /nix/store/HASH-openssl-3.6.4/lib/libcrypto.so.3)
==3813177==    by 0x4B20053: CRYPTO_zalloc (in /nix/store/HASH-openssl-3.6.4/lib/libcrypto.so.3)
==3813177==    by 0x4ADC9DB: EVP_CIPHER_CTX_new (in /nix/store/HASH-openssl-3.6.4/lib/libcrypto.so.3)
==3813177==    by 0x123DA17: crypto.backend_openssl.aeadInit (backend_openssl.zig:539)
==3813177==    by 0x122A49F: init (backend.zig:303)
==3813177==    by 0x122A49F: aead.Context.init (aead.zig:138)
==3813177==    by 0x122A253: RecordLayer.init (RecordLayer.zig:79)
==3813177==    by 0x12132E3: hkdf.Hkdf(crypto.hmac.Hmac(crypto.sha2.Sha2x32(.{ 1779033703, 3144134277, 1013904242, 2773480762, 1359893119, 2600822924, 528734635, 1541459225 },256))).makeRecordLayer (hkdf.zig:237)
==3813177==    by 0x1273137: ServerHandshake.installHandshakeKeys (ServerHandshake.zig:1701)
==3813177==    by 0x1232B0B: ServerHandshake.processClientHelloMessage (ServerHandshake.zig:1364)
==3813177==    by 0x122FF83: ServerHandshake.acceptClientHello (ServerHandshake.zig:991)
==3813177==    by 0x15730E3: ServerHandshake.test.PSK offer with only psk_ke disables resumption and ticket issuance (ServerHandshake.zig:7248)
==3813177== 
==3813177== 1,152 (192 direct, 960 indirect) bytes in 1 blocks are definitely lost in loss record 415 of 578
==3813177==    at 0x4885E30: malloc (in /nix/store/HASH-valgrind-3.27.1/libexec/valgrind/vgpreload_memcheck-arm64-linux.so)
==3813177==    by 0x4B1FDE7: CRYPTO_malloc (in /nix/store/HASH-openssl-3.6.4/lib/libcrypto.so.3)
==3813177==    by 0x4B20053: CRYPTO_zalloc (in /nix/store/HASH-openssl-3.6.4/lib/libcrypto.so.3)
==3813177==    by 0x4ADC9DB: EVP_CIPHER_CTX_new (in /nix/store/HASH-openssl-3.6.4/lib/libcrypto.so.3)
==3813177==    by 0x123DA6F: crypto.backend_openssl.aeadInit (backend_openssl.zig:541)
==3813177==    by 0x122A49F: init (backend.zig:303)
==3813177==    by 0x122A49F: aead.Context.init (aead.zig:138)
==3813177==    by 0x122A253: RecordLayer.init (RecordLayer.zig:79)
==3813177==    by 0x12132E3: hkdf.Hkdf(crypto.hmac.Hmac(crypto.sha2.Sha2x32(.{ 1779033703, 3144134277, 1013904242, 2773480762, 1359893119, 2600822924, 528734635, 1541459225 },256))).makeRecordLayer (hkdf.zig:237)
==3813177==    by 0x1273137: ServerHandshake.installHandshakeKeys (ServerHandshake.zig:1701)
==3813177==    by 0x1232B0B: ServerHandshake.processClientHelloMessage (ServerHandshake.zig:1364)
==3813177==    by 0x122FF83: ServerHandshake.acceptClientHello (ServerHandshake.zig:991)
==3813177==    by 0x15730E3: ServerHandshake.test.PSK offer with only psk_ke disables resumption and ticket issuance (ServerHandshake.zig:7248)
==3813177== 
==3813177== 1,152 (192 direct, 960 indirect) bytes in 1 blocks are definitely lost in loss record 416 of 578
==3813177==    at 0x4885E30: malloc (in /nix/store/HASH-valgrind-3.27.1/libexec/valgrind/vgpreload_memcheck-arm64-linux.so)
==3813177==    by 0x4B1FDE7: CRYPTO_malloc (in /nix/store/HASH-openssl-3.6.4/lib/libcrypto.so.3)
==3813177==    by 0x4B20053: CRYPTO_zalloc (in /nix/store/HASH-openssl-3.6.4/lib/libcrypto.so.3)
==3813177==    by 0x4ADC9DB: EVP_CIPHER_CTX_new (in /nix/store/HASH-openssl-3.6.4/lib/libcrypto.so.3)
==3813177==    by 0x123DA17: crypto.backend_openssl.aeadInit (backend_openssl.zig:539)
==3813177==    by 0x122A49F: init (backend.zig:303)
==3813177==    by 0x122A49F: aead.Context.init (aead.zig:138)
==3813177==    by 0x122A253: RecordLayer.init (RecordLayer.zig:79)
==3813177==    by 0x12132E3: hkdf.Hkdf(crypto.hmac.Hmac(crypto.sha2.Sha2x32(.{ 1779033703, 3144134277, 1013904242, 2773480762, 1359893119, 2600822924, 528734635, 1541459225 },256))).makeRecordLayer (hkdf.zig:237)
==3813177==    by 0x12731F3: ServerHandshake.installHandshakeKeys (ServerHandshake.zig:1703)
==3813177==    by 0x1232B0B: ServerHandshake.processClientHelloMessage (ServerHandshake.zig:1364)
==3813177==    by 0x122FF83: ServerHandshake.acceptClientHello (ServerHandshake.zig:991)
==3813177==    by 0x15730E3: ServerHandshake.test.PSK offer with only psk_ke disables resumption and ticket issuance (ServerHandshake.zig:7248)
==3813177== 
==3813177== 1,152 (192 direct, 960 indirect) bytes in 1 blocks are definitely lost in loss record 417 of 578
==3813177==    at 0x4885E30: malloc (in /nix/store/HASH-valgrind-3.27.1/libexec/valgrind/vgpreload_memcheck-arm64-linux.so)
==3813177==    by 0x4B1FDE7: CRYPTO_malloc (in /nix/store/HASH-openssl-3.6.4/lib/libcrypto.so.3)
==3813177==    by 0x4B20053: CRYPTO_zalloc (in /nix/store/HASH-openssl-3.6.4/lib/libcrypto.so.3)
==3813177==    by 0x4ADC9DB: EVP_CIPHER_CTX_new (in /nix/store/HASH-openssl-3.6.4/lib/libcrypto.so.3)
==3813177==    by 0x123DA6F: crypto.backend_openssl.aeadInit (backend_openssl.zig:541)
==3813177==    by 0x122A49F: init (backend.zig:303)
==3813177==    by 0x122A49F: aead.Context.init (aead.zig:138)
==3813177==    by 0x122A253: RecordLayer.init (RecordLayer.zig:79)
==3813177==    by 0x12132E3: hkdf.Hkdf(crypto.hmac.Hmac(crypto.sha2.Sha2x32(.{ 1779033703, 3144134277, 1013904242, 2773480762, 1359893119, 2600822924, 528734635, 1541459225 },256))).makeRecordLayer (hkdf.zig:237)
==3813177==    by 0x12731F3: ServerHandshake.installHandshakeKeys (ServerHandshake.zig:1703)
==3813177==    by 0x1232B0B: ServerHandshake.processClientHelloMessage (ServerHandshake.zig:1364)
==3813177==    by 0x122FF83: ServerHandshake.acceptClientHello (ServerHandshake.zig:991)
==3813177==    by 0x15730E3: ServerHandshake.test.PSK offer with only psk_ke disables resumption and ticket issuance (ServerHandshake.zig:7248)
==3813177== 
==3813177== 1,152 (192 direct, 960 indirect) bytes in 1 blocks are definitely lost in loss record 418 of 578
==3813177==    at 0x4885E30: malloc (in /nix/store/HASH-valgrind-3.27.1/libexec/valgrind/vgpreload_memcheck-arm64-linux.so)
==3813177==    by 0x4B1FDE7: CRYPTO_malloc (in /nix/store/HASH-openssl-3.6.4/lib/libcrypto.so.3)
==3813177==    by 0x4B20053: CRYPTO_zalloc (in /nix/store/HASH-openssl-3.6.4/lib/libcrypto.so.3)
==3813177==    by 0x4ADC9DB: EVP_CIPHER_CTX_new (in /nix/store/HASH-openssl-3.6.4/lib/libcrypto.so.3)
==3813177==    by 0x123DA17: crypto.backend_openssl.aeadInit (backend_openssl.zig:539)
==3813177==    by 0x122A49F: init (backend.zig:303)
==3813177==    by 0x122A49F: aead.Context.init (aead.zig:138)
==3813177==    by 0x122A253: RecordLayer.init (RecordLayer.zig:79)
==3813177==    by 0x12132E3: hkdf.Hkdf(crypto.hmac.Hmac(crypto.sha2.Sha2x32(.{ 1779033703, 3144134277, 1013904242, 2773480762, 1359893119, 2600822924, 528734635, 1541459225 },256))).makeRecordLayer (hkdf.zig:237)
==3813177==    by 0x1273137: ServerHandshake.installHandshakeKeys (ServerHandshake.zig:1701)
==3813177==    by 0x1232B0B: ServerHandshake.processClientHelloMessage (ServerHandshake.zig:1364)
==3813177==    by 0x122FF83: ServerHandshake.acceptClientHello (ServerHandshake.zig:991)
==3813177==    by 0x1574F3F: ServerHandshake.expectIncompatiblePskNotSelected (ServerHandshake.zig:7388)
==3813177== 
==3813177== 1,152 (192 direct, 960 indirect) bytes in 1 blocks are definitely lost in loss record 419 of 578
==3813177==    at 0x4885E30: malloc (in /nix/store/HASH-valgrind-3.27.1/libexec/valgrind/vgpreload_memcheck-arm64-linux.so)
==3813177==    by 0x4B1FDE7: CRYPTO_malloc (in /nix/store/HASH-openssl-3.6.4/lib/libcrypto.so.3)
==3813177==    by 0x4B20053: CRYPTO_zalloc (in /nix/store/HASH-openssl-3.6.4/lib/libcrypto.so.3)
==3813177==    by 0x4ADC9DB: EVP_CIPHER_CTX_new (in /nix/store/HASH-openssl-3.6.4/lib/libcrypto.so.3)
==3813177==    by 0x123DA6F: crypto.backend_openssl.aeadInit (backend_openssl.zig:541)
==3813177==    by 0x122A49F: init (backend.zig:303)
==3813177==    by 0x122A49F: aead.Context.init (aead.zig:138)
==3813177==    by 0x122A253: RecordLayer.init (RecordLayer.zig:79)
==3813177==    by 0x12132E3: hkdf.Hkdf(crypto.hmac.Hmac(crypto.sha2.Sha2x32(.{ 1779033703, 3144134277, 1013904242, 2773480762, 1359893119, 2600822924, 528734635, 1541459225 },256))).makeRecordLayer (hkdf.zig:237)
==3813177==    by 0x1273137: ServerHandshake.installHandshakeKeys (ServerHandshake.zig:1701)
==3813177==    by 0x1232B0B: ServerHandshake.processClientHelloMessage (ServerHandshake.zig:1364)
==3813177==    by 0x122FF83: ServerHandshake.acceptClientHello (ServerHandshake.zig:991)
==3813177==    by 0x1574F3F: ServerHandshake.expectIncompatiblePskNotSelected (ServerHandshake.zig:7388)
==3813177== 
==3813177== 1,152 (192 direct, 960 indirect) bytes in 1 blocks are definitely lost in loss record 420 of 578
==3813177==    at 0x4885E30: malloc (in /nix/store/HASH-valgrind-3.27.1/libexec/valgrind/vgpreload_memcheck-arm64-linux.so)
==3813177==    by 0x4B1FDE7: CRYPTO_malloc (in /nix/store/HASH-openssl-3.6.4/lib/libcrypto.so.3)
==3813177==    by 0x4B20053: CRYPTO_zalloc (in /nix/store/HASH-openssl-3.6.4/lib/libcrypto.so.3)
==3813177==    by 0x4ADC9DB: EVP_CIPHER_CTX_new (in /nix/store/HASH-openssl-3.6.4/lib/libcrypto.so.3)
==3813177==    by 0x123DA17: crypto.backend_openssl.aeadInit (backend_openssl.zig:539)
==3813177==    by 0x122A49F: init (backend.zig:303)
==3813177==    by 0x122A49F: aead.Context.init (aead.zig:138)
==3813177==    by 0x122A253: RecordLayer.init (RecordLayer.zig:79)
==3813177==    by 0x12132E3: hkdf.Hkdf(crypto.hmac.Hmac(crypto.sha2.Sha2x32(.{ 1779033703, 3144134277, 1013904242, 2773480762, 1359893119, 2600822924, 528734635, 1541459225 },256))).makeRecordLayer (hkdf.zig:237)
==3813177==    by 0x12731F3: ServerHandshake.installHandshakeKeys (ServerHandshake.zig:1703)
==3813177==    by 0x1232B0B: ServerHandshake.processClientHelloMessage (ServerHandshake.zig:1364)
==3813177==    by 0x122FF83: ServerHandshake.acceptClientHello (ServerHandshake.zig:991)
==3813177==    by 0x1574F3F: ServerHandshake.expectIncompatiblePskNotSelected (ServerHandshake.zig:7388)
==3813177== 
==3813177== 1,152 (192 direct, 960 indirect) bytes in 1 blocks are definitely lost in loss record 421 of 578
==3813177==    at 0x4885E30: malloc (in /nix/store/HASH-valgrind-3.27.1/libexec/valgrind/vgpreload_memcheck-arm64-linux.so)
==3813177==    by 0x4B1FDE7: CRYPTO_malloc (in /nix/store/HASH-openssl-3.6.4/lib/libcrypto.so.3)
==3813177==    by 0x4B20053: CRYPTO_zalloc (in /nix/store/HASH-openssl-3.6.4/lib/libcrypto.so.3)
==3813177==    by 0x4ADC9DB: EVP_CIPHER_CTX_new (in /nix/store/HASH-openssl-3.6.4/lib/libcrypto.so.3)
==3813177==    by 0x123DA6F: crypto.backend_openssl.aeadInit (backend_openssl.zig:541)
==3813177==    by 0x122A49F: init (backend.zig:303)
==3813177==    by 0x122A49F: aead.Context.init (aead.zig:138)
==3813177==    by 0x122A253: RecordLayer.init (RecordLayer.zig:79)
==3813177==    by 0x12132E3: hkdf.Hkdf(crypto.hmac.Hmac(crypto.sha2.Sha2x32(.{ 1779033703, 3144134277, 1013904242, 2773480762, 1359893119, 2600822924, 528734635, 1541459225 },256))).makeRecordLayer (hkdf.zig:237)
==3813177==    by 0x12731F3: ServerHandshake.installHandshakeKeys (ServerHandshake.zig:1703)
==3813177==    by 0x1232B0B: ServerHandshake.processClientHelloMessage (ServerHandshake.zig:1364)
==3813177==    by 0x122FF83: ServerHandshake.acceptClientHello (ServerHandshake.zig:991)
==3813177==    by 0x1574F3F: ServerHandshake.expectIncompatiblePskNotSelected (ServerHandshake.zig:7388)
==3813177== 
==3813177== 1,152 (192 direct, 960 indirect) bytes in 1 blocks are definitely lost in loss record 422 of 578
==3813177==    at 0x4885E30: malloc (in /nix/store/HASH-valgrind-3.27.1/libexec/valgrind/vgpreload_memcheck-arm64-linux.so)
==3813177==    by 0x4B1FDE7: CRYPTO_malloc (in /nix/store/HASH-openssl-3.6.4/lib/libcrypto.so.3)
==3813177==    by 0x4B20053: CRYPTO_zalloc (in /nix/store/HASH-openssl-3.6.4/lib/libcrypto.so.3)
==3813177==    by 0x4ADC9DB: EVP_CIPHER_CTX_new (in /nix/store/HASH-openssl-3.6.4/lib/libcrypto.so.3)
==3813177==    by 0x123DA17: crypto.backend_openssl.aeadInit (backend_openssl.zig:539)
==3813177==    by 0x122A49F: init (backend.zig:303)
==3813177==    by 0x122A49F: aead.Context.init (aead.zig:138)
==3813177==    by 0x122A253: RecordLayer.init (RecordLayer.zig:79)
==3813177==    by 0x1212907: hkdf.Hkdf(crypto.hmac.Hmac(crypto.sha2.Sha2x64(.{ 14680500436340154072, 7105036623409894663, 10473403895298186519, 1526699215303891257, 7436329637833083697, 10282925794625328401, 15784041429090275239, 5167115440072839076 },384))).makeRecordLayer (hkdf.zig:237)
==3813177==    by 0x1273783: ServerHandshake.installHandshakeKeys (ServerHandshake.zig:1701)
==3813177==    by 0x1232B0B: ServerHandshake.processClientHelloMessage (ServerHandshake.zig:1364)
==3813177==    by 0x122FF83: ServerHandshake.acceptClientHello (ServerHandshake.zig:991)
==3813177==    by 0x1574F3F: ServerHandshake.expectIncompatiblePskNotSelected (ServerHandshake.zig:7388)
==3813177== 
==3813177== 1,152 (192 direct, 960 indirect) bytes in 1 blocks are definitely lost in loss record 423 of 578
==3813177==    at 0x4885E30: malloc (in /nix/store/HASH-valgrind-3.27.1/libexec/valgrind/vgpreload_memcheck-arm64-linux.so)
==3813177==    by 0x4B1FDE7: CRYPTO_malloc (in /nix/store/HASH-openssl-3.6.4/lib/libcrypto.so.3)
==3813177==    by 0x4B20053: CRYPTO_zalloc (in /nix/store/HASH-openssl-3.6.4/lib/libcrypto.so.3)
==3813177==    by 0x4ADC9DB: EVP_CIPHER_CTX_new (in /nix/store/HASH-openssl-3.6.4/lib/libcrypto.so.3)
==3813177==    by 0x123DA6F: crypto.backend_openssl.aeadInit (backend_openssl.zig:541)
==3813177==    by 0x122A49F: init (backend.zig:303)
==3813177==    by 0x122A49F: aead.Context.init (aead.zig:138)
==3813177==    by 0x122A253: RecordLayer.init (RecordLayer.zig:79)
==3813177==    by 0x1212907: hkdf.Hkdf(crypto.hmac.Hmac(crypto.sha2.Sha2x64(.{ 14680500436340154072, 7105036623409894663, 10473403895298186519, 1526699215303891257, 7436329637833083697, 10282925794625328401, 15784041429090275239, 5167115440072839076 },384))).makeRecordLayer (hkdf.zig:237)
==3813177==    by 0x1273783: ServerHandshake.installHandshakeKeys (ServerHandshake.zig:1701)
==3813177==    by 0x1232B0B: ServerHandshake.processClientHelloMessage (ServerHandshake.zig:1364)
==3813177==    by 0x122FF83: ServerHandshake.acceptClientHello (ServerHandshake.zig:991)
==3813177==    by 0x1574F3F: ServerHandshake.expectIncompatiblePskNotSelected (ServerHandshake.zig:7388)
==3813177== 
==3813177== 1,152 (192 direct, 960 indirect) bytes in 1 blocks are definitely lost in loss record 424 of 578
==3813177==    at 0x4885E30: malloc (in /nix/store/HASH-valgrind-3.27.1/libexec/valgrind/vgpreload_memcheck-arm64-linux.so)
==3813177==    by 0x4B1FDE7: CRYPTO_malloc (in /nix/store/HASH-openssl-3.6.4/lib/libcrypto.so.3)
==3813177==    by 0x4B20053: CRYPTO_zalloc (in /nix/store/HASH-openssl-3.6.4/lib/libcrypto.so.3)
==3813177==    by 0x4ADC9DB: EVP_CIPHER_CTX_new (in /nix/store/HASH-openssl-3.6.4/lib/libcrypto.so.3)
==3813177==    by 0x123DA17: crypto.backend_openssl.aeadInit (backend_openssl.zig:539)
==3813177==    by 0x122A49F: init (backend.zig:303)
==3813177==    by 0x122A49F: aead.Context.init (aead.zig:138)
==3813177==    by 0x122A253: RecordLayer.init (RecordLayer.zig:79)
==3813177==    by 0x1212907: hkdf.Hkdf(crypto.hmac.Hmac(crypto.sha2.Sha2x64(.{ 14680500436340154072, 7105036623409894663, 10473403895298186519, 1526699215303891257, 7436329637833083697, 10282925794625328401, 15784041429090275239, 5167115440072839076 },384))).makeRecordLayer (hkdf.zig:237)
==3813177==    by 0x127384F: ServerHandshake.installHandshakeKeys (ServerHandshake.zig:1703)
==3813177==    by 0x1232B0B: ServerHandshake.processClientHelloMessage (ServerHandshake.zig:1364)
==3813177==    by 0x122FF83: ServerHandshake.acceptClientHello (ServerHandshake.zig:991)
==3813177==    by 0x1574F3F: ServerHandshake.expectIncompatiblePskNotSelected (ServerHandshake.zig:7388)
==3813177== 
==3813177== 1,152 (192 direct, 960 indirect) bytes in 1 blocks are definitely lost in loss record 425 of 578
==3813177==    at 0x4885E30: malloc (in /nix/store/HASH-valgrind-3.27.1/libexec/valgrind/vgpreload_memcheck-arm64-linux.so)
==3813177==    by 0x4B1FDE7: CRYPTO_malloc (in /nix/store/HASH-openssl-3.6.4/lib/libcrypto.so.3)
==3813177==    by 0x4B20053: CRYPTO_zalloc (in /nix/store/HASH-openssl-3.6.4/lib/libcrypto.so.3)
==3813177==    by 0x4ADC9DB: EVP_CIPHER_CTX_new (in /nix/store/HASH-openssl-3.6.4/lib/libcrypto.so.3)
==3813177==    by 0x123DA6F: crypto.backend_openssl.aeadInit (backend_openssl.zig:541)
==3813177==    by 0x122A49F: init (backend.zig:303)
==3813177==    by 0x122A49F: aead.Context.init (aead.zig:138)
==3813177==    by 0x122A253: RecordLayer.init (RecordLayer.zig:79)
==3813177==    by 0x1212907: hkdf.Hkdf(crypto.hmac.Hmac(crypto.sha2.Sha2x64(.{ 14680500436340154072, 7105036623409894663, 10473403895298186519, 1526699215303891257, 7436329637833083697, 10282925794625328401, 15784041429090275239, 5167115440072839076 },384))).makeRecordLayer (hkdf.zig:237)
==3813177==    by 0x127384F: ServerHandshake.installHandshakeKeys (ServerHandshake.zig:1703)
==3813177==    by 0x1232B0B: ServerHandshake.processClientHelloMessage (ServerHandshake.zig:1364)
==3813177==    by 0x122FF83: ServerHandshake.acceptClientHello (ServerHandshake.zig:991)
==3813177==    by 0x1574F3F: ServerHandshake.expectIncompatiblePskNotSelected (ServerHandshake.zig:7388)
==3813177== 
==3813177== 1,152 (192 direct, 960 indirect) bytes in 1 blocks are definitely lost in loss record 426 of 578
==3813177==    at 0x4885E30: malloc (in /nix/store/HASH-valgrind-3.27.1/libexec/valgrind/vgpreload_memcheck-arm64-linux.so)
==3813177==    by 0x4B1FDE7: CRYPTO_malloc (in /nix/store/HASH-openssl-3.6.4/lib/libcrypto.so.3)
==3813177==    by 0x4B20053: CRYPTO_zalloc (in /nix/store/HASH-openssl-3.6.4/lib/libcrypto.so.3)
==3813177==    by 0x4ADC9DB: EVP_CIPHER_CTX_new (in /nix/store/HASH-openssl-3.6.4/lib/libcrypto.so.3)
==3813177==    by 0x123DA17: crypto.backend_openssl.aeadInit (backend_openssl.zig:539)
==3813177==    by 0x122A49F: init (backend.zig:303)
==3813177==    by 0x122A49F: aead.Context.init (aead.zig:138)
==3813177==    by 0x122A253: RecordLayer.init (RecordLayer.zig:79)
==3813177==    by 0x12132E3: hkdf.Hkdf(crypto.hmac.Hmac(crypto.sha2.Sha2x32(.{ 1779033703, 3144134277, 1013904242, 2773480762, 1359893119, 2600822924, 528734635, 1541459225 },256))).makeRecordLayer (hkdf.zig:237)
==3813177==    by 0x1273137: ServerHandshake.installHandshakeKeys (ServerHandshake.zig:1701)
==3813177==    by 0x1232B0B: ServerHandshake.processClientHelloMessage (ServerHandshake.zig:1364)
==3813177==    by 0x122FF83: ServerHandshake.acceptClientHello (ServerHandshake.zig:991)
==3813177==    by 0x1578B0F: ServerHandshake.test.PSK fast-path rejects bare Finished when server did NOT select PSK (ServerHandshake.zig:7672)
==3813177== 
==3813177== 1,152 (192 direct, 960 indirect) bytes in 1 blocks are definitely lost in loss record 427 of 578
==3813177==    at 0x4885E30: malloc (in /nix/store/HASH-valgrind-3.27.1/libexec/valgrind/vgpreload_memcheck-arm64-linux.so)
==3813177==    by 0x4B1FDE7: CRYPTO_malloc (in /nix/store/HASH-openssl-3.6.4/lib/libcrypto.so.3)
==3813177==    by 0x4B20053: CRYPTO_zalloc (in /nix/store/HASH-openssl-3.6.4/lib/libcrypto.so.3)
==3813177==    by 0x4ADC9DB: EVP_CIPHER_CTX_new (in /nix/store/HASH-openssl-3.6.4/lib/libcrypto.so.3)
==3813177==    by 0x123DA6F: crypto.backend_openssl.aeadInit (backend_openssl.zig:541)
==3813177==    by 0x122A49F: init (backend.zig:303)
==3813177==    by 0x122A49F: aead.Context.init (aead.zig:138)
==3813177==    by 0x122A253: RecordLayer.init (RecordLayer.zig:79)
==3813177==    by 0x12132E3: hkdf.Hkdf(crypto.hmac.Hmac(crypto.sha2.Sha2x32(.{ 1779033703, 3144134277, 1013904242, 2773480762, 1359893119, 2600822924, 528734635, 1541459225 },256))).makeRecordLayer (hkdf.zig:237)
==3813177==    by 0x1273137: ServerHandshake.installHandshakeKeys (ServerHandshake.zig:1701)
==3813177==    by 0x1232B0B: ServerHandshake.processClientHelloMessage (ServerHandshake.zig:1364)
==3813177==    by 0x122FF83: ServerHandshake.acceptClientHello (ServerHandshake.zig:991)
==3813177==    by 0x1578B0F: ServerHandshake.test.PSK fast-path rejects bare Finished when server did NOT select PSK (ServerHandshake.zig:7672)
==3813177== 
==3813177== 1,152 (192 direct, 960 indirect) bytes in 1 blocks are definitely lost in loss record 428 of 578
==3813177==    at 0x4885E30: malloc (in /nix/store/HASH-valgrind-3.27.1/libexec/valgrind/vgpreload_memcheck-arm64-linux.so)
==3813177==    by 0x4B1FDE7: CRYPTO_malloc (in /nix/store/HASH-openssl-3.6.4/lib/libcrypto.so.3)
==3813177==    by 0x4B20053: CRYPTO_zalloc (in /nix/store/HASH-openssl-3.6.4/lib/libcrypto.so.3)
==3813177==    by 0x4ADC9DB: EVP_CIPHER_CTX_new (in /nix/store/HASH-openssl-3.6.4/lib/libcrypto.so.3)
==3813177==    by 0x123DA17: crypto.backend_openssl.aeadInit (backend_openssl.zig:539)
==3813177==    by 0x122A49F: init (backend.zig:303)
==3813177==    by 0x122A49F: aead.Context.init (aead.zig:138)
==3813177==    by 0x122A253: RecordLayer.init (RecordLayer.zig:79)
==3813177==    by 0x12132E3: hkdf.Hkdf(crypto.hmac.Hmac(crypto.sha2.Sha2x32(.{ 1779033703, 3144134277, 1013904242, 2773480762, 1359893119, 2600822924, 528734635, 1541459225 },256))).makeRecordLayer (hkdf.zig:237)
==3813177==    by 0x12731F3: ServerHandshake.installHandshakeKeys (ServerHandshake.zig:1703)
==3813177==    by 0x1232B0B: ServerHandshake.processClientHelloMessage (ServerHandshake.zig:1364)
==3813177==    by 0x122FF83: ServerHandshake.acceptClientHello (ServerHandshake.zig:991)
==3813177==    by 0x1578B0F: ServerHandshake.test.PSK fast-path rejects bare Finished when server did NOT select PSK (ServerHandshake.zig:7672)
==3813177== 
==3813177== 1,152 (192 direct, 960 indirect) bytes in 1 blocks are definitely lost in loss record 429 of 578
==3813177==    at 0x4885E30: malloc (in /nix/store/HASH-valgrind-3.27.1/libexec/valgrind/vgpreload_memcheck-arm64-linux.so)
==3813177==    by 0x4B1FDE7: CRYPTO_malloc (in /nix/store/HASH-openssl-3.6.4/lib/libcrypto.so.3)
==3813177==    by 0x4B20053: CRYPTO_zalloc (in /nix/store/HASH-openssl-3.6.4/lib/libcrypto.so.3)
==3813177==    by 0x4ADC9DB: EVP_CIPHER_CTX_new (in /nix/store/HASH-openssl-3.6.4/lib/libcrypto.so.3)
==3813177==    by 0x123DA6F: crypto.backend_openssl.aeadInit (backend_openssl.zig:541)
==3813177==    by 0x122A49F: init (backend.zig:303)
==3813177==    by 0x122A49F: aead.Context.init (aead.zig:138)
==3813177==    by 0x122A253: RecordLayer.init (RecordLayer.zig:79)
==3813177==    by 0x12132E3: hkdf.Hkdf(crypto.hmac.Hmac(crypto.sha2.Sha2x32(.{ 1779033703, 3144134277, 1013904242, 2773480762, 1359893119, 2600822924, 528734635, 1541459225 },256))).makeRecordLayer (hkdf.zig:237)
==3813177==    by 0x12731F3: ServerHandshake.installHandshakeKeys (ServerHandshake.zig:1703)
==3813177==    by 0x1232B0B: ServerHandshake.processClientHelloMessage (ServerHandshake.zig:1364)
==3813177==    by 0x122FF83: ServerHandshake.acceptClientHello (ServerHandshake.zig:991)
==3813177==    by 0x1578B0F: ServerHandshake.test.PSK fast-path rejects bare Finished when server did NOT select PSK (ServerHandshake.zig:7672)
==3813177== 
==3813177== 1,152 (192 direct, 960 indirect) bytes in 1 blocks are definitely lost in loss record 430 of 578
==3813177==    at 0x4885E30: malloc (in /nix/store/HASH-valgrind-3.27.1/libexec/valgrind/vgpreload_memcheck-arm64-linux.so)
==3813177==    by 0x4B1FDE7: CRYPTO_malloc (in /nix/store/HASH-openssl-3.6.4/lib/libcrypto.so.3)
==3813177==    by 0x4B20053: CRYPTO_zalloc (in /nix/store/HASH-openssl-3.6.4/lib/libcrypto.so.3)
==3813177==    by 0x4ADC9DB: EVP_CIPHER_CTX_new (in /nix/store/HASH-openssl-3.6.4/lib/libcrypto.so.3)
==3813177==    by 0x123DA17: crypto.backend_openssl.aeadInit (backend_openssl.zig:539)
==3813177==    by 0x122A49F: init (backend.zig:303)
==3813177==    by 0x122A49F: aead.Context.init (aead.zig:138)
==3813177==    by 0x122A253: RecordLayer.init (RecordLayer.zig:79)
==3813177==    by 0x12132E3: hkdf.Hkdf(crypto.hmac.Hmac(crypto.sha2.Sha2x32(.{ 1779033703, 3144134277, 1013904242, 2773480762, 1359893119, 2600822924, 528734635, 1541459225 },256))).makeRecordLayer (hkdf.zig:237)
==3813177==    by 0x121028F: ClientHandshake.startWithPsk (ClientHandshake.zig:945)
==3813177==    by 0x157CDA7: ServerHandshake.test.0-RTT: server rejects early data exceeding max_early_data_size (ServerHandshake.zig:7947)
==3813177==    by 0x13D7EB7: test_runner.main (test_runner.zig:278)
==3813177==    by 0x13D9A2F: callMain (start.zig:627)
==3813177==    by 0x13D9A2F: callMainWithArgs (start.zig:587)
==3813177==    by 0x13D9A2F: main (start.zig:602)
==3813177== 
==3813177== 1,152 (192 direct, 960 indirect) bytes in 1 blocks are definitely lost in loss record 431 of 578
==3813177==    at 0x4885E30: malloc (in /nix/store/HASH-valgrind-3.27.1/libexec/valgrind/vgpreload_memcheck-arm64-linux.so)
==3813177==    by 0x4B1FDE7: CRYPTO_malloc (in /nix/store/HASH-openssl-3.6.4/lib/libcrypto.so.3)
==3813177==    by 0x4B20053: CRYPTO_zalloc (in /nix/store/HASH-openssl-3.6.4/lib/libcrypto.so.3)
==3813177==    by 0x4ADC9DB: EVP_CIPHER_CTX_new (in /nix/store/HASH-openssl-3.6.4/lib/libcrypto.so.3)
==3813177==    by 0x123DA6F: crypto.backend_openssl.aeadInit (backend_openssl.zig:541)
==3813177==    by 0x122A49F: init (backend.zig:303)
==3813177==    by 0x122A49F: aead.Context.init (aead.zig:138)
==3813177==    by 0x122A253: RecordLayer.init (RecordLayer.zig:79)
==3813177==    by 0x12132E3: hkdf.Hkdf(crypto.hmac.Hmac(crypto.sha2.Sha2x32(.{ 1779033703, 3144134277, 1013904242, 2773480762, 1359893119, 2600822924, 528734635, 1541459225 },256))).makeRecordLayer (hkdf.zig:237)
==3813177==    by 0x121028F: ClientHandshake.startWithPsk (ClientHandshake.zig:945)
==3813177==    by 0x157CDA7: ServerHandshake.test.0-RTT: server rejects early data exceeding max_early_data_size (ServerHandshake.zig:7947)
==3813177==    by 0x13D7EB7: test_runner.main (test_runner.zig:278)
==3813177==    by 0x13D9A2F: callMain (start.zig:627)
==3813177==    by 0x13D9A2F: callMainWithArgs (start.zig:587)
==3813177==    by 0x13D9A2F: main (start.zig:602)
==3813177== 
==3813177== 1,152 (192 direct, 960 indirect) bytes in 1 blocks are definitely lost in loss record 432 of 578
==3813177==    at 0x4885E30: malloc (in /nix/store/HASH-valgrind-3.27.1/libexec/valgrind/vgpreload_memcheck-arm64-linux.so)
==3813177==    by 0x4B1FDE7: CRYPTO_malloc (in /nix/store/HASH-openssl-3.6.4/lib/libcrypto.so.3)
==3813177==    by 0x4B20053: CRYPTO_zalloc (in /nix/store/HASH-openssl-3.6.4/lib/libcrypto.so.3)
==3813177==    by 0x4ADC9DB: EVP_CIPHER_CTX_new (in /nix/store/HASH-openssl-3.6.4/lib/libcrypto.so.3)
==3813177==    by 0x123DA17: crypto.backend_openssl.aeadInit (backend_openssl.zig:539)
==3813177==    by 0x122A49F: init (backend.zig:303)
==3813177==    by 0x122A49F: aead.Context.init (aead.zig:138)
==3813177==    by 0x122A253: RecordLayer.init (RecordLayer.zig:79)
==3813177==    by 0x12132E3: hkdf.Hkdf(crypto.hmac.Hmac(crypto.sha2.Sha2x32(.{ 1779033703, 3144134277, 1013904242, 2773480762, 1359893119, 2600822924, 528734635, 1541459225 },256))).makeRecordLayer (hkdf.zig:237)
==3813177==    by 0x1230E9B: ServerHandshake.processClientHelloMessage (ServerHandshake.zig:1177)
==3813177==    by 0x122FF83: ServerHandshake.acceptClientHello (ServerHandshake.zig:991)
==3813177==    by 0x157D06F: ServerHandshake.test.0-RTT: server rejects early data exceeding max_early_data_size (ServerHandshake.zig:7973)
==3813177==    by 0x13D7EB7: test_runner.main (test_runner.zig:278)
==3813177== 
==3813177== 1,152 (192 direct, 960 indirect) bytes in 1 blocks are definitely lost in loss record 433 of 578
==3813177==    at 0x4885E30: malloc (in /nix/store/HASH-valgrind-3.27.1/libexec/valgrind/vgpreload_memcheck-arm64-linux.so)
==3813177==    by 0x4B1FDE7: CRYPTO_malloc (in /nix/store/HASH-openssl-3.6.4/lib/libcrypto.so.3)
==3813177==    by 0x4B20053: CRYPTO_zalloc (in /nix/store/HASH-openssl-3.6.4/lib/libcrypto.so.3)
==3813177==    by 0x4ADC9DB: EVP_CIPHER_CTX_new (in /nix/store/HASH-openssl-3.6.4/lib/libcrypto.so.3)
==3813177==    by 0x123DA6F: crypto.backend_openssl.aeadInit (backend_openssl.zig:541)
==3813177==    by 0x122A49F: init (backend.zig:303)
==3813177==    by 0x122A49F: aead.Context.init (aead.zig:138)
==3813177==    by 0x122A253: RecordLayer.init (RecordLayer.zig:79)
==3813177==    by 0x12132E3: hkdf.Hkdf(crypto.hmac.Hmac(crypto.sha2.Sha2x32(.{ 1779033703, 3144134277, 1013904242, 2773480762, 1359893119, 2600822924, 528734635, 1541459225 },256))).makeRecordLayer (hkdf.zig:237)
==3813177==    by 0x1230E9B: ServerHandshake.processClientHelloMessage (ServerHandshake.zig:1177)
==3813177==    by 0x122FF83: ServerHandshake.acceptClientHello (ServerHandshake.zig:991)
==3813177==    by 0x157D06F: ServerHandshake.test.0-RTT: server rejects early data exceeding max_early_data_size (ServerHandshake.zig:7973)
==3813177==    by 0x13D7EB7: test_runner.main (test_runner.zig:278)
==3813177== 
==3813177== 1,152 (192 direct, 960 indirect) bytes in 1 blocks are definitely lost in loss record 434 of 578
==3813177==    at 0x4885E30: malloc (in /nix/store/HASH-valgrind-3.27.1/libexec/valgrind/vgpreload_memcheck-arm64-linux.so)
==3813177==    by 0x4B1FDE7: CRYPTO_malloc (in /nix/store/HASH-openssl-3.6.4/lib/libcrypto.so.3)
==3813177==    by 0x4B20053: CRYPTO_zalloc (in /nix/store/HASH-openssl-3.6.4/lib/libcrypto.so.3)
==3813177==    by 0x4ADC9DB: EVP_CIPHER_CTX_new (in /nix/store/HASH-openssl-3.6.4/lib/libcrypto.so.3)
==3813177==    by 0x123DA17: crypto.backend_openssl.aeadInit (backend_openssl.zig:539)
==3813177==    by 0x122A49F: init (backend.zig:303)
==3813177==    by 0x122A49F: aead.Context.init (aead.zig:138)
==3813177==    by 0x122A253: RecordLayer.init (RecordLayer.zig:79)
==3813177==    by 0x12132E3: hkdf.Hkdf(crypto.hmac.Hmac(crypto.sha2.Sha2x32(.{ 1779033703, 3144134277, 1013904242, 2773480762, 1359893119, 2600822924, 528734635, 1541459225 },256))).makeRecordLayer (hkdf.zig:237)
==3813177==    by 0x1273137: ServerHandshake.installHandshakeKeys (ServerHandshake.zig:1701)
==3813177==    by 0x1232B0B: ServerHandshake.processClientHelloMessage (ServerHandshake.zig:1364)
==3813177==    by 0x122FF83: ServerHandshake.acceptClientHello (ServerHandshake.zig:991)
==3813177==    by 0x157D06F: ServerHandshake.test.0-RTT: server rejects early data exceeding max_early_data_size (ServerHandshake.zig:7973)
==3813177== 
==3813177== 1,152 (192 direct, 960 indirect) bytes in 1 blocks are definitely lost in loss record 435 of 578
==3813177==    at 0x4885E30: malloc (in /nix/store/HASH-valgrind-3.27.1/libexec/valgrind/vgpreload_memcheck-arm64-linux.so)
==3813177==    by 0x4B1FDE7: CRYPTO_malloc (in /nix/store/HASH-openssl-3.6.4/lib/libcrypto.so.3)
==3813177==    by 0x4B20053: CRYPTO_zalloc (in /nix/store/HASH-openssl-3.6.4/lib/libcrypto.so.3)
==3813177==    by 0x4ADC9DB: EVP_CIPHER_CTX_new (in /nix/store/HASH-openssl-3.6.4/lib/libcrypto.so.3)
==3813177==    by 0x123DA6F: crypto.backend_openssl.aeadInit (backend_openssl.zig:541)
==3813177==    by 0x122A49F: init (backend.zig:303)
==3813177==    by 0x122A49F: aead.Context.init (aead.zig:138)
==3813177==    by 0x122A253: RecordLayer.init (RecordLayer.zig:79)
==3813177==    by 0x12132E3: hkdf.Hkdf(crypto.hmac.Hmac(crypto.sha2.Sha2x32(.{ 1779033703, 3144134277, 1013904242, 2773480762, 1359893119, 2600822924, 528734635, 1541459225 },256))).makeRecordLayer (hkdf.zig:237)
==3813177==    by 0x1273137: ServerHandshake.installHandshakeKeys (ServerHandshake.zig:1701)
==3813177==    by 0x1232B0B: ServerHandshake.processClientHelloMessage (ServerHandshake.zig:1364)
==3813177==    by 0x122FF83: ServerHandshake.acceptClientHello (ServerHandshake.zig:991)
==3813177==    by 0x157D06F: ServerHandshake.test.0-RTT: server rejects early data exceeding max_early_data_size (ServerHandshake.zig:7973)
==3813177== 
==3813177== 1,152 (192 direct, 960 indirect) bytes in 1 blocks are definitely lost in loss record 436 of 578
==3813177==    at 0x4885E30: malloc (in /nix/store/HASH-valgrind-3.27.1/libexec/valgrind/vgpreload_memcheck-arm64-linux.so)
==3813177==    by 0x4B1FDE7: CRYPTO_malloc (in /nix/store/HASH-openssl-3.6.4/lib/libcrypto.so.3)
==3813177==    by 0x4B20053: CRYPTO_zalloc (in /nix/store/HASH-openssl-3.6.4/lib/libcrypto.so.3)
==3813177==    by 0x4ADC9DB: EVP_CIPHER_CTX_new (in /nix/store/HASH-openssl-3.6.4/lib/libcrypto.so.3)
==3813177==    by 0x123DA17: crypto.backend_openssl.aeadInit (backend_openssl.zig:539)
==3813177==    by 0x122A49F: init (backend.zig:303)
==3813177==    by 0x122A49F: aead.Context.init (aead.zig:138)
==3813177==    by 0x122A253: RecordLayer.init (RecordLayer.zig:79)
==3813177==    by 0x12132E3: hkdf.Hkdf(crypto.hmac.Hmac(crypto.sha2.Sha2x32(.{ 1779033703, 3144134277, 1013904242, 2773480762, 1359893119, 2600822924, 528734635, 1541459225 },256))).makeRecordLayer (hkdf.zig:237)
==3813177==    by 0x12731F3: ServerHandshake.installHandshakeKeys (ServerHandshake.zig:1703)
==3813177==    by 0x1232B0B: ServerHandshake.processClientHelloMessage (ServerHandshake.zig:1364)
==3813177==    by 0x122FF83: ServerHandshake.acceptClientHello (ServerHandshake.zig:991)
==3813177==    by 0x157D06F: ServerHandshake.test.0-RTT: server rejects early data exceeding max_early_data_size (ServerHandshake.zig:7973)
==3813177== 
==3813177== 1,152 (192 direct, 960 indirect) bytes in 1 blocks are definitely lost in loss record 437 of 578
==3813177==    at 0x4885E30: malloc (in /nix/store/HASH-valgrind-3.27.1/libexec/valgrind/vgpreload_memcheck-arm64-linux.so)
==3813177==    by 0x4B1FDE7: CRYPTO_malloc (in /nix/store/HASH-openssl-3.6.4/lib/libcrypto.so.3)
==3813177==    by 0x4B20053: CRYPTO_zalloc (in /nix/store/HASH-openssl-3.6.4/lib/libcrypto.so.3)
==3813177==    by 0x4ADC9DB: EVP_CIPHER_CTX_new (in /nix/store/HASH-openssl-3.6.4/lib/libcrypto.so.3)
==3813177==    by 0x123DA6F: crypto.backend_openssl.aeadInit (backend_openssl.zig:541)
==3813177==    by 0x122A49F: init (backend.zig:303)
==3813177==    by 0x122A49F: aead.Context.init (aead.zig:138)
==3813177==    by 0x122A253: RecordLayer.init (RecordLayer.zig:79)
==3813177==    by 0x12132E3: hkdf.Hkdf(crypto.hmac.Hmac(crypto.sha2.Sha2x32(.{ 1779033703, 3144134277, 1013904242, 2773480762, 1359893119, 2600822924, 528734635, 1541459225 },256))).makeRecordLayer (hkdf.zig:237)
==3813177==    by 0x12731F3: ServerHandshake.installHandshakeKeys (ServerHandshake.zig:1703)
==3813177==    by 0x1232B0B: ServerHandshake.processClientHelloMessage (ServerHandshake.zig:1364)
==3813177==    by 0x122FF83: ServerHandshake.acceptClientHello (ServerHandshake.zig:991)
==3813177==    by 0x157D06F: ServerHandshake.test.0-RTT: server rejects early data exceeding max_early_data_size (ServerHandshake.zig:7973)
==3813177== 
==3813177== 1,152 (192 direct, 960 indirect) bytes in 1 blocks are definitely lost in loss record 438 of 578
==3813177==    at 0x4885E30: malloc (in /nix/store/HASH-valgrind-3.27.1/libexec/valgrind/vgpreload_memcheck-arm64-linux.so)
==3813177==    by 0x4B1FDE7: CRYPTO_malloc (in /nix/store/HASH-openssl-3.6.4/lib/libcrypto.so.3)
==3813177==    by 0x4B20053: CRYPTO_zalloc (in /nix/store/HASH-openssl-3.6.4/lib/libcrypto.so.3)
==3813177==    by 0x4ADC9DB: EVP_CIPHER_CTX_new (in /nix/store/HASH-openssl-3.6.4/lib/libcrypto.so.3)
==3813177==    by 0x123DA17: crypto.backend_openssl.aeadInit (backend_openssl.zig:539)
==3813177==    by 0x122A49F: init (backend.zig:303)
==3813177==    by 0x122A49F: aead.Context.init (aead.zig:138)
==3813177==    by 0x122A253: RecordLayer.init (RecordLayer.zig:79)
==3813177==    by 0x157D7F3: ServerHandshake.test.0-RTT: max u32 early-data limit rejects bytes beyond remaining budget (ServerHandshake.zig:8000)
==3813177==    by 0x13D7EB7: test_runner.main (test_runner.zig:278)
==3813177==    by 0x13D9A2F: callMain (start.zig:627)
==3813177==    by 0x13D9A2F: callMainWithArgs (start.zig:587)
==3813177==    by 0x13D9A2F: main (start.zig:602)
==3813177== 
==3813177== 1,152 (192 direct, 960 indirect) bytes in 1 blocks are definitely lost in loss record 439 of 578
==3813177==    at 0x4885E30: malloc (in /nix/store/HASH-valgrind-3.27.1/libexec/valgrind/vgpreload_memcheck-arm64-linux.so)
==3813177==    by 0x4B1FDE7: CRYPTO_malloc (in /nix/store/HASH-openssl-3.6.4/lib/libcrypto.so.3)
==3813177==    by 0x4B20053: CRYPTO_zalloc (in /nix/store/HASH-openssl-3.6.4/lib/libcrypto.so.3)
==3813177==    by 0x4ADC9DB: EVP_CIPHER_CTX_new (in /nix/store/HASH-openssl-3.6.4/lib/libcrypto.so.3)
==3813177==    by 0x123DA6F: crypto.backend_openssl.aeadInit (backend_openssl.zig:541)
==3813177==    by 0x122A49F: init (backend.zig:303)
==3813177==    by 0x122A49F: aead.Context.init (aead.zig:138)
==3813177==    by 0x122A253: RecordLayer.init (RecordLayer.zig:79)
==3813177==    by 0x157D7F3: ServerHandshake.test.0-RTT: max u32 early-data limit rejects bytes beyond remaining budget (ServerHandshake.zig:8000)
==3813177==    by 0x13D7EB7: test_runner.main (test_runner.zig:278)
==3813177==    by 0x13D9A2F: callMain (start.zig:627)
==3813177==    by 0x13D9A2F: callMainWithArgs (start.zig:587)
==3813177==    by 0x13D9A2F: main (start.zig:602)
==3813177== 
==3813177== 1,152 (192 direct, 960 indirect) bytes in 1 blocks are definitely lost in loss record 440 of 578
==3813177==    at 0x4885E30: malloc (in /nix/store/HASH-valgrind-3.27.1/libexec/valgrind/vgpreload_memcheck-arm64-linux.so)
==3813177==    by 0x4B1FDE7: CRYPTO_malloc (in /nix/store/HASH-openssl-3.6.4/lib/libcrypto.so.3)
==3813177==    by 0x4B20053: CRYPTO_zalloc (in /nix/store/HASH-openssl-3.6.4/lib/libcrypto.so.3)
==3813177==    by 0x4ADC9DB: EVP_CIPHER_CTX_new (in /nix/store/HASH-openssl-3.6.4/lib/libcrypto.so.3)
==3813177==    by 0x123DA17: crypto.backend_openssl.aeadInit (backend_openssl.zig:539)
==3813177==    by 0x122A49F: init (backend.zig:303)
==3813177==    by 0x122A49F: aead.Context.init (aead.zig:138)
==3813177==    by 0x122A253: RecordLayer.init (RecordLayer.zig:79)
==3813177==    by 0x12132E3: hkdf.Hkdf(crypto.hmac.Hmac(crypto.sha2.Sha2x32(.{ 1779033703, 3144134277, 1013904242, 2773480762, 1359893119, 2600822924, 528734635, 1541459225 },256))).makeRecordLayer (hkdf.zig:237)
==3813177==    by 0x121028F: ClientHandshake.startWithPsk (ClientHandshake.zig:945)
==3813177==    by 0x15835EB: ServerHandshake.test.0-RTT: decline skip budget exhaustion aborts the handshake (ServerHandshake.zig:8393)
==3813177==    by 0x13D7EB7: test_runner.main (test_runner.zig:278)
==3813177==    by 0x13D9A2F: callMain (start.zig:627)
==3813177==    by 0x13D9A2F: callMainWithArgs (start.zig:587)
==3813177==    by 0x13D9A2F: main (start.zig:602)
==3813177== 
==3813177== 1,152 (192 direct, 960 indirect) bytes in 1 blocks are definitely lost in loss record 441 of 578
==3813177==    at 0x4885E30: malloc (in /nix/store/HASH-valgrind-3.27.1/libexec/valgrind/vgpreload_memcheck-arm64-linux.so)
==3813177==    by 0x4B1FDE7: CRYPTO_malloc (in /nix/store/HASH-openssl-3.6.4/lib/libcrypto.so.3)
==3813177==    by 0x4B20053: CRYPTO_zalloc (in /nix/store/HASH-openssl-3.6.4/lib/libcrypto.so.3)
==3813177==    by 0x4ADC9DB: EVP_CIPHER_CTX_new (in /nix/store/HASH-openssl-3.6.4/lib/libcrypto.so.3)
==3813177==    by 0x123DA6F: crypto.backend_openssl.aeadInit (backend_openssl.zig:541)
==3813177==    by 0x122A49F: init (backend.zig:303)
==3813177==    by 0x122A49F: aead.Context.init (aead.zig:138)
==3813177==    by 0x122A253: RecordLayer.init (RecordLayer.zig:79)
==3813177==    by 0x12132E3: hkdf.Hkdf(crypto.hmac.Hmac(crypto.sha2.Sha2x32(.{ 1779033703, 3144134277, 1013904242, 2773480762, 1359893119, 2600822924, 528734635, 1541459225 },256))).makeRecordLayer (hkdf.zig:237)
==3813177==    by 0x121028F: ClientHandshake.startWithPsk (ClientHandshake.zig:945)
==3813177==    by 0x15835EB: ServerHandshake.test.0-RTT: decline skip budget exhaustion aborts the handshake (ServerHandshake.zig:8393)
==3813177==    by 0x13D7EB7: test_runner.main (test_runner.zig:278)
==3813177==    by 0x13D9A2F: callMain (start.zig:627)
==3813177==    by 0x13D9A2F: callMainWithArgs (start.zig:587)
==3813177==    by 0x13D9A2F: main (start.zig:602)
==3813177== 
==3813177== 1,152 (192 direct, 960 indirect) bytes in 1 blocks are definitely lost in loss record 442 of 578
==3813177==    at 0x4885E30: malloc (in /nix/store/HASH-valgrind-3.27.1/libexec/valgrind/vgpreload_memcheck-arm64-linux.so)
==3813177==    by 0x4B1FDE7: CRYPTO_malloc (in /nix/store/HASH-openssl-3.6.4/lib/libcrypto.so.3)
==3813177==    by 0x4B20053: CRYPTO_zalloc (in /nix/store/HASH-openssl-3.6.4/lib/libcrypto.so.3)
==3813177==    by 0x4ADC9DB: EVP_CIPHER_CTX_new (in /nix/store/HASH-openssl-3.6.4/lib/libcrypto.so.3)
==3813177==    by 0x123DA17: crypto.backend_openssl.aeadInit (backend_openssl.zig:539)
==3813177==    by 0x122A49F: init (backend.zig:303)
==3813177==    by 0x122A49F: aead.Context.init (aead.zig:138)
==3813177==    by 0x122A253: RecordLayer.init (RecordLayer.zig:79)
==3813177==    by 0x12132E3: hkdf.Hkdf(crypto.hmac.Hmac(crypto.sha2.Sha2x32(.{ 1779033703, 3144134277, 1013904242, 2773480762, 1359893119, 2600822924, 528734635, 1541459225 },256))).makeRecordLayer (hkdf.zig:237)
==3813177==    by 0x121028F: ClientHandshake.startWithPsk (ClientHandshake.zig:945)
==3813177==    by 0x15898F3: ServerHandshake.setupHrrEarlyDataDecline (ServerHandshake.zig:8782)
==3813177==    by 0x158A3CB: ServerHandshake.test.0-RTT: HRR decline skip budget exhaustion aborts the handshake (ServerHandshake.zig:8826)
==3813177==    by 0x13D7EB7: test_runner.main (test_runner.zig:278)
==3813177== 
==3813177== 1,152 (192 direct, 960 indirect) bytes in 1 blocks are definitely lost in loss record 443 of 578
==3813177==    at 0x4885E30: malloc (in /nix/store/HASH-valgrind-3.27.1/libexec/valgrind/vgpreload_memcheck-arm64-linux.so)
==3813177==    by 0x4B1FDE7: CRYPTO_malloc (in /nix/store/HASH-openssl-3.6.4/lib/libcrypto.so.3)
==3813177==    by 0x4B20053: CRYPTO_zalloc (in /nix/store/HASH-openssl-3.6.4/lib/libcrypto.so.3)
==3813177==    by 0x4ADC9DB: EVP_CIPHER_CTX_new (in /nix/store/HASH-openssl-3.6.4/lib/libcrypto.so.3)
==3813177==    by 0x123DA6F: crypto.backend_openssl.aeadInit (backend_openssl.zig:541)
==3813177==    by 0x122A49F: init (backend.zig:303)
==3813177==    by 0x122A49F: aead.Context.init (aead.zig:138)
==3813177==    by 0x122A253: RecordLayer.init (RecordLayer.zig:79)
==3813177==    by 0x12132E3: hkdf.Hkdf(crypto.hmac.Hmac(crypto.sha2.Sha2x32(.{ 1779033703, 3144134277, 1013904242, 2773480762, 1359893119, 2600822924, 528734635, 1541459225 },256))).makeRecordLayer (hkdf.zig:237)
==3813177==    by 0x121028F: ClientHandshake.startWithPsk (ClientHandshake.zig:945)
==3813177==    by 0x15898F3: ServerHandshake.setupHrrEarlyDataDecline (ServerHandshake.zig:8782)
==3813177==    by 0x158A3CB: ServerHandshake.test.0-RTT: HRR decline skip budget exhaustion aborts the handshake (ServerHandshake.zig:8826)
==3813177==    by 0x13D7EB7: test_runner.main (test_runner.zig:278)
==3813177== 
==3813177== 1,152 (192 direct, 960 indirect) bytes in 1 blocks are definitely lost in loss record 444 of 578
==3813177==    at 0x4885E30: malloc (in /nix/store/HASH-valgrind-3.27.1/libexec/valgrind/vgpreload_memcheck-arm64-linux.so)
==3813177==    by 0x4B1FDE7: CRYPTO_malloc (in /nix/store/HASH-openssl-3.6.4/lib/libcrypto.so.3)
==3813177==    by 0x4B20053: CRYPTO_zalloc (in /nix/store/HASH-openssl-3.6.4/lib/libcrypto.so.3)
==3813177==    by 0x4ADC9DB: EVP_CIPHER_CTX_new (in /nix/store/HASH-openssl-3.6.4/lib/libcrypto.so.3)
==3813177==    by 0x123DA17: crypto.backend_openssl.aeadInit (backend_openssl.zig:539)
==3813177==    by 0x122A49F: init (backend.zig:303)
==3813177==    by 0x122A49F: aead.Context.init (aead.zig:138)
==3813177==    by 0x122A253: RecordLayer.init (RecordLayer.zig:79)
==3813177==    by 0x12132E3: hkdf.Hkdf(crypto.hmac.Hmac(crypto.sha2.Sha2x32(.{ 1779033703, 3144134277, 1013904242, 2773480762, 1359893119, 2600822924, 528734635, 1541459225 },256))).makeRecordLayer (hkdf.zig:237)
==3813177==    by 0x121028F: ClientHandshake.startWithPsk (ClientHandshake.zig:945)
==3813177==    by 0x15898F3: ServerHandshake.setupHrrEarlyDataDecline (ServerHandshake.zig:8782)
==3813177==    by 0x158B343: ServerHandshake.test.0-RTT: HRR decline skip rejects malformed application_data records (ServerHandshake.zig:8888)
==3813177==    by 0x13D7EB7: test_runner.main (test_runner.zig:278)
==3813177== 
==3813177== 1,152 (192 direct, 960 indirect) bytes in 1 blocks are definitely lost in loss record 445 of 578
==3813177==    at 0x4885E30: malloc (in /nix/store/HASH-valgrind-3.27.1/libexec/valgrind/vgpreload_memcheck-arm64-linux.so)
==3813177==    by 0x4B1FDE7: CRYPTO_malloc (in /nix/store/HASH-openssl-3.6.4/lib/libcrypto.so.3)
==3813177==    by 0x4B20053: CRYPTO_zalloc (in /nix/store/HASH-openssl-3.6.4/lib/libcrypto.so.3)
==3813177==    by 0x4ADC9DB: EVP_CIPHER_CTX_new (in /nix/store/HASH-openssl-3.6.4/lib/libcrypto.so.3)
==3813177==    by 0x123DA6F: crypto.backend_openssl.aeadInit (backend_openssl.zig:541)
==3813177==    by 0x122A49F: init (backend.zig:303)
==3813177==    by 0x122A49F: aead.Context.init (aead.zig:138)
==3813177==    by 0x122A253: RecordLayer.init (RecordLayer.zig:79)
==3813177==    by 0x12132E3: hkdf.Hkdf(crypto.hmac.Hmac(crypto.sha2.Sha2x32(.{ 1779033703, 3144134277, 1013904242, 2773480762, 1359893119, 2600822924, 528734635, 1541459225 },256))).makeRecordLayer (hkdf.zig:237)
==3813177==    by 0x121028F: ClientHandshake.startWithPsk (ClientHandshake.zig:945)
==3813177==    by 0x15898F3: ServerHandshake.setupHrrEarlyDataDecline (ServerHandshake.zig:8782)
==3813177==    by 0x158B343: ServerHandshake.test.0-RTT: HRR decline skip rejects malformed application_data records (ServerHandshake.zig:8888)
==3813177==    by 0x13D7EB7: test_runner.main (test_runner.zig:278)
==3813177== 
==3813177== 1,152 (192 direct, 960 indirect) bytes in 1 blocks are definitely lost in loss record 446 of 578
==3813177==    at 0x4885E30: malloc (in /nix/store/HASH-valgrind-3.27.1/libexec/valgrind/vgpreload_memcheck-arm64-linux.so)
==3813177==    by 0x4B1FDE7: CRYPTO_malloc (in /nix/store/HASH-openssl-3.6.4/lib/libcrypto.so.3)
==3813177==    by 0x4B20053: CRYPTO_zalloc (in /nix/store/HASH-openssl-3.6.4/lib/libcrypto.so.3)
==3813177==    by 0x4ADC9DB: EVP_CIPHER_CTX_new (in /nix/store/HASH-openssl-3.6.4/lib/libcrypto.so.3)
==3813177==    by 0x123DA17: crypto.backend_openssl.aeadInit (backend_openssl.zig:539)
==3813177==    by 0x122A49F: init (backend.zig:303)
==3813177==    by 0x122A49F: aead.Context.init (aead.zig:138)
==3813177==    by 0x122A253: RecordLayer.init (RecordLayer.zig:79)
==3813177==    by 0x12132E3: hkdf.Hkdf(crypto.hmac.Hmac(crypto.sha2.Sha2x32(.{ 1779033703, 3144134277, 1013904242, 2773480762, 1359893119, 2600822924, 528734635, 1541459225 },256))).makeRecordLayer (hkdf.zig:237)
==3813177==    by 0x12755FF: ServerHandshake.verifyClientFinished (ServerHandshake.zig:2149)
==3813177==    by 0x1236B93: ServerHandshake.processClientFinishedPlaintext (ServerHandshake.zig:2117)
==3813177==    by 0x1236073: ServerHandshake.processClientFinished (ServerHandshake.zig:2046)
==3813177==    by 0x158E10B: ServerHandshake.test.0-RTT: server declines, client sends no EndOfEarlyData (ServerHandshake.zig:9104)
==3813177== 
==3813177== 1,152 (192 direct, 960 indirect) bytes in 1 blocks are definitely lost in loss record 447 of 578
==3813177==    at 0x4885E30: malloc (in /nix/store/HASH-valgrind-3.27.1/libexec/valgrind/vgpreload_memcheck-arm64-linux.so)
==3813177==    by 0x4B1FDE7: CRYPTO_malloc (in /nix/store/HASH-openssl-3.6.4/lib/libcrypto.so.3)
==3813177==    by 0x4B20053: CRYPTO_zalloc (in /nix/store/HASH-openssl-3.6.4/lib/libcrypto.so.3)
==3813177==    by 0x4ADC9DB: EVP_CIPHER_CTX_new (in /nix/store/HASH-openssl-3.6.4/lib/libcrypto.so.3)
==3813177==    by 0x123DA6F: crypto.backend_openssl.aeadInit (backend_openssl.zig:541)
==3813177==    by 0x122A49F: init (backend.zig:303)
==3813177==    by 0x122A49F: aead.Context.init (aead.zig:138)
==3813177==    by 0x122A253: RecordLayer.init (RecordLayer.zig:79)
==3813177==    by 0x12132E3: hkdf.Hkdf(crypto.hmac.Hmac(crypto.sha2.Sha2x32(.{ 1779033703, 3144134277, 1013904242, 2773480762, 1359893119, 2600822924, 528734635, 1541459225 },256))).makeRecordLayer (hkdf.zig:237)
==3813177==    by 0x12755FF: ServerHandshake.verifyClientFinished (ServerHandshake.zig:2149)
==3813177==    by 0x1236B93: ServerHandshake.processClientFinishedPlaintext (ServerHandshake.zig:2117)
==3813177==    by 0x1236073: ServerHandshake.processClientFinished (ServerHandshake.zig:2046)
==3813177==    by 0x158E10B: ServerHandshake.test.0-RTT: server declines, client sends no EndOfEarlyData (ServerHandshake.zig:9104)
==3813177== 
==3813177== 1,152 (192 direct, 960 indirect) bytes in 1 blocks are definitely lost in loss record 448 of 578
==3813177==    at 0x4885E30: malloc (in /nix/store/HASH-valgrind-3.27.1/libexec/valgrind/vgpreload_memcheck-arm64-linux.so)
==3813177==    by 0x4B1FDE7: CRYPTO_malloc (in /nix/store/HASH-openssl-3.6.4/lib/libcrypto.so.3)
==3813177==    by 0x4B20053: CRYPTO_zalloc (in /nix/store/HASH-openssl-3.6.4/lib/libcrypto.so.3)
==3813177==    by 0x4ADC9DB: EVP_CIPHER_CTX_new (in /nix/store/HASH-openssl-3.6.4/lib/libcrypto.so.3)
==3813177==    by 0x123DA17: crypto.backend_openssl.aeadInit (backend_openssl.zig:539)
==3813177==    by 0x122A49F: init (backend.zig:303)
==3813177==    by 0x122A49F: aead.Context.init (aead.zig:138)
==3813177==    by 0x122A253: RecordLayer.init (RecordLayer.zig:79)
==3813177==    by 0x12132E3: hkdf.Hkdf(crypto.hmac.Hmac(crypto.sha2.Sha2x32(.{ 1779033703, 3144134277, 1013904242, 2773480762, 1359893119, 2600822924, 528734635, 1541459225 },256))).makeRecordLayer (hkdf.zig:237)
==3813177==    by 0x121028F: ClientHandshake.startWithPsk (ClientHandshake.zig:945)
==3813177==    by 0x158EE93: ServerHandshake.test.0-RTT: processClientFinished rejects Finished before EndOfEarlyData (ServerHandshake.zig:9177)
==3813177==    by 0x13D7EB7: test_runner.main (test_runner.zig:278)
==3813177==    by 0x13D9A2F: callMain (start.zig:627)
==3813177==    by 0x13D9A2F: callMainWithArgs (start.zig:587)
==3813177==    by 0x13D9A2F: main (start.zig:602)
==3813177== 
==3813177== 1,152 (192 direct, 960 indirect) bytes in 1 blocks are definitely lost in loss record 449 of 578
==3813177==    at 0x4885E30: malloc (in /nix/store/HASH-valgrind-3.27.1/libexec/valgrind/vgpreload_memcheck-arm64-linux.so)
==3813177==    by 0x4B1FDE7: CRYPTO_malloc (in /nix/store/HASH-openssl-3.6.4/lib/libcrypto.so.3)
==3813177==    by 0x4B20053: CRYPTO_zalloc (in /nix/store/HASH-openssl-3.6.4/lib/libcrypto.so.3)
==3813177==    by 0x4ADC9DB: EVP_CIPHER_CTX_new (in /nix/store/HASH-openssl-3.6.4/lib/libcrypto.so.3)
==3813177==    by 0x123DA6F: crypto.backend_openssl.aeadInit (backend_openssl.zig:541)
==3813177==    by 0x122A49F: init (backend.zig:303)
==3813177==    by 0x122A49F: aead.Context.init (aead.zig:138)
==3813177==    by 0x122A253: RecordLayer.init (RecordLayer.zig:79)
==3813177==    by 0x12132E3: hkdf.Hkdf(crypto.hmac.Hmac(crypto.sha2.Sha2x32(.{ 1779033703, 3144134277, 1013904242, 2773480762, 1359893119, 2600822924, 528734635, 1541459225 },256))).makeRecordLayer (hkdf.zig:237)
==3813177==    by 0x121028F: ClientHandshake.startWithPsk (ClientHandshake.zig:945)
==3813177==    by 0x158EE93: ServerHandshake.test.0-RTT: processClientFinished rejects Finished before EndOfEarlyData (ServerHandshake.zig:9177)
==3813177==    by 0x13D7EB7: test_runner.main (test_runner.zig:278)
==3813177==    by 0x13D9A2F: callMain (start.zig:627)
==3813177==    by 0x13D9A2F: callMainWithArgs (start.zig:587)
==3813177==    by 0x13D9A2F: main (start.zig:602)
==3813177== 
==3813177== 1,152 (192 direct, 960 indirect) bytes in 1 blocks are definitely lost in loss record 450 of 578
==3813177==    at 0x4885E30: malloc (in /nix/store/HASH-valgrind-3.27.1/libexec/valgrind/vgpreload_memcheck-arm64-linux.so)
==3813177==    by 0x4B1FDE7: CRYPTO_malloc (in /nix/store/HASH-openssl-3.6.4/lib/libcrypto.so.3)
==3813177==    by 0x4B20053: CRYPTO_zalloc (in /nix/store/HASH-openssl-3.6.4/lib/libcrypto.so.3)
==3813177==    by 0x4ADC9DB: EVP_CIPHER_CTX_new (in /nix/store/HASH-openssl-3.6.4/lib/libcrypto.so.3)
==3813177==    by 0x123DA17: crypto.backend_openssl.aeadInit (backend_openssl.zig:539)
==3813177==    by 0x122A49F: init (backend.zig:303)
==3813177==    by 0x122A49F: aead.Context.init (aead.zig:138)
==3813177==    by 0x122A253: RecordLayer.init (RecordLayer.zig:79)
==3813177==    by 0x12132E3: hkdf.Hkdf(crypto.hmac.Hmac(crypto.sha2.Sha2x32(.{ 1779033703, 3144134277, 1013904242, 2773480762, 1359893119, 2600822924, 528734635, 1541459225 },256))).makeRecordLayer (hkdf.zig:237)
==3813177==    by 0x1230E9B: ServerHandshake.processClientHelloMessage (ServerHandshake.zig:1177)
==3813177==    by 0x122FF83: ServerHandshake.acceptClientHello (ServerHandshake.zig:991)
==3813177==    by 0x158F15B: ServerHandshake.test.0-RTT: processClientFinished rejects Finished before EndOfEarlyData (ServerHandshake.zig:9203)
==3813177==    by 0x13D7EB7: test_runner.main (test_runner.zig:278)
==3813177== 
==3813177== 1,152 (192 direct, 960 indirect) bytes in 1 blocks are definitely lost in loss record 451 of 578
==3813177==    at 0x4885E30: malloc (in /nix/store/HASH-valgrind-3.27.1/libexec/valgrind/vgpreload_memcheck-arm64-linux.so)
==3813177==    by 0x4B1FDE7: CRYPTO_malloc (in /nix/store/HASH-openssl-3.6.4/lib/libcrypto.so.3)
==3813177==    by 0x4B20053: CRYPTO_zalloc (in /nix/store/HASH-openssl-3.6.4/lib/libcrypto.so.3)
==3813177==    by 0x4ADC9DB: EVP_CIPHER_CTX_new (in /nix/store/HASH-openssl-3.6.4/lib/libcrypto.so.3)
==3813177==    by 0x123DA6F: crypto.backend_openssl.aeadInit (backend_openssl.zig:541)
==3813177==    by 0x122A49F: init (backend.zig:303)
==3813177==    by 0x122A49F: aead.Context.init (aead.zig:138)
==3813177==    by 0x122A253: RecordLayer.init (RecordLayer.zig:79)
==3813177==    by 0x12132E3: hkdf.Hkdf(crypto.hmac.Hmac(crypto.sha2.Sha2x32(.{ 1779033703, 3144134277, 1013904242, 2773480762, 1359893119, 2600822924, 528734635, 1541459225 },256))).makeRecordLayer (hkdf.zig:237)
==3813177==    by 0x1230E9B: ServerHandshake.processClientHelloMessage (ServerHandshake.zig:1177)
==3813177==    by 0x122FF83: ServerHandshake.acceptClientHello (ServerHandshake.zig:991)
==3813177==    by 0x158F15B: ServerHandshake.test.0-RTT: processClientFinished rejects Finished before EndOfEarlyData (ServerHandshake.zig:9203)
==3813177==    by 0x13D7EB7: test_runner.main (test_runner.zig:278)
==3813177== 
==3813177== 1,152 (192 direct, 960 indirect) bytes in 1 blocks are definitely lost in loss record 452 of 578
==3813177==    at 0x4885E30: malloc (in /nix/store/HASH-valgrind-3.27.1/libexec/valgrind/vgpreload_memcheck-arm64-linux.so)
==3813177==    by 0x4B1FDE7: CRYPTO_malloc (in /nix/store/HASH-openssl-3.6.4/lib/libcrypto.so.3)
==3813177==    by 0x4B20053: CRYPTO_zalloc (in /nix/store/HASH-openssl-3.6.4/lib/libcrypto.so.3)
==3813177==    by 0x4ADC9DB: EVP_CIPHER_CTX_new (in /nix/store/HASH-openssl-3.6.4/lib/libcrypto.so.3)
==3813177==    by 0x123DA17: crypto.backend_openssl.aeadInit (backend_openssl.zig:539)
==3813177==    by 0x122A49F: init (backend.zig:303)
==3813177==    by 0x122A49F: aead.Context.init (aead.zig:138)
==3813177==    by 0x122A253: RecordLayer.init (RecordLayer.zig:79)
==3813177==    by 0x12132E3: hkdf.Hkdf(crypto.hmac.Hmac(crypto.sha2.Sha2x32(.{ 1779033703, 3144134277, 1013904242, 2773480762, 1359893119, 2600822924, 528734635, 1541459225 },256))).makeRecordLayer (hkdf.zig:237)
==3813177==    by 0x1273137: ServerHandshake.installHandshakeKeys (ServerHandshake.zig:1701)
==3813177==    by 0x1232B0B: ServerHandshake.processClientHelloMessage (ServerHandshake.zig:1364)
==3813177==    by 0x122FF83: ServerHandshake.acceptClientHello (ServerHandshake.zig:991)
==3813177==    by 0x158F15B: ServerHandshake.test.0-RTT: processClientFinished rejects Finished before EndOfEarlyData (ServerHandshake.zig:9203)
==3813177== 
==3813177== 1,152 (192 direct, 960 indirect) bytes in 1 blocks are definitely lost in loss record 453 of 578
==3813177==    at 0x4885E30: malloc (in /nix/store/HASH-valgrind-3.27.1/libexec/valgrind/vgpreload_memcheck-arm64-linux.so)
==3813177==    by 0x4B1FDE7: CRYPTO_malloc (in /nix/store/HASH-openssl-3.6.4/lib/libcrypto.so.3)
==3813177==    by 0x4B20053: CRYPTO_zalloc (in /nix/store/HASH-openssl-3.6.4/lib/libcrypto.so.3)
==3813177==    by 0x4ADC9DB: EVP_CIPHER_CTX_new (in /nix/store/HASH-openssl-3.6.4/lib/libcrypto.so.3)
==3813177==    by 0x123DA6F: crypto.backend_openssl.aeadInit (backend_openssl.zig:541)
==3813177==    by 0x122A49F: init (backend.zig:303)
==3813177==    by 0x122A49F: aead.Context.init (aead.zig:138)
==3813177==    by 0x122A253: RecordLayer.init (RecordLayer.zig:79)
==3813177==    by 0x12132E3: hkdf.Hkdf(crypto.hmac.Hmac(crypto.sha2.Sha2x32(.{ 1779033703, 3144134277, 1013904242, 2773480762, 1359893119, 2600822924, 528734635, 1541459225 },256))).makeRecordLayer (hkdf.zig:237)
==3813177==    by 0x1273137: ServerHandshake.installHandshakeKeys (ServerHandshake.zig:1701)
==3813177==    by 0x1232B0B: ServerHandshake.processClientHelloMessage (ServerHandshake.zig:1364)
==3813177==    by 0x122FF83: ServerHandshake.acceptClientHello (ServerHandshake.zig:991)
==3813177==    by 0x158F15B: ServerHandshake.test.0-RTT: processClientFinished rejects Finished before EndOfEarlyData (ServerHandshake.zig:9203)
==3813177== 
==3813177== 1,152 (192 direct, 960 indirect) bytes in 1 blocks are definitely lost in loss record 454 of 578
==3813177==    at 0x4885E30: malloc (in /nix/store/HASH-valgrind-3.27.1/libexec/valgrind/vgpreload_memcheck-arm64-linux.so)
==3813177==    by 0x4B1FDE7: CRYPTO_malloc (in /nix/store/HASH-openssl-3.6.4/lib/libcrypto.so.3)
==3813177==    by 0x4B20053: CRYPTO_zalloc (in /nix/store/HASH-openssl-3.6.4/lib/libcrypto.so.3)
==3813177==    by 0x4ADC9DB: EVP_CIPHER_CTX_new (in /nix/store/HASH-openssl-3.6.4/lib/libcrypto.so.3)
==3813177==    by 0x123DA17: crypto.backend_openssl.aeadInit (backend_openssl.zig:539)
==3813177==    by 0x122A49F: init (backend.zig:303)
==3813177==    by 0x122A49F: aead.Context.init (aead.zig:138)
==3813177==    by 0x122A253: RecordLayer.init (RecordLayer.zig:79)
==3813177==    by 0x12132E3: hkdf.Hkdf(crypto.hmac.Hmac(crypto.sha2.Sha2x32(.{ 1779033703, 3144134277, 1013904242, 2773480762, 1359893119, 2600822924, 528734635, 1541459225 },256))).makeRecordLayer (hkdf.zig:237)
==3813177==    by 0x1273137: ServerHandshake.installHandshakeKeys (ServerHandshake.zig:1701)
==3813177==    by 0x1232B0B: ServerHandshake.processClientHelloMessage (ServerHandshake.zig:1364)
==3813177==    by 0x122FF83: ServerHandshake.acceptClientHello (ServerHandshake.zig:991)
==3813177==    by 0x1593333: ServerHandshake.test.hybrid share requires explicit server policy (ServerHandshake.zig:9461)
==3813177== 
==3813177== 1,152 (192 direct, 960 indirect) bytes in 1 blocks are definitely lost in loss record 455 of 578
==3813177==    at 0x4885E30: malloc (in /nix/store/HASH-valgrind-3.27.1/libexec/valgrind/vgpreload_memcheck-arm64-linux.so)
==3813177==    by 0x4B1FDE7: CRYPTO_malloc (in /nix/store/HASH-openssl-3.6.4/lib/libcrypto.so.3)
==3813177==    by 0x4B20053: CRYPTO_zalloc (in /nix/store/HASH-openssl-3.6.4/lib/libcrypto.so.3)
==3813177==    by 0x4ADC9DB: EVP_CIPHER_CTX_new (in /nix/store/HASH-openssl-3.6.4/lib/libcrypto.so.3)
==3813177==    by 0x123DA6F: crypto.backend_openssl.aeadInit (backend_openssl.zig:541)
==3813177==    by 0x122A49F: init (backend.zig:303)
==3813177==    by 0x122A49F: aead.Context.init (aead.zig:138)
==3813177==    by 0x122A253: RecordLayer.init (RecordLayer.zig:79)
==3813177==    by 0x12132E3: hkdf.Hkdf(crypto.hmac.Hmac(crypto.sha2.Sha2x32(.{ 1779033703, 3144134277, 1013904242, 2773480762, 1359893119, 2600822924, 528734635, 1541459225 },256))).makeRecordLayer (hkdf.zig:237)
==3813177==    by 0x1273137: ServerHandshake.installHandshakeKeys (ServerHandshake.zig:1701)
==3813177==    by 0x1232B0B: ServerHandshake.processClientHelloMessage (ServerHandshake.zig:1364)
==3813177==    by 0x122FF83: ServerHandshake.acceptClientHello (ServerHandshake.zig:991)
==3813177==    by 0x1593333: ServerHandshake.test.hybrid share requires explicit server policy (ServerHandshake.zig:9461)
==3813177== 
==3813177== 1,152 (192 direct, 960 indirect) bytes in 1 blocks are definitely lost in loss record 456 of 578
==3813177==    at 0x4885E30: malloc (in /nix/store/HASH-valgrind-3.27.1/libexec/valgrind/vgpreload_memcheck-arm64-linux.so)
==3813177==    by 0x4B1FDE7: CRYPTO_malloc (in /nix/store/HASH-openssl-3.6.4/lib/libcrypto.so.3)
==3813177==    by 0x4B20053: CRYPTO_zalloc (in /nix/store/HASH-openssl-3.6.4/lib/libcrypto.so.3)
==3813177==    by 0x4ADC9DB: EVP_CIPHER_CTX_new (in /nix/store/HASH-openssl-3.6.4/lib/libcrypto.so.3)
==3813177==    by 0x123DA17: crypto.backend_openssl.aeadInit (backend_openssl.zig:539)
==3813177==    by 0x122A49F: init (backend.zig:303)
==3813177==    by 0x122A49F: aead.Context.init (aead.zig:138)
==3813177==    by 0x122A253: RecordLayer.init (RecordLayer.zig:79)
==3813177==    by 0x12132E3: hkdf.Hkdf(crypto.hmac.Hmac(crypto.sha2.Sha2x32(.{ 1779033703, 3144134277, 1013904242, 2773480762, 1359893119, 2600822924, 528734635, 1541459225 },256))).makeRecordLayer (hkdf.zig:237)
==3813177==    by 0x12731F3: ServerHandshake.installHandshakeKeys (ServerHandshake.zig:1703)
==3813177==    by 0x1232B0B: ServerHandshake.processClientHelloMessage (ServerHandshake.zig:1364)
==3813177==    by 0x122FF83: ServerHandshake.acceptClientHello (ServerHandshake.zig:991)
==3813177==    by 0x1593333: ServerHandshake.test.hybrid share requires explicit server policy (ServerHandshake.zig:9461)
==3813177== 
==3813177== 1,152 (192 direct, 960 indirect) bytes in 1 blocks are definitely lost in loss record 457 of 578
==3813177==    at 0x4885E30: malloc (in /nix/store/HASH-valgrind-3.27.1/libexec/valgrind/vgpreload_memcheck-arm64-linux.so)
==3813177==    by 0x4B1FDE7: CRYPTO_malloc (in /nix/store/HASH-openssl-3.6.4/lib/libcrypto.so.3)
==3813177==    by 0x4B20053: CRYPTO_zalloc (in /nix/store/HASH-openssl-3.6.4/lib/libcrypto.so.3)
==3813177==    by 0x4ADC9DB: EVP_CIPHER_CTX_new (in /nix/store/HASH-openssl-3.6.4/lib/libcrypto.so.3)
==3813177==    by 0x123DA6F: crypto.backend_openssl.aeadInit (backend_openssl.zig:541)
==3813177==    by 0x122A49F: init (backend.zig:303)
==3813177==    by 0x122A49F: aead.Context.init (aead.zig:138)
==3813177==    by 0x122A253: RecordLayer.init (RecordLayer.zig:79)
==3813177==    by 0x12132E3: hkdf.Hkdf(crypto.hmac.Hmac(crypto.sha2.Sha2x32(.{ 1779033703, 3144134277, 1013904242, 2773480762, 1359893119, 2600822924, 528734635, 1541459225 },256))).makeRecordLayer (hkdf.zig:237)
==3813177==    by 0x12731F3: ServerHandshake.installHandshakeKeys (ServerHandshake.zig:1703)
==3813177==    by 0x1232B0B: ServerHandshake.processClientHelloMessage (ServerHandshake.zig:1364)
==3813177==    by 0x122FF83: ServerHandshake.acceptClientHello (ServerHandshake.zig:991)
==3813177==    by 0x1593333: ServerHandshake.test.hybrid share requires explicit server policy (ServerHandshake.zig:9461)
==3813177== 
==3813177== 1,152 (192 direct, 960 indirect) bytes in 1 blocks are definitely lost in loss record 458 of 578
==3813177==    at 0x4885E30: malloc (in /nix/store/HASH-valgrind-3.27.1/libexec/valgrind/vgpreload_memcheck-arm64-linux.so)
==3813177==    by 0x4B1FDE7: CRYPTO_malloc (in /nix/store/HASH-openssl-3.6.4/lib/libcrypto.so.3)
==3813177==    by 0x4B20053: CRYPTO_zalloc (in /nix/store/HASH-openssl-3.6.4/lib/libcrypto.so.3)
==3813177==    by 0x4ADC9DB: EVP_CIPHER_CTX_new (in /nix/store/HASH-openssl-3.6.4/lib/libcrypto.so.3)
==3813177==    by 0x123DA17: crypto.backend_openssl.aeadInit (backend_openssl.zig:539)
==3813177==    by 0x122A49F: init (backend.zig:303)
==3813177==    by 0x122A49F: aead.Context.init (aead.zig:138)
==3813177==    by 0x122A253: RecordLayer.init (RecordLayer.zig:79)
==3813177==    by 0x12132E3: hkdf.Hkdf(crypto.hmac.Hmac(crypto.sha2.Sha2x32(.{ 1779033703, 3144134277, 1013904242, 2773480762, 1359893119, 2600822924, 528734635, 1541459225 },256))).makeRecordLayer (hkdf.zig:237)
==3813177==    by 0x12755FF: ServerHandshake.verifyClientFinished (ServerHandshake.zig:2149)
==3813177==    by 0x1236B93: ServerHandshake.processClientFinishedPlaintext (ServerHandshake.zig:2117)
==3813177==    by 0x1236073: ServerHandshake.processClientFinished (ServerHandshake.zig:2046)
==3813177==    by 0x1594FDB: ServerHandshake.test.in-memory HRR round trip reaches app data (ServerHandshake.zig:9569)
==3813177== 
==3813177== 1,152 (192 direct, 960 indirect) bytes in 1 blocks are definitely lost in loss record 459 of 578
==3813177==    at 0x4885E30: malloc (in /nix/store/HASH-valgrind-3.27.1/libexec/valgrind/vgpreload_memcheck-arm64-linux.so)
==3813177==    by 0x4B1FDE7: CRYPTO_malloc (in /nix/store/HASH-openssl-3.6.4/lib/libcrypto.so.3)
==3813177==    by 0x4B20053: CRYPTO_zalloc (in /nix/store/HASH-openssl-3.6.4/lib/libcrypto.so.3)
==3813177==    by 0x4ADC9DB: EVP_CIPHER_CTX_new (in /nix/store/HASH-openssl-3.6.4/lib/libcrypto.so.3)
==3813177==    by 0x123DA6F: crypto.backend_openssl.aeadInit (backend_openssl.zig:541)
==3813177==    by 0x122A49F: init (backend.zig:303)
==3813177==    by 0x122A49F: aead.Context.init (aead.zig:138)
==3813177==    by 0x122A253: RecordLayer.init (RecordLayer.zig:79)
==3813177==    by 0x12132E3: hkdf.Hkdf(crypto.hmac.Hmac(crypto.sha2.Sha2x32(.{ 1779033703, 3144134277, 1013904242, 2773480762, 1359893119, 2600822924, 528734635, 1541459225 },256))).makeRecordLayer (hkdf.zig:237)
==3813177==    by 0x12755FF: ServerHandshake.verifyClientFinished (ServerHandshake.zig:2149)
==3813177==    by 0x1236B93: ServerHandshake.processClientFinishedPlaintext (ServerHandshake.zig:2117)
==3813177==    by 0x1236073: ServerHandshake.processClientFinished (ServerHandshake.zig:2046)
==3813177==    by 0x1594FDB: ServerHandshake.test.in-memory HRR round trip reaches app data (ServerHandshake.zig:9569)
==3813177== 
==3813177== 1,152 (192 direct, 960 indirect) bytes in 1 blocks are definitely lost in loss record 460 of 578
==3813177==    at 0x4885E30: malloc (in /nix/store/HASH-valgrind-3.27.1/libexec/valgrind/vgpreload_memcheck-arm64-linux.so)
==3813177==    by 0x4B1FDE7: CRYPTO_malloc (in /nix/store/HASH-openssl-3.6.4/lib/libcrypto.so.3)
==3813177==    by 0x4B20053: CRYPTO_zalloc (in /nix/store/HASH-openssl-3.6.4/lib/libcrypto.so.3)
==3813177==    by 0x4ADC9DB: EVP_CIPHER_CTX_new (in /nix/store/HASH-openssl-3.6.4/lib/libcrypto.so.3)
==3813177==    by 0x123DA17: crypto.backend_openssl.aeadInit (backend_openssl.zig:539)
==3813177==    by 0x122A49F: init (backend.zig:303)
==3813177==    by 0x122A49F: aead.Context.init (aead.zig:138)
==3813177==    by 0x122A253: RecordLayer.init (RecordLayer.zig:79)
==3813177==    by 0x12132E3: hkdf.Hkdf(crypto.hmac.Hmac(crypto.sha2.Sha2x32(.{ 1779033703, 3144134277, 1013904242, 2773480762, 1359893119, 2600822924, 528734635, 1541459225 },256))).makeRecordLayer (hkdf.zig:237)
==3813177==    by 0x1273137: ServerHandshake.installHandshakeKeys (ServerHandshake.zig:1701)
==3813177==    by 0x1232B0B: ServerHandshake.processClientHelloMessage (ServerHandshake.zig:1364)
==3813177==    by 0x122FF83: ServerHandshake.acceptClientHello (ServerHandshake.zig:991)
==3813177==    by 0x1596483: ServerHandshake.test.acceptClientHello: exposes SNI via clientServerName (ServerHandshake.zig:9625)
==3813177== 
==3813177== 1,152 (192 direct, 960 indirect) bytes in 1 blocks are definitely lost in loss record 461 of 578
==3813177==    at 0x4885E30: malloc (in /nix/store/HASH-valgrind-3.27.1/libexec/valgrind/vgpreload_memcheck-arm64-linux.so)
==3813177==    by 0x4B1FDE7: CRYPTO_malloc (in /nix/store/HASH-openssl-3.6.4/lib/libcrypto.so.3)
==3813177==    by 0x4B20053: CRYPTO_zalloc (in /nix/store/HASH-openssl-3.6.4/lib/libcrypto.so.3)
==3813177==    by 0x4ADC9DB: EVP_CIPHER_CTX_new (in /nix/store/HASH-openssl-3.6.4/lib/libcrypto.so.3)
==3813177==    by 0x123DA6F: crypto.backend_openssl.aeadInit (backend_openssl.zig:541)
==3813177==    by 0x122A49F: init (backend.zig:303)
==3813177==    by 0x122A49F: aead.Context.init (aead.zig:138)
==3813177==    by 0x122A253: RecordLayer.init (RecordLayer.zig:79)
==3813177==    by 0x12132E3: hkdf.Hkdf(crypto.hmac.Hmac(crypto.sha2.Sha2x32(.{ 1779033703, 3144134277, 1013904242, 2773480762, 1359893119, 2600822924, 528734635, 1541459225 },256))).makeRecordLayer (hkdf.zig:237)
==3813177==    by 0x1273137: ServerHandshake.installHandshakeKeys (ServerHandshake.zig:1701)
==3813177==    by 0x1232B0B: ServerHandshake.processClientHelloMessage (ServerHandshake.zig:1364)
==3813177==    by 0x122FF83: ServerHandshake.acceptClientHello (ServerHandshake.zig:991)
==3813177==    by 0x1596483: ServerHandshake.test.acceptClientHello: exposes SNI via clientServerName (ServerHandshake.zig:9625)
==3813177== 
==3813177== 1,152 (192 direct, 960 indirect) bytes in 1 blocks are definitely lost in loss record 462 of 578
==3813177==    at 0x4885E30: malloc (in /nix/store/HASH-valgrind-3.27.1/libexec/valgrind/vgpreload_memcheck-arm64-linux.so)
==3813177==    by 0x4B1FDE7: CRYPTO_malloc (in /nix/store/HASH-openssl-3.6.4/lib/libcrypto.so.3)
==3813177==    by 0x4B20053: CRYPTO_zalloc (in /nix/store/HASH-openssl-3.6.4/lib/libcrypto.so.3)
==3813177==    by 0x4ADC9DB: EVP_CIPHER_CTX_new (in /nix/store/HASH-openssl-3.6.4/lib/libcrypto.so.3)
==3813177==    by 0x123DA17: crypto.backend_openssl.aeadInit (backend_openssl.zig:539)
==3813177==    by 0x122A49F: init (backend.zig:303)
==3813177==    by 0x122A49F: aead.Context.init (aead.zig:138)
==3813177==    by 0x122A253: RecordLayer.init (RecordLayer.zig:79)
==3813177==    by 0x12132E3: hkdf.Hkdf(crypto.hmac.Hmac(crypto.sha2.Sha2x32(.{ 1779033703, 3144134277, 1013904242, 2773480762, 1359893119, 2600822924, 528734635, 1541459225 },256))).makeRecordLayer (hkdf.zig:237)
==3813177==    by 0x12731F3: ServerHandshake.installHandshakeKeys (ServerHandshake.zig:1703)
==3813177==    by 0x1232B0B: ServerHandshake.processClientHelloMessage (ServerHandshake.zig:1364)
==3813177==    by 0x122FF83: ServerHandshake.acceptClientHello (ServerHandshake.zig:991)
==3813177==    by 0x1596483: ServerHandshake.test.acceptClientHello: exposes SNI via clientServerName (ServerHandshake.zig:9625)
==3813177== 
==3813177== 1,152 (192 direct, 960 indirect) bytes in 1 blocks are definitely lost in loss record 463 of 578
==3813177==    at 0x4885E30: malloc (in /nix/store/HASH-valgrind-3.27.1/libexec/valgrind/vgpreload_memcheck-arm64-linux.so)
==3813177==    by 0x4B1FDE7: CRYPTO_malloc (in /nix/store/HASH-openssl-3.6.4/lib/libcrypto.so.3)
==3813177==    by 0x4B20053: CRYPTO_zalloc (in /nix/store/HASH-openssl-3.6.4/lib/libcrypto.so.3)
==3813177==    by 0x4ADC9DB: EVP_CIPHER_CTX_new (in /nix/store/HASH-openssl-3.6.4/lib/libcrypto.so.3)
==3813177==    by 0x123DA6F: crypto.backend_openssl.aeadInit (backend_openssl.zig:541)
==3813177==    by 0x122A49F: init (backend.zig:303)
==3813177==    by 0x122A49F: aead.Context.init (aead.zig:138)
==3813177==    by 0x122A253: RecordLayer.init (RecordLayer.zig:79)
==3813177==    by 0x12132E3: hkdf.Hkdf(crypto.hmac.Hmac(crypto.sha2.Sha2x32(.{ 1779033703, 3144134277, 1013904242, 2773480762, 1359893119, 2600822924, 528734635, 1541459225 },256))).makeRecordLayer (hkdf.zig:237)
==3813177==    by 0x12731F3: ServerHandshake.installHandshakeKeys (ServerHandshake.zig:1703)
==3813177==    by 0x1232B0B: ServerHandshake.processClientHelloMessage (ServerHandshake.zig:1364)
==3813177==    by 0x122FF83: ServerHandshake.acceptClientHello (ServerHandshake.zig:991)
==3813177==    by 0x1596483: ServerHandshake.test.acceptClientHello: exposes SNI via clientServerName (ServerHandshake.zig:9625)
==3813177== 
==3813177== 1,152 (192 direct, 960 indirect) bytes in 1 blocks are definitely lost in loss record 464 of 578
==3813177==    at 0x4885E30: malloc (in /nix/store/HASH-valgrind-3.27.1/libexec/valgrind/vgpreload_memcheck-arm64-linux.so)
==3813177==    by 0x4B1FDE7: CRYPTO_malloc (in /nix/store/HASH-openssl-3.6.4/lib/libcrypto.so.3)
==3813177==    by 0x4B20053: CRYPTO_zalloc (in /nix/store/HASH-openssl-3.6.4/lib/libcrypto.so.3)
==3813177==    by 0x4ADC9DB: EVP_CIPHER_CTX_new (in /nix/store/HASH-openssl-3.6.4/lib/libcrypto.so.3)
==3813177==    by 0x123DA17: crypto.backend_openssl.aeadInit (backend_openssl.zig:539)
==3813177==    by 0x122A49F: init (backend.zig:303)
==3813177==    by 0x122A49F: aead.Context.init (aead.zig:138)
==3813177==    by 0x122A253: RecordLayer.init (RecordLayer.zig:79)
==3813177==    by 0x12132E3: hkdf.Hkdf(crypto.hmac.Hmac(crypto.sha2.Sha2x32(.{ 1779033703, 3144134277, 1013904242, 2773480762, 1359893119, 2600822924, 528734635, 1541459225 },256))).makeRecordLayer (hkdf.zig:237)
==3813177==    by 0x1273137: ServerHandshake.installHandshakeKeys (ServerHandshake.zig:1701)
==3813177==    by 0x1232B0B: ServerHandshake.processClientHelloMessage (ServerHandshake.zig:1364)
==3813177==    by 0x122FF83: ServerHandshake.acceptClientHello (ServerHandshake.zig:991)
==3813177==    by 0x1596AC3: ServerHandshake.test.acceptClientHello: clientServerName is null when SNI absent (ServerHandshake.zig:9641)
==3813177== 
==3813177== 1,152 (192 direct, 960 indirect) bytes in 1 blocks are definitely lost in loss record 465 of 578
==3813177==    at 0x4885E30: malloc (in /nix/store/HASH-valgrind-3.27.1/libexec/valgrind/vgpreload_memcheck-arm64-linux.so)
==3813177==    by 0x4B1FDE7: CRYPTO_malloc (in /nix/store/HASH-openssl-3.6.4/lib/libcrypto.so.3)
==3813177==    by 0x4B20053: CRYPTO_zalloc (in /nix/store/HASH-openssl-3.6.4/lib/libcrypto.so.3)
==3813177==    by 0x4ADC9DB: EVP_CIPHER_CTX_new (in /nix/store/HASH-openssl-3.6.4/lib/libcrypto.so.3)
==3813177==    by 0x123DA6F: crypto.backend_openssl.aeadInit (backend_openssl.zig:541)
==3813177==    by 0x122A49F: init (backend.zig:303)
==3813177==    by 0x122A49F: aead.Context.init (aead.zig:138)
==3813177==    by 0x122A253: RecordLayer.init (RecordLayer.zig:79)
==3813177==    by 0x12132E3: hkdf.Hkdf(crypto.hmac.Hmac(crypto.sha2.Sha2x32(.{ 1779033703, 3144134277, 1013904242, 2773480762, 1359893119, 2600822924, 528734635, 1541459225 },256))).makeRecordLayer (hkdf.zig:237)
==3813177==    by 0x1273137: ServerHandshake.installHandshakeKeys (ServerHandshake.zig:1701)
==3813177==    by 0x1232B0B: ServerHandshake.processClientHelloMessage (ServerHandshake.zig:1364)
==3813177==    by 0x122FF83: ServerHandshake.acceptClientHello (ServerHandshake.zig:991)
==3813177==    by 0x1596AC3: ServerHandshake.test.acceptClientHello: clientServerName is null when SNI absent (ServerHandshake.zig:9641)
==3813177== 
==3813177== 1,152 (192 direct, 960 indirect) bytes in 1 blocks are definitely lost in loss record 466 of 578
==3813177==    at 0x4885E30: malloc (in /nix/store/HASH-valgrind-3.27.1/libexec/valgrind/vgpreload_memcheck-arm64-linux.so)
==3813177==    by 0x4B1FDE7: CRYPTO_malloc (in /nix/store/HASH-openssl-3.6.4/lib/libcrypto.so.3)
==3813177==    by 0x4B20053: CRYPTO_zalloc (in /nix/store/HASH-openssl-3.6.4/lib/libcrypto.so.3)
==3813177==    by 0x4ADC9DB: EVP_CIPHER_CTX_new (in /nix/store/HASH-openssl-3.6.4/lib/libcrypto.so.3)
==3813177==    by 0x123DA17: crypto.backend_openssl.aeadInit (backend_openssl.zig:539)
==3813177==    by 0x122A49F: init (backend.zig:303)
==3813177==    by 0x122A49F: aead.Context.init (aead.zig:138)
==3813177==    by 0x122A253: RecordLayer.init (RecordLayer.zig:79)
==3813177==    by 0x12132E3: hkdf.Hkdf(crypto.hmac.Hmac(crypto.sha2.Sha2x32(.{ 1779033703, 3144134277, 1013904242, 2773480762, 1359893119, 2600822924, 528734635, 1541459225 },256))).makeRecordLayer (hkdf.zig:237)
==3813177==    by 0x12731F3: ServerHandshake.installHandshakeKeys (ServerHandshake.zig:1703)
==3813177==    by 0x1232B0B: ServerHandshake.processClientHelloMessage (ServerHandshake.zig:1364)
==3813177==    by 0x122FF83: ServerHandshake.acceptClientHello (ServerHandshake.zig:991)
==3813177==    by 0x1596AC3: ServerHandshake.test.acceptClientHello: clientServerName is null when SNI absent (ServerHandshake.zig:9641)
==3813177== 
==3813177== 1,152 (192 direct, 960 indirect) bytes in 1 blocks are definitely lost in loss record 467 of 578
==3813177==    at 0x4885E30: malloc (in /nix/store/HASH-valgrind-3.27.1/libexec/valgrind/vgpreload_memcheck-arm64-linux.so)
==3813177==    by 0x4B1FDE7: CRYPTO_malloc (in /nix/store/HASH-openssl-3.6.4/lib/libcrypto.so.3)
==3813177==    by 0x4B20053: CRYPTO_zalloc (in /nix/store/HASH-openssl-3.6.4/lib/libcrypto.so.3)
==3813177==    by 0x4ADC9DB: EVP_CIPHER_CTX_new (in /nix/store/HASH-openssl-3.6.4/lib/libcrypto.so.3)
==3813177==    by 0x123DA6F: crypto.backend_openssl.aeadInit (backend_openssl.zig:541)
==3813177==    by 0x122A49F: init (backend.zig:303)
==3813177==    by 0x122A49F: aead.Context.init (aead.zig:138)
==3813177==    by 0x122A253: RecordLayer.init (RecordLayer.zig:79)
==3813177==    by 0x12132E3: hkdf.Hkdf(crypto.hmac.Hmac(crypto.sha2.Sha2x32(.{ 1779033703, 3144134277, 1013904242, 2773480762, 1359893119, 2600822924, 528734635, 1541459225 },256))).makeRecordLayer (hkdf.zig:237)
==3813177==    by 0x12731F3: ServerHandshake.installHandshakeKeys (ServerHandshake.zig:1703)
==3813177==    by 0x1232B0B: ServerHandshake.processClientHelloMessage (ServerHandshake.zig:1364)
==3813177==    by 0x122FF83: ServerHandshake.acceptClientHello (ServerHandshake.zig:991)
==3813177==    by 0x1596AC3: ServerHandshake.test.acceptClientHello: clientServerName is null when SNI absent (ServerHandshake.zig:9641)
==3813177== 
==3813177== 1,152 (192 direct, 960 indirect) bytes in 1 blocks are definitely lost in loss record 468 of 578
==3813177==    at 0x4885E30: malloc (in /nix/store/HASH-valgrind-3.27.1/libexec/valgrind/vgpreload_memcheck-arm64-linux.so)
==3813177==    by 0x4B1FDE7: CRYPTO_malloc (in /nix/store/HASH-openssl-3.6.4/lib/libcrypto.so.3)
==3813177==    by 0x4B20053: CRYPTO_zalloc (in /nix/store/HASH-openssl-3.6.4/lib/libcrypto.so.3)
==3813177==    by 0x4ADC9DB: EVP_CIPHER_CTX_new (in /nix/store/HASH-openssl-3.6.4/lib/libcrypto.so.3)
==3813177==    by 0x123DA17: crypto.backend_openssl.aeadInit (backend_openssl.zig:539)
==3813177==    by 0x122A49F: init (backend.zig:303)
==3813177==    by 0x122A49F: aead.Context.init (aead.zig:138)
==3813177==    by 0x122A253: RecordLayer.init (RecordLayer.zig:79)
==3813177==    by 0x1212907: hkdf.Hkdf(crypto.hmac.Hmac(crypto.sha2.Sha2x64(.{ 14680500436340154072, 7105036623409894663, 10473403895298186519, 1526699215303891257, 7436329637833083697, 10282925794625328401, 15784041429090275239, 5167115440072839076 },384))).makeRecordLayer (hkdf.zig:237)
==3813177==    by 0x1273783: ServerHandshake.installHandshakeKeys (ServerHandshake.zig:1701)
==3813177==    by 0x1232B0B: ServerHandshake.processClientHelloMessage (ServerHandshake.zig:1364)
==3813177==    by 0x122FF83: ServerHandshake.acceptClientHello (ServerHandshake.zig:991)
==3813177==    by 0x159777F: ServerHandshake.test.acceptClientHello: ignores unknown cipher suites in mixed list (ServerHandshake.zig:9680)
==3813177== 
==3813177== 1,152 (192 direct, 960 indirect) bytes in 1 blocks are definitely lost in loss record 469 of 578
==3813177==    at 0x4885E30: malloc (in /nix/store/HASH-valgrind-3.27.1/libexec/valgrind/vgpreload_memcheck-arm64-linux.so)
==3813177==    by 0x4B1FDE7: CRYPTO_malloc (in /nix/store/HASH-openssl-3.6.4/lib/libcrypto.so.3)
==3813177==    by 0x4B20053: CRYPTO_zalloc (in /nix/store/HASH-openssl-3.6.4/lib/libcrypto.so.3)
==3813177==    by 0x4ADC9DB: EVP_CIPHER_CTX_new (in /nix/store/HASH-openssl-3.6.4/lib/libcrypto.so.3)
==3813177==    by 0x123DA6F: crypto.backend_openssl.aeadInit (backend_openssl.zig:541)
==3813177==    by 0x122A49F: init (backend.zig:303)
==3813177==    by 0x122A49F: aead.Context.init (aead.zig:138)
==3813177==    by 0x122A253: RecordLayer.init (RecordLayer.zig:79)
==3813177==    by 0x1212907: hkdf.Hkdf(crypto.hmac.Hmac(crypto.sha2.Sha2x64(.{ 14680500436340154072, 7105036623409894663, 10473403895298186519, 1526699215303891257, 7436329637833083697, 10282925794625328401, 15784041429090275239, 5167115440072839076 },384))).makeRecordLayer (hkdf.zig:237)
==3813177==    by 0x1273783: ServerHandshake.installHandshakeKeys (ServerHandshake.zig:1701)
==3813177==    by 0x1232B0B: ServerHandshake.processClientHelloMessage (ServerHandshake.zig:1364)
==3813177==    by 0x122FF83: ServerHandshake.acceptClientHello (ServerHandshake.zig:991)
==3813177==    by 0x159777F: ServerHandshake.test.acceptClientHello: ignores unknown cipher suites in mixed list (ServerHandshake.zig:9680)
==3813177== 
==3813177== 1,152 (192 direct, 960 indirect) bytes in 1 blocks are definitely lost in loss record 470 of 578
==3813177==    at 0x4885E30: malloc (in /nix/store/HASH-valgrind-3.27.1/libexec/valgrind/vgpreload_memcheck-arm64-linux.so)
==3813177==    by 0x4B1FDE7: CRYPTO_malloc (in /nix/store/HASH-openssl-3.6.4/lib/libcrypto.so.3)
==3813177==    by 0x4B20053: CRYPTO_zalloc (in /nix/store/HASH-openssl-3.6.4/lib/libcrypto.so.3)
==3813177==    by 0x4ADC9DB: EVP_CIPHER_CTX_new (in /nix/store/HASH-openssl-3.6.4/lib/libcrypto.so.3)
==3813177==    by 0x123DA17: crypto.backend_openssl.aeadInit (backend_openssl.zig:539)
==3813177==    by 0x122A49F: init (backend.zig:303)
==3813177==    by 0x122A49F: aead.Context.init (aead.zig:138)
==3813177==    by 0x122A253: RecordLayer.init (RecordLayer.zig:79)
==3813177==    by 0x1212907: hkdf.Hkdf(crypto.hmac.Hmac(crypto.sha2.Sha2x64(.{ 14680500436340154072, 7105036623409894663, 10473403895298186519, 1526699215303891257, 7436329637833083697, 10282925794625328401, 15784041429090275239, 5167115440072839076 },384))).makeRecordLayer (hkdf.zig:237)
==3813177==    by 0x127384F: ServerHandshake.installHandshakeKeys (ServerHandshake.zig:1703)
==3813177==    by 0x1232B0B: ServerHandshake.processClientHelloMessage (ServerHandshake.zig:1364)
==3813177==    by 0x122FF83: ServerHandshake.acceptClientHello (ServerHandshake.zig:991)
==3813177==    by 0x159777F: ServerHandshake.test.acceptClientHello: ignores unknown cipher suites in mixed list (ServerHandshake.zig:9680)
==3813177== 
==3813177== 1,152 (192 direct, 960 indirect) bytes in 1 blocks are definitely lost in loss record 471 of 578
==3813177==    at 0x4885E30: malloc (in /nix/store/HASH-valgrind-3.27.1/libexec/valgrind/vgpreload_memcheck-arm64-linux.so)
==3813177==    by 0x4B1FDE7: CRYPTO_malloc (in /nix/store/HASH-openssl-3.6.4/lib/libcrypto.so.3)
==3813177==    by 0x4B20053: CRYPTO_zalloc (in /nix/store/HASH-openssl-3.6.4/lib/libcrypto.so.3)
==3813177==    by 0x4ADC9DB: EVP_CIPHER_CTX_new (in /nix/store/HASH-openssl-3.6.4/lib/libcrypto.so.3)
==3813177==    by 0x123DA6F: crypto.backend_openssl.aeadInit (backend_openssl.zig:541)
==3813177==    by 0x122A49F: init (backend.zig:303)
==3813177==    by 0x122A49F: aead.Context.init (aead.zig:138)
==3813177==    by 0x122A253: RecordLayer.init (RecordLayer.zig:79)
==3813177==    by 0x1212907: hkdf.Hkdf(crypto.hmac.Hmac(crypto.sha2.Sha2x64(.{ 14680500436340154072, 7105036623409894663, 10473403895298186519, 1526699215303891257, 7436329637833083697, 10282925794625328401, 15784041429090275239, 5167115440072839076 },384))).makeRecordLayer (hkdf.zig:237)
==3813177==    by 0x127384F: ServerHandshake.installHandshakeKeys (ServerHandshake.zig:1703)
==3813177==    by 0x1232B0B: ServerHandshake.processClientHelloMessage (ServerHandshake.zig:1364)
==3813177==    by 0x122FF83: ServerHandshake.acceptClientHello (ServerHandshake.zig:991)
==3813177==    by 0x159777F: ServerHandshake.test.acceptClientHello: ignores unknown cipher suites in mixed list (ServerHandshake.zig:9680)
==3813177== 
==3813177== 1,152 (192 direct, 960 indirect) bytes in 1 blocks are definitely lost in loss record 472 of 578
==3813177==    at 0x4885E30: malloc (in /nix/store/HASH-valgrind-3.27.1/libexec/valgrind/vgpreload_memcheck-arm64-linux.so)
==3813177==    by 0x4B1FDE7: CRYPTO_malloc (in /nix/store/HASH-openssl-3.6.4/lib/libcrypto.so.3)
==3813177==    by 0x4B20053: CRYPTO_zalloc (in /nix/store/HASH-openssl-3.6.4/lib/libcrypto.so.3)
==3813177==    by 0x4ADC9DB: EVP_CIPHER_CTX_new (in /nix/store/HASH-openssl-3.6.4/lib/libcrypto.so.3)
==3813177==    by 0x123DA17: crypto.backend_openssl.aeadInit (backend_openssl.zig:539)
==3813177==    by 0x122A49F: init (backend.zig:303)
==3813177==    by 0x122A49F: aead.Context.init (aead.zig:138)
==3813177==    by 0x122A253: RecordLayer.init (RecordLayer.zig:79)
==3813177==    by 0x12132E3: hkdf.Hkdf(crypto.hmac.Hmac(crypto.sha2.Sha2x32(.{ 1779033703, 3144134277, 1013904242, 2773480762, 1359893119, 2600822924, 528734635, 1541459225 },256))).makeRecordLayer (hkdf.zig:237)
==3813177==    by 0x12748CF: ServerHandshake.prepareServerApplicationWriteKey (ServerHandshake.zig:2020)
==3813177==    by 0x1234AB3: ServerHandshake.encryptServerFlight (ServerHandshake.zig:1982)
==3813177==    by 0x151C1B7: ServerHandshake.sendAnonymousFlightForTest (ServerHandshake.zig:1744)
==3813177==    by 0x159F773: ServerHandshake.test.handleRecord: reassembles fragmented client Finished across encrypted records (ServerHandshake.zig:10081)
==3813177== 
==3813177== 1,152 (192 direct, 960 indirect) bytes in 1 blocks are definitely lost in loss record 473 of 578
==3813177==    at 0x4885E30: malloc (in /nix/store/HASH-valgrind-3.27.1/libexec/valgrind/vgpreload_memcheck-arm64-linux.so)
==3813177==    by 0x4B1FDE7: CRYPTO_malloc (in /nix/store/HASH-openssl-3.6.4/lib/libcrypto.so.3)
==3813177==    by 0x4B20053: CRYPTO_zalloc (in /nix/store/HASH-openssl-3.6.4/lib/libcrypto.so.3)
==3813177==    by 0x4ADC9DB: EVP_CIPHER_CTX_new (in /nix/store/HASH-openssl-3.6.4/lib/libcrypto.so.3)
==3813177==    by 0x123DA6F: crypto.backend_openssl.aeadInit (backend_openssl.zig:541)
==3813177==    by 0x122A49F: init (backend.zig:303)
==3813177==    by 0x122A49F: aead.Context.init (aead.zig:138)
==3813177==    by 0x122A253: RecordLayer.init (RecordLayer.zig:79)
==3813177==    by 0x12132E3: hkdf.Hkdf(crypto.hmac.Hmac(crypto.sha2.Sha2x32(.{ 1779033703, 3144134277, 1013904242, 2773480762, 1359893119, 2600822924, 528734635, 1541459225 },256))).makeRecordLayer (hkdf.zig:237)
==3813177==    by 0x12748CF: ServerHandshake.prepareServerApplicationWriteKey (ServerHandshake.zig:2020)
==3813177==    by 0x1234AB3: ServerHandshake.encryptServerFlight (ServerHandshake.zig:1982)
==3813177==    by 0x151C1B7: ServerHandshake.sendAnonymousFlightForTest (ServerHandshake.zig:1744)
==3813177==    by 0x159F773: ServerHandshake.test.handleRecord: reassembles fragmented client Finished across encrypted records (ServerHandshake.zig:10081)
==3813177== 
==3813177== 1,152 (192 direct, 960 indirect) bytes in 1 blocks are definitely lost in loss record 474 of 578
==3813177==    at 0x4885E30: malloc (in /nix/store/HASH-valgrind-3.27.1/libexec/valgrind/vgpreload_memcheck-arm64-linux.so)
==3813177==    by 0x4B1FDE7: CRYPTO_malloc (in /nix/store/HASH-openssl-3.6.4/lib/libcrypto.so.3)
==3813177==    by 0x4B20053: CRYPTO_zalloc (in /nix/store/HASH-openssl-3.6.4/lib/libcrypto.so.3)
==3813177==    by 0x4ADC9DB: EVP_CIPHER_CTX_new (in /nix/store/HASH-openssl-3.6.4/lib/libcrypto.so.3)
==3813177==    by 0x123DA17: crypto.backend_openssl.aeadInit (backend_openssl.zig:539)
==3813177==    by 0x122A49F: init (backend.zig:303)
==3813177==    by 0x122A49F: aead.Context.init (aead.zig:138)
==3813177==    by 0x122A253: RecordLayer.init (RecordLayer.zig:79)
==3813177==    by 0x12132E3: hkdf.Hkdf(crypto.hmac.Hmac(crypto.sha2.Sha2x32(.{ 1779033703, 3144134277, 1013904242, 2773480762, 1359893119, 2600822924, 528734635, 1541459225 },256))).makeRecordLayer (hkdf.zig:237)
==3813177==    by 0x1273137: ServerHandshake.installHandshakeKeys (ServerHandshake.zig:1701)
==3813177==    by 0x1232B0B: ServerHandshake.processClientHelloMessage (ServerHandshake.zig:1364)
==3813177==    by 0x122FF83: ServerHandshake.acceptClientHello (ServerHandshake.zig:991)
==3813177==    by 0x15A0963: ServerHandshake.test.handleRecord: rejects interleaved alert during Finished fragment reassembly (ServerHandshake.zig:10134)
==3813177== 
==3813177== 1,152 (192 direct, 960 indirect) bytes in 1 blocks are definitely lost in loss record 475 of 578
==3813177==    at 0x4885E30: malloc (in /nix/store/HASH-valgrind-3.27.1/libexec/valgrind/vgpreload_memcheck-arm64-linux.so)
==3813177==    by 0x4B1FDE7: CRYPTO_malloc (in /nix/store/HASH-openssl-3.6.4/lib/libcrypto.so.3)
==3813177==    by 0x4B20053: CRYPTO_zalloc (in /nix/store/HASH-openssl-3.6.4/lib/libcrypto.so.3)
==3813177==    by 0x4ADC9DB: EVP_CIPHER_CTX_new (in /nix/store/HASH-openssl-3.6.4/lib/libcrypto.so.3)
==3813177==    by 0x123DA6F: crypto.backend_openssl.aeadInit (backend_openssl.zig:541)
==3813177==    by 0x122A49F: init (backend.zig:303)
==3813177==    by 0x122A49F: aead.Context.init (aead.zig:138)
==3813177==    by 0x122A253: RecordLayer.init (RecordLayer.zig:79)
==3813177==    by 0x12132E3: hkdf.Hkdf(crypto.hmac.Hmac(crypto.sha2.Sha2x32(.{ 1779033703, 3144134277, 1013904242, 2773480762, 1359893119, 2600822924, 528734635, 1541459225 },256))).makeRecordLayer (hkdf.zig:237)
==3813177==    by 0x1273137: ServerHandshake.installHandshakeKeys (ServerHandshake.zig:1701)
==3813177==    by 0x1232B0B: ServerHandshake.processClientHelloMessage (ServerHandshake.zig:1364)
==3813177==    by 0x122FF83: ServerHandshake.acceptClientHello (ServerHandshake.zig:991)
==3813177==    by 0x15A0963: ServerHandshake.test.handleRecord: rejects interleaved alert during Finished fragment reassembly (ServerHandshake.zig:10134)
==3813177== 
==3813177== 1,152 (192 direct, 960 indirect) bytes in 1 blocks are definitely lost in loss record 476 of 578
==3813177==    at 0x4885E30: malloc (in /nix/store/HASH-valgrind-3.27.1/libexec/valgrind/vgpreload_memcheck-arm64-linux.so)
==3813177==    by 0x4B1FDE7: CRYPTO_malloc (in /nix/store/HASH-openssl-3.6.4/lib/libcrypto.so.3)
==3813177==    by 0x4B20053: CRYPTO_zalloc (in /nix/store/HASH-openssl-3.6.4/lib/libcrypto.so.3)
==3813177==    by 0x4ADC9DB: EVP_CIPHER_CTX_new (in /nix/store/HASH-openssl-3.6.4/lib/libcrypto.so.3)
==3813177==    by 0x123DA17: crypto.backend_openssl.aeadInit (backend_openssl.zig:539)
==3813177==    by 0x122A49F: init (backend.zig:303)
==3813177==    by 0x122A49F: aead.Context.init (aead.zig:138)
==3813177==    by 0x122A253: RecordLayer.init (RecordLayer.zig:79)
==3813177==    by 0x12132E3: hkdf.Hkdf(crypto.hmac.Hmac(crypto.sha2.Sha2x32(.{ 1779033703, 3144134277, 1013904242, 2773480762, 1359893119, 2600822924, 528734635, 1541459225 },256))).makeRecordLayer (hkdf.zig:237)
==3813177==    by 0x12748CF: ServerHandshake.prepareServerApplicationWriteKey (ServerHandshake.zig:2020)
==3813177==    by 0x1234AB3: ServerHandshake.encryptServerFlight (ServerHandshake.zig:1982)
==3813177==    by 0x151C1B7: ServerHandshake.sendAnonymousFlightForTest (ServerHandshake.zig:1744)
==3813177==    by 0x15A0A4B: ServerHandshake.test.handleRecord: rejects interleaved alert during Finished fragment reassembly (ServerHandshake.zig:10136)
==3813177== 
==3813177== 1,152 (192 direct, 960 indirect) bytes in 1 blocks are definitely lost in loss record 477 of 578
==3813177==    at 0x4885E30: malloc (in /nix/store/HASH-valgrind-3.27.1/libexec/valgrind/vgpreload_memcheck-arm64-linux.so)
==3813177==    by 0x4B1FDE7: CRYPTO_malloc (in /nix/store/HASH-openssl-3.6.4/lib/libcrypto.so.3)
==3813177==    by 0x4B20053: CRYPTO_zalloc (in /nix/store/HASH-openssl-3.6.4/lib/libcrypto.so.3)
==3813177==    by 0x4ADC9DB: EVP_CIPHER_CTX_new (in /nix/store/HASH-openssl-3.6.4/lib/libcrypto.so.3)
==3813177==    by 0x123DA6F: crypto.backend_openssl.aeadInit (backend_openssl.zig:541)
==3813177==    by 0x122A49F: init (backend.zig:303)
==3813177==    by 0x122A49F: aead.Context.init (aead.zig:138)
==3813177==    by 0x122A253: RecordLayer.init (RecordLayer.zig:79)
==3813177==    by 0x12132E3: hkdf.Hkdf(crypto.hmac.Hmac(crypto.sha2.Sha2x32(.{ 1779033703, 3144134277, 1013904242, 2773480762, 1359893119, 2600822924, 528734635, 1541459225 },256))).makeRecordLayer (hkdf.zig:237)
==3813177==    by 0x12748CF: ServerHandshake.prepareServerApplicationWriteKey (ServerHandshake.zig:2020)
==3813177==    by 0x1234AB3: ServerHandshake.encryptServerFlight (ServerHandshake.zig:1982)
==3813177==    by 0x151C1B7: ServerHandshake.sendAnonymousFlightForTest (ServerHandshake.zig:1744)
==3813177==    by 0x15A0A4B: ServerHandshake.test.handleRecord: rejects interleaved alert during Finished fragment reassembly (ServerHandshake.zig:10136)
==3813177== 
==3813177== 1,152 (192 direct, 960 indirect) bytes in 1 blocks are definitely lost in loss record 478 of 578
==3813177==    at 0x4885E30: malloc (in /nix/store/HASH-valgrind-3.27.1/libexec/valgrind/vgpreload_memcheck-arm64-linux.so)
==3813177==    by 0x4B1FDE7: CRYPTO_malloc (in /nix/store/HASH-openssl-3.6.4/lib/libcrypto.so.3)
==3813177==    by 0x4B20053: CRYPTO_zalloc (in /nix/store/HASH-openssl-3.6.4/lib/libcrypto.so.3)
==3813177==    by 0x4ADC9DB: EVP_CIPHER_CTX_new (in /nix/store/HASH-openssl-3.6.4/lib/libcrypto.so.3)
==3813177==    by 0x123DA17: crypto.backend_openssl.aeadInit (backend_openssl.zig:539)
==3813177==    by 0x122A49F: init (backend.zig:303)
==3813177==    by 0x122A49F: aead.Context.init (aead.zig:138)
==3813177==    by 0x122A253: RecordLayer.init (RecordLayer.zig:79)
==3813177==    by 0x12132E3: hkdf.Hkdf(crypto.hmac.Hmac(crypto.sha2.Sha2x32(.{ 1779033703, 3144134277, 1013904242, 2773480762, 1359893119, 2600822924, 528734635, 1541459225 },256))).makeRecordLayer (hkdf.zig:237)
==3813177==    by 0x1273137: ServerHandshake.installHandshakeKeys (ServerHandshake.zig:1701)
==3813177==    by 0x1232B0B: ServerHandshake.processClientHelloMessage (ServerHandshake.zig:1364)
==3813177==    by 0x122FF83: ServerHandshake.acceptClientHello (ServerHandshake.zig:991)
==3813177==    by 0x15A1B17: ServerHandshake.test.handleRecord: rejects plaintext alert during Finished fragment reassembly (ServerHandshake.zig:10190)
==3813177== 
==3813177== 1,152 (192 direct, 960 indirect) bytes in 1 blocks are definitely lost in loss record 479 of 578
==3813177==    at 0x4885E30: malloc (in /nix/store/HASH-valgrind-3.27.1/libexec/valgrind/vgpreload_memcheck-arm64-linux.so)
==3813177==    by 0x4B1FDE7: CRYPTO_malloc (in /nix/store/HASH-openssl-3.6.4/lib/libcrypto.so.3)
==3813177==    by 0x4B20053: CRYPTO_zalloc (in /nix/store/HASH-openssl-3.6.4/lib/libcrypto.so.3)
==3813177==    by 0x4ADC9DB: EVP_CIPHER_CTX_new (in /nix/store/HASH-openssl-3.6.4/lib/libcrypto.so.3)
==3813177==    by 0x123DA6F: crypto.backend_openssl.aeadInit (backend_openssl.zig:541)
==3813177==    by 0x122A49F: init (backend.zig:303)
==3813177==    by 0x122A49F: aead.Context.init (aead.zig:138)
==3813177==    by 0x122A253: RecordLayer.init (RecordLayer.zig:79)
==3813177==    by 0x12132E3: hkdf.Hkdf(crypto.hmac.Hmac(crypto.sha2.Sha2x32(.{ 1779033703, 3144134277, 1013904242, 2773480762, 1359893119, 2600822924, 528734635, 1541459225 },256))).makeRecordLayer (hkdf.zig:237)
==3813177==    by 0x1273137: ServerHandshake.installHandshakeKeys (ServerHandshake.zig:1701)
==3813177==    by 0x1232B0B: ServerHandshake.processClientHelloMessage (ServerHandshake.zig:1364)
==3813177==    by 0x122FF83: ServerHandshake.acceptClientHello (ServerHandshake.zig:991)
==3813177==    by 0x15A1B17: ServerHandshake.test.handleRecord: rejects plaintext alert during Finished fragment reassembly (ServerHandshake.zig:10190)
==3813177== 
==3813177== 1,152 (192 direct, 960 indirect) bytes in 1 blocks are definitely lost in loss record 480 of 578
==3813177==    at 0x4885E30: malloc (in /nix/store/HASH-valgrind-3.27.1/libexec/valgrind/vgpreload_memcheck-arm64-linux.so)
==3813177==    by 0x4B1FDE7: CRYPTO_malloc (in /nix/store/HASH-openssl-3.6.4/lib/libcrypto.so.3)
==3813177==    by 0x4B20053: CRYPTO_zalloc (in /nix/store/HASH-openssl-3.6.4/lib/libcrypto.so.3)
==3813177==    by 0x4ADC9DB: EVP_CIPHER_CTX_new (in /nix/store/HASH-openssl-3.6.4/lib/libcrypto.so.3)
==3813177==    by 0x123DA17: crypto.backend_openssl.aeadInit (backend_openssl.zig:539)
==3813177==    by 0x122A49F: init (backend.zig:303)
==3813177==    by 0x122A49F: aead.Context.init (aead.zig:138)
==3813177==    by 0x122A253: RecordLayer.init (RecordLayer.zig:79)
==3813177==    by 0x12132E3: hkdf.Hkdf(crypto.hmac.Hmac(crypto.sha2.Sha2x32(.{ 1779033703, 3144134277, 1013904242, 2773480762, 1359893119, 2600822924, 528734635, 1541459225 },256))).makeRecordLayer (hkdf.zig:237)
==3813177==    by 0x12748CF: ServerHandshake.prepareServerApplicationWriteKey (ServerHandshake.zig:2020)
==3813177==    by 0x1234AB3: ServerHandshake.encryptServerFlight (ServerHandshake.zig:1982)
==3813177==    by 0x151C1B7: ServerHandshake.sendAnonymousFlightForTest (ServerHandshake.zig:1744)
==3813177==    by 0x15A1BFF: ServerHandshake.test.handleRecord: rejects plaintext alert during Finished fragment reassembly (ServerHandshake.zig:10192)
==3813177== 
==3813177== 1,152 (192 direct, 960 indirect) bytes in 1 blocks are definitely lost in loss record 481 of 578
==3813177==    at 0x4885E30: malloc (in /nix/store/HASH-valgrind-3.27.1/libexec/valgrind/vgpreload_memcheck-arm64-linux.so)
==3813177==    by 0x4B1FDE7: CRYPTO_malloc (in /nix/store/HASH-openssl-3.6.4/lib/libcrypto.so.3)
==3813177==    by 0x4B20053: CRYPTO_zalloc (in /nix/store/HASH-openssl-3.6.4/lib/libcrypto.so.3)
==3813177==    by 0x4ADC9DB: EVP_CIPHER_CTX_new (in /nix/store/HASH-openssl-3.6.4/lib/libcrypto.so.3)
==3813177==    by 0x123DA6F: crypto.backend_openssl.aeadInit (backend_openssl.zig:541)
==3813177==    by 0x122A49F: init (backend.zig:303)
==3813177==    by 0x122A49F: aead.Context.init (aead.zig:138)
==3813177==    by 0x122A253: RecordLayer.init (RecordLayer.zig:79)
==3813177==    by 0x12132E3: hkdf.Hkdf(crypto.hmac.Hmac(crypto.sha2.Sha2x32(.{ 1779033703, 3144134277, 1013904242, 2773480762, 1359893119, 2600822924, 528734635, 1541459225 },256))).makeRecordLayer (hkdf.zig:237)
==3813177==    by 0x12748CF: ServerHandshake.prepareServerApplicationWriteKey (ServerHandshake.zig:2020)
==3813177==    by 0x1234AB3: ServerHandshake.encryptServerFlight (ServerHandshake.zig:1982)
==3813177==    by 0x151C1B7: ServerHandshake.sendAnonymousFlightForTest (ServerHandshake.zig:1744)
==3813177==    by 0x15A1BFF: ServerHandshake.test.handleRecord: rejects plaintext alert during Finished fragment reassembly (ServerHandshake.zig:10192)
==3813177== 
==3813177== 1,152 (192 direct, 960 indirect) bytes in 1 blocks are definitely lost in loss record 482 of 578
==3813177==    at 0x4885E30: malloc (in /nix/store/HASH-valgrind-3.27.1/libexec/valgrind/vgpreload_memcheck-arm64-linux.so)
==3813177==    by 0x4B1FDE7: CRYPTO_malloc (in /nix/store/HASH-openssl-3.6.4/lib/libcrypto.so.3)
==3813177==    by 0x4B20053: CRYPTO_zalloc (in /nix/store/HASH-openssl-3.6.4/lib/libcrypto.so.3)
==3813177==    by 0x4ADC9DB: EVP_CIPHER_CTX_new (in /nix/store/HASH-openssl-3.6.4/lib/libcrypto.so.3)
==3813177==    by 0x123DA17: crypto.backend_openssl.aeadInit (backend_openssl.zig:539)
==3813177==    by 0x122A49F: init (backend.zig:303)
==3813177==    by 0x122A49F: aead.Context.init (aead.zig:138)
==3813177==    by 0x122A253: RecordLayer.init (RecordLayer.zig:79)
==3813177==    by 0x12132E3: hkdf.Hkdf(crypto.hmac.Hmac(crypto.sha2.Sha2x32(.{ 1779033703, 3144134277, 1013904242, 2773480762, 1359893119, 2600822924, 528734635, 1541459225 },256))).makeRecordLayer (hkdf.zig:237)
==3813177==    by 0x1273137: ServerHandshake.installHandshakeKeys (ServerHandshake.zig:1701)
==3813177==    by 0x1232B0B: ServerHandshake.processClientHelloMessage (ServerHandshake.zig:1364)
==3813177==    by 0x122FF83: ServerHandshake.acceptClientHello (ServerHandshake.zig:991)
==3813177==    by 0x15A372F: ServerHandshake.test.handleRecord: rejects plaintext alert while waiting for Finished (ServerHandshake.zig:10267)
==3813177== 
==3813177== 1,152 (192 direct, 960 indirect) bytes in 1 blocks are definitely lost in loss record 483 of 578
==3813177==    at 0x4885E30: malloc (in /nix/store/HASH-valgrind-3.27.1/libexec/valgrind/vgpreload_memcheck-arm64-linux.so)
==3813177==    by 0x4B1FDE7: CRYPTO_malloc (in /nix/store/HASH-openssl-3.6.4/lib/libcrypto.so.3)
==3813177==    by 0x4B20053: CRYPTO_zalloc (in /nix/store/HASH-openssl-3.6.4/lib/libcrypto.so.3)
==3813177==    by 0x4ADC9DB: EVP_CIPHER_CTX_new (in /nix/store/HASH-openssl-3.6.4/lib/libcrypto.so.3)
==3813177==    by 0x123DA6F: crypto.backend_openssl.aeadInit (backend_openssl.zig:541)
==3813177==    by 0x122A49F: init (backend.zig:303)
==3813177==    by 0x122A49F: aead.Context.init (aead.zig:138)
==3813177==    by 0x122A253: RecordLayer.init (RecordLayer.zig:79)
==3813177==    by 0x12132E3: hkdf.Hkdf(crypto.hmac.Hmac(crypto.sha2.Sha2x32(.{ 1779033703, 3144134277, 1013904242, 2773480762, 1359893119, 2600822924, 528734635, 1541459225 },256))).makeRecordLayer (hkdf.zig:237)
==3813177==    by 0x1273137: ServerHandshake.installHandshakeKeys (ServerHandshake.zig:1701)
==3813177==    by 0x1232B0B: ServerHandshake.processClientHelloMessage (ServerHandshake.zig:1364)
==3813177==    by 0x122FF83: ServerHandshake.acceptClientHello (ServerHandshake.zig:991)
==3813177==    by 0x15A372F: ServerHandshake.test.handleRecord: rejects plaintext alert while waiting for Finished (ServerHandshake.zig:10267)
==3813177== 
==3813177== 1,152 (192 direct, 960 indirect) bytes in 1 blocks are definitely lost in loss record 484 of 578
==3813177==    at 0x4885E30: malloc (in /nix/store/HASH-valgrind-3.27.1/libexec/valgrind/vgpreload_memcheck-arm64-linux.so)
==3813177==    by 0x4B1FDE7: CRYPTO_malloc (in /nix/store/HASH-openssl-3.6.4/lib/libcrypto.so.3)
==3813177==    by 0x4B20053: CRYPTO_zalloc (in /nix/store/HASH-openssl-3.6.4/lib/libcrypto.so.3)
==3813177==    by 0x4ADC9DB: EVP_CIPHER_CTX_new (in /nix/store/HASH-openssl-3.6.4/lib/libcrypto.so.3)
==3813177==    by 0x123DA17: crypto.backend_openssl.aeadInit (backend_openssl.zig:539)
==3813177==    by 0x122A49F: init (backend.zig:303)
==3813177==    by 0x122A49F: aead.Context.init (aead.zig:138)
==3813177==    by 0x122A253: RecordLayer.init (RecordLayer.zig:79)
==3813177==    by 0x12132E3: hkdf.Hkdf(crypto.hmac.Hmac(crypto.sha2.Sha2x32(.{ 1779033703, 3144134277, 1013904242, 2773480762, 1359893119, 2600822924, 528734635, 1541459225 },256))).makeRecordLayer (hkdf.zig:237)
==3813177==    by 0x12748CF: ServerHandshake.prepareServerApplicationWriteKey (ServerHandshake.zig:2020)
==3813177==    by 0x1234AB3: ServerHandshake.encryptServerFlight (ServerHandshake.zig:1982)
==3813177==    by 0x151C1B7: ServerHandshake.sendAnonymousFlightForTest (ServerHandshake.zig:1744)
==3813177==    by 0x15A3813: ServerHandshake.test.handleRecord: rejects plaintext alert while waiting for Finished (ServerHandshake.zig:10269)
==3813177== 
==3813177== 1,152 (192 direct, 960 indirect) bytes in 1 blocks are definitely lost in loss record 485 of 578
==3813177==    at 0x4885E30: malloc (in /nix/store/HASH-valgrind-3.27.1/libexec/valgrind/vgpreload_memcheck-arm64-linux.so)
==3813177==    by 0x4B1FDE7: CRYPTO_malloc (in /nix/store/HASH-openssl-3.6.4/lib/libcrypto.so.3)
==3813177==    by 0x4B20053: CRYPTO_zalloc (in /nix/store/HASH-openssl-3.6.4/lib/libcrypto.so.3)
==3813177==    by 0x4ADC9DB: EVP_CIPHER_CTX_new (in /nix/store/HASH-openssl-3.6.4/lib/libcrypto.so.3)
==3813177==    by 0x123DA6F: crypto.backend_openssl.aeadInit (backend_openssl.zig:541)
==3813177==    by 0x122A49F: init (backend.zig:303)
==3813177==    by 0x122A49F: aead.Context.init (aead.zig:138)
==3813177==    by 0x122A253: RecordLayer.init (RecordLayer.zig:79)
==3813177==    by 0x12132E3: hkdf.Hkdf(crypto.hmac.Hmac(crypto.sha2.Sha2x32(.{ 1779033703, 3144134277, 1013904242, 2773480762, 1359893119, 2600822924, 528734635, 1541459225 },256))).makeRecordLayer (hkdf.zig:237)
==3813177==    by 0x12748CF: ServerHandshake.prepareServerApplicationWriteKey (ServerHandshake.zig:2020)
==3813177==    by 0x1234AB3: ServerHandshake.encryptServerFlight (ServerHandshake.zig:1982)
==3813177==    by 0x151C1B7: ServerHandshake.sendAnonymousFlightForTest (ServerHandshake.zig:1744)
==3813177==    by 0x15A3813: ServerHandshake.test.handleRecord: rejects plaintext alert while waiting for Finished (ServerHandshake.zig:10269)
==3813177== 
==3813177== 1,152 (192 direct, 960 indirect) bytes in 1 blocks are definitely lost in loss record 486 of 578
==3813177==    at 0x4885E30: malloc (in /nix/store/HASH-valgrind-3.27.1/libexec/valgrind/vgpreload_memcheck-arm64-linux.so)
==3813177==    by 0x4B1FDE7: CRYPTO_malloc (in /nix/store/HASH-openssl-3.6.4/lib/libcrypto.so.3)
==3813177==    by 0x4B20053: CRYPTO_zalloc (in /nix/store/HASH-openssl-3.6.4/lib/libcrypto.so.3)
==3813177==    by 0x4ADC9DB: EVP_CIPHER_CTX_new (in /nix/store/HASH-openssl-3.6.4/lib/libcrypto.so.3)
==3813177==    by 0x123DA17: crypto.backend_openssl.aeadInit (backend_openssl.zig:539)
==3813177==    by 0x122A49F: init (backend.zig:303)
==3813177==    by 0x122A49F: aead.Context.init (aead.zig:138)
==3813177==    by 0x122A253: RecordLayer.init (RecordLayer.zig:79)
==3813177==    by 0x12132E3: hkdf.Hkdf(crypto.hmac.Hmac(crypto.sha2.Sha2x32(.{ 1779033703, 3144134277, 1013904242, 2773480762, 1359893119, 2600822924, 528734635, 1541459225 },256))).makeRecordLayer (hkdf.zig:237)
==3813177==    by 0x1273137: ServerHandshake.installHandshakeKeys (ServerHandshake.zig:1701)
==3813177==    by 0x1232B0B: ServerHandshake.processClientHelloMessage (ServerHandshake.zig:1364)
==3813177==    by 0x122FF83: ServerHandshake.acceptClientHello (ServerHandshake.zig:991)
==3813177==    by 0x15A3FF7: ServerHandshake.test.handleRecord: rejects zero-length encrypted handshake while waiting for Finished (ServerHandshake.zig:10290)
==3813177== 
==3813177== 1,152 (192 direct, 960 indirect) bytes in 1 blocks are definitely lost in loss record 487 of 578
==3813177==    at 0x4885E30: malloc (in /nix/store/HASH-valgrind-3.27.1/libexec/valgrind/vgpreload_memcheck-arm64-linux.so)
==3813177==    by 0x4B1FDE7: CRYPTO_malloc (in /nix/store/HASH-openssl-3.6.4/lib/libcrypto.so.3)
==3813177==    by 0x4B20053: CRYPTO_zalloc (in /nix/store/HASH-openssl-3.6.4/lib/libcrypto.so.3)
==3813177==    by 0x4ADC9DB: EVP_CIPHER_CTX_new (in /nix/store/HASH-openssl-3.6.4/lib/libcrypto.so.3)
==3813177==    by 0x123DA6F: crypto.backend_openssl.aeadInit (backend_openssl.zig:541)
==3813177==    by 0x122A49F: init (backend.zig:303)
==3813177==    by 0x122A49F: aead.Context.init (aead.zig:138)
==3813177==    by 0x122A253: RecordLayer.init (RecordLayer.zig:79)
==3813177==    by 0x12132E3: hkdf.Hkdf(crypto.hmac.Hmac(crypto.sha2.Sha2x32(.{ 1779033703, 3144134277, 1013904242, 2773480762, 1359893119, 2600822924, 528734635, 1541459225 },256))).makeRecordLayer (hkdf.zig:237)
==3813177==    by 0x1273137: ServerHandshake.installHandshakeKeys (ServerHandshake.zig:1701)
==3813177==    by 0x1232B0B: ServerHandshake.processClientHelloMessage (ServerHandshake.zig:1364)
==3813177==    by 0x122FF83: ServerHandshake.acceptClientHello (ServerHandshake.zig:991)
==3813177==    by 0x15A3FF7: ServerHandshake.test.handleRecord: rejects zero-length encrypted handshake while waiting for Finished (ServerHandshake.zig:10290)
==3813177== 
==3813177== 1,152 (192 direct, 960 indirect) bytes in 1 blocks are definitely lost in loss record 488 of 578
==3813177==    at 0x4885E30: malloc (in /nix/store/HASH-valgrind-3.27.1/libexec/valgrind/vgpreload_memcheck-arm64-linux.so)
==3813177==    by 0x4B1FDE7: CRYPTO_malloc (in /nix/store/HASH-openssl-3.6.4/lib/libcrypto.so.3)
==3813177==    by 0x4B20053: CRYPTO_zalloc (in /nix/store/HASH-openssl-3.6.4/lib/libcrypto.so.3)
==3813177==    by 0x4ADC9DB: EVP_CIPHER_CTX_new (in /nix/store/HASH-openssl-3.6.4/lib/libcrypto.so.3)
==3813177==    by 0x123DA17: crypto.backend_openssl.aeadInit (backend_openssl.zig:539)
==3813177==    by 0x122A49F: init (backend.zig:303)
==3813177==    by 0x122A49F: aead.Context.init (aead.zig:138)
==3813177==    by 0x122A253: RecordLayer.init (RecordLayer.zig:79)
==3813177==    by 0x12132E3: hkdf.Hkdf(crypto.hmac.Hmac(crypto.sha2.Sha2x32(.{ 1779033703, 3144134277, 1013904242, 2773480762, 1359893119, 2600822924, 528734635, 1541459225 },256))).makeRecordLayer (hkdf.zig:237)
==3813177==    by 0x12748CF: ServerHandshake.prepareServerApplicationWriteKey (ServerHandshake.zig:2020)
==3813177==    by 0x1234AB3: ServerHandshake.encryptServerFlight (ServerHandshake.zig:1982)
==3813177==    by 0x151C1B7: ServerHandshake.sendAnonymousFlightForTest (ServerHandshake.zig:1744)
==3813177==    by 0x15A40DF: ServerHandshake.test.handleRecord: rejects zero-length encrypted handshake while waiting for Finished (ServerHandshake.zig:10292)
==3813177== 
==3813177== 1,152 (192 direct, 960 indirect) bytes in 1 blocks are definitely lost in loss record 489 of 578
==3813177==    at 0x4885E30: malloc (in /nix/store/HASH-valgrind-3.27.1/libexec/valgrind/vgpreload_memcheck-arm64-linux.so)
==3813177==    by 0x4B1FDE7: CRYPTO_malloc (in /nix/store/HASH-openssl-3.6.4/lib/libcrypto.so.3)
==3813177==    by 0x4B20053: CRYPTO_zalloc (in /nix/store/HASH-openssl-3.6.4/lib/libcrypto.so.3)
==3813177==    by 0x4ADC9DB: EVP_CIPHER_CTX_new (in /nix/store/HASH-openssl-3.6.4/lib/libcrypto.so.3)
==3813177==    by 0x123DA6F: crypto.backend_openssl.aeadInit (backend_openssl.zig:541)
==3813177==    by 0x122A49F: init (backend.zig:303)
==3813177==    by 0x122A49F: aead.Context.init (aead.zig:138)
==3813177==    by 0x122A253: RecordLayer.init (RecordLayer.zig:79)
==3813177==    by 0x12132E3: hkdf.Hkdf(crypto.hmac.Hmac(crypto.sha2.Sha2x32(.{ 1779033703, 3144134277, 1013904242, 2773480762, 1359893119, 2600822924, 528734635, 1541459225 },256))).makeRecordLayer (hkdf.zig:237)
==3813177==    by 0x12748CF: ServerHandshake.prepareServerApplicationWriteKey (ServerHandshake.zig:2020)
==3813177==    by 0x1234AB3: ServerHandshake.encryptServerFlight (ServerHandshake.zig:1982)
==3813177==    by 0x151C1B7: ServerHandshake.sendAnonymousFlightForTest (ServerHandshake.zig:1744)
==3813177==    by 0x15A40DF: ServerHandshake.test.handleRecord: rejects zero-length encrypted handshake while waiting for Finished (ServerHandshake.zig:10292)
==3813177== 
==3813177== 1,920 bytes in 2 blocks are indirectly lost in loss record 490 of 578
==3813177==    at 0x4885E30: malloc (in /nix/store/HASH-valgrind-3.27.1/libexec/valgrind/vgpreload_memcheck-arm64-linux.so)
==3813177==    by 0x4B1FDE7: CRYPTO_malloc (in /nix/store/HASH-openssl-3.6.4/lib/libcrypto.so.3)
==3813177==    by 0x4B20053: CRYPTO_zalloc (in /nix/store/HASH-openssl-3.6.4/lib/libcrypto.so.3)
==3813177==    by 0x4C19DAF: aes128gcm_newctx (in /nix/store/HASH-openssl-3.6.4/lib/libcrypto.so.3)
==3813177==    by 0x4AE067B: evp_cipher_init_internal (in /nix/store/HASH-openssl-3.6.4/lib/libcrypto.so.3)
==3813177==    by 0x123DAE3: crypto.backend_openssl.aeadInit (backend_openssl.zig:544)
==3813177==    by 0x122A49F: init (backend.zig:303)
==3813177==    by 0x122A49F: aead.Context.init (aead.zig:138)
==3813177==    by 0x122A253: RecordLayer.init (RecordLayer.zig:79)
==3813177==    by 0x12132E3: hkdf.Hkdf(crypto.hmac.Hmac(crypto.sha2.Sha2x32(.{ 1779033703, 3144134277, 1013904242, 2773480762, 1359893119, 2600822924, 528734635, 1541459225 },256))).makeRecordLayer (hkdf.zig:237)
==3813177==    by 0x14C0EEF: ClientHandshake.setupZeroRttClientForFuzz (ClientHandshake.zig:4717)
==3813177==    by 0x14CCB9F: ClientHandshake.fuzzZeroRttClient (ClientHandshake.zig:4733)
==3813177==    by 0x14CCA0B: test_runner.fuzz__anon_802241 (test_runner.zig:583)
==3813177== 
==3813177== 1,920 bytes in 2 blocks are indirectly lost in loss record 491 of 578
==3813177==    at 0x4885E30: malloc (in /nix/store/HASH-valgrind-3.27.1/libexec/valgrind/vgpreload_memcheck-arm64-linux.so)
==3813177==    by 0x4B1FDE7: CRYPTO_malloc (in /nix/store/HASH-openssl-3.6.4/lib/libcrypto.so.3)
==3813177==    by 0x4B20053: CRYPTO_zalloc (in /nix/store/HASH-openssl-3.6.4/lib/libcrypto.so.3)
==3813177==    by 0x4C19DAF: aes128gcm_newctx (in /nix/store/HASH-openssl-3.6.4/lib/libcrypto.so.3)
==3813177==    by 0x4AE067B: evp_cipher_init_internal (in /nix/store/HASH-openssl-3.6.4/lib/libcrypto.so.3)
==3813177==    by 0x123DC2F: crypto.backend_openssl.aeadInit (backend_openssl.zig:551)
==3813177==    by 0x122A49F: init (backend.zig:303)
==3813177==    by 0x122A49F: aead.Context.init (aead.zig:138)
==3813177==    by 0x122A253: RecordLayer.init (RecordLayer.zig:79)
==3813177==    by 0x12132E3: hkdf.Hkdf(crypto.hmac.Hmac(crypto.sha2.Sha2x32(.{ 1779033703, 3144134277, 1013904242, 2773480762, 1359893119, 2600822924, 528734635, 1541459225 },256))).makeRecordLayer (hkdf.zig:237)
==3813177==    by 0x14C0EEF: ClientHandshake.setupZeroRttClientForFuzz (ClientHandshake.zig:4717)
==3813177==    by 0x14CCB9F: ClientHandshake.fuzzZeroRttClient (ClientHandshake.zig:4733)
==3813177==    by 0x14CCA0B: test_runner.fuzz__anon_802241 (test_runner.zig:583)
==3813177== 
==3813177== 1,920 bytes in 2 blocks are indirectly lost in loss record 492 of 578
==3813177==    at 0x4885E30: malloc (in /nix/store/HASH-valgrind-3.27.1/libexec/valgrind/vgpreload_memcheck-arm64-linux.so)
==3813177==    by 0x4B1FDE7: CRYPTO_malloc (in /nix/store/HASH-openssl-3.6.4/lib/libcrypto.so.3)
==3813177==    by 0x4B20053: CRYPTO_zalloc (in /nix/store/HASH-openssl-3.6.4/lib/libcrypto.so.3)
==3813177==    by 0x4C19B7B: aes256gcm_newctx (in /nix/store/HASH-openssl-3.6.4/lib/libcrypto.so.3)
==3813177==    by 0x4AE067B: evp_cipher_init_internal (in /nix/store/HASH-openssl-3.6.4/lib/libcrypto.so.3)
==3813177==    by 0x123DAE3: crypto.backend_openssl.aeadInit (backend_openssl.zig:544)
==3813177==    by 0x122A49F: init (backend.zig:303)
==3813177==    by 0x122A49F: aead.Context.init (aead.zig:138)
==3813177==    by 0x122A253: RecordLayer.init (RecordLayer.zig:79)
==3813177==    by 0x1212907: hkdf.Hkdf(crypto.hmac.Hmac(crypto.sha2.Sha2x64(.{ 14680500436340154072, 7105036623409894663, 10473403895298186519, 1526699215303891257, 7436329637833083697, 10282925794625328401, 15784041429090275239, 5167115440072839076 },384))).makeRecordLayer (hkdf.zig:237)
==3813177==    by 0x1273783: ServerHandshake.installHandshakeKeys (ServerHandshake.zig:1701)
==3813177==    by 0x1232B0B: ServerHandshake.processClientHelloMessage (ServerHandshake.zig:1364)
==3813177==    by 0x122FF83: ServerHandshake.acceptClientHello (ServerHandshake.zig:991)
==3813177== 
==3813177== 1,920 bytes in 2 blocks are indirectly lost in loss record 493 of 578
==3813177==    at 0x4885E30: malloc (in /nix/store/HASH-valgrind-3.27.1/libexec/valgrind/vgpreload_memcheck-arm64-linux.so)
==3813177==    by 0x4B1FDE7: CRYPTO_malloc (in /nix/store/HASH-openssl-3.6.4/lib/libcrypto.so.3)
==3813177==    by 0x4B20053: CRYPTO_zalloc (in /nix/store/HASH-openssl-3.6.4/lib/libcrypto.so.3)
==3813177==    by 0x4C19B7B: aes256gcm_newctx (in /nix/store/HASH-openssl-3.6.4/lib/libcrypto.so.3)
==3813177==    by 0x4AE067B: evp_cipher_init_internal (in /nix/store/HASH-openssl-3.6.4/lib/libcrypto.so.3)
==3813177==    by 0x123DC2F: crypto.backend_openssl.aeadInit (backend_openssl.zig:551)
==3813177==    by 0x122A49F: init (backend.zig:303)
==3813177==    by 0x122A49F: aead.Context.init (aead.zig:138)
==3813177==    by 0x122A253: RecordLayer.init (RecordLayer.zig:79)
==3813177==    by 0x1212907: hkdf.Hkdf(crypto.hmac.Hmac(crypto.sha2.Sha2x64(.{ 14680500436340154072, 7105036623409894663, 10473403895298186519, 1526699215303891257, 7436329637833083697, 10282925794625328401, 15784041429090275239, 5167115440072839076 },384))).makeRecordLayer (hkdf.zig:237)
==3813177==    by 0x1273783: ServerHandshake.installHandshakeKeys (ServerHandshake.zig:1701)
==3813177==    by 0x1232B0B: ServerHandshake.processClientHelloMessage (ServerHandshake.zig:1364)
==3813177==    by 0x122FF83: ServerHandshake.acceptClientHello (ServerHandshake.zig:991)
==3813177== 
==3813177== 1,920 bytes in 2 blocks are indirectly lost in loss record 494 of 578
==3813177==    at 0x4885E30: malloc (in /nix/store/HASH-valgrind-3.27.1/libexec/valgrind/vgpreload_memcheck-arm64-linux.so)
==3813177==    by 0x4B1FDE7: CRYPTO_malloc (in /nix/store/HASH-openssl-3.6.4/lib/libcrypto.so.3)
==3813177==    by 0x4B20053: CRYPTO_zalloc (in /nix/store/HASH-openssl-3.6.4/lib/libcrypto.so.3)
==3813177==    by 0x4C19B7B: aes256gcm_newctx (in /nix/store/HASH-openssl-3.6.4/lib/libcrypto.so.3)
==3813177==    by 0x4AE067B: evp_cipher_init_internal (in /nix/store/HASH-openssl-3.6.4/lib/libcrypto.so.3)
==3813177==    by 0x123DAE3: crypto.backend_openssl.aeadInit (backend_openssl.zig:544)
==3813177==    by 0x122A49F: init (backend.zig:303)
==3813177==    by 0x122A49F: aead.Context.init (aead.zig:138)
==3813177==    by 0x122A253: RecordLayer.init (RecordLayer.zig:79)
==3813177==    by 0x1212907: hkdf.Hkdf(crypto.hmac.Hmac(crypto.sha2.Sha2x64(.{ 14680500436340154072, 7105036623409894663, 10473403895298186519, 1526699215303891257, 7436329637833083697, 10282925794625328401, 15784041429090275239, 5167115440072839076 },384))).makeRecordLayer (hkdf.zig:237)
==3813177==    by 0x127384F: ServerHandshake.installHandshakeKeys (ServerHandshake.zig:1703)
==3813177==    by 0x1232B0B: ServerHandshake.processClientHelloMessage (ServerHandshake.zig:1364)
==3813177==    by 0x122FF83: ServerHandshake.acceptClientHello (ServerHandshake.zig:991)
==3813177== 
==3813177== 1,920 bytes in 2 blocks are indirectly lost in loss record 495 of 578
==3813177==    at 0x4885E30: malloc (in /nix/store/HASH-valgrind-3.27.1/libexec/valgrind/vgpreload_memcheck-arm64-linux.so)
==3813177==    by 0x4B1FDE7: CRYPTO_malloc (in /nix/store/HASH-openssl-3.6.4/lib/libcrypto.so.3)
==3813177==    by 0x4B20053: CRYPTO_zalloc (in /nix/store/HASH-openssl-3.6.4/lib/libcrypto.so.3)
==3813177==    by 0x4C19B7B: aes256gcm_newctx (in /nix/store/HASH-openssl-3.6.4/lib/libcrypto.so.3)
==3813177==    by 0x4AE067B: evp_cipher_init_internal (in /nix/store/HASH-openssl-3.6.4/lib/libcrypto.so.3)
==3813177==    by 0x123DC2F: crypto.backend_openssl.aeadInit (backend_openssl.zig:551)
==3813177==    by 0x122A49F: init (backend.zig:303)
==3813177==    by 0x122A49F: aead.Context.init (aead.zig:138)
==3813177==    by 0x122A253: RecordLayer.init (RecordLayer.zig:79)
==3813177==    by 0x1212907: hkdf.Hkdf(crypto.hmac.Hmac(crypto.sha2.Sha2x64(.{ 14680500436340154072, 7105036623409894663, 10473403895298186519, 1526699215303891257, 7436329637833083697, 10282925794625328401, 15784041429090275239, 5167115440072839076 },384))).makeRecordLayer (hkdf.zig:237)
==3813177==    by 0x127384F: ServerHandshake.installHandshakeKeys (ServerHandshake.zig:1703)
==3813177==    by 0x1232B0B: ServerHandshake.processClientHelloMessage (ServerHandshake.zig:1364)
==3813177==    by 0x122FF83: ServerHandshake.acceptClientHello (ServerHandshake.zig:991)
==3813177== 
==3813177== 2,074 (192 direct, 1,882 indirect) bytes in 1 blocks are definitely lost in loss record 496 of 578
==3813177==    at 0x4885E30: malloc (in /nix/store/HASH-valgrind-3.27.1/libexec/valgrind/vgpreload_memcheck-arm64-linux.so)
==3813177==    by 0x4B1FDE7: CRYPTO_malloc (in /nix/store/HASH-openssl-3.6.4/lib/libcrypto.so.3)
==3813177==    by 0x4B20053: CRYPTO_zalloc (in /nix/store/HASH-openssl-3.6.4/lib/libcrypto.so.3)
==3813177==    by 0x4ADC9DB: EVP_CIPHER_CTX_new (in /nix/store/HASH-openssl-3.6.4/lib/libcrypto.so.3)
==3813177==    by 0x123DA17: crypto.backend_openssl.aeadInit (backend_openssl.zig:539)
==3813177==    by 0x122A49F: init (backend.zig:303)
==3813177==    by 0x122A49F: aead.Context.init (aead.zig:138)
==3813177==    by 0x122A253: RecordLayer.init (RecordLayer.zig:79)
==3813177==    by 0x1212907: hkdf.Hkdf(crypto.hmac.Hmac(crypto.sha2.Sha2x64(.{ 14680500436340154072, 7105036623409894663, 10473403895298186519, 1526699215303891257, 7436329637833083697, 10282925794625328401, 15784041429090275239, 5167115440072839076 },384))).makeRecordLayer (hkdf.zig:237)
==3813177==    by 0x1274C7F: ServerHandshake.prepareServerApplicationWriteKey (ServerHandshake.zig:2020)
==3813177==    by 0x1234AB3: ServerHandshake.encryptServerFlight (ServerHandshake.zig:1982)
==3813177==    by 0x12330D7: ServerHandshake.sendCertificateChainFlight (ServerHandshake.zig:1814)
==3813177==    by 0x1232F43: ServerHandshake.sendAuthenticatedFlight (ServerHandshake.zig:1796)
==3813177== 
==3813177== 2,304 (384 direct, 1,920 indirect) bytes in 2 blocks are definitely lost in loss record 497 of 578
==3813177==    at 0x4885E30: malloc (in /nix/store/HASH-valgrind-3.27.1/libexec/valgrind/vgpreload_memcheck-arm64-linux.so)
==3813177==    by 0x4B1FDE7: CRYPTO_malloc (in /nix/store/HASH-openssl-3.6.4/lib/libcrypto.so.3)
==3813177==    by 0x4B20053: CRYPTO_zalloc (in /nix/store/HASH-openssl-3.6.4/lib/libcrypto.so.3)
==3813177==    by 0x4ADC9DB: EVP_CIPHER_CTX_new (in /nix/store/HASH-openssl-3.6.4/lib/libcrypto.so.3)
==3813177==    by 0x123DA17: crypto.backend_openssl.aeadInit (backend_openssl.zig:539)
==3813177==    by 0x122A49F: init (backend.zig:303)
==3813177==    by 0x122A49F: aead.Context.init (aead.zig:138)
==3813177==    by 0x122A253: RecordLayer.init (RecordLayer.zig:79)
==3813177==    by 0x12132E3: hkdf.Hkdf(crypto.hmac.Hmac(crypto.sha2.Sha2x32(.{ 1779033703, 3144134277, 1013904242, 2773480762, 1359893119, 2600822924, 528734635, 1541459225 },256))).makeRecordLayer (hkdf.zig:237)
==3813177==    by 0x12755FF: ServerHandshake.verifyClientFinished (ServerHandshake.zig:2149)
==3813177==    by 0x1236B93: ServerHandshake.processClientFinishedPlaintext (ServerHandshake.zig:2117)
==3813177==    by 0x1277A8F: ServerHandshake.handleClientFlightRecord (ServerHandshake.zig:2547)
==3813177==    by 0x123940B: ServerHandshake.handleWaitClientFinished (ServerHandshake.zig:2461)
==3813177== 
==3813177== 2,304 (384 direct, 1,920 indirect) bytes in 2 blocks are definitely lost in loss record 498 of 578
==3813177==    at 0x4885E30: malloc (in /nix/store/HASH-valgrind-3.27.1/libexec/valgrind/vgpreload_memcheck-arm64-linux.so)
==3813177==    by 0x4B1FDE7: CRYPTO_malloc (in /nix/store/HASH-openssl-3.6.4/lib/libcrypto.so.3)
==3813177==    by 0x4B20053: CRYPTO_zalloc (in /nix/store/HASH-openssl-3.6.4/lib/libcrypto.so.3)
==3813177==    by 0x4ADC9DB: EVP_CIPHER_CTX_new (in /nix/store/HASH-openssl-3.6.4/lib/libcrypto.so.3)
==3813177==    by 0x123DA6F: crypto.backend_openssl.aeadInit (backend_openssl.zig:541)
==3813177==    by 0x122A49F: init (backend.zig:303)
==3813177==    by 0x122A49F: aead.Context.init (aead.zig:138)
==3813177==    by 0x122A253: RecordLayer.init (RecordLayer.zig:79)
==3813177==    by 0x12132E3: hkdf.Hkdf(crypto.hmac.Hmac(crypto.sha2.Sha2x32(.{ 1779033703, 3144134277, 1013904242, 2773480762, 1359893119, 2600822924, 528734635, 1541459225 },256))).makeRecordLayer (hkdf.zig:237)
==3813177==    by 0x12755FF: ServerHandshake.verifyClientFinished (ServerHandshake.zig:2149)
==3813177==    by 0x1236B93: ServerHandshake.processClientFinishedPlaintext (ServerHandshake.zig:2117)
==3813177==    by 0x1277A8F: ServerHandshake.handleClientFlightRecord (ServerHandshake.zig:2547)
==3813177==    by 0x123940B: ServerHandshake.handleWaitClientFinished (ServerHandshake.zig:2461)
==3813177== 
==3813177== 2,304 (384 direct, 1,920 indirect) bytes in 2 blocks are definitely lost in loss record 499 of 578
==3813177==    at 0x4885E30: malloc (in /nix/store/HASH-valgrind-3.27.1/libexec/valgrind/vgpreload_memcheck-arm64-linux.so)
==3813177==    by 0x4B1FDE7: CRYPTO_malloc (in /nix/store/HASH-openssl-3.6.4/lib/libcrypto.so.3)
==3813177==    by 0x4B20053: CRYPTO_zalloc (in /nix/store/HASH-openssl-3.6.4/lib/libcrypto.so.3)
==3813177==    by 0x4ADC9DB: EVP_CIPHER_CTX_new (in /nix/store/HASH-openssl-3.6.4/lib/libcrypto.so.3)
==3813177==    by 0x123DA17: crypto.backend_openssl.aeadInit (backend_openssl.zig:539)
==3813177==    by 0x122A49F: init (backend.zig:303)
==3813177==    by 0x122A49F: aead.Context.init (aead.zig:138)
==3813177==    by 0x122A253: RecordLayer.init (RecordLayer.zig:79)
==3813177==    by 0x12132E3: hkdf.Hkdf(crypto.hmac.Hmac(crypto.sha2.Sha2x32(.{ 1779033703, 3144134277, 1013904242, 2773480762, 1359893119, 2600822924, 528734635, 1541459225 },256))).makeRecordLayer (hkdf.zig:237)
==3813177==    by 0x14C0EEF: ClientHandshake.setupZeroRttClientForFuzz (ClientHandshake.zig:4717)
==3813177==    by 0x14CCB9F: ClientHandshake.fuzzZeroRttClient (ClientHandshake.zig:4733)
==3813177==    by 0x14CCA0B: test_runner.fuzz__anon_802241 (test_runner.zig:583)
==3813177==    by 0x14CC93F: fuzz (testing.zig:1208)
==3813177==    by 0x14CC93F: fuzz_compat.fuzzBytes__anon_802240 (fuzz_compat.zig:14)
==3813177== 
==3813177== 2,304 (384 direct, 1,920 indirect) bytes in 2 blocks are definitely lost in loss record 500 of 578
==3813177==    at 0x4885E30: malloc (in /nix/store/HASH-valgrind-3.27.1/libexec/valgrind/vgpreload_memcheck-arm64-linux.so)
==3813177==    by 0x4B1FDE7: CRYPTO_malloc (in /nix/store/HASH-openssl-3.6.4/lib/libcrypto.so.3)
==3813177==    by 0x4B20053: CRYPTO_zalloc (in /nix/store/HASH-openssl-3.6.4/lib/libcrypto.so.3)
==3813177==    by 0x4ADC9DB: EVP_CIPHER_CTX_new (in /nix/store/HASH-openssl-3.6.4/lib/libcrypto.so.3)
==3813177==    by 0x123DA6F: crypto.backend_openssl.aeadInit (backend_openssl.zig:541)
==3813177==    by 0x122A49F: init (backend.zig:303)
==3813177==    by 0x122A49F: aead.Context.init (aead.zig:138)
==3813177==    by 0x122A253: RecordLayer.init (RecordLayer.zig:79)
==3813177==    by 0x12132E3: hkdf.Hkdf(crypto.hmac.Hmac(crypto.sha2.Sha2x32(.{ 1779033703, 3144134277, 1013904242, 2773480762, 1359893119, 2600822924, 528734635, 1541459225 },256))).makeRecordLayer (hkdf.zig:237)
==3813177==    by 0x14C0EEF: ClientHandshake.setupZeroRttClientForFuzz (ClientHandshake.zig:4717)
==3813177==    by 0x14CCB9F: ClientHandshake.fuzzZeroRttClient (ClientHandshake.zig:4733)
==3813177==    by 0x14CCA0B: test_runner.fuzz__anon_802241 (test_runner.zig:583)
==3813177==    by 0x14CC93F: fuzz (testing.zig:1208)
==3813177==    by 0x14CC93F: fuzz_compat.fuzzBytes__anon_802240 (fuzz_compat.zig:14)
==3813177== 
==3813177== 2,304 (384 direct, 1,920 indirect) bytes in 2 blocks are definitely lost in loss record 501 of 578
==3813177==    at 0x4885E30: malloc (in /nix/store/HASH-valgrind-3.27.1/libexec/valgrind/vgpreload_memcheck-arm64-linux.so)
==3813177==    by 0x4B1FDE7: CRYPTO_malloc (in /nix/store/HASH-openssl-3.6.4/lib/libcrypto.so.3)
==3813177==    by 0x4B20053: CRYPTO_zalloc (in /nix/store/HASH-openssl-3.6.4/lib/libcrypto.so.3)
==3813177==    by 0x4ADC9DB: EVP_CIPHER_CTX_new (in /nix/store/HASH-openssl-3.6.4/lib/libcrypto.so.3)
==3813177==    by 0x123DA17: crypto.backend_openssl.aeadInit (backend_openssl.zig:539)
==3813177==    by 0x122A49F: init (backend.zig:303)
==3813177==    by 0x122A49F: aead.Context.init (aead.zig:138)
==3813177==    by 0x122A253: RecordLayer.init (RecordLayer.zig:79)
==3813177==    by 0x12132E3: hkdf.Hkdf(crypto.hmac.Hmac(crypto.sha2.Sha2x32(.{ 1779033703, 3144134277, 1013904242, 2773480762, 1359893119, 2600822924, 528734635, 1541459225 },256))).makeRecordLayer (hkdf.zig:237)
==3813177==    by 0x12755FF: ServerHandshake.verifyClientFinished (ServerHandshake.zig:2149)
==3813177==    by 0x1236B93: ServerHandshake.processClientFinishedPlaintext (ServerHandshake.zig:2117)
==3813177==    by 0x1277A8F: ServerHandshake.handleClientFlightRecord (ServerHandshake.zig:2547)
==3813177==    by 0x1239117: ServerHandshake.handleWaitClientFinished (ServerHandshake.zig:2454)
==3813177== 
==3813177== 2,304 (384 direct, 1,920 indirect) bytes in 2 blocks are definitely lost in loss record 502 of 578
==3813177==    at 0x4885E30: malloc (in /nix/store/HASH-valgrind-3.27.1/libexec/valgrind/vgpreload_memcheck-arm64-linux.so)
==3813177==    by 0x4B1FDE7: CRYPTO_malloc (in /nix/store/HASH-openssl-3.6.4/lib/libcrypto.so.3)
==3813177==    by 0x4B20053: CRYPTO_zalloc (in /nix/store/HASH-openssl-3.6.4/lib/libcrypto.so.3)
==3813177==    by 0x4ADC9DB: EVP_CIPHER_CTX_new (in /nix/store/HASH-openssl-3.6.4/lib/libcrypto.so.3)
==3813177==    by 0x123DA6F: crypto.backend_openssl.aeadInit (backend_openssl.zig:541)
==3813177==    by 0x122A49F: init (backend.zig:303)
==3813177==    by 0x122A49F: aead.Context.init (aead.zig:138)
==3813177==    by 0x122A253: RecordLayer.init (RecordLayer.zig:79)
==3813177==    by 0x12132E3: hkdf.Hkdf(crypto.hmac.Hmac(crypto.sha2.Sha2x32(.{ 1779033703, 3144134277, 1013904242, 2773480762, 1359893119, 2600822924, 528734635, 1541459225 },256))).makeRecordLayer (hkdf.zig:237)
==3813177==    by 0x12755FF: ServerHandshake.verifyClientFinished (ServerHandshake.zig:2149)
==3813177==    by 0x1236B93: ServerHandshake.processClientFinishedPlaintext (ServerHandshake.zig:2117)
==3813177==    by 0x1277A8F: ServerHandshake.handleClientFlightRecord (ServerHandshake.zig:2547)
==3813177==    by 0x1239117: ServerHandshake.handleWaitClientFinished (ServerHandshake.zig:2454)
==3813177== 
==3813177== 2,880 bytes in 3 blocks are indirectly lost in loss record 503 of 578
==3813177==    at 0x4885E30: malloc (in /nix/store/HASH-valgrind-3.27.1/libexec/valgrind/vgpreload_memcheck-arm64-linux.so)
==3813177==    by 0x4B1FDE7: CRYPTO_malloc (in /nix/store/HASH-openssl-3.6.4/lib/libcrypto.so.3)
==3813177==    by 0x4B20053: CRYPTO_zalloc (in /nix/store/HASH-openssl-3.6.4/lib/libcrypto.so.3)
==3813177==    by 0x4C19DAF: aes128gcm_newctx (in /nix/store/HASH-openssl-3.6.4/lib/libcrypto.so.3)
==3813177==    by 0x4AE067B: evp_cipher_init_internal (in /nix/store/HASH-openssl-3.6.4/lib/libcrypto.so.3)
==3813177==    by 0x123DAE3: crypto.backend_openssl.aeadInit (backend_openssl.zig:544)
==3813177==    by 0x122A49F: init (backend.zig:303)
==3813177==    by 0x122A49F: aead.Context.init (aead.zig:138)
==3813177==    by 0x122A253: RecordLayer.init (RecordLayer.zig:79)
==3813177==    by 0x12132E3: hkdf.Hkdf(crypto.hmac.Hmac(crypto.sha2.Sha2x32(.{ 1779033703, 3144134277, 1013904242, 2773480762, 1359893119, 2600822924, 528734635, 1541459225 },256))).makeRecordLayer (hkdf.zig:237)
==3813177==    by 0x121F7A7: ClientHandshake.Suite.deriveHandshakeKeys (ClientHandshake.zig:511)
==3813177==    by 0x121C18F: ClientHandshake.processServerHello (ClientHandshake.zig:1618)
==3813177==    by 0x14CC3DB: ClientHandshake.fuzzProcessFlight (ClientHandshake.zig:4643)
==3813177== 
==3813177== 2,880 bytes in 3 blocks are indirectly lost in loss record 504 of 578
==3813177==    at 0x4885E30: malloc (in /nix/store/HASH-valgrind-3.27.1/libexec/valgrind/vgpreload_memcheck-arm64-linux.so)
==3813177==    by 0x4B1FDE7: CRYPTO_malloc (in /nix/store/HASH-openssl-3.6.4/lib/libcrypto.so.3)
==3813177==    by 0x4B20053: CRYPTO_zalloc (in /nix/store/HASH-openssl-3.6.4/lib/libcrypto.so.3)
==3813177==    by 0x4C19DAF: aes128gcm_newctx (in /nix/store/HASH-openssl-3.6.4/lib/libcrypto.so.3)
==3813177==    by 0x4AE067B: evp_cipher_init_internal (in /nix/store/HASH-openssl-3.6.4/lib/libcrypto.so.3)
==3813177==    by 0x123DC2F: crypto.backend_openssl.aeadInit (backend_openssl.zig:551)
==3813177==    by 0x122A49F: init (backend.zig:303)
==3813177==    by 0x122A49F: aead.Context.init (aead.zig:138)
==3813177==    by 0x122A253: RecordLayer.init (RecordLayer.zig:79)
==3813177==    by 0x12132E3: hkdf.Hkdf(crypto.hmac.Hmac(crypto.sha2.Sha2x32(.{ 1779033703, 3144134277, 1013904242, 2773480762, 1359893119, 2600822924, 528734635, 1541459225 },256))).makeRecordLayer (hkdf.zig:237)
==3813177==    by 0x121F7A7: ClientHandshake.Suite.deriveHandshakeKeys (ClientHandshake.zig:511)
==3813177==    by 0x121C18F: ClientHandshake.processServerHello (ClientHandshake.zig:1618)
==3813177==    by 0x14CC3DB: ClientHandshake.fuzzProcessFlight (ClientHandshake.zig:4643)
==3813177== 
==3813177== 2,880 bytes in 3 blocks are indirectly lost in loss record 505 of 578
==3813177==    at 0x4885E30: malloc (in /nix/store/HASH-valgrind-3.27.1/libexec/valgrind/vgpreload_memcheck-arm64-linux.so)
==3813177==    by 0x4B1FDE7: CRYPTO_malloc (in /nix/store/HASH-openssl-3.6.4/lib/libcrypto.so.3)
==3813177==    by 0x4B20053: CRYPTO_zalloc (in /nix/store/HASH-openssl-3.6.4/lib/libcrypto.so.3)
==3813177==    by 0x4C19DAF: aes128gcm_newctx (in /nix/store/HASH-openssl-3.6.4/lib/libcrypto.so.3)
==3813177==    by 0x4AE067B: evp_cipher_init_internal (in /nix/store/HASH-openssl-3.6.4/lib/libcrypto.so.3)
==3813177==    by 0x123DAE3: crypto.backend_openssl.aeadInit (backend_openssl.zig:544)
==3813177==    by 0x122A49F: init (backend.zig:303)
==3813177==    by 0x122A49F: aead.Context.init (aead.zig:138)
==3813177==    by 0x122A253: RecordLayer.init (RecordLayer.zig:79)
==3813177==    by 0x12132E3: hkdf.Hkdf(crypto.hmac.Hmac(crypto.sha2.Sha2x32(.{ 1779033703, 3144134277, 1013904242, 2773480762, 1359893119, 2600822924, 528734635, 1541459225 },256))).makeRecordLayer (hkdf.zig:237)
==3813177==    by 0x121F843: ClientHandshake.Suite.deriveHandshakeKeys (ClientHandshake.zig:513)
==3813177==    by 0x121C18F: ClientHandshake.processServerHello (ClientHandshake.zig:1618)
==3813177==    by 0x14CC3DB: ClientHandshake.fuzzProcessFlight (ClientHandshake.zig:4643)
==3813177== 
==3813177== 2,880 bytes in 3 blocks are indirectly lost in loss record 506 of 578
==3813177==    at 0x4885E30: malloc (in /nix/store/HASH-valgrind-3.27.1/libexec/valgrind/vgpreload_memcheck-arm64-linux.so)
==3813177==    by 0x4B1FDE7: CRYPTO_malloc (in /nix/store/HASH-openssl-3.6.4/lib/libcrypto.so.3)
==3813177==    by 0x4B20053: CRYPTO_zalloc (in /nix/store/HASH-openssl-3.6.4/lib/libcrypto.so.3)
==3813177==    by 0x4C19DAF: aes128gcm_newctx (in /nix/store/HASH-openssl-3.6.4/lib/libcrypto.so.3)
==3813177==    by 0x4AE067B: evp_cipher_init_internal (in /nix/store/HASH-openssl-3.6.4/lib/libcrypto.so.3)
==3813177==    by 0x123DC2F: crypto.backend_openssl.aeadInit (backend_openssl.zig:551)
==3813177==    by 0x122A49F: init (backend.zig:303)
==3813177==    by 0x122A49F: aead.Context.init (aead.zig:138)
==3813177==    by 0x122A253: RecordLayer.init (RecordLayer.zig:79)
==3813177==    by 0x12132E3: hkdf.Hkdf(crypto.hmac.Hmac(crypto.sha2.Sha2x32(.{ 1779033703, 3144134277, 1013904242, 2773480762, 1359893119, 2600822924, 528734635, 1541459225 },256))).makeRecordLayer (hkdf.zig:237)
==3813177==    by 0x121F843: ClientHandshake.Suite.deriveHandshakeKeys (ClientHandshake.zig:513)
==3813177==    by 0x121C18F: ClientHandshake.processServerHello (ClientHandshake.zig:1618)
==3813177==    by 0x14CC3DB: ClientHandshake.fuzzProcessFlight (ClientHandshake.zig:4643)
==3813177== 
==3813177== 3,344 (576 direct, 2,768 indirect) bytes in 3 blocks are definitely lost in loss record 507 of 578
==3813177==    at 0x4885E30: malloc (in /nix/store/HASH-valgrind-3.27.1/libexec/valgrind/vgpreload_memcheck-arm64-linux.so)
==3813177==    by 0x4B1FDE7: CRYPTO_malloc (in /nix/store/HASH-openssl-3.6.4/lib/libcrypto.so.3)
==3813177==    by 0x4B20053: CRYPTO_zalloc (in /nix/store/HASH-openssl-3.6.4/lib/libcrypto.so.3)
==3813177==    by 0x4ADC9DB: EVP_CIPHER_CTX_new (in /nix/store/HASH-openssl-3.6.4/lib/libcrypto.so.3)
==3813177==    by 0x123DA17: crypto.backend_openssl.aeadInit (backend_openssl.zig:539)
==3813177==    by 0x122A49F: init (backend.zig:303)
==3813177==    by 0x122A49F: aead.Context.init (aead.zig:138)
==3813177==    by 0x122A253: RecordLayer.init (RecordLayer.zig:79)
==3813177==    by 0x12132E3: hkdf.Hkdf(crypto.hmac.Hmac(crypto.sha2.Sha2x32(.{ 1779033703, 3144134277, 1013904242, 2773480762, 1359893119, 2600822924, 528734635, 1541459225 },256))).makeRecordLayer (hkdf.zig:237)
==3813177==    by 0x12755FF: ServerHandshake.verifyClientFinished (ServerHandshake.zig:2149)
==3813177==    by 0x1236B93: ServerHandshake.processClientFinishedPlaintext (ServerHandshake.zig:2117)
==3813177==    by 0x1236073: ServerHandshake.processClientFinished (ServerHandshake.zig:2046)
==3813177==    by 0x156C7DB: ServerHandshake.expectInMemoryAuthenticatedHandshake (ServerHandshake.zig:6871)
==3813177== 
==3813177== 3,344 (576 direct, 2,768 indirect) bytes in 3 blocks are definitely lost in loss record 508 of 578
==3813177==    at 0x4885E30: malloc (in /nix/store/HASH-valgrind-3.27.1/libexec/valgrind/vgpreload_memcheck-arm64-linux.so)
==3813177==    by 0x4B1FDE7: CRYPTO_malloc (in /nix/store/HASH-openssl-3.6.4/lib/libcrypto.so.3)
==3813177==    by 0x4B20053: CRYPTO_zalloc (in /nix/store/HASH-openssl-3.6.4/lib/libcrypto.so.3)
==3813177==    by 0x4ADC9DB: EVP_CIPHER_CTX_new (in /nix/store/HASH-openssl-3.6.4/lib/libcrypto.so.3)
==3813177==    by 0x123DA6F: crypto.backend_openssl.aeadInit (backend_openssl.zig:541)
==3813177==    by 0x122A49F: init (backend.zig:303)
==3813177==    by 0x122A49F: aead.Context.init (aead.zig:138)
==3813177==    by 0x122A253: RecordLayer.init (RecordLayer.zig:79)
==3813177==    by 0x12132E3: hkdf.Hkdf(crypto.hmac.Hmac(crypto.sha2.Sha2x32(.{ 1779033703, 3144134277, 1013904242, 2773480762, 1359893119, 2600822924, 528734635, 1541459225 },256))).makeRecordLayer (hkdf.zig:237)
==3813177==    by 0x12755FF: ServerHandshake.verifyClientFinished (ServerHandshake.zig:2149)
==3813177==    by 0x1236B93: ServerHandshake.processClientFinishedPlaintext (ServerHandshake.zig:2117)
==3813177==    by 0x1236073: ServerHandshake.processClientFinished (ServerHandshake.zig:2046)
==3813177==    by 0x156C7DB: ServerHandshake.expectInMemoryAuthenticatedHandshake (ServerHandshake.zig:6871)
==3813177== 
==3813177== 3,456 (576 direct, 2,880 indirect) bytes in 3 blocks are definitely lost in loss record 509 of 578
==3813177==    at 0x4885E30: malloc (in /nix/store/HASH-valgrind-3.27.1/libexec/valgrind/vgpreload_memcheck-arm64-linux.so)
==3813177==    by 0x4B1FDE7: CRYPTO_malloc (in /nix/store/HASH-openssl-3.6.4/lib/libcrypto.so.3)
==3813177==    by 0x4B20053: CRYPTO_zalloc (in /nix/store/HASH-openssl-3.6.4/lib/libcrypto.so.3)
==3813177==    by 0x4ADC9DB: EVP_CIPHER_CTX_new (in /nix/store/HASH-openssl-3.6.4/lib/libcrypto.so.3)
==3813177==    by 0x123DA17: crypto.backend_openssl.aeadInit (backend_openssl.zig:539)
==3813177==    by 0x122A49F: init (backend.zig:303)
==3813177==    by 0x122A49F: aead.Context.init (aead.zig:138)
==3813177==    by 0x122A253: RecordLayer.init (RecordLayer.zig:79)
==3813177==    by 0x12132E3: hkdf.Hkdf(crypto.hmac.Hmac(crypto.sha2.Sha2x32(.{ 1779033703, 3144134277, 1013904242, 2773480762, 1359893119, 2600822924, 528734635, 1541459225 },256))).makeRecordLayer (hkdf.zig:237)
==3813177==    by 0x121F7A7: ClientHandshake.Suite.deriveHandshakeKeys (ClientHandshake.zig:511)
==3813177==    by 0x121C18F: ClientHandshake.processServerHello (ClientHandshake.zig:1618)
==3813177==    by 0x14CC3DB: ClientHandshake.fuzzProcessFlight (ClientHandshake.zig:4643)
==3813177==    by 0x14CC24B: test_runner.fuzz__anon_802236 (test_runner.zig:583)
==3813177== 
==3813177== 3,456 (576 direct, 2,880 indirect) bytes in 3 blocks are definitely lost in loss record 510 of 578
==3813177==    at 0x4885E30: malloc (in /nix/store/HASH-valgrind-3.27.1/libexec/valgrind/vgpreload_memcheck-arm64-linux.so)
==3813177==    by 0x4B1FDE7: CRYPTO_malloc (in /nix/store/HASH-openssl-3.6.4/lib/libcrypto.so.3)
==3813177==    by 0x4B20053: CRYPTO_zalloc (in /nix/store/HASH-openssl-3.6.4/lib/libcrypto.so.3)
==3813177==    by 0x4ADC9DB: EVP_CIPHER_CTX_new (in /nix/store/HASH-openssl-3.6.4/lib/libcrypto.so.3)
==3813177==    by 0x123DA6F: crypto.backend_openssl.aeadInit (backend_openssl.zig:541)
==3813177==    by 0x122A49F: init (backend.zig:303)
==3813177==    by 0x122A49F: aead.Context.init (aead.zig:138)
==3813177==    by 0x122A253: RecordLayer.init (RecordLayer.zig:79)
==3813177==    by 0x12132E3: hkdf.Hkdf(crypto.hmac.Hmac(crypto.sha2.Sha2x32(.{ 1779033703, 3144134277, 1013904242, 2773480762, 1359893119, 2600822924, 528734635, 1541459225 },256))).makeRecordLayer (hkdf.zig:237)
==3813177==    by 0x121F7A7: ClientHandshake.Suite.deriveHandshakeKeys (ClientHandshake.zig:511)
==3813177==    by 0x121C18F: ClientHandshake.processServerHello (ClientHandshake.zig:1618)
==3813177==    by 0x14CC3DB: ClientHandshake.fuzzProcessFlight (ClientHandshake.zig:4643)
==3813177==    by 0x14CC24B: test_runner.fuzz__anon_802236 (test_runner.zig:583)
==3813177== 
==3813177== 3,456 (576 direct, 2,880 indirect) bytes in 3 blocks are definitely lost in loss record 511 of 578
==3813177==    at 0x4885E30: malloc (in /nix/store/HASH-valgrind-3.27.1/libexec/valgrind/vgpreload_memcheck-arm64-linux.so)
==3813177==    by 0x4B1FDE7: CRYPTO_malloc (in /nix/store/HASH-openssl-3.6.4/lib/libcrypto.so.3)
==3813177==    by 0x4B20053: CRYPTO_zalloc (in /nix/store/HASH-openssl-3.6.4/lib/libcrypto.so.3)
==3813177==    by 0x4ADC9DB: EVP_CIPHER_CTX_new (in /nix/store/HASH-openssl-3.6.4/lib/libcrypto.so.3)
==3813177==    by 0x123DA17: crypto.backend_openssl.aeadInit (backend_openssl.zig:539)
==3813177==    by 0x122A49F: init (backend.zig:303)
==3813177==    by 0x122A49F: aead.Context.init (aead.zig:138)
==3813177==    by 0x122A253: RecordLayer.init (RecordLayer.zig:79)
==3813177==    by 0x12132E3: hkdf.Hkdf(crypto.hmac.Hmac(crypto.sha2.Sha2x32(.{ 1779033703, 3144134277, 1013904242, 2773480762, 1359893119, 2600822924, 528734635, 1541459225 },256))).makeRecordLayer (hkdf.zig:237)
==3813177==    by 0x121F843: ClientHandshake.Suite.deriveHandshakeKeys (ClientHandshake.zig:513)
==3813177==    by 0x121C18F: ClientHandshake.processServerHello (ClientHandshake.zig:1618)
==3813177==    by 0x14CC3DB: ClientHandshake.fuzzProcessFlight (ClientHandshake.zig:4643)
==3813177==    by 0x14CC24B: test_runner.fuzz__anon_802236 (test_runner.zig:583)
==3813177== 
==3813177== 3,456 (576 direct, 2,880 indirect) bytes in 3 blocks are definitely lost in loss record 512 of 578
==3813177==    at 0x4885E30: malloc (in /nix/store/HASH-valgrind-3.27.1/libexec/valgrind/vgpreload_memcheck-arm64-linux.so)
==3813177==    by 0x4B1FDE7: CRYPTO_malloc (in /nix/store/HASH-openssl-3.6.4/lib/libcrypto.so.3)
==3813177==    by 0x4B20053: CRYPTO_zalloc (in /nix/store/HASH-openssl-3.6.4/lib/libcrypto.so.3)
==3813177==    by 0x4ADC9DB: EVP_CIPHER_CTX_new (in /nix/store/HASH-openssl-3.6.4/lib/libcrypto.so.3)
==3813177==    by 0x123DA6F: crypto.backend_openssl.aeadInit (backend_openssl.zig:541)
==3813177==    by 0x122A49F: init (backend.zig:303)
==3813177==    by 0x122A49F: aead.Context.init (aead.zig:138)
==3813177==    by 0x122A253: RecordLayer.init (RecordLayer.zig:79)
==3813177==    by 0x12132E3: hkdf.Hkdf(crypto.hmac.Hmac(crypto.sha2.Sha2x32(.{ 1779033703, 3144134277, 1013904242, 2773480762, 1359893119, 2600822924, 528734635, 1541459225 },256))).makeRecordLayer (hkdf.zig:237)
==3813177==    by 0x121F843: ClientHandshake.Suite.deriveHandshakeKeys (ClientHandshake.zig:513)
==3813177==    by 0x121C18F: ClientHandshake.processServerHello (ClientHandshake.zig:1618)
==3813177==    by 0x14CC3DB: ClientHandshake.fuzzProcessFlight (ClientHandshake.zig:4643)
==3813177==    by 0x14CC24B: test_runner.fuzz__anon_802236 (test_runner.zig:583)
==3813177== 
==3813177== 3,456 (576 direct, 2,880 indirect) bytes in 3 blocks are definitely lost in loss record 513 of 578
==3813177==    at 0x4885E30: malloc (in /nix/store/HASH-valgrind-3.27.1/libexec/valgrind/vgpreload_memcheck-arm64-linux.so)
==3813177==    by 0x4B1FDE7: CRYPTO_malloc (in /nix/store/HASH-openssl-3.6.4/lib/libcrypto.so.3)
==3813177==    by 0x4B20053: CRYPTO_zalloc (in /nix/store/HASH-openssl-3.6.4/lib/libcrypto.so.3)
==3813177==    by 0x4ADC9DB: EVP_CIPHER_CTX_new (in /nix/store/HASH-openssl-3.6.4/lib/libcrypto.so.3)
==3813177==    by 0x123DA17: crypto.backend_openssl.aeadInit (backend_openssl.zig:539)
==3813177==    by 0x122A49F: init (backend.zig:303)
==3813177==    by 0x122A49F: aead.Context.init (aead.zig:138)
==3813177==    by 0x122A253: RecordLayer.init (RecordLayer.zig:79)
==3813177==    by 0x12132E3: hkdf.Hkdf(crypto.hmac.Hmac(crypto.sha2.Sha2x32(.{ 1779033703, 3144134277, 1013904242, 2773480762, 1359893119, 2600822924, 528734635, 1541459225 },256))).makeRecordLayer (hkdf.zig:237)
==3813177==    by 0x1273137: ServerHandshake.installHandshakeKeys (ServerHandshake.zig:1701)
==3813177==    by 0x1232B0B: ServerHandshake.processClientHelloMessage (ServerHandshake.zig:1364)
==3813177==    by 0x122FF83: ServerHandshake.acceptClientHello (ServerHandshake.zig:991)
==3813177==    by 0x152C08F: ServerHandshake.test.acceptClientHello: accepts permitted ClientHello2 PSK updates after HRR (ServerHandshake.zig:3899)
==3813177== 
==3813177== 3,456 (576 direct, 2,880 indirect) bytes in 3 blocks are definitely lost in loss record 514 of 578
==3813177==    at 0x4885E30: malloc (in /nix/store/HASH-valgrind-3.27.1/libexec/valgrind/vgpreload_memcheck-arm64-linux.so)
==3813177==    by 0x4B1FDE7: CRYPTO_malloc (in /nix/store/HASH-openssl-3.6.4/lib/libcrypto.so.3)
==3813177==    by 0x4B20053: CRYPTO_zalloc (in /nix/store/HASH-openssl-3.6.4/lib/libcrypto.so.3)
==3813177==    by 0x4ADC9DB: EVP_CIPHER_CTX_new (in /nix/store/HASH-openssl-3.6.4/lib/libcrypto.so.3)
==3813177==    by 0x123DA6F: crypto.backend_openssl.aeadInit (backend_openssl.zig:541)
==3813177==    by 0x122A49F: init (backend.zig:303)
==3813177==    by 0x122A49F: aead.Context.init (aead.zig:138)
==3813177==    by 0x122A253: RecordLayer.init (RecordLayer.zig:79)
==3813177==    by 0x12132E3: hkdf.Hkdf(crypto.hmac.Hmac(crypto.sha2.Sha2x32(.{ 1779033703, 3144134277, 1013904242, 2773480762, 1359893119, 2600822924, 528734635, 1541459225 },256))).makeRecordLayer (hkdf.zig:237)
==3813177==    by 0x1273137: ServerHandshake.installHandshakeKeys (ServerHandshake.zig:1701)
==3813177==    by 0x1232B0B: ServerHandshake.processClientHelloMessage (ServerHandshake.zig:1364)
==3813177==    by 0x122FF83: ServerHandshake.acceptClientHello (ServerHandshake.zig:991)
==3813177==    by 0x152C08F: ServerHandshake.test.acceptClientHello: accepts permitted ClientHello2 PSK updates after HRR (ServerHandshake.zig:3899)
==3813177== 
==3813177== 3,456 (576 direct, 2,880 indirect) bytes in 3 blocks are definitely lost in loss record 515 of 578
==3813177==    at 0x4885E30: malloc (in /nix/store/HASH-valgrind-3.27.1/libexec/valgrind/vgpreload_memcheck-arm64-linux.so)
==3813177==    by 0x4B1FDE7: CRYPTO_malloc (in /nix/store/HASH-openssl-3.6.4/lib/libcrypto.so.3)
==3813177==    by 0x4B20053: CRYPTO_zalloc (in /nix/store/HASH-openssl-3.6.4/lib/libcrypto.so.3)
==3813177==    by 0x4ADC9DB: EVP_CIPHER_CTX_new (in /nix/store/HASH-openssl-3.6.4/lib/libcrypto.so.3)
==3813177==    by 0x123DA17: crypto.backend_openssl.aeadInit (backend_openssl.zig:539)
==3813177==    by 0x122A49F: init (backend.zig:303)
==3813177==    by 0x122A49F: aead.Context.init (aead.zig:138)
==3813177==    by 0x122A253: RecordLayer.init (RecordLayer.zig:79)
==3813177==    by 0x12132E3: hkdf.Hkdf(crypto.hmac.Hmac(crypto.sha2.Sha2x32(.{ 1779033703, 3144134277, 1013904242, 2773480762, 1359893119, 2600822924, 528734635, 1541459225 },256))).makeRecordLayer (hkdf.zig:237)
==3813177==    by 0x12731F3: ServerHandshake.installHandshakeKeys (ServerHandshake.zig:1703)
==3813177==    by 0x1232B0B: ServerHandshake.processClientHelloMessage (ServerHandshake.zig:1364)
==3813177==    by 0x122FF83: ServerHandshake.acceptClientHello (ServerHandshake.zig:991)
==3813177==    by 0x152C08F: ServerHandshake.test.acceptClientHello: accepts permitted ClientHello2 PSK updates after HRR (ServerHandshake.zig:3899)
==3813177== 
==3813177== 3,456 (576 direct, 2,880 indirect) bytes in 3 blocks are definitely lost in loss record 516 of 578
==3813177==    at 0x4885E30: malloc (in /nix/store/HASH-valgrind-3.27.1/libexec/valgrind/vgpreload_memcheck-arm64-linux.so)
==3813177==    by 0x4B1FDE7: CRYPTO_malloc (in /nix/store/HASH-openssl-3.6.4/lib/libcrypto.so.3)
==3813177==    by 0x4B20053: CRYPTO_zalloc (in /nix/store/HASH-openssl-3.6.4/lib/libcrypto.so.3)
==3813177==    by 0x4ADC9DB: EVP_CIPHER_CTX_new (in /nix/store/HASH-openssl-3.6.4/lib/libcrypto.so.3)
==3813177==    by 0x123DA6F: crypto.backend_openssl.aeadInit (backend_openssl.zig:541)
==3813177==    by 0x122A49F: init (backend.zig:303)
==3813177==    by 0x122A49F: aead.Context.init (aead.zig:138)
==3813177==    by 0x122A253: RecordLayer.init (RecordLayer.zig:79)
==3813177==    by 0x12132E3: hkdf.Hkdf(crypto.hmac.Hmac(crypto.sha2.Sha2x32(.{ 1779033703, 3144134277, 1013904242, 2773480762, 1359893119, 2600822924, 528734635, 1541459225 },256))).makeRecordLayer (hkdf.zig:237)
==3813177==    by 0x12731F3: ServerHandshake.installHandshakeKeys (ServerHandshake.zig:1703)
==3813177==    by 0x1232B0B: ServerHandshake.processClientHelloMessage (ServerHandshake.zig:1364)
==3813177==    by 0x122FF83: ServerHandshake.acceptClientHello (ServerHandshake.zig:991)
==3813177==    by 0x152C08F: ServerHandshake.test.acceptClientHello: accepts permitted ClientHello2 PSK updates after HRR (ServerHandshake.zig:3899)
==3813177== 
==3813177== 3,840 bytes in 4 blocks are indirectly lost in loss record 517 of 578
==3813177==    at 0x4885E30: malloc (in /nix/store/HASH-valgrind-3.27.1/libexec/valgrind/vgpreload_memcheck-arm64-linux.so)
==3813177==    by 0x4B1FDE7: CRYPTO_malloc (in /nix/store/HASH-openssl-3.6.4/lib/libcrypto.so.3)
==3813177==    by 0x4B20053: CRYPTO_zalloc (in /nix/store/HASH-openssl-3.6.4/lib/libcrypto.so.3)
==3813177==    by 0x4C19DAF: aes128gcm_newctx (in /nix/store/HASH-openssl-3.6.4/lib/libcrypto.so.3)
==3813177==    by 0x4AE067B: evp_cipher_init_internal (in /nix/store/HASH-openssl-3.6.4/lib/libcrypto.so.3)
==3813177==    by 0x123DAE3: crypto.backend_openssl.aeadInit (backend_openssl.zig:544)
==3813177==    by 0x122A49F: init (backend.zig:303)
==3813177==    by 0x122A49F: aead.Context.init (aead.zig:138)
==3813177==    by 0x122A253: RecordLayer.init (RecordLayer.zig:79)
==3813177==    by 0x12132E3: hkdf.Hkdf(crypto.hmac.Hmac(crypto.sha2.Sha2x32(.{ 1779033703, 3144134277, 1013904242, 2773480762, 1359893119, 2600822924, 528734635, 1541459225 },256))).makeRecordLayer (hkdf.zig:237)
==3813177==    by 0x12755FF: ServerHandshake.verifyClientFinished (ServerHandshake.zig:2149)
==3813177==    by 0x1236B93: ServerHandshake.processClientFinishedPlaintext (ServerHandshake.zig:2117)
==3813177==    by 0x1277A8F: ServerHandshake.handleClientFlightRecord (ServerHandshake.zig:2547)
==3813177== 
==3813177== 3,840 bytes in 4 blocks are indirectly lost in loss record 518 of 578
==3813177==    at 0x4885E30: malloc (in /nix/store/HASH-valgrind-3.27.1/libexec/valgrind/vgpreload_memcheck-arm64-linux.so)
==3813177==    by 0x4B1FDE7: CRYPTO_malloc (in /nix/store/HASH-openssl-3.6.4/lib/libcrypto.so.3)
==3813177==    by 0x4B20053: CRYPTO_zalloc (in /nix/store/HASH-openssl-3.6.4/lib/libcrypto.so.3)
==3813177==    by 0x4C19DAF: aes128gcm_newctx (in /nix/store/HASH-openssl-3.6.4/lib/libcrypto.so.3)
==3813177==    by 0x4AE067B: evp_cipher_init_internal (in /nix/store/HASH-openssl-3.6.4/lib/libcrypto.so.3)
==3813177==    by 0x123DC2F: crypto.backend_openssl.aeadInit (backend_openssl.zig:551)
==3813177==    by 0x122A49F: init (backend.zig:303)
==3813177==    by 0x122A49F: aead.Context.init (aead.zig:138)
==3813177==    by 0x122A253: RecordLayer.init (RecordLayer.zig:79)
==3813177==    by 0x12132E3: hkdf.Hkdf(crypto.hmac.Hmac(crypto.sha2.Sha2x32(.{ 1779033703, 3144134277, 1013904242, 2773480762, 1359893119, 2600822924, 528734635, 1541459225 },256))).makeRecordLayer (hkdf.zig:237)
==3813177==    by 0x12755FF: ServerHandshake.verifyClientFinished (ServerHandshake.zig:2149)
==3813177==    by 0x1236B93: ServerHandshake.processClientFinishedPlaintext (ServerHandshake.zig:2117)
==3813177==    by 0x1277A8F: ServerHandshake.handleClientFlightRecord (ServerHandshake.zig:2547)
==3813177== 
==3813177== 3,840 bytes in 4 blocks are indirectly lost in loss record 519 of 578
==3813177==    at 0x4885E30: malloc (in /nix/store/HASH-valgrind-3.27.1/libexec/valgrind/vgpreload_memcheck-arm64-linux.so)
==3813177==    by 0x4B1FDE7: CRYPTO_malloc (in /nix/store/HASH-openssl-3.6.4/lib/libcrypto.so.3)
==3813177==    by 0x4B20053: CRYPTO_zalloc (in /nix/store/HASH-openssl-3.6.4/lib/libcrypto.so.3)
==3813177==    by 0x4C19DAF: aes128gcm_newctx (in /nix/store/HASH-openssl-3.6.4/lib/libcrypto.so.3)
==3813177==    by 0x4AE067B: evp_cipher_init_internal (in /nix/store/HASH-openssl-3.6.4/lib/libcrypto.so.3)
==3813177==    by 0x123DAE3: crypto.backend_openssl.aeadInit (backend_openssl.zig:544)
==3813177==    by 0x122A49F: init (backend.zig:303)
==3813177==    by 0x122A49F: aead.Context.init (aead.zig:138)
==3813177==    by 0x122A253: RecordLayer.init (RecordLayer.zig:79)
==3813177==    by 0x12132E3: hkdf.Hkdf(crypto.hmac.Hmac(crypto.sha2.Sha2x32(.{ 1779033703, 3144134277, 1013904242, 2773480762, 1359893119, 2600822924, 528734635, 1541459225 },256))).makeRecordLayer (hkdf.zig:237)
==3813177==    by 0x128D303: suite_state.HashArm(hkdf.Hkdf(crypto.hmac.Hmac(crypto.sha2.Sha2x32(.{ 1779033703, 3144134277, 1013904242, 2773480762, 1359893119, 2600822924, 528734635, 1541459225 },256))),crypto.sha2.Sha2x32(.{ 1779033703, 3144134277, 1013904242, 2773480762, 1359893119, 2600822924, 528734635, 1541459225 },256)).ratchetClientKey (suite_state.zig:67)
==3813177==    by 0x126B24F: ClientHandshake.Suite.ratchetClientKey (ClientHandshake.zig:467)
==3813177==    by 0x1224917: handshake.ratchetKtlsTx__anon_13945 (handshake.zig:219)
==3813177== 
==3813177== 3,840 bytes in 4 blocks are indirectly lost in loss record 520 of 578
==3813177==    at 0x4885E30: malloc (in /nix/store/HASH-valgrind-3.27.1/libexec/valgrind/vgpreload_memcheck-arm64-linux.so)
==3813177==    by 0x4B1FDE7: CRYPTO_malloc (in /nix/store/HASH-openssl-3.6.4/lib/libcrypto.so.3)
==3813177==    by 0x4B20053: CRYPTO_zalloc (in /nix/store/HASH-openssl-3.6.4/lib/libcrypto.so.3)
==3813177==    by 0x4C19DAF: aes128gcm_newctx (in /nix/store/HASH-openssl-3.6.4/lib/libcrypto.so.3)
==3813177==    by 0x4AE067B: evp_cipher_init_internal (in /nix/store/HASH-openssl-3.6.4/lib/libcrypto.so.3)
==3813177==    by 0x123DC2F: crypto.backend_openssl.aeadInit (backend_openssl.zig:551)
==3813177==    by 0x122A49F: init (backend.zig:303)
==3813177==    by 0x122A49F: aead.Context.init (aead.zig:138)
==3813177==    by 0x122A253: RecordLayer.init (RecordLayer.zig:79)
==3813177==    by 0x12132E3: hkdf.Hkdf(crypto.hmac.Hmac(crypto.sha2.Sha2x32(.{ 1779033703, 3144134277, 1013904242, 2773480762, 1359893119, 2600822924, 528734635, 1541459225 },256))).makeRecordLayer (hkdf.zig:237)
==3813177==    by 0x128D303: suite_state.HashArm(hkdf.Hkdf(crypto.hmac.Hmac(crypto.sha2.Sha2x32(.{ 1779033703, 3144134277, 1013904242, 2773480762, 1359893119, 2600822924, 528734635, 1541459225 },256))),crypto.sha2.Sha2x32(.{ 1779033703, 3144134277, 1013904242, 2773480762, 1359893119, 2600822924, 528734635, 1541459225 },256)).ratchetClientKey (suite_state.zig:67)
==3813177==    by 0x126B24F: ClientHandshake.Suite.ratchetClientKey (ClientHandshake.zig:467)
==3813177==    by 0x1224917: handshake.ratchetKtlsTx__anon_13945 (handshake.zig:219)
==3813177== 
==3813177== 3,840 bytes in 4 blocks are indirectly lost in loss record 521 of 578
==3813177==    at 0x4885E30: malloc (in /nix/store/HASH-valgrind-3.27.1/libexec/valgrind/vgpreload_memcheck-arm64-linux.so)
==3813177==    by 0x4B1FDE7: CRYPTO_malloc (in /nix/store/HASH-openssl-3.6.4/lib/libcrypto.so.3)
==3813177==    by 0x4B20053: CRYPTO_zalloc (in /nix/store/HASH-openssl-3.6.4/lib/libcrypto.so.3)
==3813177==    by 0x4C19DAF: aes128gcm_newctx (in /nix/store/HASH-openssl-3.6.4/lib/libcrypto.so.3)
==3813177==    by 0x4AE067B: evp_cipher_init_internal (in /nix/store/HASH-openssl-3.6.4/lib/libcrypto.so.3)
==3813177==    by 0x123DAE3: crypto.backend_openssl.aeadInit (backend_openssl.zig:544)
==3813177==    by 0x122A49F: init (backend.zig:303)
==3813177==    by 0x122A49F: aead.Context.init (aead.zig:138)
==3813177==    by 0x122A253: RecordLayer.init (RecordLayer.zig:79)
==3813177==    by 0x12132E3: hkdf.Hkdf(crypto.hmac.Hmac(crypto.sha2.Sha2x32(.{ 1779033703, 3144134277, 1013904242, 2773480762, 1359893119, 2600822924, 528734635, 1541459225 },256))).makeRecordLayer (hkdf.zig:237)
==3813177==    by 0x1273137: ServerHandshake.installHandshakeKeys (ServerHandshake.zig:1701)
==3813177==    by 0x1232B0B: ServerHandshake.processClientHelloMessage (ServerHandshake.zig:1364)
==3813177==    by 0x1276C3F: ServerHandshake.handleClientHelloRecord (ServerHandshake.zig:2318)
==3813177== 
==3813177== 3,840 bytes in 4 blocks are indirectly lost in loss record 522 of 578
==3813177==    at 0x4885E30: malloc (in /nix/store/HASH-valgrind-3.27.1/libexec/valgrind/vgpreload_memcheck-arm64-linux.so)
==3813177==    by 0x4B1FDE7: CRYPTO_malloc (in /nix/store/HASH-openssl-3.6.4/lib/libcrypto.so.3)
==3813177==    by 0x4B20053: CRYPTO_zalloc (in /nix/store/HASH-openssl-3.6.4/lib/libcrypto.so.3)
==3813177==    by 0x4C19DAF: aes128gcm_newctx (in /nix/store/HASH-openssl-3.6.4/lib/libcrypto.so.3)
==3813177==    by 0x4AE067B: evp_cipher_init_internal (in /nix/store/HASH-openssl-3.6.4/lib/libcrypto.so.3)
==3813177==    by 0x123DC2F: crypto.backend_openssl.aeadInit (backend_openssl.zig:551)
==3813177==    by 0x122A49F: init (backend.zig:303)
==3813177==    by 0x122A49F: aead.Context.init (aead.zig:138)
==3813177==    by 0x122A253: RecordLayer.init (RecordLayer.zig:79)
==3813177==    by 0x12132E3: hkdf.Hkdf(crypto.hmac.Hmac(crypto.sha2.Sha2x32(.{ 1779033703, 3144134277, 1013904242, 2773480762, 1359893119, 2600822924, 528734635, 1541459225 },256))).makeRecordLayer (hkdf.zig:237)
==3813177==    by 0x1273137: ServerHandshake.installHandshakeKeys (ServerHandshake.zig:1701)
==3813177==    by 0x1232B0B: ServerHandshake.processClientHelloMessage (ServerHandshake.zig:1364)
==3813177==    by 0x1276C3F: ServerHandshake.handleClientHelloRecord (ServerHandshake.zig:2318)
==3813177== 
==3813177== 3,840 bytes in 4 blocks are indirectly lost in loss record 523 of 578
==3813177==    at 0x4885E30: malloc (in /nix/store/HASH-valgrind-3.27.1/libexec/valgrind/vgpreload_memcheck-arm64-linux.so)
==3813177==    by 0x4B1FDE7: CRYPTO_malloc (in /nix/store/HASH-openssl-3.6.4/lib/libcrypto.so.3)
==3813177==    by 0x4B20053: CRYPTO_zalloc (in /nix/store/HASH-openssl-3.6.4/lib/libcrypto.so.3)
==3813177==    by 0x4C19DAF: aes128gcm_newctx (in /nix/store/HASH-openssl-3.6.4/lib/libcrypto.so.3)
==3813177==    by 0x4AE067B: evp_cipher_init_internal (in /nix/store/HASH-openssl-3.6.4/lib/libcrypto.so.3)
==3813177==    by 0x123DAE3: crypto.backend_openssl.aeadInit (backend_openssl.zig:544)
==3813177==    by 0x122A49F: init (backend.zig:303)
==3813177==    by 0x122A49F: aead.Context.init (aead.zig:138)
==3813177==    by 0x122A253: RecordLayer.init (RecordLayer.zig:79)
==3813177==    by 0x12132E3: hkdf.Hkdf(crypto.hmac.Hmac(crypto.sha2.Sha2x32(.{ 1779033703, 3144134277, 1013904242, 2773480762, 1359893119, 2600822924, 528734635, 1541459225 },256))).makeRecordLayer (hkdf.zig:237)
==3813177==    by 0x12731F3: ServerHandshake.installHandshakeKeys (ServerHandshake.zig:1703)
==3813177==    by 0x1232B0B: ServerHandshake.processClientHelloMessage (ServerHandshake.zig:1364)
==3813177==    by 0x1276C3F: ServerHandshake.handleClientHelloRecord (ServerHandshake.zig:2318)
==3813177== 
==3813177== 3,840 bytes in 4 blocks are indirectly lost in loss record 524 of 578
==3813177==    at 0x4885E30: malloc (in /nix/store/HASH-valgrind-3.27.1/libexec/valgrind/vgpreload_memcheck-arm64-linux.so)
==3813177==    by 0x4B1FDE7: CRYPTO_malloc (in /nix/store/HASH-openssl-3.6.4/lib/libcrypto.so.3)
==3813177==    by 0x4B20053: CRYPTO_zalloc (in /nix/store/HASH-openssl-3.6.4/lib/libcrypto.so.3)
==3813177==    by 0x4C19DAF: aes128gcm_newctx (in /nix/store/HASH-openssl-3.6.4/lib/libcrypto.so.3)
==3813177==    by 0x4AE067B: evp_cipher_init_internal (in /nix/store/HASH-openssl-3.6.4/lib/libcrypto.so.3)
==3813177==    by 0x123DC2F: crypto.backend_openssl.aeadInit (backend_openssl.zig:551)
==3813177==    by 0x122A49F: init (backend.zig:303)
==3813177==    by 0x122A49F: aead.Context.init (aead.zig:138)
==3813177==    by 0x122A253: RecordLayer.init (RecordLayer.zig:79)
==3813177==    by 0x12132E3: hkdf.Hkdf(crypto.hmac.Hmac(crypto.sha2.Sha2x32(.{ 1779033703, 3144134277, 1013904242, 2773480762, 1359893119, 2600822924, 528734635, 1541459225 },256))).makeRecordLayer (hkdf.zig:237)
==3813177==    by 0x12731F3: ServerHandshake.installHandshakeKeys (ServerHandshake.zig:1703)
==3813177==    by 0x1232B0B: ServerHandshake.processClientHelloMessage (ServerHandshake.zig:1364)
==3813177==    by 0x1276C3F: ServerHandshake.handleClientHelloRecord (ServerHandshake.zig:2318)
==3813177== 
==3813177== 4,608 (768 direct, 3,840 indirect) bytes in 4 blocks are definitely lost in loss record 525 of 578
==3813177==    at 0x4885E30: malloc (in /nix/store/HASH-valgrind-3.27.1/libexec/valgrind/vgpreload_memcheck-arm64-linux.so)
==3813177==    by 0x4B1FDE7: CRYPTO_malloc (in /nix/store/HASH-openssl-3.6.4/lib/libcrypto.so.3)
==3813177==    by 0x4B20053: CRYPTO_zalloc (in /nix/store/HASH-openssl-3.6.4/lib/libcrypto.so.3)
==3813177==    by 0x4ADC9DB: EVP_CIPHER_CTX_new (in /nix/store/HASH-openssl-3.6.4/lib/libcrypto.so.3)
==3813177==    by 0x123DA17: crypto.backend_openssl.aeadInit (backend_openssl.zig:539)
==3813177==    by 0x122A49F: init (backend.zig:303)
==3813177==    by 0x122A49F: aead.Context.init (aead.zig:138)
==3813177==    by 0x122A253: RecordLayer.init (RecordLayer.zig:79)
==3813177==    by 0x12132E3: hkdf.Hkdf(crypto.hmac.Hmac(crypto.sha2.Sha2x32(.{ 1779033703, 3144134277, 1013904242, 2773480762, 1359893119, 2600822924, 528734635, 1541459225 },256))).makeRecordLayer (hkdf.zig:237)
==3813177==    by 0x1273137: ServerHandshake.installHandshakeKeys (ServerHandshake.zig:1701)
==3813177==    by 0x1232B0B: ServerHandshake.processClientHelloMessage (ServerHandshake.zig:1364)
==3813177==    by 0x1276C3F: ServerHandshake.handleClientHelloRecord (ServerHandshake.zig:2318)
==3813177==    by 0x1237DC7: ServerHandshake.handleWaitClientHello (ServerHandshake.zig:2231)
==3813177== 
==3813177== 4,608 (768 direct, 3,840 indirect) bytes in 4 blocks are definitely lost in loss record 526 of 578
==3813177==    at 0x4885E30: malloc (in /nix/store/HASH-valgrind-3.27.1/libexec/valgrind/vgpreload_memcheck-arm64-linux.so)
==3813177==    by 0x4B1FDE7: CRYPTO_malloc (in /nix/store/HASH-openssl-3.6.4/lib/libcrypto.so.3)
==3813177==    by 0x4B20053: CRYPTO_zalloc (in /nix/store/HASH-openssl-3.6.4/lib/libcrypto.so.3)
==3813177==    by 0x4ADC9DB: EVP_CIPHER_CTX_new (in /nix/store/HASH-openssl-3.6.4/lib/libcrypto.so.3)
==3813177==    by 0x123DA6F: crypto.backend_openssl.aeadInit (backend_openssl.zig:541)
==3813177==    by 0x122A49F: init (backend.zig:303)
==3813177==    by 0x122A49F: aead.Context.init (aead.zig:138)
==3813177==    by 0x122A253: RecordLayer.init (RecordLayer.zig:79)
==3813177==    by 0x12132E3: hkdf.Hkdf(crypto.hmac.Hmac(crypto.sha2.Sha2x32(.{ 1779033703, 3144134277, 1013904242, 2773480762, 1359893119, 2600822924, 528734635, 1541459225 },256))).makeRecordLayer (hkdf.zig:237)
==3813177==    by 0x1273137: ServerHandshake.installHandshakeKeys (ServerHandshake.zig:1701)
==3813177==    by 0x1232B0B: ServerHandshake.processClientHelloMessage (ServerHandshake.zig:1364)
==3813177==    by 0x1276C3F: ServerHandshake.handleClientHelloRecord (ServerHandshake.zig:2318)
==3813177==    by 0x1237DC7: ServerHandshake.handleWaitClientHello (ServerHandshake.zig:2231)
==3813177== 
==3813177== 4,608 (768 direct, 3,840 indirect) bytes in 4 blocks are definitely lost in loss record 527 of 578
==3813177==    at 0x4885E30: malloc (in /nix/store/HASH-valgrind-3.27.1/libexec/valgrind/vgpreload_memcheck-arm64-linux.so)
==3813177==    by 0x4B1FDE7: CRYPTO_malloc (in /nix/store/HASH-openssl-3.6.4/lib/libcrypto.so.3)
==3813177==    by 0x4B20053: CRYPTO_zalloc (in /nix/store/HASH-openssl-3.6.4/lib/libcrypto.so.3)
==3813177==    by 0x4ADC9DB: EVP_CIPHER_CTX_new (in /nix/store/HASH-openssl-3.6.4/lib/libcrypto.so.3)
==3813177==    by 0x123DA17: crypto.backend_openssl.aeadInit (backend_openssl.zig:539)
==3813177==    by 0x122A49F: init (backend.zig:303)
==3813177==    by 0x122A49F: aead.Context.init (aead.zig:138)
==3813177==    by 0x122A253: RecordLayer.init (RecordLayer.zig:79)
==3813177==    by 0x12132E3: hkdf.Hkdf(crypto.hmac.Hmac(crypto.sha2.Sha2x32(.{ 1779033703, 3144134277, 1013904242, 2773480762, 1359893119, 2600822924, 528734635, 1541459225 },256))).makeRecordLayer (hkdf.zig:237)
==3813177==    by 0x12731F3: ServerHandshake.installHandshakeKeys (ServerHandshake.zig:1703)
==3813177==    by 0x1232B0B: ServerHandshake.processClientHelloMessage (ServerHandshake.zig:1364)
==3813177==    by 0x1276C3F: ServerHandshake.handleClientHelloRecord (ServerHandshake.zig:2318)
==3813177==    by 0x1237DC7: ServerHandshake.handleWaitClientHello (ServerHandshake.zig:2231)
==3813177== 
==3813177== 4,608 (768 direct, 3,840 indirect) bytes in 4 blocks are definitely lost in loss record 528 of 578
==3813177==    at 0x4885E30: malloc (in /nix/store/HASH-valgrind-3.27.1/libexec/valgrind/vgpreload_memcheck-arm64-linux.so)
==3813177==    by 0x4B1FDE7: CRYPTO_malloc (in /nix/store/HASH-openssl-3.6.4/lib/libcrypto.so.3)
==3813177==    by 0x4B20053: CRYPTO_zalloc (in /nix/store/HASH-openssl-3.6.4/lib/libcrypto.so.3)
==3813177==    by 0x4ADC9DB: EVP_CIPHER_CTX_new (in /nix/store/HASH-openssl-3.6.4/lib/libcrypto.so.3)
==3813177==    by 0x123DA6F: crypto.backend_openssl.aeadInit (backend_openssl.zig:541)
==3813177==    by 0x122A49F: init (backend.zig:303)
==3813177==    by 0x122A49F: aead.Context.init (aead.zig:138)
==3813177==    by 0x122A253: RecordLayer.init (RecordLayer.zig:79)
==3813177==    by 0x12132E3: hkdf.Hkdf(crypto.hmac.Hmac(crypto.sha2.Sha2x32(.{ 1779033703, 3144134277, 1013904242, 2773480762, 1359893119, 2600822924, 528734635, 1541459225 },256))).makeRecordLayer (hkdf.zig:237)
==3813177==    by 0x12731F3: ServerHandshake.installHandshakeKeys (ServerHandshake.zig:1703)
==3813177==    by 0x1232B0B: ServerHandshake.processClientHelloMessage (ServerHandshake.zig:1364)
==3813177==    by 0x1276C3F: ServerHandshake.handleClientHelloRecord (ServerHandshake.zig:2318)
==3813177==    by 0x1237DC7: ServerHandshake.handleWaitClientHello (ServerHandshake.zig:2231)
==3813177== 
==3813177== 4,800 bytes in 5 blocks are indirectly lost in loss record 529 of 578
==3813177==    at 0x4885E30: malloc (in /nix/store/HASH-valgrind-3.27.1/libexec/valgrind/vgpreload_memcheck-arm64-linux.so)
==3813177==    by 0x4B1FDE7: CRYPTO_malloc (in /nix/store/HASH-openssl-3.6.4/lib/libcrypto.so.3)
==3813177==    by 0x4B20053: CRYPTO_zalloc (in /nix/store/HASH-openssl-3.6.4/lib/libcrypto.so.3)
==3813177==    by 0x4C19DAF: aes128gcm_newctx (in /nix/store/HASH-openssl-3.6.4/lib/libcrypto.so.3)
==3813177==    by 0x4AE067B: evp_cipher_init_internal (in /nix/store/HASH-openssl-3.6.4/lib/libcrypto.so.3)
==3813177==    by 0x123DAE3: crypto.backend_openssl.aeadInit (backend_openssl.zig:544)
==3813177==    by 0x122A49F: init (backend.zig:303)
==3813177==    by 0x122A49F: aead.Context.init (aead.zig:138)
==3813177==    by 0x122A253: RecordLayer.init (RecordLayer.zig:79)
==3813177==    by 0x12132E3: hkdf.Hkdf(crypto.hmac.Hmac(crypto.sha2.Sha2x32(.{ 1779033703, 3144134277, 1013904242, 2773480762, 1359893119, 2600822924, 528734635, 1541459225 },256))).makeRecordLayer (hkdf.zig:237)
==3813177==    by 0x1273137: ServerHandshake.installHandshakeKeys (ServerHandshake.zig:1701)
==3813177==    by 0x1232B0B: ServerHandshake.processClientHelloMessage (ServerHandshake.zig:1364)
==3813177==    by 0x1277197: ServerHandshake.handleClientHelloRecord (ServerHandshake.zig:2346)
==3813177== 
==3813177== 4,800 bytes in 5 blocks are indirectly lost in loss record 530 of 578
==3813177==    at 0x4885E30: malloc (in /nix/store/HASH-valgrind-3.27.1/libexec/valgrind/vgpreload_memcheck-arm64-linux.so)
==3813177==    by 0x4B1FDE7: CRYPTO_malloc (in /nix/store/HASH-openssl-3.6.4/lib/libcrypto.so.3)
==3813177==    by 0x4B20053: CRYPTO_zalloc (in /nix/store/HASH-openssl-3.6.4/lib/libcrypto.so.3)
==3813177==    by 0x4C19DAF: aes128gcm_newctx (in /nix/store/HASH-openssl-3.6.4/lib/libcrypto.so.3)
==3813177==    by 0x4AE067B: evp_cipher_init_internal (in /nix/store/HASH-openssl-3.6.4/lib/libcrypto.so.3)
==3813177==    by 0x123DC2F: crypto.backend_openssl.aeadInit (backend_openssl.zig:551)
==3813177==    by 0x122A49F: init (backend.zig:303)
==3813177==    by 0x122A49F: aead.Context.init (aead.zig:138)
==3813177==    by 0x122A253: RecordLayer.init (RecordLayer.zig:79)
==3813177==    by 0x12132E3: hkdf.Hkdf(crypto.hmac.Hmac(crypto.sha2.Sha2x32(.{ 1779033703, 3144134277, 1013904242, 2773480762, 1359893119, 2600822924, 528734635, 1541459225 },256))).makeRecordLayer (hkdf.zig:237)
==3813177==    by 0x1273137: ServerHandshake.installHandshakeKeys (ServerHandshake.zig:1701)
==3813177==    by 0x1232B0B: ServerHandshake.processClientHelloMessage (ServerHandshake.zig:1364)
==3813177==    by 0x1277197: ServerHandshake.handleClientHelloRecord (ServerHandshake.zig:2346)
==3813177== 
==3813177== 4,800 bytes in 5 blocks are indirectly lost in loss record 531 of 578
==3813177==    at 0x4885E30: malloc (in /nix/store/HASH-valgrind-3.27.1/libexec/valgrind/vgpreload_memcheck-arm64-linux.so)
==3813177==    by 0x4B1FDE7: CRYPTO_malloc (in /nix/store/HASH-openssl-3.6.4/lib/libcrypto.so.3)
==3813177==    by 0x4B20053: CRYPTO_zalloc (in /nix/store/HASH-openssl-3.6.4/lib/libcrypto.so.3)
==3813177==    by 0x4C19DAF: aes128gcm_newctx (in /nix/store/HASH-openssl-3.6.4/lib/libcrypto.so.3)
==3813177==    by 0x4AE067B: evp_cipher_init_internal (in /nix/store/HASH-openssl-3.6.4/lib/libcrypto.so.3)
==3813177==    by 0x123DAE3: crypto.backend_openssl.aeadInit (backend_openssl.zig:544)
==3813177==    by 0x122A49F: init (backend.zig:303)
==3813177==    by 0x122A49F: aead.Context.init (aead.zig:138)
==3813177==    by 0x122A253: RecordLayer.init (RecordLayer.zig:79)
==3813177==    by 0x12132E3: hkdf.Hkdf(crypto.hmac.Hmac(crypto.sha2.Sha2x32(.{ 1779033703, 3144134277, 1013904242, 2773480762, 1359893119, 2600822924, 528734635, 1541459225 },256))).makeRecordLayer (hkdf.zig:237)
==3813177==    by 0x12731F3: ServerHandshake.installHandshakeKeys (ServerHandshake.zig:1703)
==3813177==    by 0x1232B0B: ServerHandshake.processClientHelloMessage (ServerHandshake.zig:1364)
==3813177==    by 0x1277197: ServerHandshake.handleClientHelloRecord (ServerHandshake.zig:2346)
==3813177== 
==3813177== 4,800 bytes in 5 blocks are indirectly lost in loss record 532 of 578
==3813177==    at 0x4885E30: malloc (in /nix/store/HASH-valgrind-3.27.1/libexec/valgrind/vgpreload_memcheck-arm64-linux.so)
==3813177==    by 0x4B1FDE7: CRYPTO_malloc (in /nix/store/HASH-openssl-3.6.4/lib/libcrypto.so.3)
==3813177==    by 0x4B20053: CRYPTO_zalloc (in /nix/store/HASH-openssl-3.6.4/lib/libcrypto.so.3)
==3813177==    by 0x4C19DAF: aes128gcm_newctx (in /nix/store/HASH-openssl-3.6.4/lib/libcrypto.so.3)
==3813177==    by 0x4AE067B: evp_cipher_init_internal (in /nix/store/HASH-openssl-3.6.4/lib/libcrypto.so.3)
==3813177==    by 0x123DC2F: crypto.backend_openssl.aeadInit (backend_openssl.zig:551)
==3813177==    by 0x122A49F: init (backend.zig:303)
==3813177==    by 0x122A49F: aead.Context.init (aead.zig:138)
==3813177==    by 0x122A253: RecordLayer.init (RecordLayer.zig:79)
==3813177==    by 0x12132E3: hkdf.Hkdf(crypto.hmac.Hmac(crypto.sha2.Sha2x32(.{ 1779033703, 3144134277, 1013904242, 2773480762, 1359893119, 2600822924, 528734635, 1541459225 },256))).makeRecordLayer (hkdf.zig:237)
==3813177==    by 0x12731F3: ServerHandshake.installHandshakeKeys (ServerHandshake.zig:1703)
==3813177==    by 0x1232B0B: ServerHandshake.processClientHelloMessage (ServerHandshake.zig:1364)
==3813177==    by 0x1277197: ServerHandshake.handleClientHelloRecord (ServerHandshake.zig:2346)
==3813177== 
==3813177== 5,648 (960 direct, 4,688 indirect) bytes in 5 blocks are definitely lost in loss record 533 of 578
==3813177==    at 0x4885E30: malloc (in /nix/store/HASH-valgrind-3.27.1/libexec/valgrind/vgpreload_memcheck-arm64-linux.so)
==3813177==    by 0x4B1FDE7: CRYPTO_malloc (in /nix/store/HASH-openssl-3.6.4/lib/libcrypto.so.3)
==3813177==    by 0x4B20053: CRYPTO_zalloc (in /nix/store/HASH-openssl-3.6.4/lib/libcrypto.so.3)
==3813177==    by 0x4ADC9DB: EVP_CIPHER_CTX_new (in /nix/store/HASH-openssl-3.6.4/lib/libcrypto.so.3)
==3813177==    by 0x123DA17: crypto.backend_openssl.aeadInit (backend_openssl.zig:539)
==3813177==    by 0x122A49F: init (backend.zig:303)
==3813177==    by 0x122A49F: aead.Context.init (aead.zig:138)
==3813177==    by 0x122A253: RecordLayer.init (RecordLayer.zig:79)
==3813177==    by 0x12132E3: hkdf.Hkdf(crypto.hmac.Hmac(crypto.sha2.Sha2x32(.{ 1779033703, 3144134277, 1013904242, 2773480762, 1359893119, 2600822924, 528734635, 1541459225 },256))).makeRecordLayer (hkdf.zig:237)
==3813177==    by 0x128D303: suite_state.HashArm(hkdf.Hkdf(crypto.hmac.Hmac(crypto.sha2.Sha2x32(.{ 1779033703, 3144134277, 1013904242, 2773480762, 1359893119, 2600822924, 528734635, 1541459225 },256))),crypto.sha2.Sha2x32(.{ 1779033703, 3144134277, 1013904242, 2773480762, 1359893119, 2600822924, 528734635, 1541459225 },256)).ratchetClientKey (suite_state.zig:67)
==3813177==    by 0x126B24F: ClientHandshake.Suite.ratchetClientKey (ClientHandshake.zig:467)
==3813177==    by 0x1224917: handshake.ratchetKtlsTx__anon_13945 (handshake.zig:219)
==3813177==    by 0x122475B: handshake.sendKeyUpdate__anon_13939 (handshake.zig:196)
==3813177== 
==3813177== 5,648 (960 direct, 4,688 indirect) bytes in 5 blocks are definitely lost in loss record 534 of 578
==3813177==    at 0x4885E30: malloc (in /nix/store/HASH-valgrind-3.27.1/libexec/valgrind/vgpreload_memcheck-arm64-linux.so)
==3813177==    by 0x4B1FDE7: CRYPTO_malloc (in /nix/store/HASH-openssl-3.6.4/lib/libcrypto.so.3)
==3813177==    by 0x4B20053: CRYPTO_zalloc (in /nix/store/HASH-openssl-3.6.4/lib/libcrypto.so.3)
==3813177==    by 0x4ADC9DB: EVP_CIPHER_CTX_new (in /nix/store/HASH-openssl-3.6.4/lib/libcrypto.so.3)
==3813177==    by 0x123DA6F: crypto.backend_openssl.aeadInit (backend_openssl.zig:541)
==3813177==    by 0x122A49F: init (backend.zig:303)
==3813177==    by 0x122A49F: aead.Context.init (aead.zig:138)
==3813177==    by 0x122A253: RecordLayer.init (RecordLayer.zig:79)
==3813177==    by 0x12132E3: hkdf.Hkdf(crypto.hmac.Hmac(crypto.sha2.Sha2x32(.{ 1779033703, 3144134277, 1013904242, 2773480762, 1359893119, 2600822924, 528734635, 1541459225 },256))).makeRecordLayer (hkdf.zig:237)
==3813177==    by 0x128D303: suite_state.HashArm(hkdf.Hkdf(crypto.hmac.Hmac(crypto.sha2.Sha2x32(.{ 1779033703, 3144134277, 1013904242, 2773480762, 1359893119, 2600822924, 528734635, 1541459225 },256))),crypto.sha2.Sha2x32(.{ 1779033703, 3144134277, 1013904242, 2773480762, 1359893119, 2600822924, 528734635, 1541459225 },256)).ratchetClientKey (suite_state.zig:67)
==3813177==    by 0x126B24F: ClientHandshake.Suite.ratchetClientKey (ClientHandshake.zig:467)
==3813177==    by 0x1224917: handshake.ratchetKtlsTx__anon_13945 (handshake.zig:219)
==3813177==    by 0x122475B: handshake.sendKeyUpdate__anon_13939 (handshake.zig:196)
==3813177== 
==3813177== 5,760 bytes in 6 blocks are indirectly lost in loss record 535 of 578
==3813177==    at 0x4885E30: malloc (in /nix/store/HASH-valgrind-3.27.1/libexec/valgrind/vgpreload_memcheck-arm64-linux.so)
==3813177==    by 0x4B1FDE7: CRYPTO_malloc (in /nix/store/HASH-openssl-3.6.4/lib/libcrypto.so.3)
==3813177==    by 0x4B20053: CRYPTO_zalloc (in /nix/store/HASH-openssl-3.6.4/lib/libcrypto.so.3)
==3813177==    by 0x4C19DAF: aes128gcm_newctx (in /nix/store/HASH-openssl-3.6.4/lib/libcrypto.so.3)
==3813177==    by 0x4AE067B: evp_cipher_init_internal (in /nix/store/HASH-openssl-3.6.4/lib/libcrypto.so.3)
==3813177==    by 0x123DAE3: crypto.backend_openssl.aeadInit (backend_openssl.zig:544)
==3813177==    by 0x122A49F: init (backend.zig:303)
==3813177==    by 0x122A49F: aead.Context.init (aead.zig:138)
==3813177==    by 0x122A253: RecordLayer.init (RecordLayer.zig:79)
==3813177==    by 0x12132E3: hkdf.Hkdf(crypto.hmac.Hmac(crypto.sha2.Sha2x32(.{ 1779033703, 3144134277, 1013904242, 2773480762, 1359893119, 2600822924, 528734635, 1541459225 },256))).makeRecordLayer (hkdf.zig:237)
==3813177==    by 0x128CB37: suite_state.HashArm(hkdf.Hkdf(crypto.hmac.Hmac(crypto.sha2.Sha2x32(.{ 1779033703, 3144134277, 1013904242, 2773480762, 1359893119, 2600822924, 528734635, 1541459225 },256))),crypto.sha2.Sha2x32(.{ 1779033703, 3144134277, 1013904242, 2773480762, 1359893119, 2600822924, 528734635, 1541459225 },256)).ratchetServerKey (suite_state.zig:75)
==3813177==    by 0x126BA3F: suite_state.Suite.ratchetServerKey (suite_state.zig:107)
==3813177==    by 0x123A7E3: handshake.ratchetKtlsTx__anon_51814 (handshake.zig:220)
==3813177== 
==3813177== 5,760 bytes in 6 blocks are indirectly lost in loss record 536 of 578
==3813177==    at 0x4885E30: malloc (in /nix/store/HASH-valgrind-3.27.1/libexec/valgrind/vgpreload_memcheck-arm64-linux.so)
==3813177==    by 0x4B1FDE7: CRYPTO_malloc (in /nix/store/HASH-openssl-3.6.4/lib/libcrypto.so.3)
==3813177==    by 0x4B20053: CRYPTO_zalloc (in /nix/store/HASH-openssl-3.6.4/lib/libcrypto.so.3)
==3813177==    by 0x4C19DAF: aes128gcm_newctx (in /nix/store/HASH-openssl-3.6.4/lib/libcrypto.so.3)
==3813177==    by 0x4AE067B: evp_cipher_init_internal (in /nix/store/HASH-openssl-3.6.4/lib/libcrypto.so.3)
==3813177==    by 0x123DC2F: crypto.backend_openssl.aeadInit (backend_openssl.zig:551)
==3813177==    by 0x122A49F: init (backend.zig:303)
==3813177==    by 0x122A49F: aead.Context.init (aead.zig:138)
==3813177==    by 0x122A253: RecordLayer.init (RecordLayer.zig:79)
==3813177==    by 0x12132E3: hkdf.Hkdf(crypto.hmac.Hmac(crypto.sha2.Sha2x32(.{ 1779033703, 3144134277, 1013904242, 2773480762, 1359893119, 2600822924, 528734635, 1541459225 },256))).makeRecordLayer (hkdf.zig:237)
==3813177==    by 0x128CB37: suite_state.HashArm(hkdf.Hkdf(crypto.hmac.Hmac(crypto.sha2.Sha2x32(.{ 1779033703, 3144134277, 1013904242, 2773480762, 1359893119, 2600822924, 528734635, 1541459225 },256))),crypto.sha2.Sha2x32(.{ 1779033703, 3144134277, 1013904242, 2773480762, 1359893119, 2600822924, 528734635, 1541459225 },256)).ratchetServerKey (suite_state.zig:75)
==3813177==    by 0x126BA3F: suite_state.Suite.ratchetServerKey (suite_state.zig:107)
==3813177==    by 0x123A7E3: handshake.ratchetKtlsTx__anon_51814 (handshake.zig:220)
==3813177== 
==3813177== 5,760 (960 direct, 4,800 indirect) bytes in 5 blocks are definitely lost in loss record 537 of 578
==3813177==    at 0x4885E30: malloc (in /nix/store/HASH-valgrind-3.27.1/libexec/valgrind/vgpreload_memcheck-arm64-linux.so)
==3813177==    by 0x4B1FDE7: CRYPTO_malloc (in /nix/store/HASH-openssl-3.6.4/lib/libcrypto.so.3)
==3813177==    by 0x4B20053: CRYPTO_zalloc (in /nix/store/HASH-openssl-3.6.4/lib/libcrypto.so.3)
==3813177==    by 0x4ADC9DB: EVP_CIPHER_CTX_new (in /nix/store/HASH-openssl-3.6.4/lib/libcrypto.so.3)
==3813177==    by 0x123DA17: crypto.backend_openssl.aeadInit (backend_openssl.zig:539)
==3813177==    by 0x122A49F: init (backend.zig:303)
==3813177==    by 0x122A49F: aead.Context.init (aead.zig:138)
==3813177==    by 0x122A253: RecordLayer.init (RecordLayer.zig:79)
==3813177==    by 0x12132E3: hkdf.Hkdf(crypto.hmac.Hmac(crypto.sha2.Sha2x32(.{ 1779033703, 3144134277, 1013904242, 2773480762, 1359893119, 2600822924, 528734635, 1541459225 },256))).makeRecordLayer (hkdf.zig:237)
==3813177==    by 0x1273137: ServerHandshake.installHandshakeKeys (ServerHandshake.zig:1701)
==3813177==    by 0x1232B0B: ServerHandshake.processClientHelloMessage (ServerHandshake.zig:1364)
==3813177==    by 0x1277197: ServerHandshake.handleClientHelloRecord (ServerHandshake.zig:2346)
==3813177==    by 0x1237DC7: ServerHandshake.handleWaitClientHello (ServerHandshake.zig:2231)
==3813177== 
==3813177== 5,760 (960 direct, 4,800 indirect) bytes in 5 blocks are definitely lost in loss record 538 of 578
==3813177==    at 0x4885E30: malloc (in /nix/store/HASH-valgrind-3.27.1/libexec/valgrind/vgpreload_memcheck-arm64-linux.so)
==3813177==    by 0x4B1FDE7: CRYPTO_malloc (in /nix/store/HASH-openssl-3.6.4/lib/libcrypto.so.3)
==3813177==    by 0x4B20053: CRYPTO_zalloc (in /nix/store/HASH-openssl-3.6.4/lib/libcrypto.so.3)
==3813177==    by 0x4ADC9DB: EVP_CIPHER_CTX_new (in /nix/store/HASH-openssl-3.6.4/lib/libcrypto.so.3)
==3813177==    by 0x123DA6F: crypto.backend_openssl.aeadInit (backend_openssl.zig:541)
==3813177==    by 0x122A49F: init (backend.zig:303)
==3813177==    by 0x122A49F: aead.Context.init (aead.zig:138)
==3813177==    by 0x122A253: RecordLayer.init (RecordLayer.zig:79)
==3813177==    by 0x12132E3: hkdf.Hkdf(crypto.hmac.Hmac(crypto.sha2.Sha2x32(.{ 1779033703, 3144134277, 1013904242, 2773480762, 1359893119, 2600822924, 528734635, 1541459225 },256))).makeRecordLayer (hkdf.zig:237)
==3813177==    by 0x1273137: ServerHandshake.installHandshakeKeys (ServerHandshake.zig:1701)
==3813177==    by 0x1232B0B: ServerHandshake.processClientHelloMessage (ServerHandshake.zig:1364)
==3813177==    by 0x1277197: ServerHandshake.handleClientHelloRecord (ServerHandshake.zig:2346)
==3813177==    by 0x1237DC7: ServerHandshake.handleWaitClientHello (ServerHandshake.zig:2231)
==3813177== 
==3813177== 5,760 (960 direct, 4,800 indirect) bytes in 5 blocks are definitely lost in loss record 539 of 578
==3813177==    at 0x4885E30: malloc (in /nix/store/HASH-valgrind-3.27.1/libexec/valgrind/vgpreload_memcheck-arm64-linux.so)
==3813177==    by 0x4B1FDE7: CRYPTO_malloc (in /nix/store/HASH-openssl-3.6.4/lib/libcrypto.so.3)
==3813177==    by 0x4B20053: CRYPTO_zalloc (in /nix/store/HASH-openssl-3.6.4/lib/libcrypto.so.3)
==3813177==    by 0x4ADC9DB: EVP_CIPHER_CTX_new (in /nix/store/HASH-openssl-3.6.4/lib/libcrypto.so.3)
==3813177==    by 0x123DA17: crypto.backend_openssl.aeadInit (backend_openssl.zig:539)
==3813177==    by 0x122A49F: init (backend.zig:303)
==3813177==    by 0x122A49F: aead.Context.init (aead.zig:138)
==3813177==    by 0x122A253: RecordLayer.init (RecordLayer.zig:79)
==3813177==    by 0x12132E3: hkdf.Hkdf(crypto.hmac.Hmac(crypto.sha2.Sha2x32(.{ 1779033703, 3144134277, 1013904242, 2773480762, 1359893119, 2600822924, 528734635, 1541459225 },256))).makeRecordLayer (hkdf.zig:237)
==3813177==    by 0x12731F3: ServerHandshake.installHandshakeKeys (ServerHandshake.zig:1703)
==3813177==    by 0x1232B0B: ServerHandshake.processClientHelloMessage (ServerHandshake.zig:1364)
==3813177==    by 0x1277197: ServerHandshake.handleClientHelloRecord (ServerHandshake.zig:2346)
==3813177==    by 0x1237DC7: ServerHandshake.handleWaitClientHello (ServerHandshake.zig:2231)
==3813177== 
==3813177== 5,760 (960 direct, 4,800 indirect) bytes in 5 blocks are definitely lost in loss record 540 of 578
==3813177==    at 0x4885E30: malloc (in /nix/store/HASH-valgrind-3.27.1/libexec/valgrind/vgpreload_memcheck-arm64-linux.so)
==3813177==    by 0x4B1FDE7: CRYPTO_malloc (in /nix/store/HASH-openssl-3.6.4/lib/libcrypto.so.3)
==3813177==    by 0x4B20053: CRYPTO_zalloc (in /nix/store/HASH-openssl-3.6.4/lib/libcrypto.so.3)
==3813177==    by 0x4ADC9DB: EVP_CIPHER_CTX_new (in /nix/store/HASH-openssl-3.6.4/lib/libcrypto.so.3)
==3813177==    by 0x123DA6F: crypto.backend_openssl.aeadInit (backend_openssl.zig:541)
==3813177==    by 0x122A49F: init (backend.zig:303)
==3813177==    by 0x122A49F: aead.Context.init (aead.zig:138)
==3813177==    by 0x122A253: RecordLayer.init (RecordLayer.zig:79)
==3813177==    by 0x12132E3: hkdf.Hkdf(crypto.hmac.Hmac(crypto.sha2.Sha2x32(.{ 1779033703, 3144134277, 1013904242, 2773480762, 1359893119, 2600822924, 528734635, 1541459225 },256))).makeRecordLayer (hkdf.zig:237)
==3813177==    by 0x12731F3: ServerHandshake.installHandshakeKeys (ServerHandshake.zig:1703)
==3813177==    by 0x1232B0B: ServerHandshake.processClientHelloMessage (ServerHandshake.zig:1364)
==3813177==    by 0x1277197: ServerHandshake.handleClientHelloRecord (ServerHandshake.zig:2346)
==3813177==    by 0x1237DC7: ServerHandshake.handleWaitClientHello (ServerHandshake.zig:2231)
==3813177== 
==3813177== 6,720 bytes in 7 blocks are indirectly lost in loss record 541 of 578
==3813177==    at 0x4885E30: malloc (in /nix/store/HASH-valgrind-3.27.1/libexec/valgrind/vgpreload_memcheck-arm64-linux.so)
==3813177==    by 0x4B1FDE7: CRYPTO_malloc (in /nix/store/HASH-openssl-3.6.4/lib/libcrypto.so.3)
==3813177==    by 0x4B20053: CRYPTO_zalloc (in /nix/store/HASH-openssl-3.6.4/lib/libcrypto.so.3)
==3813177==    by 0x4C19DAF: aes128gcm_newctx (in /nix/store/HASH-openssl-3.6.4/lib/libcrypto.so.3)
==3813177==    by 0x4AE067B: evp_cipher_init_internal (in /nix/store/HASH-openssl-3.6.4/lib/libcrypto.so.3)
==3813177==    by 0x123DAE3: crypto.backend_openssl.aeadInit (backend_openssl.zig:544)
==3813177==    by 0x122A49F: init (backend.zig:303)
==3813177==    by 0x122A49F: aead.Context.init (aead.zig:138)
==3813177==    by 0x122A253: RecordLayer.init (RecordLayer.zig:79)
==3813177==    by 0x12132E3: hkdf.Hkdf(crypto.hmac.Hmac(crypto.sha2.Sha2x32(.{ 1779033703, 3144134277, 1013904242, 2773480762, 1359893119, 2600822924, 528734635, 1541459225 },256))).makeRecordLayer (hkdf.zig:237)
==3813177==    by 0x128CB37: suite_state.HashArm(hkdf.Hkdf(crypto.hmac.Hmac(crypto.sha2.Sha2x32(.{ 1779033703, 3144134277, 1013904242, 2773480762, 1359893119, 2600822924, 528734635, 1541459225 },256))),crypto.sha2.Sha2x32(.{ 1779033703, 3144134277, 1013904242, 2773480762, 1359893119, 2600822924, 528734635, 1541459225 },256)).ratchetServerKey (suite_state.zig:75)
==3813177==    by 0x126A6DF: ClientHandshake.Suite.ratchetServerKey (ClientHandshake.zig:476)
==3813177==    by 0x1223DBB: ClientHandshake.receivePlaintextRecord (ClientHandshake.zig:2102)
==3813177== 
==3813177== 6,720 bytes in 7 blocks are indirectly lost in loss record 542 of 578
==3813177==    at 0x4885E30: malloc (in /nix/store/HASH-valgrind-3.27.1/libexec/valgrind/vgpreload_memcheck-arm64-linux.so)
==3813177==    by 0x4B1FDE7: CRYPTO_malloc (in /nix/store/HASH-openssl-3.6.4/lib/libcrypto.so.3)
==3813177==    by 0x4B20053: CRYPTO_zalloc (in /nix/store/HASH-openssl-3.6.4/lib/libcrypto.so.3)
==3813177==    by 0x4C19DAF: aes128gcm_newctx (in /nix/store/HASH-openssl-3.6.4/lib/libcrypto.so.3)
==3813177==    by 0x4AE067B: evp_cipher_init_internal (in /nix/store/HASH-openssl-3.6.4/lib/libcrypto.so.3)
==3813177==    by 0x123DC2F: crypto.backend_openssl.aeadInit (backend_openssl.zig:551)
==3813177==    by 0x122A49F: init (backend.zig:303)
==3813177==    by 0x122A49F: aead.Context.init (aead.zig:138)
==3813177==    by 0x122A253: RecordLayer.init (RecordLayer.zig:79)
==3813177==    by 0x12132E3: hkdf.Hkdf(crypto.hmac.Hmac(crypto.sha2.Sha2x32(.{ 1779033703, 3144134277, 1013904242, 2773480762, 1359893119, 2600822924, 528734635, 1541459225 },256))).makeRecordLayer (hkdf.zig:237)
==3813177==    by 0x128CB37: suite_state.HashArm(hkdf.Hkdf(crypto.hmac.Hmac(crypto.sha2.Sha2x32(.{ 1779033703, 3144134277, 1013904242, 2773480762, 1359893119, 2600822924, 528734635, 1541459225 },256))),crypto.sha2.Sha2x32(.{ 1779033703, 3144134277, 1013904242, 2773480762, 1359893119, 2600822924, 528734635, 1541459225 },256)).ratchetServerKey (suite_state.zig:75)
==3813177==    by 0x126A6DF: ClientHandshake.Suite.ratchetServerKey (ClientHandshake.zig:476)
==3813177==    by 0x1223DBB: ClientHandshake.receivePlaintextRecord (ClientHandshake.zig:2102)
==3813177== 
==3813177== 7,952 (1,344 direct, 6,608 indirect) bytes in 7 blocks are definitely lost in loss record 543 of 578
==3813177==    at 0x4885E30: malloc (in /nix/store/HASH-valgrind-3.27.1/libexec/valgrind/vgpreload_memcheck-arm64-linux.so)
==3813177==    by 0x4B1FDE7: CRYPTO_malloc (in /nix/store/HASH-openssl-3.6.4/lib/libcrypto.so.3)
==3813177==    by 0x4B20053: CRYPTO_zalloc (in /nix/store/HASH-openssl-3.6.4/lib/libcrypto.so.3)
==3813177==    by 0x4ADC9DB: EVP_CIPHER_CTX_new (in /nix/store/HASH-openssl-3.6.4/lib/libcrypto.so.3)
==3813177==    by 0x123DA17: crypto.backend_openssl.aeadInit (backend_openssl.zig:539)
==3813177==    by 0x122A49F: init (backend.zig:303)
==3813177==    by 0x122A49F: aead.Context.init (aead.zig:138)
==3813177==    by 0x122A253: RecordLayer.init (RecordLayer.zig:79)
==3813177==    by 0x12132E3: hkdf.Hkdf(crypto.hmac.Hmac(crypto.sha2.Sha2x32(.{ 1779033703, 3144134277, 1013904242, 2773480762, 1359893119, 2600822924, 528734635, 1541459225 },256))).makeRecordLayer (hkdf.zig:237)
==3813177==    by 0x128CB37: suite_state.HashArm(hkdf.Hkdf(crypto.hmac.Hmac(crypto.sha2.Sha2x32(.{ 1779033703, 3144134277, 1013904242, 2773480762, 1359893119, 2600822924, 528734635, 1541459225 },256))),crypto.sha2.Sha2x32(.{ 1779033703, 3144134277, 1013904242, 2773480762, 1359893119, 2600822924, 528734635, 1541459225 },256)).ratchetServerKey (suite_state.zig:75)
==3813177==    by 0x126BA3F: suite_state.Suite.ratchetServerKey (suite_state.zig:107)
==3813177==    by 0x123A7E3: handshake.ratchetKtlsTx__anon_51814 (handshake.zig:220)
==3813177==    by 0x123A617: handshake.sendKeyUpdate__anon_51813 (handshake.zig:196)
==3813177== 
==3813177== 7,952 (1,344 direct, 6,608 indirect) bytes in 7 blocks are definitely lost in loss record 544 of 578
==3813177==    at 0x4885E30: malloc (in /nix/store/HASH-valgrind-3.27.1/libexec/valgrind/vgpreload_memcheck-arm64-linux.so)
==3813177==    by 0x4B1FDE7: CRYPTO_malloc (in /nix/store/HASH-openssl-3.6.4/lib/libcrypto.so.3)
==3813177==    by 0x4B20053: CRYPTO_zalloc (in /nix/store/HASH-openssl-3.6.4/lib/libcrypto.so.3)
==3813177==    by 0x4ADC9DB: EVP_CIPHER_CTX_new (in /nix/store/HASH-openssl-3.6.4/lib/libcrypto.so.3)
==3813177==    by 0x123DA6F: crypto.backend_openssl.aeadInit (backend_openssl.zig:541)
==3813177==    by 0x122A49F: init (backend.zig:303)
==3813177==    by 0x122A49F: aead.Context.init (aead.zig:138)
==3813177==    by 0x122A253: RecordLayer.init (RecordLayer.zig:79)
==3813177==    by 0x12132E3: hkdf.Hkdf(crypto.hmac.Hmac(crypto.sha2.Sha2x32(.{ 1779033703, 3144134277, 1013904242, 2773480762, 1359893119, 2600822924, 528734635, 1541459225 },256))).makeRecordLayer (hkdf.zig:237)
==3813177==    by 0x128CB37: suite_state.HashArm(hkdf.Hkdf(crypto.hmac.Hmac(crypto.sha2.Sha2x32(.{ 1779033703, 3144134277, 1013904242, 2773480762, 1359893119, 2600822924, 528734635, 1541459225 },256))),crypto.sha2.Sha2x32(.{ 1779033703, 3144134277, 1013904242, 2773480762, 1359893119, 2600822924, 528734635, 1541459225 },256)).ratchetServerKey (suite_state.zig:75)
==3813177==    by 0x126BA3F: suite_state.Suite.ratchetServerKey (suite_state.zig:107)
==3813177==    by 0x123A7E3: handshake.ratchetKtlsTx__anon_51814 (handshake.zig:220)
==3813177==    by 0x123A617: handshake.sendKeyUpdate__anon_51813 (handshake.zig:196)
==3813177== 
==3813177== 8,640 bytes in 9 blocks are indirectly lost in loss record 545 of 578
==3813177==    at 0x4885E30: malloc (in /nix/store/HASH-valgrind-3.27.1/libexec/valgrind/vgpreload_memcheck-arm64-linux.so)
==3813177==    by 0x4B1FDE7: CRYPTO_malloc (in /nix/store/HASH-openssl-3.6.4/lib/libcrypto.so.3)
==3813177==    by 0x4B20053: CRYPTO_zalloc (in /nix/store/HASH-openssl-3.6.4/lib/libcrypto.so.3)
==3813177==    by 0x4C19DAF: aes128gcm_newctx (in /nix/store/HASH-openssl-3.6.4/lib/libcrypto.so.3)
==3813177==    by 0x4AE067B: evp_cipher_init_internal (in /nix/store/HASH-openssl-3.6.4/lib/libcrypto.so.3)
==3813177==    by 0x123DAE3: crypto.backend_openssl.aeadInit (backend_openssl.zig:544)
==3813177==    by 0x122A49F: init (backend.zig:303)
==3813177==    by 0x122A49F: aead.Context.init (aead.zig:138)
==3813177==    by 0x122A253: RecordLayer.init (RecordLayer.zig:79)
==3813177==    by 0x12132E3: hkdf.Hkdf(crypto.hmac.Hmac(crypto.sha2.Sha2x32(.{ 1779033703, 3144134277, 1013904242, 2773480762, 1359893119, 2600822924, 528734635, 1541459225 },256))).makeRecordLayer (hkdf.zig:237)
==3813177==    by 0x128D303: suite_state.HashArm(hkdf.Hkdf(crypto.hmac.Hmac(crypto.sha2.Sha2x32(.{ 1779033703, 3144134277, 1013904242, 2773480762, 1359893119, 2600822924, 528734635, 1541459225 },256))),crypto.sha2.Sha2x32(.{ 1779033703, 3144134277, 1013904242, 2773480762, 1359893119, 2600822924, 528734635, 1541459225 },256)).ratchetClientKey (suite_state.zig:67)
==3813177==    by 0x12924E3: suite_state.Suite.ratchetClientKey (suite_state.zig:101)
==3813177==    by 0x127842B: handshake.reassembleServerKeyUpdate__anon_55510 (handshake.zig:280)
==3813177== 
==3813177== 8,640 bytes in 9 blocks are indirectly lost in loss record 546 of 578
==3813177==    at 0x4885E30: malloc (in /nix/store/HASH-valgrind-3.27.1/libexec/valgrind/vgpreload_memcheck-arm64-linux.so)
==3813177==    by 0x4B1FDE7: CRYPTO_malloc (in /nix/store/HASH-openssl-3.6.4/lib/libcrypto.so.3)
==3813177==    by 0x4B20053: CRYPTO_zalloc (in /nix/store/HASH-openssl-3.6.4/lib/libcrypto.so.3)
==3813177==    by 0x4C19DAF: aes128gcm_newctx (in /nix/store/HASH-openssl-3.6.4/lib/libcrypto.so.3)
==3813177==    by 0x4AE067B: evp_cipher_init_internal (in /nix/store/HASH-openssl-3.6.4/lib/libcrypto.so.3)
==3813177==    by 0x123DC2F: crypto.backend_openssl.aeadInit (backend_openssl.zig:551)
==3813177==    by 0x122A49F: init (backend.zig:303)
==3813177==    by 0x122A49F: aead.Context.init (aead.zig:138)
==3813177==    by 0x122A253: RecordLayer.init (RecordLayer.zig:79)
==3813177==    by 0x12132E3: hkdf.Hkdf(crypto.hmac.Hmac(crypto.sha2.Sha2x32(.{ 1779033703, 3144134277, 1013904242, 2773480762, 1359893119, 2600822924, 528734635, 1541459225 },256))).makeRecordLayer (hkdf.zig:237)
==3813177==    by 0x128D303: suite_state.HashArm(hkdf.Hkdf(crypto.hmac.Hmac(crypto.sha2.Sha2x32(.{ 1779033703, 3144134277, 1013904242, 2773480762, 1359893119, 2600822924, 528734635, 1541459225 },256))),crypto.sha2.Sha2x32(.{ 1779033703, 3144134277, 1013904242, 2773480762, 1359893119, 2600822924, 528734635, 1541459225 },256)).ratchetClientKey (suite_state.zig:67)
==3813177==    by 0x12924E3: suite_state.Suite.ratchetClientKey (suite_state.zig:101)
==3813177==    by 0x127842B: handshake.reassembleServerKeyUpdate__anon_55510 (handshake.zig:280)
==3813177== 
==3813177== 9,104 (1,536 direct, 7,568 indirect) bytes in 8 blocks are definitely lost in loss record 547 of 578
==3813177==    at 0x4885E30: malloc (in /nix/store/HASH-valgrind-3.27.1/libexec/valgrind/vgpreload_memcheck-arm64-linux.so)
==3813177==    by 0x4B1FDE7: CRYPTO_malloc (in /nix/store/HASH-openssl-3.6.4/lib/libcrypto.so.3)
==3813177==    by 0x4B20053: CRYPTO_zalloc (in /nix/store/HASH-openssl-3.6.4/lib/libcrypto.so.3)
==3813177==    by 0x4ADC9DB: EVP_CIPHER_CTX_new (in /nix/store/HASH-openssl-3.6.4/lib/libcrypto.so.3)
==3813177==    by 0x123DA17: crypto.backend_openssl.aeadInit (backend_openssl.zig:539)
==3813177==    by 0x122A49F: init (backend.zig:303)
==3813177==    by 0x122A49F: aead.Context.init (aead.zig:138)
==3813177==    by 0x122A253: RecordLayer.init (RecordLayer.zig:79)
==3813177==    by 0x12132E3: hkdf.Hkdf(crypto.hmac.Hmac(crypto.sha2.Sha2x32(.{ 1779033703, 3144134277, 1013904242, 2773480762, 1359893119, 2600822924, 528734635, 1541459225 },256))).makeRecordLayer (hkdf.zig:237)
==3813177==    by 0x128CB37: suite_state.HashArm(hkdf.Hkdf(crypto.hmac.Hmac(crypto.sha2.Sha2x32(.{ 1779033703, 3144134277, 1013904242, 2773480762, 1359893119, 2600822924, 528734635, 1541459225 },256))),crypto.sha2.Sha2x32(.{ 1779033703, 3144134277, 1013904242, 2773480762, 1359893119, 2600822924, 528734635, 1541459225 },256)).ratchetServerKey (suite_state.zig:75)
==3813177==    by 0x126A6DF: ClientHandshake.Suite.ratchetServerKey (ClientHandshake.zig:476)
==3813177==    by 0x1223DBB: ClientHandshake.receivePlaintextRecord (ClientHandshake.zig:2102)
==3813177==    by 0x12236CB: ClientHandshake.receiveRecord (ClientHandshake.zig:2047)
==3813177== 
==3813177== 9,104 (1,536 direct, 7,568 indirect) bytes in 8 blocks are definitely lost in loss record 548 of 578
==3813177==    at 0x4885E30: malloc (in /nix/store/HASH-valgrind-3.27.1/libexec/valgrind/vgpreload_memcheck-arm64-linux.so)
==3813177==    by 0x4B1FDE7: CRYPTO_malloc (in /nix/store/HASH-openssl-3.6.4/lib/libcrypto.so.3)
==3813177==    by 0x4B20053: CRYPTO_zalloc (in /nix/store/HASH-openssl-3.6.4/lib/libcrypto.so.3)
==3813177==    by 0x4ADC9DB: EVP_CIPHER_CTX_new (in /nix/store/HASH-openssl-3.6.4/lib/libcrypto.so.3)
==3813177==    by 0x123DA6F: crypto.backend_openssl.aeadInit (backend_openssl.zig:541)
==3813177==    by 0x122A49F: init (backend.zig:303)
==3813177==    by 0x122A49F: aead.Context.init (aead.zig:138)
==3813177==    by 0x122A253: RecordLayer.init (RecordLayer.zig:79)
==3813177==    by 0x12132E3: hkdf.Hkdf(crypto.hmac.Hmac(crypto.sha2.Sha2x32(.{ 1779033703, 3144134277, 1013904242, 2773480762, 1359893119, 2600822924, 528734635, 1541459225 },256))).makeRecordLayer (hkdf.zig:237)
==3813177==    by 0x128CB37: suite_state.HashArm(hkdf.Hkdf(crypto.hmac.Hmac(crypto.sha2.Sha2x32(.{ 1779033703, 3144134277, 1013904242, 2773480762, 1359893119, 2600822924, 528734635, 1541459225 },256))),crypto.sha2.Sha2x32(.{ 1779033703, 3144134277, 1013904242, 2773480762, 1359893119, 2600822924, 528734635, 1541459225 },256)).ratchetServerKey (suite_state.zig:75)
==3813177==    by 0x126A6DF: ClientHandshake.Suite.ratchetServerKey (ClientHandshake.zig:476)
==3813177==    by 0x1223DBB: ClientHandshake.receivePlaintextRecord (ClientHandshake.zig:2102)
==3813177==    by 0x12236CB: ClientHandshake.receiveRecord (ClientHandshake.zig:2047)
==3813177== 
==3813177== 10,560 bytes in 11 blocks are indirectly lost in loss record 549 of 578
==3813177==    at 0x4885E30: malloc (in /nix/store/HASH-valgrind-3.27.1/libexec/valgrind/vgpreload_memcheck-arm64-linux.so)
==3813177==    by 0x4B1FDE7: CRYPTO_malloc (in /nix/store/HASH-openssl-3.6.4/lib/libcrypto.so.3)
==3813177==    by 0x4B20053: CRYPTO_zalloc (in /nix/store/HASH-openssl-3.6.4/lib/libcrypto.so.3)
==3813177==    by 0x4C19DAF: aes128gcm_newctx (in /nix/store/HASH-openssl-3.6.4/lib/libcrypto.so.3)
==3813177==    by 0x4AE067B: evp_cipher_init_internal (in /nix/store/HASH-openssl-3.6.4/lib/libcrypto.so.3)
==3813177==    by 0x123DAE3: crypto.backend_openssl.aeadInit (backend_openssl.zig:544)
==3813177==    by 0x122A49F: init (backend.zig:303)
==3813177==    by 0x122A49F: aead.Context.init (aead.zig:138)
==3813177==    by 0x122A253: RecordLayer.init (RecordLayer.zig:79)
==3813177==    by 0x12132E3: hkdf.Hkdf(crypto.hmac.Hmac(crypto.sha2.Sha2x32(.{ 1779033703, 3144134277, 1013904242, 2773480762, 1359893119, 2600822924, 528734635, 1541459225 },256))).makeRecordLayer (hkdf.zig:237)
==3813177==    by 0x1222ADB: ClientHandshake.Suite.finishHandshake (ClientHandshake.zig:450)
==3813177==    by 0x1221D0F: ClientHandshake.clientFinished (ClientHandshake.zig:2000)
==3813177==    by 0x14B09AB: ClientHandshake.connectedTestClient (ClientHandshake.zig:3435)
==3813177== 
==3813177== 10,560 bytes in 11 blocks are indirectly lost in loss record 550 of 578
==3813177==    at 0x4885E30: malloc (in /nix/store/HASH-valgrind-3.27.1/libexec/valgrind/vgpreload_memcheck-arm64-linux.so)
==3813177==    by 0x4B1FDE7: CRYPTO_malloc (in /nix/store/HASH-openssl-3.6.4/lib/libcrypto.so.3)
==3813177==    by 0x4B20053: CRYPTO_zalloc (in /nix/store/HASH-openssl-3.6.4/lib/libcrypto.so.3)
==3813177==    by 0x4C19DAF: aes128gcm_newctx (in /nix/store/HASH-openssl-3.6.4/lib/libcrypto.so.3)
==3813177==    by 0x4AE067B: evp_cipher_init_internal (in /nix/store/HASH-openssl-3.6.4/lib/libcrypto.so.3)
==3813177==    by 0x123DC2F: crypto.backend_openssl.aeadInit (backend_openssl.zig:551)
==3813177==    by 0x122A49F: init (backend.zig:303)
==3813177==    by 0x122A49F: aead.Context.init (aead.zig:138)
==3813177==    by 0x122A253: RecordLayer.init (RecordLayer.zig:79)
==3813177==    by 0x12132E3: hkdf.Hkdf(crypto.hmac.Hmac(crypto.sha2.Sha2x32(.{ 1779033703, 3144134277, 1013904242, 2773480762, 1359893119, 2600822924, 528734635, 1541459225 },256))).makeRecordLayer (hkdf.zig:237)
==3813177==    by 0x1222ADB: ClientHandshake.Suite.finishHandshake (ClientHandshake.zig:450)
==3813177==    by 0x1221D0F: ClientHandshake.clientFinished (ClientHandshake.zig:2000)
==3813177==    by 0x14B09AB: ClientHandshake.connectedTestClient (ClientHandshake.zig:3435)
==3813177== 
==3813177== 11,408 (1,920 direct, 9,488 indirect) bytes in 10 blocks are definitely lost in loss record 551 of 578
==3813177==    at 0x4885E30: malloc (in /nix/store/HASH-valgrind-3.27.1/libexec/valgrind/vgpreload_memcheck-arm64-linux.so)
==3813177==    by 0x4B1FDE7: CRYPTO_malloc (in /nix/store/HASH-openssl-3.6.4/lib/libcrypto.so.3)
==3813177==    by 0x4B20053: CRYPTO_zalloc (in /nix/store/HASH-openssl-3.6.4/lib/libcrypto.so.3)
==3813177==    by 0x4ADC9DB: EVP_CIPHER_CTX_new (in /nix/store/HASH-openssl-3.6.4/lib/libcrypto.so.3)
==3813177==    by 0x123DA17: crypto.backend_openssl.aeadInit (backend_openssl.zig:539)
==3813177==    by 0x122A49F: init (backend.zig:303)
==3813177==    by 0x122A49F: aead.Context.init (aead.zig:138)
==3813177==    by 0x122A253: RecordLayer.init (RecordLayer.zig:79)
==3813177==    by 0x12132E3: hkdf.Hkdf(crypto.hmac.Hmac(crypto.sha2.Sha2x32(.{ 1779033703, 3144134277, 1013904242, 2773480762, 1359893119, 2600822924, 528734635, 1541459225 },256))).makeRecordLayer (hkdf.zig:237)
==3813177==    by 0x128D303: suite_state.HashArm(hkdf.Hkdf(crypto.hmac.Hmac(crypto.sha2.Sha2x32(.{ 1779033703, 3144134277, 1013904242, 2773480762, 1359893119, 2600822924, 528734635, 1541459225 },256))),crypto.sha2.Sha2x32(.{ 1779033703, 3144134277, 1013904242, 2773480762, 1359893119, 2600822924, 528734635, 1541459225 },256)).ratchetClientKey (suite_state.zig:67)
==3813177==    by 0x12924E3: suite_state.Suite.ratchetClientKey (suite_state.zig:101)
==3813177==    by 0x127842B: handshake.reassembleServerKeyUpdate__anon_55510 (handshake.zig:280)
==3813177==    by 0x1239F4B: handshake.serverReceivePlaintext__anon_51811 (handshake.zig:323)
==3813177== 
==3813177== 11,408 (1,920 direct, 9,488 indirect) bytes in 10 blocks are definitely lost in loss record 552 of 578
==3813177==    at 0x4885E30: malloc (in /nix/store/HASH-valgrind-3.27.1/libexec/valgrind/vgpreload_memcheck-arm64-linux.so)
==3813177==    by 0x4B1FDE7: CRYPTO_malloc (in /nix/store/HASH-openssl-3.6.4/lib/libcrypto.so.3)
==3813177==    by 0x4B20053: CRYPTO_zalloc (in /nix/store/HASH-openssl-3.6.4/lib/libcrypto.so.3)
==3813177==    by 0x4ADC9DB: EVP_CIPHER_CTX_new (in /nix/store/HASH-openssl-3.6.4/lib/libcrypto.so.3)
==3813177==    by 0x123DA6F: crypto.backend_openssl.aeadInit (backend_openssl.zig:541)
==3813177==    by 0x122A49F: init (backend.zig:303)
==3813177==    by 0x122A49F: aead.Context.init (aead.zig:138)
==3813177==    by 0x122A253: RecordLayer.init (RecordLayer.zig:79)
==3813177==    by 0x12132E3: hkdf.Hkdf(crypto.hmac.Hmac(crypto.sha2.Sha2x32(.{ 1779033703, 3144134277, 1013904242, 2773480762, 1359893119, 2600822924, 528734635, 1541459225 },256))).makeRecordLayer (hkdf.zig:237)
==3813177==    by 0x128D303: suite_state.HashArm(hkdf.Hkdf(crypto.hmac.Hmac(crypto.sha2.Sha2x32(.{ 1779033703, 3144134277, 1013904242, 2773480762, 1359893119, 2600822924, 528734635, 1541459225 },256))),crypto.sha2.Sha2x32(.{ 1779033703, 3144134277, 1013904242, 2773480762, 1359893119, 2600822924, 528734635, 1541459225 },256)).ratchetClientKey (suite_state.zig:67)
==3813177==    by 0x12924E3: suite_state.Suite.ratchetClientKey (suite_state.zig:101)
==3813177==    by 0x127842B: handshake.reassembleServerKeyUpdate__anon_55510 (handshake.zig:280)
==3813177==    by 0x1239F4B: handshake.serverReceivePlaintext__anon_51811 (handshake.zig:323)
==3813177== 
==3813177== 15,360 bytes in 16 blocks are indirectly lost in loss record 553 of 578
==3813177==    at 0x4885E30: malloc (in /nix/store/HASH-valgrind-3.27.1/libexec/valgrind/vgpreload_memcheck-arm64-linux.so)
==3813177==    by 0x4B1FDE7: CRYPTO_malloc (in /nix/store/HASH-openssl-3.6.4/lib/libcrypto.so.3)
==3813177==    by 0x4B20053: CRYPTO_zalloc (in /nix/store/HASH-openssl-3.6.4/lib/libcrypto.so.3)
==3813177==    by 0x4C19DAF: aes128gcm_newctx (in /nix/store/HASH-openssl-3.6.4/lib/libcrypto.so.3)
==3813177==    by 0x4AE067B: evp_cipher_init_internal (in /nix/store/HASH-openssl-3.6.4/lib/libcrypto.so.3)
==3813177==    by 0x123DAE3: crypto.backend_openssl.aeadInit (backend_openssl.zig:544)
==3813177==    by 0x122A49F: init (backend.zig:303)
==3813177==    by 0x122A49F: aead.Context.init (aead.zig:138)
==3813177==    by 0x122A253: RecordLayer.init (RecordLayer.zig:79)
==3813177==    by 0x12132E3: hkdf.Hkdf(crypto.hmac.Hmac(crypto.sha2.Sha2x32(.{ 1779033703, 3144134277, 1013904242, 2773480762, 1359893119, 2600822924, 528734635, 1541459225 },256))).makeRecordLayer (hkdf.zig:237)
==3813177==    by 0x1222A67: ClientHandshake.Suite.finishHandshake (ClientHandshake.zig:448)
==3813177==    by 0x1221D0F: ClientHandshake.clientFinished (ClientHandshake.zig:2000)
==3813177==    by 0x14B09AB: ClientHandshake.connectedTestClient (ClientHandshake.zig:3435)
==3813177== 
==3813177== 15,360 bytes in 16 blocks are indirectly lost in loss record 554 of 578
==3813177==    at 0x4885E30: malloc (in /nix/store/HASH-valgrind-3.27.1/libexec/valgrind/vgpreload_memcheck-arm64-linux.so)
==3813177==    by 0x4B1FDE7: CRYPTO_malloc (in /nix/store/HASH-openssl-3.6.4/lib/libcrypto.so.3)
==3813177==    by 0x4B20053: CRYPTO_zalloc (in /nix/store/HASH-openssl-3.6.4/lib/libcrypto.so.3)
==3813177==    by 0x4C19DAF: aes128gcm_newctx (in /nix/store/HASH-openssl-3.6.4/lib/libcrypto.so.3)
==3813177==    by 0x4AE067B: evp_cipher_init_internal (in /nix/store/HASH-openssl-3.6.4/lib/libcrypto.so.3)
==3813177==    by 0x123DC2F: crypto.backend_openssl.aeadInit (backend_openssl.zig:551)
==3813177==    by 0x122A49F: init (backend.zig:303)
==3813177==    by 0x122A49F: aead.Context.init (aead.zig:138)
==3813177==    by 0x122A253: RecordLayer.init (RecordLayer.zig:79)
==3813177==    by 0x12132E3: hkdf.Hkdf(crypto.hmac.Hmac(crypto.sha2.Sha2x32(.{ 1779033703, 3144134277, 1013904242, 2773480762, 1359893119, 2600822924, 528734635, 1541459225 },256))).makeRecordLayer (hkdf.zig:237)
==3813177==    by 0x1222A67: ClientHandshake.Suite.finishHandshake (ClientHandshake.zig:448)
==3813177==    by 0x1221D0F: ClientHandshake.clientFinished (ClientHandshake.zig:2000)
==3813177==    by 0x14B09AB: ClientHandshake.connectedTestClient (ClientHandshake.zig:3435)
==3813177== 
==3813177== 16,320 bytes in 17 blocks are indirectly lost in loss record 555 of 578
==3813177==    at 0x4885E30: malloc (in /nix/store/HASH-valgrind-3.27.1/libexec/valgrind/vgpreload_memcheck-arm64-linux.so)
==3813177==    by 0x4B1FDE7: CRYPTO_malloc (in /nix/store/HASH-openssl-3.6.4/lib/libcrypto.so.3)
==3813177==    by 0x4B20053: CRYPTO_zalloc (in /nix/store/HASH-openssl-3.6.4/lib/libcrypto.so.3)
==3813177==    by 0x4C19DAF: aes128gcm_newctx (in /nix/store/HASH-openssl-3.6.4/lib/libcrypto.so.3)
==3813177==    by 0x4AE067B: evp_cipher_init_internal (in /nix/store/HASH-openssl-3.6.4/lib/libcrypto.so.3)
==3813177==    by 0x123DAE3: crypto.backend_openssl.aeadInit (backend_openssl.zig:544)
==3813177==    by 0x122A49F: init (backend.zig:303)
==3813177==    by 0x122A49F: aead.Context.init (aead.zig:138)
==3813177==    by 0x122A253: RecordLayer.init (RecordLayer.zig:79)
==3813177==    by 0x12132E3: hkdf.Hkdf(crypto.hmac.Hmac(crypto.sha2.Sha2x32(.{ 1779033703, 3144134277, 1013904242, 2773480762, 1359893119, 2600822924, 528734635, 1541459225 },256))).makeRecordLayer (hkdf.zig:237)
==3813177==    by 0x12731F3: ServerHandshake.installHandshakeKeys (ServerHandshake.zig:1703)
==3813177==    by 0x1232B0B: ServerHandshake.processClientHelloMessage (ServerHandshake.zig:1364)
==3813177==    by 0x122FF83: ServerHandshake.acceptClientHello (ServerHandshake.zig:991)
==3813177== 
==3813177== 16,320 bytes in 17 blocks are indirectly lost in loss record 556 of 578
==3813177==    at 0x4885E30: malloc (in /nix/store/HASH-valgrind-3.27.1/libexec/valgrind/vgpreload_memcheck-arm64-linux.so)
==3813177==    by 0x4B1FDE7: CRYPTO_malloc (in /nix/store/HASH-openssl-3.6.4/lib/libcrypto.so.3)
==3813177==    by 0x4B20053: CRYPTO_zalloc (in /nix/store/HASH-openssl-3.6.4/lib/libcrypto.so.3)
==3813177==    by 0x4C19DAF: aes128gcm_newctx (in /nix/store/HASH-openssl-3.6.4/lib/libcrypto.so.3)
==3813177==    by 0x4AE067B: evp_cipher_init_internal (in /nix/store/HASH-openssl-3.6.4/lib/libcrypto.so.3)
==3813177==    by 0x123DC2F: crypto.backend_openssl.aeadInit (backend_openssl.zig:551)
==3813177==    by 0x122A49F: init (backend.zig:303)
==3813177==    by 0x122A49F: aead.Context.init (aead.zig:138)
==3813177==    by 0x122A253: RecordLayer.init (RecordLayer.zig:79)
==3813177==    by 0x12132E3: hkdf.Hkdf(crypto.hmac.Hmac(crypto.sha2.Sha2x32(.{ 1779033703, 3144134277, 1013904242, 2773480762, 1359893119, 2600822924, 528734635, 1541459225 },256))).makeRecordLayer (hkdf.zig:237)
==3813177==    by 0x12731F3: ServerHandshake.installHandshakeKeys (ServerHandshake.zig:1703)
==3813177==    by 0x1232B0B: ServerHandshake.processClientHelloMessage (ServerHandshake.zig:1364)
==3813177==    by 0x122FF83: ServerHandshake.acceptClientHello (ServerHandshake.zig:991)
==3813177== 
==3813177== 16,320 bytes in 17 blocks are indirectly lost in loss record 557 of 578
==3813177==    at 0x4885E30: malloc (in /nix/store/HASH-valgrind-3.27.1/libexec/valgrind/vgpreload_memcheck-arm64-linux.so)
==3813177==    by 0x4B1FDE7: CRYPTO_malloc (in /nix/store/HASH-openssl-3.6.4/lib/libcrypto.so.3)
==3813177==    by 0x4B20053: CRYPTO_zalloc (in /nix/store/HASH-openssl-3.6.4/lib/libcrypto.so.3)
==3813177==    by 0x4C19DAF: aes128gcm_newctx (in /nix/store/HASH-openssl-3.6.4/lib/libcrypto.so.3)
==3813177==    by 0x4AE067B: evp_cipher_init_internal (in /nix/store/HASH-openssl-3.6.4/lib/libcrypto.so.3)
==3813177==    by 0x123DAE3: crypto.backend_openssl.aeadInit (backend_openssl.zig:544)
==3813177==    by 0x122A49F: init (backend.zig:303)
==3813177==    by 0x122A49F: aead.Context.init (aead.zig:138)
==3813177==    by 0x122A253: RecordLayer.init (RecordLayer.zig:79)
==3813177==    by 0x12132E3: hkdf.Hkdf(crypto.hmac.Hmac(crypto.sha2.Sha2x32(.{ 1779033703, 3144134277, 1013904242, 2773480762, 1359893119, 2600822924, 528734635, 1541459225 },256))).makeRecordLayer (hkdf.zig:237)
==3813177==    by 0x12748CF: ServerHandshake.prepareServerApplicationWriteKey (ServerHandshake.zig:2020)
==3813177==    by 0x1234AB3: ServerHandshake.encryptServerFlight (ServerHandshake.zig:1982)
==3813177==    by 0x12330D7: ServerHandshake.sendCertificateChainFlight (ServerHandshake.zig:1814)
==3813177== 
==3813177== 16,320 bytes in 17 blocks are indirectly lost in loss record 558 of 578
==3813177==    at 0x4885E30: malloc (in /nix/store/HASH-valgrind-3.27.1/libexec/valgrind/vgpreload_memcheck-arm64-linux.so)
==3813177==    by 0x4B1FDE7: CRYPTO_malloc (in /nix/store/HASH-openssl-3.6.4/lib/libcrypto.so.3)
==3813177==    by 0x4B20053: CRYPTO_zalloc (in /nix/store/HASH-openssl-3.6.4/lib/libcrypto.so.3)
==3813177==    by 0x4C19DAF: aes128gcm_newctx (in /nix/store/HASH-openssl-3.6.4/lib/libcrypto.so.3)
==3813177==    by 0x4AE067B: evp_cipher_init_internal (in /nix/store/HASH-openssl-3.6.4/lib/libcrypto.so.3)
==3813177==    by 0x123DC2F: crypto.backend_openssl.aeadInit (backend_openssl.zig:551)
==3813177==    by 0x122A49F: init (backend.zig:303)
==3813177==    by 0x122A49F: aead.Context.init (aead.zig:138)
==3813177==    by 0x122A253: RecordLayer.init (RecordLayer.zig:79)
==3813177==    by 0x12132E3: hkdf.Hkdf(crypto.hmac.Hmac(crypto.sha2.Sha2x32(.{ 1779033703, 3144134277, 1013904242, 2773480762, 1359893119, 2600822924, 528734635, 1541459225 },256))).makeRecordLayer (hkdf.zig:237)
==3813177==    by 0x12748CF: ServerHandshake.prepareServerApplicationWriteKey (ServerHandshake.zig:2020)
==3813177==    by 0x1234AB3: ServerHandshake.encryptServerFlight (ServerHandshake.zig:1982)
==3813177==    by 0x12330D7: ServerHandshake.sendCertificateChainFlight (ServerHandshake.zig:1814)
==3813177== 
==3813177== 18,240 bytes in 19 blocks are indirectly lost in loss record 559 of 578
==3813177==    at 0x4885E30: malloc (in /nix/store/HASH-valgrind-3.27.1/libexec/valgrind/vgpreload_memcheck-arm64-linux.so)
==3813177==    by 0x4B1FDE7: CRYPTO_malloc (in /nix/store/HASH-openssl-3.6.4/lib/libcrypto.so.3)
==3813177==    by 0x4B20053: CRYPTO_zalloc (in /nix/store/HASH-openssl-3.6.4/lib/libcrypto.so.3)
==3813177==    by 0x4C19DAF: aes128gcm_newctx (in /nix/store/HASH-openssl-3.6.4/lib/libcrypto.so.3)
==3813177==    by 0x4AE067B: evp_cipher_init_internal (in /nix/store/HASH-openssl-3.6.4/lib/libcrypto.so.3)
==3813177==    by 0x123DAE3: crypto.backend_openssl.aeadInit (backend_openssl.zig:544)
==3813177==    by 0x122A49F: init (backend.zig:303)
==3813177==    by 0x122A49F: aead.Context.init (aead.zig:138)
==3813177==    by 0x122A253: RecordLayer.init (RecordLayer.zig:79)
==3813177==    by 0x12132E3: hkdf.Hkdf(crypto.hmac.Hmac(crypto.sha2.Sha2x32(.{ 1779033703, 3144134277, 1013904242, 2773480762, 1359893119, 2600822924, 528734635, 1541459225 },256))).makeRecordLayer (hkdf.zig:237)
==3813177==    by 0x1222A67: ClientHandshake.Suite.finishHandshake (ClientHandshake.zig:448)
==3813177==    by 0x1221D0F: ClientHandshake.clientFinished (ClientHandshake.zig:2000)
==3813177==    by 0x1214EFB: ClientHandshake.processHandshakeRecord (ClientHandshake.zig:1260)
==3813177== 
==3813177== 18,240 bytes in 19 blocks are indirectly lost in loss record 560 of 578
==3813177==    at 0x4885E30: malloc (in /nix/store/HASH-valgrind-3.27.1/libexec/valgrind/vgpreload_memcheck-arm64-linux.so)
==3813177==    by 0x4B1FDE7: CRYPTO_malloc (in /nix/store/HASH-openssl-3.6.4/lib/libcrypto.so.3)
==3813177==    by 0x4B20053: CRYPTO_zalloc (in /nix/store/HASH-openssl-3.6.4/lib/libcrypto.so.3)
==3813177==    by 0x4C19DAF: aes128gcm_newctx (in /nix/store/HASH-openssl-3.6.4/lib/libcrypto.so.3)
==3813177==    by 0x4AE067B: evp_cipher_init_internal (in /nix/store/HASH-openssl-3.6.4/lib/libcrypto.so.3)
==3813177==    by 0x123DC2F: crypto.backend_openssl.aeadInit (backend_openssl.zig:551)
==3813177==    by 0x122A49F: init (backend.zig:303)
==3813177==    by 0x122A49F: aead.Context.init (aead.zig:138)
==3813177==    by 0x122A253: RecordLayer.init (RecordLayer.zig:79)
==3813177==    by 0x12132E3: hkdf.Hkdf(crypto.hmac.Hmac(crypto.sha2.Sha2x32(.{ 1779033703, 3144134277, 1013904242, 2773480762, 1359893119, 2600822924, 528734635, 1541459225 },256))).makeRecordLayer (hkdf.zig:237)
==3813177==    by 0x1222A67: ClientHandshake.Suite.finishHandshake (ClientHandshake.zig:448)
==3813177==    by 0x1221D0F: ClientHandshake.clientFinished (ClientHandshake.zig:2000)
==3813177==    by 0x1214EFB: ClientHandshake.processHandshakeRecord (ClientHandshake.zig:1260)
==3813177== 
==3813177== 18,240 bytes in 19 blocks are indirectly lost in loss record 561 of 578
==3813177==    at 0x4885E30: malloc (in /nix/store/HASH-valgrind-3.27.1/libexec/valgrind/vgpreload_memcheck-arm64-linux.so)
==3813177==    by 0x4B1FDE7: CRYPTO_malloc (in /nix/store/HASH-openssl-3.6.4/lib/libcrypto.so.3)
==3813177==    by 0x4B20053: CRYPTO_zalloc (in /nix/store/HASH-openssl-3.6.4/lib/libcrypto.so.3)
==3813177==    by 0x4C19DAF: aes128gcm_newctx (in /nix/store/HASH-openssl-3.6.4/lib/libcrypto.so.3)
==3813177==    by 0x4AE067B: evp_cipher_init_internal (in /nix/store/HASH-openssl-3.6.4/lib/libcrypto.so.3)
==3813177==    by 0x123DAE3: crypto.backend_openssl.aeadInit (backend_openssl.zig:544)
==3813177==    by 0x122A49F: init (backend.zig:303)
==3813177==    by 0x122A49F: aead.Context.init (aead.zig:138)
==3813177==    by 0x122A253: RecordLayer.init (RecordLayer.zig:79)
==3813177==    by 0x12132E3: hkdf.Hkdf(crypto.hmac.Hmac(crypto.sha2.Sha2x32(.{ 1779033703, 3144134277, 1013904242, 2773480762, 1359893119, 2600822924, 528734635, 1541459225 },256))).makeRecordLayer (hkdf.zig:237)
==3813177==    by 0x1222ADB: ClientHandshake.Suite.finishHandshake (ClientHandshake.zig:450)
==3813177==    by 0x1221D0F: ClientHandshake.clientFinished (ClientHandshake.zig:2000)
==3813177==    by 0x1214EFB: ClientHandshake.processHandshakeRecord (ClientHandshake.zig:1260)
==3813177== 
==3813177== 18,240 bytes in 19 blocks are indirectly lost in loss record 562 of 578
==3813177==    at 0x4885E30: malloc (in /nix/store/HASH-valgrind-3.27.1/libexec/valgrind/vgpreload_memcheck-arm64-linux.so)
==3813177==    by 0x4B1FDE7: CRYPTO_malloc (in /nix/store/HASH-openssl-3.6.4/lib/libcrypto.so.3)
==3813177==    by 0x4B20053: CRYPTO_zalloc (in /nix/store/HASH-openssl-3.6.4/lib/libcrypto.so.3)
==3813177==    by 0x4C19DAF: aes128gcm_newctx (in /nix/store/HASH-openssl-3.6.4/lib/libcrypto.so.3)
==3813177==    by 0x4AE067B: evp_cipher_init_internal (in /nix/store/HASH-openssl-3.6.4/lib/libcrypto.so.3)
==3813177==    by 0x123DC2F: crypto.backend_openssl.aeadInit (backend_openssl.zig:551)
==3813177==    by 0x122A49F: init (backend.zig:303)
==3813177==    by 0x122A49F: aead.Context.init (aead.zig:138)
==3813177==    by 0x122A253: RecordLayer.init (RecordLayer.zig:79)
==3813177==    by 0x12132E3: hkdf.Hkdf(crypto.hmac.Hmac(crypto.sha2.Sha2x32(.{ 1779033703, 3144134277, 1013904242, 2773480762, 1359893119, 2600822924, 528734635, 1541459225 },256))).makeRecordLayer (hkdf.zig:237)
==3813177==    by 0x1222ADB: ClientHandshake.Suite.finishHandshake (ClientHandshake.zig:450)
==3813177==    by 0x1221D0F: ClientHandshake.clientFinished (ClientHandshake.zig:2000)
==3813177==    by 0x1214EFB: ClientHandshake.processHandshakeRecord (ClientHandshake.zig:1260)
==3813177== 
==3813177== 18,432 (3,072 direct, 15,360 indirect) bytes in 16 blocks are definitely lost in loss record 563 of 578
==3813177==    at 0x4885E30: malloc (in /nix/store/HASH-valgrind-3.27.1/libexec/valgrind/vgpreload_memcheck-arm64-linux.so)
==3813177==    by 0x4B1FDE7: CRYPTO_malloc (in /nix/store/HASH-openssl-3.6.4/lib/libcrypto.so.3)
==3813177==    by 0x4B20053: CRYPTO_zalloc (in /nix/store/HASH-openssl-3.6.4/lib/libcrypto.so.3)
==3813177==    by 0x4ADC9DB: EVP_CIPHER_CTX_new (in /nix/store/HASH-openssl-3.6.4/lib/libcrypto.so.3)
==3813177==    by 0x123DA17: crypto.backend_openssl.aeadInit (backend_openssl.zig:539)
==3813177==    by 0x122A49F: init (backend.zig:303)
==3813177==    by 0x122A49F: aead.Context.init (aead.zig:138)
==3813177==    by 0x122A253: RecordLayer.init (RecordLayer.zig:79)
==3813177==    by 0x12132E3: hkdf.Hkdf(crypto.hmac.Hmac(crypto.sha2.Sha2x32(.{ 1779033703, 3144134277, 1013904242, 2773480762, 1359893119, 2600822924, 528734635, 1541459225 },256))).makeRecordLayer (hkdf.zig:237)
==3813177==    by 0x12755FF: ServerHandshake.verifyClientFinished (ServerHandshake.zig:2149)
==3813177==    by 0x1236B93: ServerHandshake.processClientFinishedPlaintext (ServerHandshake.zig:2117)
==3813177==    by 0x1236073: ServerHandshake.processClientFinished (ServerHandshake.zig:2046)
==3813177==    by 0x151BE37: ServerHandshake.connectedTestServerConfigure (ServerHandshake.zig:4591)
==3813177== 
==3813177== 18,432 (3,072 direct, 15,360 indirect) bytes in 16 blocks are definitely lost in loss record 564 of 578
==3813177==    at 0x4885E30: malloc (in /nix/store/HASH-valgrind-3.27.1/libexec/valgrind/vgpreload_memcheck-arm64-linux.so)
==3813177==    by 0x4B1FDE7: CRYPTO_malloc (in /nix/store/HASH-openssl-3.6.4/lib/libcrypto.so.3)
==3813177==    by 0x4B20053: CRYPTO_zalloc (in /nix/store/HASH-openssl-3.6.4/lib/libcrypto.so.3)
==3813177==    by 0x4ADC9DB: EVP_CIPHER_CTX_new (in /nix/store/HASH-openssl-3.6.4/lib/libcrypto.so.3)
==3813177==    by 0x123DA6F: crypto.backend_openssl.aeadInit (backend_openssl.zig:541)
==3813177==    by 0x122A49F: init (backend.zig:303)
==3813177==    by 0x122A49F: aead.Context.init (aead.zig:138)
==3813177==    by 0x122A253: RecordLayer.init (RecordLayer.zig:79)
==3813177==    by 0x12132E3: hkdf.Hkdf(crypto.hmac.Hmac(crypto.sha2.Sha2x32(.{ 1779033703, 3144134277, 1013904242, 2773480762, 1359893119, 2600822924, 528734635, 1541459225 },256))).makeRecordLayer (hkdf.zig:237)
==3813177==    by 0x12755FF: ServerHandshake.verifyClientFinished (ServerHandshake.zig:2149)
==3813177==    by 0x1236B93: ServerHandshake.processClientFinishedPlaintext (ServerHandshake.zig:2117)
==3813177==    by 0x1236073: ServerHandshake.processClientFinished (ServerHandshake.zig:2046)
==3813177==    by 0x151BE37: ServerHandshake.connectedTestServerConfigure (ServerHandshake.zig:4591)
==3813177== 
==3813177== 20,624 (3,456 direct, 17,168 indirect) bytes in 18 blocks are definitely lost in loss record 565 of 578
==3813177==    at 0x4885E30: malloc (in /nix/store/HASH-valgrind-3.27.1/libexec/valgrind/vgpreload_memcheck-arm64-linux.so)
==3813177==    by 0x4B1FDE7: CRYPTO_malloc (in /nix/store/HASH-openssl-3.6.4/lib/libcrypto.so.3)
==3813177==    by 0x4B20053: CRYPTO_zalloc (in /nix/store/HASH-openssl-3.6.4/lib/libcrypto.so.3)
==3813177==    by 0x4ADC9DB: EVP_CIPHER_CTX_new (in /nix/store/HASH-openssl-3.6.4/lib/libcrypto.so.3)
==3813177==    by 0x123DA6F: crypto.backend_openssl.aeadInit (backend_openssl.zig:541)
==3813177==    by 0x122A49F: init (backend.zig:303)
==3813177==    by 0x122A49F: aead.Context.init (aead.zig:138)
==3813177==    by 0x122A253: RecordLayer.init (RecordLayer.zig:79)
==3813177==    by 0x12132E3: hkdf.Hkdf(crypto.hmac.Hmac(crypto.sha2.Sha2x32(.{ 1779033703, 3144134277, 1013904242, 2773480762, 1359893119, 2600822924, 528734635, 1541459225 },256))).makeRecordLayer (hkdf.zig:237)
==3813177==    by 0x12748CF: ServerHandshake.prepareServerApplicationWriteKey (ServerHandshake.zig:2020)
==3813177==    by 0x1234AB3: ServerHandshake.encryptServerFlight (ServerHandshake.zig:1982)
==3813177==    by 0x12330D7: ServerHandshake.sendCertificateChainFlight (ServerHandshake.zig:1814)
==3813177==    by 0x1232F43: ServerHandshake.sendAuthenticatedFlight (ServerHandshake.zig:1796)
==3813177== 
==3813177== 20,938 (3,456 direct, 17,482 indirect) bytes in 18 blocks are definitely lost in loss record 566 of 578
==3813177==    at 0x4885E30: malloc (in /nix/store/HASH-valgrind-3.27.1/libexec/valgrind/vgpreload_memcheck-arm64-linux.so)
==3813177==    by 0x4B1FDE7: CRYPTO_malloc (in /nix/store/HASH-openssl-3.6.4/lib/libcrypto.so.3)
==3813177==    by 0x4B20053: CRYPTO_zalloc (in /nix/store/HASH-openssl-3.6.4/lib/libcrypto.so.3)
==3813177==    by 0x4ADC9DB: EVP_CIPHER_CTX_new (in /nix/store/HASH-openssl-3.6.4/lib/libcrypto.so.3)
==3813177==    by 0x123DA17: crypto.backend_openssl.aeadInit (backend_openssl.zig:539)
==3813177==    by 0x122A49F: init (backend.zig:303)
==3813177==    by 0x122A49F: aead.Context.init (aead.zig:138)
==3813177==    by 0x122A253: RecordLayer.init (RecordLayer.zig:79)
==3813177==    by 0x12132E3: hkdf.Hkdf(crypto.hmac.Hmac(crypto.sha2.Sha2x32(.{ 1779033703, 3144134277, 1013904242, 2773480762, 1359893119, 2600822924, 528734635, 1541459225 },256))).makeRecordLayer (hkdf.zig:237)
==3813177==    by 0x12748CF: ServerHandshake.prepareServerApplicationWriteKey (ServerHandshake.zig:2020)
==3813177==    by 0x1234AB3: ServerHandshake.encryptServerFlight (ServerHandshake.zig:1982)
==3813177==    by 0x12330D7: ServerHandshake.sendCertificateChainFlight (ServerHandshake.zig:1814)
==3813177==    by 0x1232F43: ServerHandshake.sendAuthenticatedFlight (ServerHandshake.zig:1796)
==3813177== 
==3813177== 21,888 (3,648 direct, 18,240 indirect) bytes in 19 blocks are definitely lost in loss record 567 of 578
==3813177==    at 0x4885E30: malloc (in /nix/store/HASH-valgrind-3.27.1/libexec/valgrind/vgpreload_memcheck-arm64-linux.so)
==3813177==    by 0x4B1FDE7: CRYPTO_malloc (in /nix/store/HASH-openssl-3.6.4/lib/libcrypto.so.3)
==3813177==    by 0x4B20053: CRYPTO_zalloc (in /nix/store/HASH-openssl-3.6.4/lib/libcrypto.so.3)
==3813177==    by 0x4ADC9DB: EVP_CIPHER_CTX_new (in /nix/store/HASH-openssl-3.6.4/lib/libcrypto.so.3)
==3813177==    by 0x123DA17: crypto.backend_openssl.aeadInit (backend_openssl.zig:539)
==3813177==    by 0x122A49F: init (backend.zig:303)
==3813177==    by 0x122A49F: aead.Context.init (aead.zig:138)
==3813177==    by 0x122A253: RecordLayer.init (RecordLayer.zig:79)
==3813177==    by 0x12132E3: hkdf.Hkdf(crypto.hmac.Hmac(crypto.sha2.Sha2x32(.{ 1779033703, 3144134277, 1013904242, 2773480762, 1359893119, 2600822924, 528734635, 1541459225 },256))).makeRecordLayer (hkdf.zig:237)
==3813177==    by 0x12748CF: ServerHandshake.prepareServerApplicationWriteKey (ServerHandshake.zig:2020)
==3813177==    by 0x1234AB3: ServerHandshake.encryptServerFlight (ServerHandshake.zig:1982)
==3813177==    by 0x151C1B7: ServerHandshake.sendAnonymousFlightForTest (ServerHandshake.zig:1744)
==3813177==    by 0x151B817: ServerHandshake.connectedTestServerConfigure (ServerHandshake.zig:4573)
==3813177== 
==3813177== 21,888 (3,648 direct, 18,240 indirect) bytes in 19 blocks are definitely lost in loss record 568 of 578
==3813177==    at 0x4885E30: malloc (in /nix/store/HASH-valgrind-3.27.1/libexec/valgrind/vgpreload_memcheck-arm64-linux.so)
==3813177==    by 0x4B1FDE7: CRYPTO_malloc (in /nix/store/HASH-openssl-3.6.4/lib/libcrypto.so.3)
==3813177==    by 0x4B20053: CRYPTO_zalloc (in /nix/store/HASH-openssl-3.6.4/lib/libcrypto.so.3)
==3813177==    by 0x4ADC9DB: EVP_CIPHER_CTX_new (in /nix/store/HASH-openssl-3.6.4/lib/libcrypto.so.3)
==3813177==    by 0x123DA6F: crypto.backend_openssl.aeadInit (backend_openssl.zig:541)
==3813177==    by 0x122A49F: init (backend.zig:303)
==3813177==    by 0x122A49F: aead.Context.init (aead.zig:138)
==3813177==    by 0x122A253: RecordLayer.init (RecordLayer.zig:79)
==3813177==    by 0x12132E3: hkdf.Hkdf(crypto.hmac.Hmac(crypto.sha2.Sha2x32(.{ 1779033703, 3144134277, 1013904242, 2773480762, 1359893119, 2600822924, 528734635, 1541459225 },256))).makeRecordLayer (hkdf.zig:237)
==3813177==    by 0x12748CF: ServerHandshake.prepareServerApplicationWriteKey (ServerHandshake.zig:2020)
==3813177==    by 0x1234AB3: ServerHandshake.encryptServerFlight (ServerHandshake.zig:1982)
==3813177==    by 0x151C1B7: ServerHandshake.sendAnonymousFlightForTest (ServerHandshake.zig:1744)
==3813177==    by 0x151B817: ServerHandshake.connectedTestServerConfigure (ServerHandshake.zig:4573)
==3813177== 
==3813177== 22,928 (3,840 direct, 19,088 indirect) bytes in 20 blocks are definitely lost in loss record 569 of 578
==3813177==    at 0x4885E30: malloc (in /nix/store/HASH-valgrind-3.27.1/libexec/valgrind/vgpreload_memcheck-arm64-linux.so)
==3813177==    by 0x4B1FDE7: CRYPTO_malloc (in /nix/store/HASH-openssl-3.6.4/lib/libcrypto.so.3)
==3813177==    by 0x4B20053: CRYPTO_zalloc (in /nix/store/HASH-openssl-3.6.4/lib/libcrypto.so.3)
==3813177==    by 0x4ADC9DB: EVP_CIPHER_CTX_new (in /nix/store/HASH-openssl-3.6.4/lib/libcrypto.so.3)
==3813177==    by 0x123DA6F: crypto.backend_openssl.aeadInit (backend_openssl.zig:541)
==3813177==    by 0x122A49F: init (backend.zig:303)
==3813177==    by 0x122A49F: aead.Context.init (aead.zig:138)
==3813177==    by 0x122A253: RecordLayer.init (RecordLayer.zig:79)
==3813177==    by 0x12132E3: hkdf.Hkdf(crypto.hmac.Hmac(crypto.sha2.Sha2x32(.{ 1779033703, 3144134277, 1013904242, 2773480762, 1359893119, 2600822924, 528734635, 1541459225 },256))).makeRecordLayer (hkdf.zig:237)
==3813177==    by 0x1222A67: ClientHandshake.Suite.finishHandshake (ClientHandshake.zig:448)
==3813177==    by 0x1221D0F: ClientHandshake.clientFinished (ClientHandshake.zig:2000)
==3813177==    by 0x1214EFB: ClientHandshake.processHandshakeRecord (ClientHandshake.zig:1260)
==3813177==    by 0x1213C4B: ClientHandshake.handleRecord (ClientHandshake.zig:1101)
==3813177== 
==3813177== 22,928 (3,840 direct, 19,088 indirect) bytes in 20 blocks are definitely lost in loss record 570 of 578
==3813177==    at 0x4885E30: malloc (in /nix/store/HASH-valgrind-3.27.1/libexec/valgrind/vgpreload_memcheck-arm64-linux.so)
==3813177==    by 0x4B1FDE7: CRYPTO_malloc (in /nix/store/HASH-openssl-3.6.4/lib/libcrypto.so.3)
==3813177==    by 0x4B20053: CRYPTO_zalloc (in /nix/store/HASH-openssl-3.6.4/lib/libcrypto.so.3)
==3813177==    by 0x4ADC9DB: EVP_CIPHER_CTX_new (in /nix/store/HASH-openssl-3.6.4/lib/libcrypto.so.3)
==3813177==    by 0x123DA17: crypto.backend_openssl.aeadInit (backend_openssl.zig:539)
==3813177==    by 0x122A49F: init (backend.zig:303)
==3813177==    by 0x122A49F: aead.Context.init (aead.zig:138)
==3813177==    by 0x122A253: RecordLayer.init (RecordLayer.zig:79)
==3813177==    by 0x12132E3: hkdf.Hkdf(crypto.hmac.Hmac(crypto.sha2.Sha2x32(.{ 1779033703, 3144134277, 1013904242, 2773480762, 1359893119, 2600822924, 528734635, 1541459225 },256))).makeRecordLayer (hkdf.zig:237)
==3813177==    by 0x1222ADB: ClientHandshake.Suite.finishHandshake (ClientHandshake.zig:450)
==3813177==    by 0x1221D0F: ClientHandshake.clientFinished (ClientHandshake.zig:2000)
==3813177==    by 0x1214EFB: ClientHandshake.processHandshakeRecord (ClientHandshake.zig:1260)
==3813177==    by 0x1213C4B: ClientHandshake.handleRecord (ClientHandshake.zig:1101)
==3813177== 
==3813177== 22,928 (3,840 direct, 19,088 indirect) bytes in 20 blocks are definitely lost in loss record 571 of 578
==3813177==    at 0x4885E30: malloc (in /nix/store/HASH-valgrind-3.27.1/libexec/valgrind/vgpreload_memcheck-arm64-linux.so)
==3813177==    by 0x4B1FDE7: CRYPTO_malloc (in /nix/store/HASH-openssl-3.6.4/lib/libcrypto.so.3)
==3813177==    by 0x4B20053: CRYPTO_zalloc (in /nix/store/HASH-openssl-3.6.4/lib/libcrypto.so.3)
==3813177==    by 0x4ADC9DB: EVP_CIPHER_CTX_new (in /nix/store/HASH-openssl-3.6.4/lib/libcrypto.so.3)
==3813177==    by 0x123DA6F: crypto.backend_openssl.aeadInit (backend_openssl.zig:541)
==3813177==    by 0x122A49F: init (backend.zig:303)
==3813177==    by 0x122A49F: aead.Context.init (aead.zig:138)
==3813177==    by 0x122A253: RecordLayer.init (RecordLayer.zig:79)
==3813177==    by 0x12132E3: hkdf.Hkdf(crypto.hmac.Hmac(crypto.sha2.Sha2x32(.{ 1779033703, 3144134277, 1013904242, 2773480762, 1359893119, 2600822924, 528734635, 1541459225 },256))).makeRecordLayer (hkdf.zig:237)
==3813177==    by 0x1222ADB: ClientHandshake.Suite.finishHandshake (ClientHandshake.zig:450)
==3813177==    by 0x1221D0F: ClientHandshake.clientFinished (ClientHandshake.zig:2000)
==3813177==    by 0x1214EFB: ClientHandshake.processHandshakeRecord (ClientHandshake.zig:1260)
==3813177==    by 0x1213C4B: ClientHandshake.handleRecord (ClientHandshake.zig:1101)
==3813177== 
==3813177== 23,040 bytes in 24 blocks are indirectly lost in loss record 572 of 578
==3813177==    at 0x4885E30: malloc (in /nix/store/HASH-valgrind-3.27.1/libexec/valgrind/vgpreload_memcheck-arm64-linux.so)
==3813177==    by 0x4B1FDE7: CRYPTO_malloc (in /nix/store/HASH-openssl-3.6.4/lib/libcrypto.so.3)
==3813177==    by 0x4B20053: CRYPTO_zalloc (in /nix/store/HASH-openssl-3.6.4/lib/libcrypto.so.3)
==3813177==    by 0x4C19DAF: aes128gcm_newctx (in /nix/store/HASH-openssl-3.6.4/lib/libcrypto.so.3)
==3813177==    by 0x4AE067B: evp_cipher_init_internal (in /nix/store/HASH-openssl-3.6.4/lib/libcrypto.so.3)
==3813177==    by 0x123DAE3: crypto.backend_openssl.aeadInit (backend_openssl.zig:544)
==3813177==    by 0x122A49F: init (backend.zig:303)
==3813177==    by 0x122A49F: aead.Context.init (aead.zig:138)
==3813177==    by 0x122A253: RecordLayer.init (RecordLayer.zig:79)
==3813177==    by 0x12132E3: hkdf.Hkdf(crypto.hmac.Hmac(crypto.sha2.Sha2x32(.{ 1779033703, 3144134277, 1013904242, 2773480762, 1359893119, 2600822924, 528734635, 1541459225 },256))).makeRecordLayer (hkdf.zig:237)
==3813177==    by 0x12755FF: ServerHandshake.verifyClientFinished (ServerHandshake.zig:2149)
==3813177==    by 0x1236B93: ServerHandshake.processClientFinishedPlaintext (ServerHandshake.zig:2117)
==3813177==    by 0x1236073: ServerHandshake.processClientFinished (ServerHandshake.zig:2046)
==3813177== 
==3813177== 23,040 bytes in 24 blocks are indirectly lost in loss record 573 of 578
==3813177==    at 0x4885E30: malloc (in /nix/store/HASH-valgrind-3.27.1/libexec/valgrind/vgpreload_memcheck-arm64-linux.so)
==3813177==    by 0x4B1FDE7: CRYPTO_malloc (in /nix/store/HASH-openssl-3.6.4/lib/libcrypto.so.3)
==3813177==    by 0x4B20053: CRYPTO_zalloc (in /nix/store/HASH-openssl-3.6.4/lib/libcrypto.so.3)
==3813177==    by 0x4C19DAF: aes128gcm_newctx (in /nix/store/HASH-openssl-3.6.4/lib/libcrypto.so.3)
==3813177==    by 0x4AE067B: evp_cipher_init_internal (in /nix/store/HASH-openssl-3.6.4/lib/libcrypto.so.3)
==3813177==    by 0x123DC2F: crypto.backend_openssl.aeadInit (backend_openssl.zig:551)
==3813177==    by 0x122A49F: init (backend.zig:303)
==3813177==    by 0x122A49F: aead.Context.init (aead.zig:138)
==3813177==    by 0x122A253: RecordLayer.init (RecordLayer.zig:79)
==3813177==    by 0x12132E3: hkdf.Hkdf(crypto.hmac.Hmac(crypto.sha2.Sha2x32(.{ 1779033703, 3144134277, 1013904242, 2773480762, 1359893119, 2600822924, 528734635, 1541459225 },256))).makeRecordLayer (hkdf.zig:237)
==3813177==    by 0x12755FF: ServerHandshake.verifyClientFinished (ServerHandshake.zig:2149)
==3813177==    by 0x1236B93: ServerHandshake.processClientFinishedPlaintext (ServerHandshake.zig:2117)
==3813177==    by 0x1236073: ServerHandshake.processClientFinished (ServerHandshake.zig:2046)
==3813177== 
==3813177== 23,236 (3,840 direct, 19,396 indirect) bytes in 20 blocks are definitely lost in loss record 574 of 578
==3813177==    at 0x4885E30: malloc (in /nix/store/HASH-valgrind-3.27.1/libexec/valgrind/vgpreload_memcheck-arm64-linux.so)
==3813177==    by 0x4B1FDE7: CRYPTO_malloc (in /nix/store/HASH-openssl-3.6.4/lib/libcrypto.so.3)
==3813177==    by 0x4B20053: CRYPTO_zalloc (in /nix/store/HASH-openssl-3.6.4/lib/libcrypto.so.3)
==3813177==    by 0x4ADC9DB: EVP_CIPHER_CTX_new (in /nix/store/HASH-openssl-3.6.4/lib/libcrypto.so.3)
==3813177==    by 0x123DA17: crypto.backend_openssl.aeadInit (backend_openssl.zig:539)
==3813177==    by 0x122A49F: init (backend.zig:303)
==3813177==    by 0x122A49F: aead.Context.init (aead.zig:138)
==3813177==    by 0x122A253: RecordLayer.init (RecordLayer.zig:79)
==3813177==    by 0x12132E3: hkdf.Hkdf(crypto.hmac.Hmac(crypto.sha2.Sha2x32(.{ 1779033703, 3144134277, 1013904242, 2773480762, 1359893119, 2600822924, 528734635, 1541459225 },256))).makeRecordLayer (hkdf.zig:237)
==3813177==    by 0x1222A67: ClientHandshake.Suite.finishHandshake (ClientHandshake.zig:448)
==3813177==    by 0x1221D0F: ClientHandshake.clientFinished (ClientHandshake.zig:2000)
==3813177==    by 0x1214EFB: ClientHandshake.processHandshakeRecord (ClientHandshake.zig:1260)
==3813177==    by 0x1213C4B: ClientHandshake.handleRecord (ClientHandshake.zig:1101)
==3813177== 
==3813177== 28,800 bytes in 30 blocks are indirectly lost in loss record 575 of 578
==3813177==    at 0x4885E30: malloc (in /nix/store/HASH-valgrind-3.27.1/libexec/valgrind/vgpreload_memcheck-arm64-linux.so)
==3813177==    by 0x4B1FDE7: CRYPTO_malloc (in /nix/store/HASH-openssl-3.6.4/lib/libcrypto.so.3)
==3813177==    by 0x4B20053: CRYPTO_zalloc (in /nix/store/HASH-openssl-3.6.4/lib/libcrypto.so.3)
==3813177==    by 0x4C19DAF: aes128gcm_newctx (in /nix/store/HASH-openssl-3.6.4/lib/libcrypto.so.3)
==3813177==    by 0x4AE067B: evp_cipher_init_internal (in /nix/store/HASH-openssl-3.6.4/lib/libcrypto.so.3)
==3813177==    by 0x123DAE3: crypto.backend_openssl.aeadInit (backend_openssl.zig:544)
==3813177==    by 0x122A49F: init (backend.zig:303)
==3813177==    by 0x122A49F: aead.Context.init (aead.zig:138)
==3813177==    by 0x122A253: RecordLayer.init (RecordLayer.zig:79)
==3813177==    by 0x12132E3: hkdf.Hkdf(crypto.hmac.Hmac(crypto.sha2.Sha2x32(.{ 1779033703, 3144134277, 1013904242, 2773480762, 1359893119, 2600822924, 528734635, 1541459225 },256))).makeRecordLayer (hkdf.zig:237)
==3813177==    by 0x12748CF: ServerHandshake.prepareServerApplicationWriteKey (ServerHandshake.zig:2020)
==3813177==    by 0x1234AB3: ServerHandshake.encryptServerFlight (ServerHandshake.zig:1982)
==3813177==    by 0x151C1B7: ServerHandshake.sendAnonymousFlightForTest (ServerHandshake.zig:1744)
==3813177== 
==3813177== 28,800 bytes in 30 blocks are indirectly lost in loss record 576 of 578
==3813177==    at 0x4885E30: malloc (in /nix/store/HASH-valgrind-3.27.1/libexec/valgrind/vgpreload_memcheck-arm64-linux.so)
==3813177==    by 0x4B1FDE7: CRYPTO_malloc (in /nix/store/HASH-openssl-3.6.4/lib/libcrypto.so.3)
==3813177==    by 0x4B20053: CRYPTO_zalloc (in /nix/store/HASH-openssl-3.6.4/lib/libcrypto.so.3)
==3813177==    by 0x4C19DAF: aes128gcm_newctx (in /nix/store/HASH-openssl-3.6.4/lib/libcrypto.so.3)
==3813177==    by 0x4AE067B: evp_cipher_init_internal (in /nix/store/HASH-openssl-3.6.4/lib/libcrypto.so.3)
==3813177==    by 0x123DC2F: crypto.backend_openssl.aeadInit (backend_openssl.zig:551)
==3813177==    by 0x122A49F: init (backend.zig:303)
==3813177==    by 0x122A49F: aead.Context.init (aead.zig:138)
==3813177==    by 0x122A253: RecordLayer.init (RecordLayer.zig:79)
==3813177==    by 0x12132E3: hkdf.Hkdf(crypto.hmac.Hmac(crypto.sha2.Sha2x32(.{ 1779033703, 3144134277, 1013904242, 2773480762, 1359893119, 2600822924, 528734635, 1541459225 },256))).makeRecordLayer (hkdf.zig:237)
==3813177==    by 0x12748CF: ServerHandshake.prepareServerApplicationWriteKey (ServerHandshake.zig:2020)
==3813177==    by 0x1234AB3: ServerHandshake.encryptServerFlight (ServerHandshake.zig:1982)
==3813177==    by 0x151C1B7: ServerHandshake.sendAnonymousFlightForTest (ServerHandshake.zig:1744)
==3813177== 
==3813177== 32,640 bytes in 34 blocks are indirectly lost in loss record 577 of 578
==3813177==    at 0x4885E30: malloc (in /nix/store/HASH-valgrind-3.27.1/libexec/valgrind/vgpreload_memcheck-arm64-linux.so)
==3813177==    by 0x4B1FDE7: CRYPTO_malloc (in /nix/store/HASH-openssl-3.6.4/lib/libcrypto.so.3)
==3813177==    by 0x4B20053: CRYPTO_zalloc (in /nix/store/HASH-openssl-3.6.4/lib/libcrypto.so.3)
==3813177==    by 0x4C19DAF: aes128gcm_newctx (in /nix/store/HASH-openssl-3.6.4/lib/libcrypto.so.3)
==3813177==    by 0x4AE067B: evp_cipher_init_internal (in /nix/store/HASH-openssl-3.6.4/lib/libcrypto.so.3)
==3813177==    by 0x123DAE3: crypto.backend_openssl.aeadInit (backend_openssl.zig:544)
==3813177==    by 0x122A49F: init (backend.zig:303)
==3813177==    by 0x122A49F: aead.Context.init (aead.zig:138)
==3813177==    by 0x122A253: RecordLayer.init (RecordLayer.zig:79)
==3813177==    by 0x12132E3: hkdf.Hkdf(crypto.hmac.Hmac(crypto.sha2.Sha2x32(.{ 1779033703, 3144134277, 1013904242, 2773480762, 1359893119, 2600822924, 528734635, 1541459225 },256))).makeRecordLayer (hkdf.zig:237)
==3813177==    by 0x1273137: ServerHandshake.installHandshakeKeys (ServerHandshake.zig:1701)
==3813177==    by 0x1232B0B: ServerHandshake.processClientHelloMessage (ServerHandshake.zig:1364)
==3813177==    by 0x122FF83: ServerHandshake.acceptClientHello (ServerHandshake.zig:991)
==3813177== 
==3813177== 32,640 bytes in 34 blocks are indirectly lost in loss record 578 of 578
==3813177==    at 0x4885E30: malloc (in /nix/store/HASH-valgrind-3.27.1/libexec/valgrind/vgpreload_memcheck-arm64-linux.so)
==3813177==    by 0x4B1FDE7: CRYPTO_malloc (in /nix/store/HASH-openssl-3.6.4/lib/libcrypto.so.3)
==3813177==    by 0x4B20053: CRYPTO_zalloc (in /nix/store/HASH-openssl-3.6.4/lib/libcrypto.so.3)
==3813177==    by 0x4C19DAF: aes128gcm_newctx (in /nix/store/HASH-openssl-3.6.4/lib/libcrypto.so.3)
==3813177==    by 0x4AE067B: evp_cipher_init_internal (in /nix/store/HASH-openssl-3.6.4/lib/libcrypto.so.3)
==3813177==    by 0x123DC2F: crypto.backend_openssl.aeadInit (backend_openssl.zig:551)
==3813177==    by 0x122A49F: init (backend.zig:303)
==3813177==    by 0x122A49F: aead.Context.init (aead.zig:138)
==3813177==    by 0x122A253: RecordLayer.init (RecordLayer.zig:79)
==3813177==    by 0x12132E3: hkdf.Hkdf(crypto.hmac.Hmac(crypto.sha2.Sha2x32(.{ 1779033703, 3144134277, 1013904242, 2773480762, 1359893119, 2600822924, 528734635, 1541459225 },256))).makeRecordLayer (hkdf.zig:237)
==3813177==    by 0x1273137: ServerHandshake.installHandshakeKeys (ServerHandshake.zig:1701)
==3813177==    by 0x1232B0B: ServerHandshake.processClientHelloMessage (ServerHandshake.zig:1364)
==3813177==    by 0x122FF83: ServerHandshake.acceptClientHello (ServerHandshake.zig:991)
==3813177== 
==3813177== LEAK SUMMARY:
==3813177==    definitely lost: 124,416 bytes in 648 blocks
==3813177==    indirectly lost: 621,384 bytes in 664 blocks
==3813177==      possibly lost: 0 bytes in 0 blocks
==3813177==    still reachable: 0 bytes in 0 blocks
==3813177==         suppressed: 0 bytes in 0 blocks
==3813177== 
==3813177== For lists of detected and suppressed errors, rerun with: -s
==3813177== ERROR SUMMARY: 7161 errors from 635 contexts (suppressed: 0 from 0)
