==4049526== Memcheck, a memory error detector
==4049526== Copyright (C) 2002-2026, and GNU GPL'd, by Julian Seward et al.
==4049526== Using Valgrind-3.27.1 and LibVEX; rerun with -h for copyright info
==4049526== Command: /tmp/ztls-signoff-20260919/bench-red-bin/bin/benchmark --filter=BenchmarkClientHandshakeReplay --benchtime=1x --count=1
==4049526== Parent PID: 4049525
==4049526== 
==4049526== Conditional jump or move depends on uninitialised value(s)
==4049526==    at 0x4B223D0: OPENSSL_strlcpy (in /nix/store/HASH-openssl-3.6.4/lib/libcrypto.so.3)
==4049526==    by 0x4B5CB27: OBJ_obj2txt (in /nix/store/HASH-openssl-3.6.4/lib/libcrypto.so.3)
==4049526==    by 0x4B1BD4B: get_legacy_cipher_names (in /nix/store/HASH-openssl-3.6.4/lib/libcrypto.so.3)
==4049526==    by 0x4B1751F: OPENSSL_LH_doall_arg_thunk (in /nix/store/HASH-openssl-3.6.4/lib/libcrypto.so.3)
==4049526==    by 0x4B5A893: OBJ_NAME_do_all (in /nix/store/HASH-openssl-3.6.4/lib/libcrypto.so.3)
==4049526==    by 0x4B19FE7: ossl_namemap_stored (in /nix/store/HASH-openssl-3.6.4/lib/libcrypto.so.3)
==4049526==    by 0x4AE1BEB: evp_generic_fetch (in /nix/store/HASH-openssl-3.6.4/lib/libcrypto.so.3)
==4049526==    by 0x4AFDACF: EVP_PKEY_CTX_new_from_name (in /nix/store/HASH-openssl-3.6.4/lib/libcrypto.so.3)
==4049526==    by 0x4AF7F5B: EVP_PKEY_new_raw_private_key (in /nix/store/HASH-openssl-3.6.4/lib/libcrypto.so.3)
==4049526==    by 0x1076133: privateKeyFromSecret (backend_openssl.zig:274)
==4049526==    by 0x1076133: privateKeyFromSecret (backend.zig:222)
==4049526==    by 0x1076133: privateKey (x25519.zig:45)
==4049526==    by 0x1076133: x25519.sharedSecret (x25519.zig:64)
==4049526==    by 0x106E7EB: ClientHandshake.processServerHello (ClientHandshake.zig:1574)
==4049526==    by 0x10699CB: processHandshakeRecord (ClientHandshake.zig:1249)
==4049526==    by 0x10699CB: ClientHandshake.handleRecord (ClientHandshake.zig:1102)
==4049526== 
==4049526== Conditional jump or move depends on uninitialised value(s)
==4049526==    at 0x4B1A344: ossl_namemap_name2num (in /nix/store/HASH-openssl-3.6.4/lib/libcrypto.so.3)
==4049526==    by 0x4B1A72B: namemap_add_name (in /nix/store/HASH-openssl-3.6.4/lib/libcrypto.so.3)
==4049526==    by 0x4B1B96B: ossl_namemap_add_name (in /nix/store/HASH-openssl-3.6.4/lib/libcrypto.so.3)
==4049526==    by 0x4B1BD63: get_legacy_cipher_names (in /nix/store/HASH-openssl-3.6.4/lib/libcrypto.so.3)
==4049526==    by 0x4B1751F: OPENSSL_LH_doall_arg_thunk (in /nix/store/HASH-openssl-3.6.4/lib/libcrypto.so.3)
==4049526==    by 0x4B5A893: OBJ_NAME_do_all (in /nix/store/HASH-openssl-3.6.4/lib/libcrypto.so.3)
==4049526==    by 0x4B19FE7: ossl_namemap_stored (in /nix/store/HASH-openssl-3.6.4/lib/libcrypto.so.3)
==4049526==    by 0x4AE1BEB: evp_generic_fetch (in /nix/store/HASH-openssl-3.6.4/lib/libcrypto.so.3)
==4049526==    by 0x4AFDACF: EVP_PKEY_CTX_new_from_name (in /nix/store/HASH-openssl-3.6.4/lib/libcrypto.so.3)
==4049526==    by 0x4AF7F5B: EVP_PKEY_new_raw_private_key (in /nix/store/HASH-openssl-3.6.4/lib/libcrypto.so.3)
==4049526==    by 0x1076133: privateKeyFromSecret (backend_openssl.zig:274)
==4049526==    by 0x1076133: privateKeyFromSecret (backend.zig:222)
==4049526==    by 0x1076133: privateKey (x25519.zig:45)
==4049526==    by 0x1076133: x25519.sharedSecret (x25519.zig:64)
==4049526==    by 0x106E7EB: ClientHandshake.processServerHello (ClientHandshake.zig:1574)
==4049526== 
==4049526== Conditional jump or move depends on uninitialised value(s)
==4049526==    at 0x4B1A9C8: namemap_add_name (in /nix/store/HASH-openssl-3.6.4/lib/libcrypto.so.3)
==4049526==    by 0x4B1B96B: ossl_namemap_add_name (in /nix/store/HASH-openssl-3.6.4/lib/libcrypto.so.3)
==4049526==    by 0x4B1BD63: get_legacy_cipher_names (in /nix/store/HASH-openssl-3.6.4/lib/libcrypto.so.3)
==4049526==    by 0x4B1751F: OPENSSL_LH_doall_arg_thunk (in /nix/store/HASH-openssl-3.6.4/lib/libcrypto.so.3)
==4049526==    by 0x4B5A893: OBJ_NAME_do_all (in /nix/store/HASH-openssl-3.6.4/lib/libcrypto.so.3)
==4049526==    by 0x4B19FE7: ossl_namemap_stored (in /nix/store/HASH-openssl-3.6.4/lib/libcrypto.so.3)
==4049526==    by 0x4AE1BEB: evp_generic_fetch (in /nix/store/HASH-openssl-3.6.4/lib/libcrypto.so.3)
==4049526==    by 0x4AFDACF: EVP_PKEY_CTX_new_from_name (in /nix/store/HASH-openssl-3.6.4/lib/libcrypto.so.3)
==4049526==    by 0x4AF7F5B: EVP_PKEY_new_raw_private_key (in /nix/store/HASH-openssl-3.6.4/lib/libcrypto.so.3)
==4049526==    by 0x1076133: privateKeyFromSecret (backend_openssl.zig:274)
==4049526==    by 0x1076133: privateKeyFromSecret (backend.zig:222)
==4049526==    by 0x1076133: privateKey (x25519.zig:45)
==4049526==    by 0x1076133: x25519.sharedSecret (x25519.zig:64)
==4049526==    by 0x106E7EB: ClientHandshake.processServerHello (ClientHandshake.zig:1574)
==4049526==    by 0x10699CB: processHandshakeRecord (ClientHandshake.zig:1249)
==4049526==    by 0x10699CB: ClientHandshake.handleRecord (ClientHandshake.zig:1102)
==4049526== 
==4049526== Conditional jump or move depends on uninitialised value(s)
==4049526==    at 0x4B1A318: ossl_namemap_name2num (in /nix/store/HASH-openssl-3.6.4/lib/libcrypto.so.3)
==4049526==    by 0x4B1A72B: namemap_add_name (in /nix/store/HASH-openssl-3.6.4/lib/libcrypto.so.3)
==4049526==    by 0x4B1B96B: ossl_namemap_add_name (in /nix/store/HASH-openssl-3.6.4/lib/libcrypto.so.3)
==4049526==    by 0x4B1BD63: get_legacy_cipher_names (in /nix/store/HASH-openssl-3.6.4/lib/libcrypto.so.3)
==4049526==    by 0x4B1751F: OPENSSL_LH_doall_arg_thunk (in /nix/store/HASH-openssl-3.6.4/lib/libcrypto.so.3)
==4049526==    by 0x4B5A893: OBJ_NAME_do_all (in /nix/store/HASH-openssl-3.6.4/lib/libcrypto.so.3)
==4049526==    by 0x4B19FE7: ossl_namemap_stored (in /nix/store/HASH-openssl-3.6.4/lib/libcrypto.so.3)
==4049526==    by 0x4AE1BEB: evp_generic_fetch (in /nix/store/HASH-openssl-3.6.4/lib/libcrypto.so.3)
==4049526==    by 0x4AFDACF: EVP_PKEY_CTX_new_from_name (in /nix/store/HASH-openssl-3.6.4/lib/libcrypto.so.3)
==4049526==    by 0x4AF7F5B: EVP_PKEY_new_raw_private_key (in /nix/store/HASH-openssl-3.6.4/lib/libcrypto.so.3)
==4049526==    by 0x1076133: privateKeyFromSecret (backend_openssl.zig:274)
==4049526==    by 0x1076133: privateKeyFromSecret (backend.zig:222)
==4049526==    by 0x1076133: privateKey (x25519.zig:45)
==4049526==    by 0x1076133: x25519.sharedSecret (x25519.zig:64)
==4049526==    by 0x106E7EB: ClientHandshake.processServerHello (ClientHandshake.zig:1574)
==4049526== 
==4049526== Conditional jump or move depends on uninitialised value(s)
==4049526==    at 0x4B1A99C: namemap_add_name (in /nix/store/HASH-openssl-3.6.4/lib/libcrypto.so.3)
==4049526==    by 0x4B1B96B: ossl_namemap_add_name (in /nix/store/HASH-openssl-3.6.4/lib/libcrypto.so.3)
==4049526==    by 0x4B1BD63: get_legacy_cipher_names (in /nix/store/HASH-openssl-3.6.4/lib/libcrypto.so.3)
==4049526==    by 0x4B1751F: OPENSSL_LH_doall_arg_thunk (in /nix/store/HASH-openssl-3.6.4/lib/libcrypto.so.3)
==4049526==    by 0x4B5A893: OBJ_NAME_do_all (in /nix/store/HASH-openssl-3.6.4/lib/libcrypto.so.3)
==4049526==    by 0x4B19FE7: ossl_namemap_stored (in /nix/store/HASH-openssl-3.6.4/lib/libcrypto.so.3)
==4049526==    by 0x4AE1BEB: evp_generic_fetch (in /nix/store/HASH-openssl-3.6.4/lib/libcrypto.so.3)
==4049526==    by 0x4AFDACF: EVP_PKEY_CTX_new_from_name (in /nix/store/HASH-openssl-3.6.4/lib/libcrypto.so.3)
==4049526==    by 0x4AF7F5B: EVP_PKEY_new_raw_private_key (in /nix/store/HASH-openssl-3.6.4/lib/libcrypto.so.3)
==4049526==    by 0x1076133: privateKeyFromSecret (backend_openssl.zig:274)
==4049526==    by 0x1076133: privateKeyFromSecret (backend.zig:222)
==4049526==    by 0x1076133: privateKey (x25519.zig:45)
==4049526==    by 0x1076133: x25519.sharedSecret (x25519.zig:64)
==4049526==    by 0x106E7EB: ClientHandshake.processServerHello (ClientHandshake.zig:1574)
==4049526==    by 0x10699CB: processHandshakeRecord (ClientHandshake.zig:1249)
==4049526==    by 0x10699CB: ClientHandshake.handleRecord (ClientHandshake.zig:1102)
==4049526== 
==4049526== Conditional jump or move depends on uninitialised value(s)
==4049526==    at 0x4B223D0: OPENSSL_strlcpy (in /nix/store/HASH-openssl-3.6.4/lib/libcrypto.so.3)
==4049526==    by 0x4B5CB27: OBJ_obj2txt (in /nix/store/HASH-openssl-3.6.4/lib/libcrypto.so.3)
==4049526==    by 0x4B1BC37: get_legacy_md_names (in /nix/store/HASH-openssl-3.6.4/lib/libcrypto.so.3)
==4049526==    by 0x4B1751F: OPENSSL_LH_doall_arg_thunk (in /nix/store/HASH-openssl-3.6.4/lib/libcrypto.so.3)
==4049526==    by 0x4B5A893: OBJ_NAME_do_all (in /nix/store/HASH-openssl-3.6.4/lib/libcrypto.so.3)
==4049526==    by 0x4B19FFB: ossl_namemap_stored (in /nix/store/HASH-openssl-3.6.4/lib/libcrypto.so.3)
==4049526==    by 0x4AE1BEB: evp_generic_fetch (in /nix/store/HASH-openssl-3.6.4/lib/libcrypto.so.3)
==4049526==    by 0x4AFDACF: EVP_PKEY_CTX_new_from_name (in /nix/store/HASH-openssl-3.6.4/lib/libcrypto.so.3)
==4049526==    by 0x4AF7F5B: EVP_PKEY_new_raw_private_key (in /nix/store/HASH-openssl-3.6.4/lib/libcrypto.so.3)
==4049526==    by 0x1076133: privateKeyFromSecret (backend_openssl.zig:274)
==4049526==    by 0x1076133: privateKeyFromSecret (backend.zig:222)
==4049526==    by 0x1076133: privateKey (x25519.zig:45)
==4049526==    by 0x1076133: x25519.sharedSecret (x25519.zig:64)
==4049526==    by 0x106E7EB: ClientHandshake.processServerHello (ClientHandshake.zig:1574)
==4049526==    by 0x10699CB: processHandshakeRecord (ClientHandshake.zig:1249)
==4049526==    by 0x10699CB: ClientHandshake.handleRecord (ClientHandshake.zig:1102)
==4049526== 
==4049526== Conditional jump or move depends on uninitialised value(s)
==4049526==    at 0x4B1A344: ossl_namemap_name2num (in /nix/store/HASH-openssl-3.6.4/lib/libcrypto.so.3)
==4049526==    by 0x4B1A72B: namemap_add_name (in /nix/store/HASH-openssl-3.6.4/lib/libcrypto.so.3)
==4049526==    by 0x4B1B96B: ossl_namemap_add_name (in /nix/store/HASH-openssl-3.6.4/lib/libcrypto.so.3)
==4049526==    by 0x4B1BC4F: get_legacy_md_names (in /nix/store/HASH-openssl-3.6.4/lib/libcrypto.so.3)
==4049526==    by 0x4B1751F: OPENSSL_LH_doall_arg_thunk (in /nix/store/HASH-openssl-3.6.4/lib/libcrypto.so.3)
==4049526==    by 0x4B5A893: OBJ_NAME_do_all (in /nix/store/HASH-openssl-3.6.4/lib/libcrypto.so.3)
==4049526==    by 0x4B19FFB: ossl_namemap_stored (in /nix/store/HASH-openssl-3.6.4/lib/libcrypto.so.3)
==4049526==    by 0x4AE1BEB: evp_generic_fetch (in /nix/store/HASH-openssl-3.6.4/lib/libcrypto.so.3)
==4049526==    by 0x4AFDACF: EVP_PKEY_CTX_new_from_name (in /nix/store/HASH-openssl-3.6.4/lib/libcrypto.so.3)
==4049526==    by 0x4AF7F5B: EVP_PKEY_new_raw_private_key (in /nix/store/HASH-openssl-3.6.4/lib/libcrypto.so.3)
==4049526==    by 0x1076133: privateKeyFromSecret (backend_openssl.zig:274)
==4049526==    by 0x1076133: privateKeyFromSecret (backend.zig:222)
==4049526==    by 0x1076133: privateKey (x25519.zig:45)
==4049526==    by 0x1076133: x25519.sharedSecret (x25519.zig:64)
==4049526==    by 0x106E7EB: ClientHandshake.processServerHello (ClientHandshake.zig:1574)
==4049526== 
==4049526== Conditional jump or move depends on uninitialised value(s)
==4049526==    at 0x4B1A9C8: namemap_add_name (in /nix/store/HASH-openssl-3.6.4/lib/libcrypto.so.3)
==4049526==    by 0x4B1B96B: ossl_namemap_add_name (in /nix/store/HASH-openssl-3.6.4/lib/libcrypto.so.3)
==4049526==    by 0x4B1BC4F: get_legacy_md_names (in /nix/store/HASH-openssl-3.6.4/lib/libcrypto.so.3)
==4049526==    by 0x4B1751F: OPENSSL_LH_doall_arg_thunk (in /nix/store/HASH-openssl-3.6.4/lib/libcrypto.so.3)
==4049526==    by 0x4B5A893: OBJ_NAME_do_all (in /nix/store/HASH-openssl-3.6.4/lib/libcrypto.so.3)
==4049526==    by 0x4B19FFB: ossl_namemap_stored (in /nix/store/HASH-openssl-3.6.4/lib/libcrypto.so.3)
==4049526==    by 0x4AE1BEB: evp_generic_fetch (in /nix/store/HASH-openssl-3.6.4/lib/libcrypto.so.3)
==4049526==    by 0x4AFDACF: EVP_PKEY_CTX_new_from_name (in /nix/store/HASH-openssl-3.6.4/lib/libcrypto.so.3)
==4049526==    by 0x4AF7F5B: EVP_PKEY_new_raw_private_key (in /nix/store/HASH-openssl-3.6.4/lib/libcrypto.so.3)
==4049526==    by 0x1076133: privateKeyFromSecret (backend_openssl.zig:274)
==4049526==    by 0x1076133: privateKeyFromSecret (backend.zig:222)
==4049526==    by 0x1076133: privateKey (x25519.zig:45)
==4049526==    by 0x1076133: x25519.sharedSecret (x25519.zig:64)
==4049526==    by 0x106E7EB: ClientHandshake.processServerHello (ClientHandshake.zig:1574)
==4049526==    by 0x10699CB: processHandshakeRecord (ClientHandshake.zig:1249)
==4049526==    by 0x10699CB: ClientHandshake.handleRecord (ClientHandshake.zig:1102)
==4049526== 
==4049526== Conditional jump or move depends on uninitialised value(s)
==4049526==    at 0x4B1A318: ossl_namemap_name2num (in /nix/store/HASH-openssl-3.6.4/lib/libcrypto.so.3)
==4049526==    by 0x4B1A72B: namemap_add_name (in /nix/store/HASH-openssl-3.6.4/lib/libcrypto.so.3)
==4049526==    by 0x4B1B96B: ossl_namemap_add_name (in /nix/store/HASH-openssl-3.6.4/lib/libcrypto.so.3)
==4049526==    by 0x4B1BC4F: get_legacy_md_names (in /nix/store/HASH-openssl-3.6.4/lib/libcrypto.so.3)
==4049526==    by 0x4B1751F: OPENSSL_LH_doall_arg_thunk (in /nix/store/HASH-openssl-3.6.4/lib/libcrypto.so.3)
==4049526==    by 0x4B5A893: OBJ_NAME_do_all (in /nix/store/HASH-openssl-3.6.4/lib/libcrypto.so.3)
==4049526==    by 0x4B19FFB: ossl_namemap_stored (in /nix/store/HASH-openssl-3.6.4/lib/libcrypto.so.3)
==4049526==    by 0x4AE1BEB: evp_generic_fetch (in /nix/store/HASH-openssl-3.6.4/lib/libcrypto.so.3)
==4049526==    by 0x4AFDACF: EVP_PKEY_CTX_new_from_name (in /nix/store/HASH-openssl-3.6.4/lib/libcrypto.so.3)
==4049526==    by 0x4AF7F5B: EVP_PKEY_new_raw_private_key (in /nix/store/HASH-openssl-3.6.4/lib/libcrypto.so.3)
==4049526==    by 0x1076133: privateKeyFromSecret (backend_openssl.zig:274)
==4049526==    by 0x1076133: privateKeyFromSecret (backend.zig:222)
==4049526==    by 0x1076133: privateKey (x25519.zig:45)
==4049526==    by 0x1076133: x25519.sharedSecret (x25519.zig:64)
==4049526==    by 0x106E7EB: ClientHandshake.processServerHello (ClientHandshake.zig:1574)
==4049526== 
==4049526== Conditional jump or move depends on uninitialised value(s)
==4049526==    at 0x4B1A99C: namemap_add_name (in /nix/store/HASH-openssl-3.6.4/lib/libcrypto.so.3)
==4049526==    by 0x4B1B96B: ossl_namemap_add_name (in /nix/store/HASH-openssl-3.6.4/lib/libcrypto.so.3)
==4049526==    by 0x4B1BC4F: get_legacy_md_names (in /nix/store/HASH-openssl-3.6.4/lib/libcrypto.so.3)
==4049526==    by 0x4B1751F: OPENSSL_LH_doall_arg_thunk (in /nix/store/HASH-openssl-3.6.4/lib/libcrypto.so.3)
==4049526==    by 0x4B5A893: OBJ_NAME_do_all (in /nix/store/HASH-openssl-3.6.4/lib/libcrypto.so.3)
==4049526==    by 0x4B19FFB: ossl_namemap_stored (in /nix/store/HASH-openssl-3.6.4/lib/libcrypto.so.3)
==4049526==    by 0x4AE1BEB: evp_generic_fetch (in /nix/store/HASH-openssl-3.6.4/lib/libcrypto.so.3)
==4049526==    by 0x4AFDACF: EVP_PKEY_CTX_new_from_name (in /nix/store/HASH-openssl-3.6.4/lib/libcrypto.so.3)
==4049526==    by 0x4AF7F5B: EVP_PKEY_new_raw_private_key (in /nix/store/HASH-openssl-3.6.4/lib/libcrypto.so.3)
==4049526==    by 0x1076133: privateKeyFromSecret (backend_openssl.zig:274)
==4049526==    by 0x1076133: privateKeyFromSecret (backend.zig:222)
==4049526==    by 0x1076133: privateKey (x25519.zig:45)
==4049526==    by 0x1076133: x25519.sharedSecret (x25519.zig:64)
==4049526==    by 0x106E7EB: ClientHandshake.processServerHello (ClientHandshake.zig:1574)
==4049526==    by 0x10699CB: processHandshakeRecord (ClientHandshake.zig:1249)
==4049526==    by 0x10699CB: ClientHandshake.handleRecord (ClientHandshake.zig:1102)
==4049526== 
==4049526== Conditional jump or move depends on uninitialised value(s)
==4049526==    at 0x4B223D0: OPENSSL_strlcpy (in /nix/store/HASH-openssl-3.6.4/lib/libcrypto.so.3)
==4049526==    by 0x4B5CB27: OBJ_obj2txt (in /nix/store/HASH-openssl-3.6.4/lib/libcrypto.so.3)
==4049526==    by 0x4B1BAF3: get_legacy_evp_names (in /nix/store/HASH-openssl-3.6.4/lib/libcrypto.so.3)
==4049526==    by 0x4B1A047: ossl_namemap_stored (in /nix/store/HASH-openssl-3.6.4/lib/libcrypto.so.3)
==4049526==    by 0x4AE1BEB: evp_generic_fetch (in /nix/store/HASH-openssl-3.6.4/lib/libcrypto.so.3)
==4049526==    by 0x4AFDACF: EVP_PKEY_CTX_new_from_name (in /nix/store/HASH-openssl-3.6.4/lib/libcrypto.so.3)
==4049526==    by 0x4AF7F5B: EVP_PKEY_new_raw_private_key (in /nix/store/HASH-openssl-3.6.4/lib/libcrypto.so.3)
==4049526==    by 0x1076133: privateKeyFromSecret (backend_openssl.zig:274)
==4049526==    by 0x1076133: privateKeyFromSecret (backend.zig:222)
==4049526==    by 0x1076133: privateKey (x25519.zig:45)
==4049526==    by 0x1076133: x25519.sharedSecret (x25519.zig:64)
==4049526==    by 0x106E7EB: ClientHandshake.processServerHello (ClientHandshake.zig:1574)
==4049526==    by 0x10699CB: processHandshakeRecord (ClientHandshake.zig:1249)
==4049526==    by 0x10699CB: ClientHandshake.handleRecord (ClientHandshake.zig:1102)
==4049526==    by 0x10680FB: bench.record_protection.replayHandshake (record_protection.zig:108)
==4049526==    by 0x104F76B: bench.record_protection.benchClientHandshakeReplay__anon_9869__struct_12324.benchFn (record_protection.zig:0)
==4049526== 
==4049526== Conditional jump or move depends on uninitialised value(s)
==4049526==    at 0x4B1A344: ossl_namemap_name2num (in /nix/store/HASH-openssl-3.6.4/lib/libcrypto.so.3)
==4049526==    by 0x4B1A72B: namemap_add_name (in /nix/store/HASH-openssl-3.6.4/lib/libcrypto.so.3)
==4049526==    by 0x4B1B96B: ossl_namemap_add_name (in /nix/store/HASH-openssl-3.6.4/lib/libcrypto.so.3)
==4049526==    by 0x4B1BB0B: get_legacy_evp_names (in /nix/store/HASH-openssl-3.6.4/lib/libcrypto.so.3)
==4049526==    by 0x4B1A047: ossl_namemap_stored (in /nix/store/HASH-openssl-3.6.4/lib/libcrypto.so.3)
==4049526==    by 0x4AE1BEB: evp_generic_fetch (in /nix/store/HASH-openssl-3.6.4/lib/libcrypto.so.3)
==4049526==    by 0x4AFDACF: EVP_PKEY_CTX_new_from_name (in /nix/store/HASH-openssl-3.6.4/lib/libcrypto.so.3)
==4049526==    by 0x4AF7F5B: EVP_PKEY_new_raw_private_key (in /nix/store/HASH-openssl-3.6.4/lib/libcrypto.so.3)
==4049526==    by 0x1076133: privateKeyFromSecret (backend_openssl.zig:274)
==4049526==    by 0x1076133: privateKeyFromSecret (backend.zig:222)
==4049526==    by 0x1076133: privateKey (x25519.zig:45)
==4049526==    by 0x1076133: x25519.sharedSecret (x25519.zig:64)
==4049526==    by 0x106E7EB: ClientHandshake.processServerHello (ClientHandshake.zig:1574)
==4049526==    by 0x10699CB: processHandshakeRecord (ClientHandshake.zig:1249)
==4049526==    by 0x10699CB: ClientHandshake.handleRecord (ClientHandshake.zig:1102)
==4049526==    by 0x10680FB: bench.record_protection.replayHandshake (record_protection.zig:108)
==4049526== 
==4049526== Conditional jump or move depends on uninitialised value(s)
==4049526==    at 0x4B1A9C8: namemap_add_name (in /nix/store/HASH-openssl-3.6.4/lib/libcrypto.so.3)
==4049526==    by 0x4B1B96B: ossl_namemap_add_name (in /nix/store/HASH-openssl-3.6.4/lib/libcrypto.so.3)
==4049526==    by 0x4B1BB0B: get_legacy_evp_names (in /nix/store/HASH-openssl-3.6.4/lib/libcrypto.so.3)
==4049526==    by 0x4B1A047: ossl_namemap_stored (in /nix/store/HASH-openssl-3.6.4/lib/libcrypto.so.3)
==4049526==    by 0x4AE1BEB: evp_generic_fetch (in /nix/store/HASH-openssl-3.6.4/lib/libcrypto.so.3)
==4049526==    by 0x4AFDACF: EVP_PKEY_CTX_new_from_name (in /nix/store/HASH-openssl-3.6.4/lib/libcrypto.so.3)
==4049526==    by 0x4AF7F5B: EVP_PKEY_new_raw_private_key (in /nix/store/HASH-openssl-3.6.4/lib/libcrypto.so.3)
==4049526==    by 0x1076133: privateKeyFromSecret (backend_openssl.zig:274)
==4049526==    by 0x1076133: privateKeyFromSecret (backend.zig:222)
==4049526==    by 0x1076133: privateKey (x25519.zig:45)
==4049526==    by 0x1076133: x25519.sharedSecret (x25519.zig:64)
==4049526==    by 0x106E7EB: ClientHandshake.processServerHello (ClientHandshake.zig:1574)
==4049526==    by 0x10699CB: processHandshakeRecord (ClientHandshake.zig:1249)
==4049526==    by 0x10699CB: ClientHandshake.handleRecord (ClientHandshake.zig:1102)
==4049526==    by 0x10680FB: bench.record_protection.replayHandshake (record_protection.zig:108)
==4049526==    by 0x104F76B: bench.record_protection.benchClientHandshakeReplay__anon_9869__struct_12324.benchFn (record_protection.zig:0)
==4049526== 
==4049526== Conditional jump or move depends on uninitialised value(s)
==4049526==    at 0x4B223D0: OPENSSL_strlcpy (in /nix/store/HASH-openssl-3.6.4/lib/libcrypto.so.3)
==4049526==    by 0x4B5CB27: OBJ_obj2txt (in /nix/store/HASH-openssl-3.6.4/lib/libcrypto.so.3)
==4049526==    by 0x4B1BAF3: get_legacy_evp_names (in /nix/store/HASH-openssl-3.6.4/lib/libcrypto.so.3)
==4049526==    by 0x4B1A0AF: ossl_namemap_stored (in /nix/store/HASH-openssl-3.6.4/lib/libcrypto.so.3)
==4049526==    by 0x4AE1BEB: evp_generic_fetch (in /nix/store/HASH-openssl-3.6.4/lib/libcrypto.so.3)
==4049526==    by 0x4AFDACF: EVP_PKEY_CTX_new_from_name (in /nix/store/HASH-openssl-3.6.4/lib/libcrypto.so.3)
==4049526==    by 0x4AF7F5B: EVP_PKEY_new_raw_private_key (in /nix/store/HASH-openssl-3.6.4/lib/libcrypto.so.3)
==4049526==    by 0x1076133: privateKeyFromSecret (backend_openssl.zig:274)
==4049526==    by 0x1076133: privateKeyFromSecret (backend.zig:222)
==4049526==    by 0x1076133: privateKey (x25519.zig:45)
==4049526==    by 0x1076133: x25519.sharedSecret (x25519.zig:64)
==4049526==    by 0x106E7EB: ClientHandshake.processServerHello (ClientHandshake.zig:1574)
==4049526==    by 0x10699CB: processHandshakeRecord (ClientHandshake.zig:1249)
==4049526==    by 0x10699CB: ClientHandshake.handleRecord (ClientHandshake.zig:1102)
==4049526==    by 0x10680FB: bench.record_protection.replayHandshake (record_protection.zig:108)
==4049526==    by 0x104F76B: bench.record_protection.benchClientHandshakeReplay__anon_9869__struct_12324.benchFn (record_protection.zig:0)
==4049526== 
==4049526== Conditional jump or move depends on uninitialised value(s)
==4049526==    at 0x4B1A318: ossl_namemap_name2num (in /nix/store/HASH-openssl-3.6.4/lib/libcrypto.so.3)
==4049526==    by 0x4B1A72B: namemap_add_name (in /nix/store/HASH-openssl-3.6.4/lib/libcrypto.so.3)
==4049526==    by 0x4B1B96B: ossl_namemap_add_name (in /nix/store/HASH-openssl-3.6.4/lib/libcrypto.so.3)
==4049526==    by 0x4B1BB0B: get_legacy_evp_names (in /nix/store/HASH-openssl-3.6.4/lib/libcrypto.so.3)
==4049526==    by 0x4B1A0AF: ossl_namemap_stored (in /nix/store/HASH-openssl-3.6.4/lib/libcrypto.so.3)
==4049526==    by 0x4AE1BEB: evp_generic_fetch (in /nix/store/HASH-openssl-3.6.4/lib/libcrypto.so.3)
==4049526==    by 0x4AFDACF: EVP_PKEY_CTX_new_from_name (in /nix/store/HASH-openssl-3.6.4/lib/libcrypto.so.3)
==4049526==    by 0x4AF7F5B: EVP_PKEY_new_raw_private_key (in /nix/store/HASH-openssl-3.6.4/lib/libcrypto.so.3)
==4049526==    by 0x1076133: privateKeyFromSecret (backend_openssl.zig:274)
==4049526==    by 0x1076133: privateKeyFromSecret (backend.zig:222)
==4049526==    by 0x1076133: privateKey (x25519.zig:45)
==4049526==    by 0x1076133: x25519.sharedSecret (x25519.zig:64)
==4049526==    by 0x106E7EB: ClientHandshake.processServerHello (ClientHandshake.zig:1574)
==4049526==    by 0x10699CB: processHandshakeRecord (ClientHandshake.zig:1249)
==4049526==    by 0x10699CB: ClientHandshake.handleRecord (ClientHandshake.zig:1102)
==4049526==    by 0x10680FB: bench.record_protection.replayHandshake (record_protection.zig:108)
==4049526== 
==4049526== Conditional jump or move depends on uninitialised value(s)
==4049526==    at 0x4B1A99C: namemap_add_name (in /nix/store/HASH-openssl-3.6.4/lib/libcrypto.so.3)
==4049526==    by 0x4B1B96B: ossl_namemap_add_name (in /nix/store/HASH-openssl-3.6.4/lib/libcrypto.so.3)
==4049526==    by 0x4B1BB0B: get_legacy_evp_names (in /nix/store/HASH-openssl-3.6.4/lib/libcrypto.so.3)
==4049526==    by 0x4B1A0AF: ossl_namemap_stored (in /nix/store/HASH-openssl-3.6.4/lib/libcrypto.so.3)
==4049526==    by 0x4AE1BEB: evp_generic_fetch (in /nix/store/HASH-openssl-3.6.4/lib/libcrypto.so.3)
==4049526==    by 0x4AFDACF: EVP_PKEY_CTX_new_from_name (in /nix/store/HASH-openssl-3.6.4/lib/libcrypto.so.3)
==4049526==    by 0x4AF7F5B: EVP_PKEY_new_raw_private_key (in /nix/store/HASH-openssl-3.6.4/lib/libcrypto.so.3)
==4049526==    by 0x1076133: privateKeyFromSecret (backend_openssl.zig:274)
==4049526==    by 0x1076133: privateKeyFromSecret (backend.zig:222)
==4049526==    by 0x1076133: privateKey (x25519.zig:45)
==4049526==    by 0x1076133: x25519.sharedSecret (x25519.zig:64)
==4049526==    by 0x106E7EB: ClientHandshake.processServerHello (ClientHandshake.zig:1574)
==4049526==    by 0x10699CB: processHandshakeRecord (ClientHandshake.zig:1249)
==4049526==    by 0x10699CB: ClientHandshake.handleRecord (ClientHandshake.zig:1102)
==4049526==    by 0x10680FB: bench.record_protection.replayHandshake (record_protection.zig:108)
==4049526==    by 0x104F76B: bench.record_protection.benchClientHandshakeReplay__anon_9869__struct_12324.benchFn (record_protection.zig:0)
==4049526== 
==4049526== Conditional jump or move depends on uninitialised value(s)
==4049526==    at 0x4B1A9C8: namemap_add_name (in /nix/store/HASH-openssl-3.6.4/lib/libcrypto.so.3)
==4049526==    by 0x4B1B96B: ossl_namemap_add_name (in /nix/store/HASH-openssl-3.6.4/lib/libcrypto.so.3)
==4049526==    by 0x4B1BB0B: get_legacy_evp_names (in /nix/store/HASH-openssl-3.6.4/lib/libcrypto.so.3)
==4049526==    by 0x4B1A0AF: ossl_namemap_stored (in /nix/store/HASH-openssl-3.6.4/lib/libcrypto.so.3)
==4049526==    by 0x4AE1BEB: evp_generic_fetch (in /nix/store/HASH-openssl-3.6.4/lib/libcrypto.so.3)
==4049526==    by 0x4AFDACF: EVP_PKEY_CTX_new_from_name (in /nix/store/HASH-openssl-3.6.4/lib/libcrypto.so.3)
==4049526==    by 0x4AF7F5B: EVP_PKEY_new_raw_private_key (in /nix/store/HASH-openssl-3.6.4/lib/libcrypto.so.3)
==4049526==    by 0x1076133: privateKeyFromSecret (backend_openssl.zig:274)
==4049526==    by 0x1076133: privateKeyFromSecret (backend.zig:222)
==4049526==    by 0x1076133: privateKey (x25519.zig:45)
==4049526==    by 0x1076133: x25519.sharedSecret (x25519.zig:64)
==4049526==    by 0x106E7EB: ClientHandshake.processServerHello (ClientHandshake.zig:1574)
==4049526==    by 0x10699CB: processHandshakeRecord (ClientHandshake.zig:1249)
==4049526==    by 0x10699CB: ClientHandshake.handleRecord (ClientHandshake.zig:1102)
==4049526==    by 0x10680FB: bench.record_protection.replayHandshake (record_protection.zig:108)
==4049526==    by 0x104F76B: bench.record_protection.benchClientHandshakeReplay__anon_9869__struct_12324.benchFn (record_protection.zig:0)
==4049526== 
==4049526== Conditional jump or move depends on uninitialised value(s)
==4049526==    at 0x4B223D0: OPENSSL_strlcpy (in /nix/store/HASH-openssl-3.6.4/lib/libcrypto.so.3)
==4049526==    by 0x4B5CB27: OBJ_obj2txt (in /nix/store/HASH-openssl-3.6.4/lib/libcrypto.so.3)
==4049526==    by 0x4B1BAF3: get_legacy_evp_names (in /nix/store/HASH-openssl-3.6.4/lib/libcrypto.so.3)
==4049526==    by 0x4B1A0EB: ossl_namemap_stored (in /nix/store/HASH-openssl-3.6.4/lib/libcrypto.so.3)
==4049526==    by 0x4AE1BEB: evp_generic_fetch (in /nix/store/HASH-openssl-3.6.4/lib/libcrypto.so.3)
==4049526==    by 0x4AFDACF: EVP_PKEY_CTX_new_from_name (in /nix/store/HASH-openssl-3.6.4/lib/libcrypto.so.3)
==4049526==    by 0x4AF7F5B: EVP_PKEY_new_raw_private_key (in /nix/store/HASH-openssl-3.6.4/lib/libcrypto.so.3)
==4049526==    by 0x1076133: privateKeyFromSecret (backend_openssl.zig:274)
==4049526==    by 0x1076133: privateKeyFromSecret (backend.zig:222)
==4049526==    by 0x1076133: privateKey (x25519.zig:45)
==4049526==    by 0x1076133: x25519.sharedSecret (x25519.zig:64)
==4049526==    by 0x106E7EB: ClientHandshake.processServerHello (ClientHandshake.zig:1574)
==4049526==    by 0x10699CB: processHandshakeRecord (ClientHandshake.zig:1249)
==4049526==    by 0x10699CB: ClientHandshake.handleRecord (ClientHandshake.zig:1102)
==4049526==    by 0x10680FB: bench.record_protection.replayHandshake (record_protection.zig:108)
==4049526==    by 0x104F76B: bench.record_protection.benchClientHandshakeReplay__anon_9869__struct_12324.benchFn (record_protection.zig:0)
==4049526== 
==4049526== Conditional jump or move depends on uninitialised value(s)
==4049526==    at 0x4B1A9C8: namemap_add_name (in /nix/store/HASH-openssl-3.6.4/lib/libcrypto.so.3)
==4049526==    by 0x4B1B96B: ossl_namemap_add_name (in /nix/store/HASH-openssl-3.6.4/lib/libcrypto.so.3)
==4049526==    by 0x4B1BB0B: get_legacy_evp_names (in /nix/store/HASH-openssl-3.6.4/lib/libcrypto.so.3)
==4049526==    by 0x4B1A0EB: ossl_namemap_stored (in /nix/store/HASH-openssl-3.6.4/lib/libcrypto.so.3)
==4049526==    by 0x4AE1BEB: evp_generic_fetch (in /nix/store/HASH-openssl-3.6.4/lib/libcrypto.so.3)
==4049526==    by 0x4AFDACF: EVP_PKEY_CTX_new_from_name (in /nix/store/HASH-openssl-3.6.4/lib/libcrypto.so.3)
==4049526==    by 0x4AF7F5B: EVP_PKEY_new_raw_private_key (in /nix/store/HASH-openssl-3.6.4/lib/libcrypto.so.3)
==4049526==    by 0x1076133: privateKeyFromSecret (backend_openssl.zig:274)
==4049526==    by 0x1076133: privateKeyFromSecret (backend.zig:222)
==4049526==    by 0x1076133: privateKey (x25519.zig:45)
==4049526==    by 0x1076133: x25519.sharedSecret (x25519.zig:64)
==4049526==    by 0x106E7EB: ClientHandshake.processServerHello (ClientHandshake.zig:1574)
==4049526==    by 0x10699CB: processHandshakeRecord (ClientHandshake.zig:1249)
==4049526==    by 0x10699CB: ClientHandshake.handleRecord (ClientHandshake.zig:1102)
==4049526==    by 0x10680FB: bench.record_protection.replayHandshake (record_protection.zig:108)
==4049526==    by 0x104F76B: bench.record_protection.benchClientHandshakeReplay__anon_9869__struct_12324.benchFn (record_protection.zig:0)
==4049526== 
==4049526== Conditional jump or move depends on uninitialised value(s)
==4049526==    at 0x4B1A99C: namemap_add_name (in /nix/store/HASH-openssl-3.6.4/lib/libcrypto.so.3)
==4049526==    by 0x4B1B96B: ossl_namemap_add_name (in /nix/store/HASH-openssl-3.6.4/lib/libcrypto.so.3)
==4049526==    by 0x4B1BB0B: get_legacy_evp_names (in /nix/store/HASH-openssl-3.6.4/lib/libcrypto.so.3)
==4049526==    by 0x4B1A047: ossl_namemap_stored (in /nix/store/HASH-openssl-3.6.4/lib/libcrypto.so.3)
==4049526==    by 0x4AE1BEB: evp_generic_fetch (in /nix/store/HASH-openssl-3.6.4/lib/libcrypto.so.3)
==4049526==    by 0x4AFDACF: EVP_PKEY_CTX_new_from_name (in /nix/store/HASH-openssl-3.6.4/lib/libcrypto.so.3)
==4049526==    by 0x4AF7F5B: EVP_PKEY_new_raw_private_key (in /nix/store/HASH-openssl-3.6.4/lib/libcrypto.so.3)
==4049526==    by 0x1076133: privateKeyFromSecret (backend_openssl.zig:274)
==4049526==    by 0x1076133: privateKeyFromSecret (backend.zig:222)
==4049526==    by 0x1076133: privateKey (x25519.zig:45)
==4049526==    by 0x1076133: x25519.sharedSecret (x25519.zig:64)
==4049526==    by 0x106E7EB: ClientHandshake.processServerHello (ClientHandshake.zig:1574)
==4049526==    by 0x10699CB: processHandshakeRecord (ClientHandshake.zig:1249)
==4049526==    by 0x10699CB: ClientHandshake.handleRecord (ClientHandshake.zig:1102)
==4049526==    by 0x10680FB: bench.record_protection.replayHandshake (record_protection.zig:108)
==4049526==    by 0x104F76B: bench.record_protection.benchClientHandshakeReplay__anon_9869__struct_12324.benchFn (record_protection.zig:0)
==4049526== 
==4049526== Conditional jump or move depends on uninitialised value(s)
==4049526==    at 0x4B223D0: OPENSSL_strlcpy (in /nix/store/HASH-openssl-3.6.4/lib/libcrypto.so.3)
==4049526==    by 0x4B5CB27: OBJ_obj2txt (in /nix/store/HASH-openssl-3.6.4/lib/libcrypto.so.3)
==4049526==    by 0x4B1BAF3: get_legacy_evp_names (in /nix/store/HASH-openssl-3.6.4/lib/libcrypto.so.3)
==4049526==    by 0x4B1A0D3: ossl_namemap_stored (in /nix/store/HASH-openssl-3.6.4/lib/libcrypto.so.3)
==4049526==    by 0x4AE1BEB: evp_generic_fetch (in /nix/store/HASH-openssl-3.6.4/lib/libcrypto.so.3)
==4049526==    by 0x4AFDACF: EVP_PKEY_CTX_new_from_name (in /nix/store/HASH-openssl-3.6.4/lib/libcrypto.so.3)
==4049526==    by 0x4AF7F5B: EVP_PKEY_new_raw_private_key (in /nix/store/HASH-openssl-3.6.4/lib/libcrypto.so.3)
==4049526==    by 0x1076133: privateKeyFromSecret (backend_openssl.zig:274)
==4049526==    by 0x1076133: privateKeyFromSecret (backend.zig:222)
==4049526==    by 0x1076133: privateKey (x25519.zig:45)
==4049526==    by 0x1076133: x25519.sharedSecret (x25519.zig:64)
==4049526==    by 0x106E7EB: ClientHandshake.processServerHello (ClientHandshake.zig:1574)
==4049526==    by 0x10699CB: processHandshakeRecord (ClientHandshake.zig:1249)
==4049526==    by 0x10699CB: ClientHandshake.handleRecord (ClientHandshake.zig:1102)
==4049526==    by 0x10680FB: bench.record_protection.replayHandshake (record_protection.zig:108)
==4049526==    by 0x104F76B: bench.record_protection.benchClientHandshakeReplay__anon_9869__struct_12324.benchFn (record_protection.zig:0)
==4049526== 
==4049526== Conditional jump or move depends on uninitialised value(s)
==4049526==    at 0x4B1A9C8: namemap_add_name (in /nix/store/HASH-openssl-3.6.4/lib/libcrypto.so.3)
==4049526==    by 0x4B1B96B: ossl_namemap_add_name (in /nix/store/HASH-openssl-3.6.4/lib/libcrypto.so.3)
==4049526==    by 0x4B1BB0B: get_legacy_evp_names (in /nix/store/HASH-openssl-3.6.4/lib/libcrypto.so.3)
==4049526==    by 0x4B1A0D3: ossl_namemap_stored (in /nix/store/HASH-openssl-3.6.4/lib/libcrypto.so.3)
==4049526==    by 0x4AE1BEB: evp_generic_fetch (in /nix/store/HASH-openssl-3.6.4/lib/libcrypto.so.3)
==4049526==    by 0x4AFDACF: EVP_PKEY_CTX_new_from_name (in /nix/store/HASH-openssl-3.6.4/lib/libcrypto.so.3)
==4049526==    by 0x4AF7F5B: EVP_PKEY_new_raw_private_key (in /nix/store/HASH-openssl-3.6.4/lib/libcrypto.so.3)
==4049526==    by 0x1076133: privateKeyFromSecret (backend_openssl.zig:274)
==4049526==    by 0x1076133: privateKeyFromSecret (backend.zig:222)
==4049526==    by 0x1076133: privateKey (x25519.zig:45)
==4049526==    by 0x1076133: x25519.sharedSecret (x25519.zig:64)
==4049526==    by 0x106E7EB: ClientHandshake.processServerHello (ClientHandshake.zig:1574)
==4049526==    by 0x10699CB: processHandshakeRecord (ClientHandshake.zig:1249)
==4049526==    by 0x10699CB: ClientHandshake.handleRecord (ClientHandshake.zig:1102)
==4049526==    by 0x10680FB: bench.record_protection.replayHandshake (record_protection.zig:108)
==4049526==    by 0x104F76B: bench.record_protection.benchClientHandshakeReplay__anon_9869__struct_12324.benchFn (record_protection.zig:0)
==4049526== 
==4049526== Conditional jump or move depends on uninitialised value(s)
==4049526==    at 0x4B1A318: ossl_namemap_name2num (in /nix/store/HASH-openssl-3.6.4/lib/libcrypto.so.3)
==4049526==    by 0x4B1AE8B: ossl_namemap_add_names (in /nix/store/HASH-openssl-3.6.4/lib/libcrypto.so.3)
==4049526==    by 0x4AE1537: construct_evp_method (in /nix/store/HASH-openssl-3.6.4/lib/libcrypto.so.3)
==4049526==    by 0x4B1999B: ossl_method_construct_this (in /nix/store/HASH-openssl-3.6.4/lib/libcrypto.so.3)
==4049526==    by 0x4B19647: algorithm_do_this (in /nix/store/HASH-openssl-3.6.4/lib/libcrypto.so.3)
==4049526==    by 0x4B31A53: ossl_provider_doall_activated (in /nix/store/HASH-openssl-3.6.4/lib/libcrypto.so.3)
==4049526==    by 0x4B197FB: ossl_algorithm_do_all (in /nix/store/HASH-openssl-3.6.4/lib/libcrypto.so.3)
==4049526==    by 0x4B19C4F: ossl_method_construct (in /nix/store/HASH-openssl-3.6.4/lib/libcrypto.so.3)
==4049526==    by 0x4AE1F07: evp_generic_fetch (in /nix/store/HASH-openssl-3.6.4/lib/libcrypto.so.3)
==4049526==    by 0x4AFDACF: EVP_PKEY_CTX_new_from_name (in /nix/store/HASH-openssl-3.6.4/lib/libcrypto.so.3)
==4049526==    by 0x4AF7F5B: EVP_PKEY_new_raw_private_key (in /nix/store/HASH-openssl-3.6.4/lib/libcrypto.so.3)
==4049526==    by 0x1076133: privateKeyFromSecret (backend_openssl.zig:274)
==4049526==    by 0x1076133: privateKeyFromSecret (backend.zig:222)
==4049526==    by 0x1076133: privateKey (x25519.zig:45)
==4049526==    by 0x1076133: x25519.sharedSecret (x25519.zig:64)
==4049526== 
==4049526== Conditional jump or move depends on uninitialised value(s)
==4049526==    at 0x4B1A318: ossl_namemap_name2num (in /nix/store/HASH-openssl-3.6.4/lib/libcrypto.so.3)
==4049526==    by 0x4B1A72B: namemap_add_name (in /nix/store/HASH-openssl-3.6.4/lib/libcrypto.so.3)
==4049526==    by 0x4B1AED3: ossl_namemap_add_names (in /nix/store/HASH-openssl-3.6.4/lib/libcrypto.so.3)
==4049526==    by 0x4AE1537: construct_evp_method (in /nix/store/HASH-openssl-3.6.4/lib/libcrypto.so.3)
==4049526==    by 0x4B1999B: ossl_method_construct_this (in /nix/store/HASH-openssl-3.6.4/lib/libcrypto.so.3)
==4049526==    by 0x4B19647: algorithm_do_this (in /nix/store/HASH-openssl-3.6.4/lib/libcrypto.so.3)
==4049526==    by 0x4B31A53: ossl_provider_doall_activated (in /nix/store/HASH-openssl-3.6.4/lib/libcrypto.so.3)
==4049526==    by 0x4B197FB: ossl_algorithm_do_all (in /nix/store/HASH-openssl-3.6.4/lib/libcrypto.so.3)
==4049526==    by 0x4B19C4F: ossl_method_construct (in /nix/store/HASH-openssl-3.6.4/lib/libcrypto.so.3)
==4049526==    by 0x4AE1F07: evp_generic_fetch (in /nix/store/HASH-openssl-3.6.4/lib/libcrypto.so.3)
==4049526==    by 0x4AFDACF: EVP_PKEY_CTX_new_from_name (in /nix/store/HASH-openssl-3.6.4/lib/libcrypto.so.3)
==4049526==    by 0x4AF7F5B: EVP_PKEY_new_raw_private_key (in /nix/store/HASH-openssl-3.6.4/lib/libcrypto.so.3)
==4049526== 
==4049526== Conditional jump or move depends on uninitialised value(s)
==4049526==    at 0x4B1A344: ossl_namemap_name2num (in /nix/store/HASH-openssl-3.6.4/lib/libcrypto.so.3)
==4049526==    by 0x4B1AE8B: ossl_namemap_add_names (in /nix/store/HASH-openssl-3.6.4/lib/libcrypto.so.3)
==4049526==    by 0x4AE1537: construct_evp_method (in /nix/store/HASH-openssl-3.6.4/lib/libcrypto.so.3)
==4049526==    by 0x4B1999B: ossl_method_construct_this (in /nix/store/HASH-openssl-3.6.4/lib/libcrypto.so.3)
==4049526==    by 0x4B19647: algorithm_do_this (in /nix/store/HASH-openssl-3.6.4/lib/libcrypto.so.3)
==4049526==    by 0x4B31A53: ossl_provider_doall_activated (in /nix/store/HASH-openssl-3.6.4/lib/libcrypto.so.3)
==4049526==    by 0x4B197FB: ossl_algorithm_do_all (in /nix/store/HASH-openssl-3.6.4/lib/libcrypto.so.3)
==4049526==    by 0x4B19C4F: ossl_method_construct (in /nix/store/HASH-openssl-3.6.4/lib/libcrypto.so.3)
==4049526==    by 0x4AE1F07: evp_generic_fetch (in /nix/store/HASH-openssl-3.6.4/lib/libcrypto.so.3)
==4049526==    by 0x4AFDACF: EVP_PKEY_CTX_new_from_name (in /nix/store/HASH-openssl-3.6.4/lib/libcrypto.so.3)
==4049526==    by 0x4AF7F5B: EVP_PKEY_new_raw_private_key (in /nix/store/HASH-openssl-3.6.4/lib/libcrypto.so.3)
==4049526==    by 0x1076133: privateKeyFromSecret (backend_openssl.zig:274)
==4049526==    by 0x1076133: privateKeyFromSecret (backend.zig:222)
==4049526==    by 0x1076133: privateKey (x25519.zig:45)
==4049526==    by 0x1076133: x25519.sharedSecret (x25519.zig:64)
==4049526== 
==4049526== Conditional jump or move depends on uninitialised value(s)
==4049526==    at 0x4B1A344: ossl_namemap_name2num (in /nix/store/HASH-openssl-3.6.4/lib/libcrypto.so.3)
==4049526==    by 0x4B1A72B: namemap_add_name (in /nix/store/HASH-openssl-3.6.4/lib/libcrypto.so.3)
==4049526==    by 0x4B1AED3: ossl_namemap_add_names (in /nix/store/HASH-openssl-3.6.4/lib/libcrypto.so.3)
==4049526==    by 0x4AE1537: construct_evp_method (in /nix/store/HASH-openssl-3.6.4/lib/libcrypto.so.3)
==4049526==    by 0x4B1999B: ossl_method_construct_this (in /nix/store/HASH-openssl-3.6.4/lib/libcrypto.so.3)
==4049526==    by 0x4B19647: algorithm_do_this (in /nix/store/HASH-openssl-3.6.4/lib/libcrypto.so.3)
==4049526==    by 0x4B31A53: ossl_provider_doall_activated (in /nix/store/HASH-openssl-3.6.4/lib/libcrypto.so.3)
==4049526==    by 0x4B197FB: ossl_algorithm_do_all (in /nix/store/HASH-openssl-3.6.4/lib/libcrypto.so.3)
==4049526==    by 0x4B19C4F: ossl_method_construct (in /nix/store/HASH-openssl-3.6.4/lib/libcrypto.so.3)
==4049526==    by 0x4AE1F07: evp_generic_fetch (in /nix/store/HASH-openssl-3.6.4/lib/libcrypto.so.3)
==4049526==    by 0x4AFDACF: EVP_PKEY_CTX_new_from_name (in /nix/store/HASH-openssl-3.6.4/lib/libcrypto.so.3)
==4049526==    by 0x4AF7F5B: EVP_PKEY_new_raw_private_key (in /nix/store/HASH-openssl-3.6.4/lib/libcrypto.so.3)
==4049526== 
==4049526== Conditional jump or move depends on uninitialised value(s)
==4049526==    at 0x4B1A99C: namemap_add_name (in /nix/store/HASH-openssl-3.6.4/lib/libcrypto.so.3)
==4049526==    by 0x4B1AED3: ossl_namemap_add_names (in /nix/store/HASH-openssl-3.6.4/lib/libcrypto.so.3)
==4049526==    by 0x4AE1537: construct_evp_method (in /nix/store/HASH-openssl-3.6.4/lib/libcrypto.so.3)
==4049526==    by 0x4B1999B: ossl_method_construct_this (in /nix/store/HASH-openssl-3.6.4/lib/libcrypto.so.3)
==4049526==    by 0x4B19647: algorithm_do_this (in /nix/store/HASH-openssl-3.6.4/lib/libcrypto.so.3)
==4049526==    by 0x4B31A53: ossl_provider_doall_activated (in /nix/store/HASH-openssl-3.6.4/lib/libcrypto.so.3)
==4049526==    by 0x4B197FB: ossl_algorithm_do_all (in /nix/store/HASH-openssl-3.6.4/lib/libcrypto.so.3)
==4049526==    by 0x4B19C4F: ossl_method_construct (in /nix/store/HASH-openssl-3.6.4/lib/libcrypto.so.3)
==4049526==    by 0x4AE1F07: evp_generic_fetch (in /nix/store/HASH-openssl-3.6.4/lib/libcrypto.so.3)
==4049526==    by 0x4AFDACF: EVP_PKEY_CTX_new_from_name (in /nix/store/HASH-openssl-3.6.4/lib/libcrypto.so.3)
==4049526==    by 0x4AF7F5B: EVP_PKEY_new_raw_private_key (in /nix/store/HASH-openssl-3.6.4/lib/libcrypto.so.3)
==4049526==    by 0x1076133: privateKeyFromSecret (backend_openssl.zig:274)
==4049526==    by 0x1076133: privateKeyFromSecret (backend.zig:222)
==4049526==    by 0x1076133: privateKey (x25519.zig:45)
==4049526==    by 0x1076133: x25519.sharedSecret (x25519.zig:64)
==4049526== 
==4049526== Conditional jump or move depends on uninitialised value(s)
==4049526==    at 0x4B1A9C8: namemap_add_name (in /nix/store/HASH-openssl-3.6.4/lib/libcrypto.so.3)
==4049526==    by 0x4B1AED3: ossl_namemap_add_names (in /nix/store/HASH-openssl-3.6.4/lib/libcrypto.so.3)
==4049526==    by 0x4AE1537: construct_evp_method (in /nix/store/HASH-openssl-3.6.4/lib/libcrypto.so.3)
==4049526==    by 0x4B1999B: ossl_method_construct_this (in /nix/store/HASH-openssl-3.6.4/lib/libcrypto.so.3)
==4049526==    by 0x4B19647: algorithm_do_this (in /nix/store/HASH-openssl-3.6.4/lib/libcrypto.so.3)
==4049526==    by 0x4B31A53: ossl_provider_doall_activated (in /nix/store/HASH-openssl-3.6.4/lib/libcrypto.so.3)
==4049526==    by 0x4B197FB: ossl_algorithm_do_all (in /nix/store/HASH-openssl-3.6.4/lib/libcrypto.so.3)
==4049526==    by 0x4B19C4F: ossl_method_construct (in /nix/store/HASH-openssl-3.6.4/lib/libcrypto.so.3)
==4049526==    by 0x4AE1F07: evp_generic_fetch (in /nix/store/HASH-openssl-3.6.4/lib/libcrypto.so.3)
==4049526==    by 0x4AFDACF: EVP_PKEY_CTX_new_from_name (in /nix/store/HASH-openssl-3.6.4/lib/libcrypto.so.3)
==4049526==    by 0x4AF7F5B: EVP_PKEY_new_raw_private_key (in /nix/store/HASH-openssl-3.6.4/lib/libcrypto.so.3)
==4049526==    by 0x1076133: privateKeyFromSecret (backend_openssl.zig:274)
==4049526==    by 0x1076133: privateKeyFromSecret (backend.zig:222)
==4049526==    by 0x1076133: privateKey (x25519.zig:45)
==4049526==    by 0x1076133: x25519.sharedSecret (x25519.zig:64)
==4049526== 
==4049526== Conditional jump or move depends on uninitialised value(s)
==4049526==    at 0x4B1A318: ossl_namemap_name2num (in /nix/store/HASH-openssl-3.6.4/lib/libcrypto.so.3)
==4049526==    by 0x4AE1C1F: evp_generic_fetch (in /nix/store/HASH-openssl-3.6.4/lib/libcrypto.so.3)
==4049526==    by 0x4AE9D7B: EVP_PKEY_derive_init_ex (in /nix/store/HASH-openssl-3.6.4/lib/libcrypto.so.3)
==4049526==    by 0x10761BF: sharedSecretDerive (backend_openssl.zig:312)
==4049526==    by 0x10761BF: sharedSecretDerive (backend.zig:238)
==4049526==    by 0x10761BF: x25519.sharedSecret (x25519.zig:70)
==4049526==    by 0x106E7EB: ClientHandshake.processServerHello (ClientHandshake.zig:1574)
==4049526==    by 0x10699CB: processHandshakeRecord (ClientHandshake.zig:1249)
==4049526==    by 0x10699CB: ClientHandshake.handleRecord (ClientHandshake.zig:1102)
==4049526==    by 0x10680FB: bench.record_protection.replayHandshake (record_protection.zig:108)
==4049526==    by 0x104F76B: bench.record_protection.benchClientHandshakeReplay__anon_9869__struct_12324.benchFn (record_protection.zig:0)
==4049526==    by 0x1042827: benchmark.B.runN (benchmark.zig:572)
==4049526==    by 0x1042DEB: benchmark.B.run1AndMaybeLaunch (benchmark.zig:562)
==4049526==    by 0x104BCE7: benchmark.B.run (benchmark.zig:509)
==4049526==    by 0x1046553: bench.record_protection.benchmarkClientHandshakeReplay (record_protection.zig:234)
==4049526== 
==4049526== Conditional jump or move depends on uninitialised value(s)
==4049526==    at 0x4B1A318: ossl_namemap_name2num (in /nix/store/HASH-openssl-3.6.4/lib/libcrypto.so.3)
==4049526==    by 0x4AE213B: evp_generic_fetch_from_prov (in /nix/store/HASH-openssl-3.6.4/lib/libcrypto.so.3)
==4049526==    by 0x4AE9DA3: EVP_PKEY_derive_init_ex (in /nix/store/HASH-openssl-3.6.4/lib/libcrypto.so.3)
==4049526==    by 0x10761BF: sharedSecretDerive (backend_openssl.zig:312)
==4049526==    by 0x10761BF: sharedSecretDerive (backend.zig:238)
==4049526==    by 0x10761BF: x25519.sharedSecret (x25519.zig:70)
==4049526==    by 0x106E7EB: ClientHandshake.processServerHello (ClientHandshake.zig:1574)
==4049526==    by 0x10699CB: processHandshakeRecord (ClientHandshake.zig:1249)
==4049526==    by 0x10699CB: ClientHandshake.handleRecord (ClientHandshake.zig:1102)
==4049526==    by 0x10680FB: bench.record_protection.replayHandshake (record_protection.zig:108)
==4049526==    by 0x104F76B: bench.record_protection.benchClientHandshakeReplay__anon_9869__struct_12324.benchFn (record_protection.zig:0)
==4049526==    by 0x1042827: benchmark.B.runN (benchmark.zig:572)
==4049526==    by 0x1042DEB: benchmark.B.run1AndMaybeLaunch (benchmark.zig:562)
==4049526==    by 0x104BCE7: benchmark.B.run (benchmark.zig:509)
==4049526==    by 0x1046553: bench.record_protection.benchmarkClientHandshakeReplay (record_protection.zig:234)
==4049526== 
==4049526== Conditional jump or move depends on uninitialised value(s)
==4049526==    at 0x4B1A318: ossl_namemap_name2num (in /nix/store/HASH-openssl-3.6.4/lib/libcrypto.so.3)
==4049526==    by 0x4AE213B: evp_generic_fetch_from_prov (in /nix/store/HASH-openssl-3.6.4/lib/libcrypto.so.3)
==4049526==    by 0x4AEA1A3: EVP_PKEY_derive_set_peer_ex (in /nix/store/HASH-openssl-3.6.4/lib/libcrypto.so.3)
==4049526==    by 0x10761D3: sharedSecretDerive (backend_openssl.zig:313)
==4049526==    by 0x10761D3: sharedSecretDerive (backend.zig:238)
==4049526==    by 0x10761D3: x25519.sharedSecret (x25519.zig:70)
==4049526==    by 0x106E7EB: ClientHandshake.processServerHello (ClientHandshake.zig:1574)
==4049526==    by 0x10699CB: processHandshakeRecord (ClientHandshake.zig:1249)
==4049526==    by 0x10699CB: ClientHandshake.handleRecord (ClientHandshake.zig:1102)
==4049526==    by 0x10680FB: bench.record_protection.replayHandshake (record_protection.zig:108)
==4049526==    by 0x104F76B: bench.record_protection.benchClientHandshakeReplay__anon_9869__struct_12324.benchFn (record_protection.zig:0)
==4049526==    by 0x1042827: benchmark.B.runN (benchmark.zig:572)
==4049526==    by 0x1042DEB: benchmark.B.run1AndMaybeLaunch (benchmark.zig:562)
==4049526==    by 0x104BCE7: benchmark.B.run (benchmark.zig:509)
==4049526==    by 0x1046553: bench.record_protection.benchmarkClientHandshakeReplay (record_protection.zig:234)
==4049526== 
==4049526== 
==4049526== HEAP SUMMARY:
==4049526==     in use at exit: 28,295 bytes in 64 blocks
==4049526==   total heap usage: 7,999 allocs, 7,935 frees, 485,575 bytes allocated
==4049526== 
==4049526== 2 bytes in 1 blocks are indirectly lost in loss record 1 of 36
==4049526==    at 0x4885E30: malloc (in /nix/store/HASH-valgrind-3.27.1/libexec/valgrind/vgpreload_memcheck-arm64-linux.so)
==4049526==    by 0x4B1FDE7: CRYPTO_malloc (in /nix/store/HASH-openssl-3.6.4/lib/libcrypto.so.3)
==4049526==    by 0x4B31E17: ossl_provider_set_operation_bit (in /nix/store/HASH-openssl-3.6.4/lib/libcrypto.so.3)
==4049526==    by 0x4B19A47: ossl_method_construct_postcondition (in /nix/store/HASH-openssl-3.6.4/lib/libcrypto.so.3)
==4049526==    by 0x4B1966F: algorithm_do_this (in /nix/store/HASH-openssl-3.6.4/lib/libcrypto.so.3)
==4049526==    by 0x4B31A53: ossl_provider_doall_activated (in /nix/store/HASH-openssl-3.6.4/lib/libcrypto.so.3)
==4049526==    by 0x4B197FB: ossl_algorithm_do_all (in /nix/store/HASH-openssl-3.6.4/lib/libcrypto.so.3)
==4049526==    by 0x4B19C4F: ossl_method_construct (in /nix/store/HASH-openssl-3.6.4/lib/libcrypto.so.3)
==4049526==    by 0x4AE1F07: evp_generic_fetch (in /nix/store/HASH-openssl-3.6.4/lib/libcrypto.so.3)
==4049526==    by 0x4AFDACF: EVP_PKEY_CTX_new_from_name (in /nix/store/HASH-openssl-3.6.4/lib/libcrypto.so.3)
==4049526==    by 0x4AF7F5B: EVP_PKEY_new_raw_private_key (in /nix/store/HASH-openssl-3.6.4/lib/libcrypto.so.3)
==4049526==    by 0x1076133: privateKeyFromSecret (backend_openssl.zig:274)
==4049526==    by 0x1076133: privateKeyFromSecret (backend.zig:222)
==4049526==    by 0x1076133: privateKey (x25519.zig:45)
==4049526==    by 0x1076133: x25519.sharedSecret (x25519.zig:64)
==4049526== 
==4049526== 8 bytes in 1 blocks are indirectly lost in loss record 2 of 36
==4049526==    at 0x4885E30: malloc (in /nix/store/HASH-valgrind-3.27.1/libexec/valgrind/vgpreload_memcheck-arm64-linux.so)
==4049526==    by 0x4B1FDE7: CRYPTO_malloc (in /nix/store/HASH-openssl-3.6.4/lib/libcrypto.so.3)
==4049526==    by 0x4B21C77: CRYPTO_strdup (in /nix/store/HASH-openssl-3.6.4/lib/libcrypto.so.3)
==4049526==    by 0x4B30E07: provider_new (in /nix/store/HASH-openssl-3.6.4/lib/libcrypto.so.3)
==4049526==    by 0x4B315EF: provider_activate_fallbacks (in /nix/store/HASH-openssl-3.6.4/lib/libcrypto.so.3)
==4049526==    by 0x4B317B3: ossl_provider_doall_activated (in /nix/store/HASH-openssl-3.6.4/lib/libcrypto.so.3)
==4049526==    by 0x4B197FB: ossl_algorithm_do_all (in /nix/store/HASH-openssl-3.6.4/lib/libcrypto.so.3)
==4049526==    by 0x4B19C4F: ossl_method_construct (in /nix/store/HASH-openssl-3.6.4/lib/libcrypto.so.3)
==4049526==    by 0x4AE1F07: evp_generic_fetch (in /nix/store/HASH-openssl-3.6.4/lib/libcrypto.so.3)
==4049526==    by 0x4AFDACF: EVP_PKEY_CTX_new_from_name (in /nix/store/HASH-openssl-3.6.4/lib/libcrypto.so.3)
==4049526==    by 0x4AF7F5B: EVP_PKEY_new_raw_private_key (in /nix/store/HASH-openssl-3.6.4/lib/libcrypto.so.3)
==4049526==    by 0x1076133: privateKeyFromSecret (backend_openssl.zig:274)
==4049526==    by 0x1076133: privateKeyFromSecret (backend.zig:222)
==4049526==    by 0x1076133: privateKey (x25519.zig:45)
==4049526==    by 0x1076133: x25519.sharedSecret (x25519.zig:64)
==4049526== 
==4049526== 19 bytes in 1 blocks are indirectly lost in loss record 3 of 36
==4049526==    at 0x4885E30: malloc (in /nix/store/HASH-valgrind-3.27.1/libexec/valgrind/vgpreload_memcheck-arm64-linux.so)
==4049526==    by 0x4B1FDE7: CRYPTO_malloc (in /nix/store/HASH-openssl-3.6.4/lib/libcrypto.so.3)
==4049526==    by 0x4B21C77: CRYPTO_strdup (in /nix/store/HASH-openssl-3.6.4/lib/libcrypto.so.3)
==4049526==    by 0x49FADA7: BIO_meth_new (in /nix/store/HASH-openssl-3.6.4/lib/libcrypto.so.3)
==4049526==    by 0x4C12EDB: ossl_bio_prov_init_bio_method (in /nix/store/HASH-openssl-3.6.4/lib/libcrypto.so.3)
==4049526==    by 0x4C1260F: ossl_default_provider_init (in /nix/store/HASH-openssl-3.6.4/lib/libcrypto.so.3)
==4049526==    by 0x4B2EE93: provider_activate (in /nix/store/HASH-openssl-3.6.4/lib/libcrypto.so.3)
==4049526==    by 0x4B31617: provider_activate_fallbacks (in /nix/store/HASH-openssl-3.6.4/lib/libcrypto.so.3)
==4049526==    by 0x4B317B3: ossl_provider_doall_activated (in /nix/store/HASH-openssl-3.6.4/lib/libcrypto.so.3)
==4049526==    by 0x4B197FB: ossl_algorithm_do_all (in /nix/store/HASH-openssl-3.6.4/lib/libcrypto.so.3)
==4049526==    by 0x4B19C4F: ossl_method_construct (in /nix/store/HASH-openssl-3.6.4/lib/libcrypto.so.3)
==4049526==    by 0x4AE1F07: evp_generic_fetch (in /nix/store/HASH-openssl-3.6.4/lib/libcrypto.so.3)
==4049526== 
==4049526== 32 bytes in 1 blocks are indirectly lost in loss record 4 of 36
==4049526==    at 0x4885E30: malloc (in /nix/store/HASH-valgrind-3.27.1/libexec/valgrind/vgpreload_memcheck-arm64-linux.so)
==4049526==    by 0x4B1FDE7: CRYPTO_malloc (in /nix/store/HASH-openssl-3.6.4/lib/libcrypto.so.3)
==4049526==    by 0x4B20053: CRYPTO_zalloc (in /nix/store/HASH-openssl-3.6.4/lib/libcrypto.so.3)
==4049526==    by 0x4C125FF: ossl_default_provider_init (in /nix/store/HASH-openssl-3.6.4/lib/libcrypto.so.3)
==4049526==    by 0x4B2EE93: provider_activate (in /nix/store/HASH-openssl-3.6.4/lib/libcrypto.so.3)
==4049526==    by 0x4B31617: provider_activate_fallbacks (in /nix/store/HASH-openssl-3.6.4/lib/libcrypto.so.3)
==4049526==    by 0x4B317B3: ossl_provider_doall_activated (in /nix/store/HASH-openssl-3.6.4/lib/libcrypto.so.3)
==4049526==    by 0x4B197FB: ossl_algorithm_do_all (in /nix/store/HASH-openssl-3.6.4/lib/libcrypto.so.3)
==4049526==    by 0x4B19C4F: ossl_method_construct (in /nix/store/HASH-openssl-3.6.4/lib/libcrypto.so.3)
==4049526==    by 0x4AE1F07: evp_generic_fetch (in /nix/store/HASH-openssl-3.6.4/lib/libcrypto.so.3)
==4049526==    by 0x4AFDACF: EVP_PKEY_CTX_new_from_name (in /nix/store/HASH-openssl-3.6.4/lib/libcrypto.so.3)
==4049526==    by 0x4AF7F5B: EVP_PKEY_new_raw_private_key (in /nix/store/HASH-openssl-3.6.4/lib/libcrypto.so.3)
==4049526== 
==4049526== 40 bytes in 1 blocks are indirectly lost in loss record 5 of 36
==4049526==    at 0x4885E30: malloc (in /nix/store/HASH-valgrind-3.27.1/libexec/valgrind/vgpreload_memcheck-arm64-linux.so)
==4049526==    by 0x4B1FDE7: CRYPTO_malloc (in /nix/store/HASH-openssl-3.6.4/lib/libcrypto.so.3)
==4049526==    by 0x4BBDB13: OPENSSL_sk_deep_copy (in /nix/store/HASH-openssl-3.6.4/lib/libcrypto.so.3)
==4049526==    by 0x4B30DEF: provider_new (in /nix/store/HASH-openssl-3.6.4/lib/libcrypto.so.3)
==4049526==    by 0x4B315EF: provider_activate_fallbacks (in /nix/store/HASH-openssl-3.6.4/lib/libcrypto.so.3)
==4049526==    by 0x4B317B3: ossl_provider_doall_activated (in /nix/store/HASH-openssl-3.6.4/lib/libcrypto.so.3)
==4049526==    by 0x4B197FB: ossl_algorithm_do_all (in /nix/store/HASH-openssl-3.6.4/lib/libcrypto.so.3)
==4049526==    by 0x4B19C4F: ossl_method_construct (in /nix/store/HASH-openssl-3.6.4/lib/libcrypto.so.3)
==4049526==    by 0x4AE1F07: evp_generic_fetch (in /nix/store/HASH-openssl-3.6.4/lib/libcrypto.so.3)
==4049526==    by 0x4AFDACF: EVP_PKEY_CTX_new_from_name (in /nix/store/HASH-openssl-3.6.4/lib/libcrypto.so.3)
==4049526==    by 0x4AF7F5B: EVP_PKEY_new_raw_private_key (in /nix/store/HASH-openssl-3.6.4/lib/libcrypto.so.3)
==4049526==    by 0x1076133: privateKeyFromSecret (backend_openssl.zig:274)
==4049526==    by 0x1076133: privateKeyFromSecret (backend.zig:222)
==4049526==    by 0x1076133: privateKey (x25519.zig:45)
==4049526==    by 0x1076133: x25519.sharedSecret (x25519.zig:64)
==4049526== 
==4049526== 42 bytes in 3 blocks are indirectly lost in loss record 6 of 36
==4049526==    at 0x4885E30: malloc (in /nix/store/HASH-valgrind-3.27.1/libexec/valgrind/vgpreload_memcheck-arm64-linux.so)
==4049526==    by 0x4B1FDE7: CRYPTO_malloc (in /nix/store/HASH-openssl-3.6.4/lib/libcrypto.so.3)
==4049526==    by 0x4B22077: CRYPTO_strndup (in /nix/store/HASH-openssl-3.6.4/lib/libcrypto.so.3)
==4049526==    by 0x4AE0A77: evp_cipher_from_algorithm (in /nix/store/HASH-openssl-3.6.4/lib/libcrypto.so.3)
==4049526==    by 0x4AE154B: construct_evp_method (in /nix/store/HASH-openssl-3.6.4/lib/libcrypto.so.3)
==4049526==    by 0x4B1999B: ossl_method_construct_this (in /nix/store/HASH-openssl-3.6.4/lib/libcrypto.so.3)
==4049526==    by 0x4B19647: algorithm_do_this (in /nix/store/HASH-openssl-3.6.4/lib/libcrypto.so.3)
==4049526==    by 0x4B31A53: ossl_provider_doall_activated (in /nix/store/HASH-openssl-3.6.4/lib/libcrypto.so.3)
==4049526==    by 0x4B197FB: ossl_algorithm_do_all (in /nix/store/HASH-openssl-3.6.4/lib/libcrypto.so.3)
==4049526==    by 0x4B19C4F: ossl_method_construct (in /nix/store/HASH-openssl-3.6.4/lib/libcrypto.so.3)
==4049526==    by 0x4AE1F07: evp_generic_fetch (in /nix/store/HASH-openssl-3.6.4/lib/libcrypto.so.3)
==4049526==    by 0x4AE0453: evp_cipher_init_internal (in /nix/store/HASH-openssl-3.6.4/lib/libcrypto.so.3)
==4049526== 
==4049526== 56 bytes in 1 blocks are indirectly lost in loss record 7 of 36
==4049526==    at 0x4885E30: malloc (in /nix/store/HASH-valgrind-3.27.1/libexec/valgrind/vgpreload_memcheck-arm64-linux.so)
==4049526==    by 0x4B1FDE7: CRYPTO_malloc (in /nix/store/HASH-openssl-3.6.4/lib/libcrypto.so.3)
==4049526==    by 0x4B20053: CRYPTO_zalloc (in /nix/store/HASH-openssl-3.6.4/lib/libcrypto.so.3)
==4049526==    by 0x4B34D67: CRYPTO_THREAD_lock_new (in /nix/store/HASH-openssl-3.6.4/lib/libcrypto.so.3)
==4049526==    by 0x4B30DB7: provider_new (in /nix/store/HASH-openssl-3.6.4/lib/libcrypto.so.3)
==4049526==    by 0x4B315EF: provider_activate_fallbacks (in /nix/store/HASH-openssl-3.6.4/lib/libcrypto.so.3)
==4049526==    by 0x4B317B3: ossl_provider_doall_activated (in /nix/store/HASH-openssl-3.6.4/lib/libcrypto.so.3)
==4049526==    by 0x4B197FB: ossl_algorithm_do_all (in /nix/store/HASH-openssl-3.6.4/lib/libcrypto.so.3)
==4049526==    by 0x4B19C4F: ossl_method_construct (in /nix/store/HASH-openssl-3.6.4/lib/libcrypto.so.3)
==4049526==    by 0x4AE1F07: evp_generic_fetch (in /nix/store/HASH-openssl-3.6.4/lib/libcrypto.so.3)
==4049526==    by 0x4AFDACF: EVP_PKEY_CTX_new_from_name (in /nix/store/HASH-openssl-3.6.4/lib/libcrypto.so.3)
==4049526==    by 0x4AF7F5B: EVP_PKEY_new_raw_private_key (in /nix/store/HASH-openssl-3.6.4/lib/libcrypto.so.3)
==4049526== 
==4049526== 56 bytes in 1 blocks are indirectly lost in loss record 8 of 36
==4049526==    at 0x4885E30: malloc (in /nix/store/HASH-valgrind-3.27.1/libexec/valgrind/vgpreload_memcheck-arm64-linux.so)
==4049526==    by 0x4B1FDE7: CRYPTO_malloc (in /nix/store/HASH-openssl-3.6.4/lib/libcrypto.so.3)
==4049526==    by 0x4B20053: CRYPTO_zalloc (in /nix/store/HASH-openssl-3.6.4/lib/libcrypto.so.3)
==4049526==    by 0x4B34D67: CRYPTO_THREAD_lock_new (in /nix/store/HASH-openssl-3.6.4/lib/libcrypto.so.3)
==4049526==    by 0x4B30DC3: provider_new (in /nix/store/HASH-openssl-3.6.4/lib/libcrypto.so.3)
==4049526==    by 0x4B315EF: provider_activate_fallbacks (in /nix/store/HASH-openssl-3.6.4/lib/libcrypto.so.3)
==4049526==    by 0x4B317B3: ossl_provider_doall_activated (in /nix/store/HASH-openssl-3.6.4/lib/libcrypto.so.3)
==4049526==    by 0x4B197FB: ossl_algorithm_do_all (in /nix/store/HASH-openssl-3.6.4/lib/libcrypto.so.3)
==4049526==    by 0x4B19C4F: ossl_method_construct (in /nix/store/HASH-openssl-3.6.4/lib/libcrypto.so.3)
==4049526==    by 0x4AE1F07: evp_generic_fetch (in /nix/store/HASH-openssl-3.6.4/lib/libcrypto.so.3)
==4049526==    by 0x4AFDACF: EVP_PKEY_CTX_new_from_name (in /nix/store/HASH-openssl-3.6.4/lib/libcrypto.so.3)
==4049526==    by 0x4AF7F5B: EVP_PKEY_new_raw_private_key (in /nix/store/HASH-openssl-3.6.4/lib/libcrypto.so.3)
==4049526== 
==4049526== 56 bytes in 1 blocks are indirectly lost in loss record 9 of 36
==4049526==    at 0x4885E30: malloc (in /nix/store/HASH-valgrind-3.27.1/libexec/valgrind/vgpreload_memcheck-arm64-linux.so)
==4049526==    by 0x4B1FDE7: CRYPTO_malloc (in /nix/store/HASH-openssl-3.6.4/lib/libcrypto.so.3)
==4049526==    by 0x4B20053: CRYPTO_zalloc (in /nix/store/HASH-openssl-3.6.4/lib/libcrypto.so.3)
==4049526==    by 0x4B34D67: CRYPTO_THREAD_lock_new (in /nix/store/HASH-openssl-3.6.4/lib/libcrypto.so.3)
==4049526==    by 0x4B30DCF: provider_new (in /nix/store/HASH-openssl-3.6.4/lib/libcrypto.so.3)
==4049526==    by 0x4B315EF: provider_activate_fallbacks (in /nix/store/HASH-openssl-3.6.4/lib/libcrypto.so.3)
==4049526==    by 0x4B317B3: ossl_provider_doall_activated (in /nix/store/HASH-openssl-3.6.4/lib/libcrypto.so.3)
==4049526==    by 0x4B197FB: ossl_algorithm_do_all (in /nix/store/HASH-openssl-3.6.4/lib/libcrypto.so.3)
==4049526==    by 0x4B19C4F: ossl_method_construct (in /nix/store/HASH-openssl-3.6.4/lib/libcrypto.so.3)
==4049526==    by 0x4AE1F07: evp_generic_fetch (in /nix/store/HASH-openssl-3.6.4/lib/libcrypto.so.3)
==4049526==    by 0x4AFDACF: EVP_PKEY_CTX_new_from_name (in /nix/store/HASH-openssl-3.6.4/lib/libcrypto.so.3)
==4049526==    by 0x4AF7F5B: EVP_PKEY_new_raw_private_key (in /nix/store/HASH-openssl-3.6.4/lib/libcrypto.so.3)
==4049526== 
==4049526== 112 bytes in 1 blocks are indirectly lost in loss record 10 of 36
==4049526==    at 0x4885E30: malloc (in /nix/store/HASH-valgrind-3.27.1/libexec/valgrind/vgpreload_memcheck-arm64-linux.so)
==4049526==    by 0x4B1FDE7: CRYPTO_malloc (in /nix/store/HASH-openssl-3.6.4/lib/libcrypto.so.3)
==4049526==    by 0x4B20053: CRYPTO_zalloc (in /nix/store/HASH-openssl-3.6.4/lib/libcrypto.so.3)
==4049526==    by 0x49FAD8F: BIO_meth_new (in /nix/store/HASH-openssl-3.6.4/lib/libcrypto.so.3)
==4049526==    by 0x4C12EDB: ossl_bio_prov_init_bio_method (in /nix/store/HASH-openssl-3.6.4/lib/libcrypto.so.3)
==4049526==    by 0x4C1260F: ossl_default_provider_init (in /nix/store/HASH-openssl-3.6.4/lib/libcrypto.so.3)
==4049526==    by 0x4B2EE93: provider_activate (in /nix/store/HASH-openssl-3.6.4/lib/libcrypto.so.3)
==4049526==    by 0x4B31617: provider_activate_fallbacks (in /nix/store/HASH-openssl-3.6.4/lib/libcrypto.so.3)
==4049526==    by 0x4B317B3: ossl_provider_doall_activated (in /nix/store/HASH-openssl-3.6.4/lib/libcrypto.so.3)
==4049526==    by 0x4B197FB: ossl_algorithm_do_all (in /nix/store/HASH-openssl-3.6.4/lib/libcrypto.so.3)
==4049526==    by 0x4B19C4F: ossl_method_construct (in /nix/store/HASH-openssl-3.6.4/lib/libcrypto.so.3)
==4049526==    by 0x4AE1F07: evp_generic_fetch (in /nix/store/HASH-openssl-3.6.4/lib/libcrypto.so.3)
==4049526== 
==4049526== 232 bytes in 1 blocks are indirectly lost in loss record 11 of 36
==4049526==    at 0x4885E30: malloc (in /nix/store/HASH-valgrind-3.27.1/libexec/valgrind/vgpreload_memcheck-arm64-linux.so)
==4049526==    by 0x4B1FDE7: CRYPTO_malloc (in /nix/store/HASH-openssl-3.6.4/lib/libcrypto.so.3)
==4049526==    by 0x4B20053: CRYPTO_zalloc (in /nix/store/HASH-openssl-3.6.4/lib/libcrypto.so.3)
==4049526==    by 0x4B30D9F: provider_new (in /nix/store/HASH-openssl-3.6.4/lib/libcrypto.so.3)
==4049526==    by 0x4B315EF: provider_activate_fallbacks (in /nix/store/HASH-openssl-3.6.4/lib/libcrypto.so.3)
==4049526==    by 0x4B317B3: ossl_provider_doall_activated (in /nix/store/HASH-openssl-3.6.4/lib/libcrypto.so.3)
==4049526==    by 0x4B197FB: ossl_algorithm_do_all (in /nix/store/HASH-openssl-3.6.4/lib/libcrypto.so.3)
==4049526==    by 0x4B19C4F: ossl_method_construct (in /nix/store/HASH-openssl-3.6.4/lib/libcrypto.so.3)
==4049526==    by 0x4AE1F07: evp_generic_fetch (in /nix/store/HASH-openssl-3.6.4/lib/libcrypto.so.3)
==4049526==    by 0x4AFDACF: EVP_PKEY_CTX_new_from_name (in /nix/store/HASH-openssl-3.6.4/lib/libcrypto.so.3)
==4049526==    by 0x4AF7F5B: EVP_PKEY_new_raw_private_key (in /nix/store/HASH-openssl-3.6.4/lib/libcrypto.so.3)
==4049526==    by 0x1076133: privateKeyFromSecret (backend_openssl.zig:274)
==4049526==    by 0x1076133: privateKeyFromSecret (backend.zig:222)
==4049526==    by 0x1076133: privateKey (x25519.zig:45)
==4049526==    by 0x1076133: x25519.sharedSecret (x25519.zig:64)
==4049526== 
==4049526== 888 bytes in 3 blocks are indirectly lost in loss record 12 of 36
==4049526==    at 0x4885E30: malloc (in /nix/store/HASH-valgrind-3.27.1/libexec/valgrind/vgpreload_memcheck-arm64-linux.so)
==4049526==    by 0x4B1FDE7: CRYPTO_malloc (in /nix/store/HASH-openssl-3.6.4/lib/libcrypto.so.3)
==4049526==    by 0x4B20053: CRYPTO_zalloc (in /nix/store/HASH-openssl-3.6.4/lib/libcrypto.so.3)
==4049526==    by 0x4ADF403: evp_cipher_new (in /nix/store/HASH-openssl-3.6.4/lib/libcrypto.so.3)
==4049526==    by 0x4AE0A37: evp_cipher_from_algorithm (in /nix/store/HASH-openssl-3.6.4/lib/libcrypto.so.3)
==4049526==    by 0x4AE154B: construct_evp_method (in /nix/store/HASH-openssl-3.6.4/lib/libcrypto.so.3)
==4049526==    by 0x4B1999B: ossl_method_construct_this (in /nix/store/HASH-openssl-3.6.4/lib/libcrypto.so.3)
==4049526==    by 0x4B19647: algorithm_do_this (in /nix/store/HASH-openssl-3.6.4/lib/libcrypto.so.3)
==4049526==    by 0x4B31A53: ossl_provider_doall_activated (in /nix/store/HASH-openssl-3.6.4/lib/libcrypto.so.3)
==4049526==    by 0x4B197FB: ossl_algorithm_do_all (in /nix/store/HASH-openssl-3.6.4/lib/libcrypto.so.3)
==4049526==    by 0x4B19C4F: ossl_method_construct (in /nix/store/HASH-openssl-3.6.4/lib/libcrypto.so.3)
==4049526==    by 0x4AE1F07: evp_generic_fetch (in /nix/store/HASH-openssl-3.6.4/lib/libcrypto.so.3)
==4049526== 
==4049526== 1,696 bytes in 2 blocks are indirectly lost in loss record 13 of 36
==4049526==    at 0x4885E30: malloc (in /nix/store/HASH-valgrind-3.27.1/libexec/valgrind/vgpreload_memcheck-arm64-linux.so)
==4049526==    by 0x4B1FDE7: CRYPTO_malloc (in /nix/store/HASH-openssl-3.6.4/lib/libcrypto.so.3)
==4049526==    by 0x4B20053: CRYPTO_zalloc (in /nix/store/HASH-openssl-3.6.4/lib/libcrypto.so.3)
==4049526==    by 0x4C2553B: chacha20_poly1305_newctx (in /nix/store/HASH-openssl-3.6.4/lib/libcrypto.so.3)
==4049526==    by 0x4AE067B: evp_cipher_init_internal (in /nix/store/HASH-openssl-3.6.4/lib/libcrypto.so.3)
==4049526==    by 0x107322B: aeadInit (backend_openssl.zig:544)
==4049526==    by 0x107322B: init (backend.zig:303)
==4049526==    by 0x107322B: init (aead.zig:138)
==4049526==    by 0x107322B: RecordLayer.init (RecordLayer.zig:79)
==4049526==    by 0x1079FD7: hkdf.Hkdf(crypto.hmac.Hmac(crypto.sha2.Sha2x32(.{ 1779033703, 3144134277, 1013904242, 2773480762, 1359893119, 2600822924, 528734635, 1541459225 },256))).makeRecordLayer (hkdf.zig:237)
==4049526==    by 0x106EF9B: deriveHandshakeKeys (ClientHandshake.zig:511)
==4049526==    by 0x106EF9B: ClientHandshake.processServerHello (ClientHandshake.zig:1619)
==4049526==    by 0x10699CB: processHandshakeRecord (ClientHandshake.zig:1249)
==4049526==    by 0x10699CB: ClientHandshake.handleRecord (ClientHandshake.zig:1102)
==4049526==    by 0x10680FB: bench.record_protection.replayHandshake (record_protection.zig:108)
==4049526==    by 0x104F913: bench.record_protection.benchClientHandshakeReplay__anon_9890__struct_12364.benchFn (record_protection.zig:0)
==4049526==    by 0x1042827: benchmark.B.runN (benchmark.zig:572)
==4049526== 
==4049526== 1,696 bytes in 2 blocks are indirectly lost in loss record 14 of 36
==4049526==    at 0x4885E30: malloc (in /nix/store/HASH-valgrind-3.27.1/libexec/valgrind/vgpreload_memcheck-arm64-linux.so)
==4049526==    by 0x4B1FDE7: CRYPTO_malloc (in /nix/store/HASH-openssl-3.6.4/lib/libcrypto.so.3)
==4049526==    by 0x4B20053: CRYPTO_zalloc (in /nix/store/HASH-openssl-3.6.4/lib/libcrypto.so.3)
==4049526==    by 0x4C2553B: chacha20_poly1305_newctx (in /nix/store/HASH-openssl-3.6.4/lib/libcrypto.so.3)
==4049526==    by 0x4AE067B: evp_cipher_init_internal (in /nix/store/HASH-openssl-3.6.4/lib/libcrypto.so.3)
==4049526==    by 0x107328B: aeadInit (backend_openssl.zig:551)
==4049526==    by 0x107328B: init (backend.zig:303)
==4049526==    by 0x107328B: init (aead.zig:138)
==4049526==    by 0x107328B: RecordLayer.init (RecordLayer.zig:79)
==4049526==    by 0x1079FD7: hkdf.Hkdf(crypto.hmac.Hmac(crypto.sha2.Sha2x32(.{ 1779033703, 3144134277, 1013904242, 2773480762, 1359893119, 2600822924, 528734635, 1541459225 },256))).makeRecordLayer (hkdf.zig:237)
==4049526==    by 0x106EF9B: deriveHandshakeKeys (ClientHandshake.zig:511)
==4049526==    by 0x106EF9B: ClientHandshake.processServerHello (ClientHandshake.zig:1619)
==4049526==    by 0x10699CB: processHandshakeRecord (ClientHandshake.zig:1249)
==4049526==    by 0x10699CB: ClientHandshake.handleRecord (ClientHandshake.zig:1102)
==4049526==    by 0x10680FB: bench.record_protection.replayHandshake (record_protection.zig:108)
==4049526==    by 0x104F913: bench.record_protection.benchClientHandshakeReplay__anon_9890__struct_12364.benchFn (record_protection.zig:0)
==4049526==    by 0x1042827: benchmark.B.runN (benchmark.zig:572)
==4049526== 
==4049526== 1,696 bytes in 2 blocks are indirectly lost in loss record 15 of 36
==4049526==    at 0x4885E30: malloc (in /nix/store/HASH-valgrind-3.27.1/libexec/valgrind/vgpreload_memcheck-arm64-linux.so)
==4049526==    by 0x4B1FDE7: CRYPTO_malloc (in /nix/store/HASH-openssl-3.6.4/lib/libcrypto.so.3)
==4049526==    by 0x4B20053: CRYPTO_zalloc (in /nix/store/HASH-openssl-3.6.4/lib/libcrypto.so.3)
==4049526==    by 0x4C2553B: chacha20_poly1305_newctx (in /nix/store/HASH-openssl-3.6.4/lib/libcrypto.so.3)
==4049526==    by 0x4AE067B: evp_cipher_init_internal (in /nix/store/HASH-openssl-3.6.4/lib/libcrypto.so.3)
==4049526==    by 0x107322B: aeadInit (backend_openssl.zig:544)
==4049526==    by 0x107322B: init (backend.zig:303)
==4049526==    by 0x107322B: init (aead.zig:138)
==4049526==    by 0x107322B: RecordLayer.init (RecordLayer.zig:79)
==4049526==    by 0x1079FD7: hkdf.Hkdf(crypto.hmac.Hmac(crypto.sha2.Sha2x32(.{ 1779033703, 3144134277, 1013904242, 2773480762, 1359893119, 2600822924, 528734635, 1541459225 },256))).makeRecordLayer (hkdf.zig:237)
==4049526==    by 0x106EFC7: deriveHandshakeKeys (ClientHandshake.zig:513)
==4049526==    by 0x106EFC7: ClientHandshake.processServerHello (ClientHandshake.zig:1619)
==4049526==    by 0x10699CB: processHandshakeRecord (ClientHandshake.zig:1249)
==4049526==    by 0x10699CB: ClientHandshake.handleRecord (ClientHandshake.zig:1102)
==4049526==    by 0x10680FB: bench.record_protection.replayHandshake (record_protection.zig:108)
==4049526==    by 0x104F913: bench.record_protection.benchClientHandshakeReplay__anon_9890__struct_12364.benchFn (record_protection.zig:0)
==4049526==    by 0x1042827: benchmark.B.runN (benchmark.zig:572)
==4049526== 
==4049526== 1,696 bytes in 2 blocks are indirectly lost in loss record 16 of 36
==4049526==    at 0x4885E30: malloc (in /nix/store/HASH-valgrind-3.27.1/libexec/valgrind/vgpreload_memcheck-arm64-linux.so)
==4049526==    by 0x4B1FDE7: CRYPTO_malloc (in /nix/store/HASH-openssl-3.6.4/lib/libcrypto.so.3)
==4049526==    by 0x4B20053: CRYPTO_zalloc (in /nix/store/HASH-openssl-3.6.4/lib/libcrypto.so.3)
==4049526==    by 0x4C2553B: chacha20_poly1305_newctx (in /nix/store/HASH-openssl-3.6.4/lib/libcrypto.so.3)
==4049526==    by 0x4AE067B: evp_cipher_init_internal (in /nix/store/HASH-openssl-3.6.4/lib/libcrypto.so.3)
==4049526==    by 0x107328B: aeadInit (backend_openssl.zig:551)
==4049526==    by 0x107328B: init (backend.zig:303)
==4049526==    by 0x107328B: init (aead.zig:138)
==4049526==    by 0x107328B: RecordLayer.init (RecordLayer.zig:79)
==4049526==    by 0x1079FD7: hkdf.Hkdf(crypto.hmac.Hmac(crypto.sha2.Sha2x32(.{ 1779033703, 3144134277, 1013904242, 2773480762, 1359893119, 2600822924, 528734635, 1541459225 },256))).makeRecordLayer (hkdf.zig:237)
==4049526==    by 0x106EFC7: deriveHandshakeKeys (ClientHandshake.zig:513)
==4049526==    by 0x106EFC7: ClientHandshake.processServerHello (ClientHandshake.zig:1619)
==4049526==    by 0x10699CB: processHandshakeRecord (ClientHandshake.zig:1249)
==4049526==    by 0x10699CB: ClientHandshake.handleRecord (ClientHandshake.zig:1102)
==4049526==    by 0x10680FB: bench.record_protection.replayHandshake (record_protection.zig:108)
==4049526==    by 0x104F913: bench.record_protection.benchClientHandshakeReplay__anon_9890__struct_12364.benchFn (record_protection.zig:0)
==4049526==    by 0x1042827: benchmark.B.runN (benchmark.zig:572)
==4049526== 
==4049526== 1,920 bytes in 2 blocks are indirectly lost in loss record 17 of 36
==4049526==    at 0x4885E30: malloc (in /nix/store/HASH-valgrind-3.27.1/libexec/valgrind/vgpreload_memcheck-arm64-linux.so)
==4049526==    by 0x4B1FDE7: CRYPTO_malloc (in /nix/store/HASH-openssl-3.6.4/lib/libcrypto.so.3)
==4049526==    by 0x4B20053: CRYPTO_zalloc (in /nix/store/HASH-openssl-3.6.4/lib/libcrypto.so.3)
==4049526==    by 0x4C19DAF: aes128gcm_newctx (in /nix/store/HASH-openssl-3.6.4/lib/libcrypto.so.3)
==4049526==    by 0x4AE067B: evp_cipher_init_internal (in /nix/store/HASH-openssl-3.6.4/lib/libcrypto.so.3)
==4049526==    by 0x107322B: aeadInit (backend_openssl.zig:544)
==4049526==    by 0x107322B: init (backend.zig:303)
==4049526==    by 0x107322B: init (aead.zig:138)
==4049526==    by 0x107322B: RecordLayer.init (RecordLayer.zig:79)
==4049526==    by 0x1079FD7: hkdf.Hkdf(crypto.hmac.Hmac(crypto.sha2.Sha2x32(.{ 1779033703, 3144134277, 1013904242, 2773480762, 1359893119, 2600822924, 528734635, 1541459225 },256))).makeRecordLayer (hkdf.zig:237)
==4049526==    by 0x106EF9B: deriveHandshakeKeys (ClientHandshake.zig:511)
==4049526==    by 0x106EF9B: ClientHandshake.processServerHello (ClientHandshake.zig:1619)
==4049526==    by 0x10699CB: processHandshakeRecord (ClientHandshake.zig:1249)
==4049526==    by 0x10699CB: ClientHandshake.handleRecord (ClientHandshake.zig:1102)
==4049526==    by 0x10680FB: bench.record_protection.replayHandshake (record_protection.zig:108)
==4049526==    by 0x104F76B: bench.record_protection.benchClientHandshakeReplay__anon_9869__struct_12324.benchFn (record_protection.zig:0)
==4049526==    by 0x1042827: benchmark.B.runN (benchmark.zig:572)
==4049526== 
==4049526== 1,920 bytes in 2 blocks are indirectly lost in loss record 18 of 36
==4049526==    at 0x4885E30: malloc (in /nix/store/HASH-valgrind-3.27.1/libexec/valgrind/vgpreload_memcheck-arm64-linux.so)
==4049526==    by 0x4B1FDE7: CRYPTO_malloc (in /nix/store/HASH-openssl-3.6.4/lib/libcrypto.so.3)
==4049526==    by 0x4B20053: CRYPTO_zalloc (in /nix/store/HASH-openssl-3.6.4/lib/libcrypto.so.3)
==4049526==    by 0x4C19DAF: aes128gcm_newctx (in /nix/store/HASH-openssl-3.6.4/lib/libcrypto.so.3)
==4049526==    by 0x4AE067B: evp_cipher_init_internal (in /nix/store/HASH-openssl-3.6.4/lib/libcrypto.so.3)
==4049526==    by 0x107328B: aeadInit (backend_openssl.zig:551)
==4049526==    by 0x107328B: init (backend.zig:303)
==4049526==    by 0x107328B: init (aead.zig:138)
==4049526==    by 0x107328B: RecordLayer.init (RecordLayer.zig:79)
==4049526==    by 0x1079FD7: hkdf.Hkdf(crypto.hmac.Hmac(crypto.sha2.Sha2x32(.{ 1779033703, 3144134277, 1013904242, 2773480762, 1359893119, 2600822924, 528734635, 1541459225 },256))).makeRecordLayer (hkdf.zig:237)
==4049526==    by 0x106EF9B: deriveHandshakeKeys (ClientHandshake.zig:511)
==4049526==    by 0x106EF9B: ClientHandshake.processServerHello (ClientHandshake.zig:1619)
==4049526==    by 0x10699CB: processHandshakeRecord (ClientHandshake.zig:1249)
==4049526==    by 0x10699CB: ClientHandshake.handleRecord (ClientHandshake.zig:1102)
==4049526==    by 0x10680FB: bench.record_protection.replayHandshake (record_protection.zig:108)
==4049526==    by 0x104F76B: bench.record_protection.benchClientHandshakeReplay__anon_9869__struct_12324.benchFn (record_protection.zig:0)
==4049526==    by 0x1042827: benchmark.B.runN (benchmark.zig:572)
==4049526== 
==4049526== 1,920 bytes in 2 blocks are indirectly lost in loss record 19 of 36
==4049526==    at 0x4885E30: malloc (in /nix/store/HASH-valgrind-3.27.1/libexec/valgrind/vgpreload_memcheck-arm64-linux.so)
==4049526==    by 0x4B1FDE7: CRYPTO_malloc (in /nix/store/HASH-openssl-3.6.4/lib/libcrypto.so.3)
==4049526==    by 0x4B20053: CRYPTO_zalloc (in /nix/store/HASH-openssl-3.6.4/lib/libcrypto.so.3)
==4049526==    by 0x4C19DAF: aes128gcm_newctx (in /nix/store/HASH-openssl-3.6.4/lib/libcrypto.so.3)
==4049526==    by 0x4AE067B: evp_cipher_init_internal (in /nix/store/HASH-openssl-3.6.4/lib/libcrypto.so.3)
==4049526==    by 0x107322B: aeadInit (backend_openssl.zig:544)
==4049526==    by 0x107322B: init (backend.zig:303)
==4049526==    by 0x107322B: init (aead.zig:138)
==4049526==    by 0x107322B: RecordLayer.init (RecordLayer.zig:79)
==4049526==    by 0x1079FD7: hkdf.Hkdf(crypto.hmac.Hmac(crypto.sha2.Sha2x32(.{ 1779033703, 3144134277, 1013904242, 2773480762, 1359893119, 2600822924, 528734635, 1541459225 },256))).makeRecordLayer (hkdf.zig:237)
==4049526==    by 0x106EFC7: deriveHandshakeKeys (ClientHandshake.zig:513)
==4049526==    by 0x106EFC7: ClientHandshake.processServerHello (ClientHandshake.zig:1619)
==4049526==    by 0x10699CB: processHandshakeRecord (ClientHandshake.zig:1249)
==4049526==    by 0x10699CB: ClientHandshake.handleRecord (ClientHandshake.zig:1102)
==4049526==    by 0x10680FB: bench.record_protection.replayHandshake (record_protection.zig:108)
==4049526==    by 0x104F76B: bench.record_protection.benchClientHandshakeReplay__anon_9869__struct_12324.benchFn (record_protection.zig:0)
==4049526==    by 0x1042827: benchmark.B.runN (benchmark.zig:572)
==4049526== 
==4049526== 1,920 bytes in 2 blocks are indirectly lost in loss record 20 of 36
==4049526==    at 0x4885E30: malloc (in /nix/store/HASH-valgrind-3.27.1/libexec/valgrind/vgpreload_memcheck-arm64-linux.so)
==4049526==    by 0x4B1FDE7: CRYPTO_malloc (in /nix/store/HASH-openssl-3.6.4/lib/libcrypto.so.3)
==4049526==    by 0x4B20053: CRYPTO_zalloc (in /nix/store/HASH-openssl-3.6.4/lib/libcrypto.so.3)
==4049526==    by 0x4C19DAF: aes128gcm_newctx (in /nix/store/HASH-openssl-3.6.4/lib/libcrypto.so.3)
==4049526==    by 0x4AE067B: evp_cipher_init_internal (in /nix/store/HASH-openssl-3.6.4/lib/libcrypto.so.3)
==4049526==    by 0x107328B: aeadInit (backend_openssl.zig:551)
==4049526==    by 0x107328B: init (backend.zig:303)
==4049526==    by 0x107328B: init (aead.zig:138)
==4049526==    by 0x107328B: RecordLayer.init (RecordLayer.zig:79)
==4049526==    by 0x1079FD7: hkdf.Hkdf(crypto.hmac.Hmac(crypto.sha2.Sha2x32(.{ 1779033703, 3144134277, 1013904242, 2773480762, 1359893119, 2600822924, 528734635, 1541459225 },256))).makeRecordLayer (hkdf.zig:237)
==4049526==    by 0x106EFC7: deriveHandshakeKeys (ClientHandshake.zig:513)
==4049526==    by 0x106EFC7: ClientHandshake.processServerHello (ClientHandshake.zig:1619)
==4049526==    by 0x10699CB: processHandshakeRecord (ClientHandshake.zig:1249)
==4049526==    by 0x10699CB: ClientHandshake.handleRecord (ClientHandshake.zig:1102)
==4049526==    by 0x10680FB: bench.record_protection.replayHandshake (record_protection.zig:108)
==4049526==    by 0x104F76B: bench.record_protection.benchClientHandshakeReplay__anon_9869__struct_12324.benchFn (record_protection.zig:0)
==4049526==    by 0x1042827: benchmark.B.runN (benchmark.zig:572)
==4049526== 
==4049526== 1,920 bytes in 2 blocks are indirectly lost in loss record 21 of 36
==4049526==    at 0x4885E30: malloc (in /nix/store/HASH-valgrind-3.27.1/libexec/valgrind/vgpreload_memcheck-arm64-linux.so)
==4049526==    by 0x4B1FDE7: CRYPTO_malloc (in /nix/store/HASH-openssl-3.6.4/lib/libcrypto.so.3)
==4049526==    by 0x4B20053: CRYPTO_zalloc (in /nix/store/HASH-openssl-3.6.4/lib/libcrypto.so.3)
==4049526==    by 0x4C19B7B: aes256gcm_newctx (in /nix/store/HASH-openssl-3.6.4/lib/libcrypto.so.3)
==4049526==    by 0x4AE067B: evp_cipher_init_internal (in /nix/store/HASH-openssl-3.6.4/lib/libcrypto.so.3)
==4049526==    by 0x107322B: aeadInit (backend_openssl.zig:544)
==4049526==    by 0x107322B: init (backend.zig:303)
==4049526==    by 0x107322B: init (aead.zig:138)
==4049526==    by 0x107322B: RecordLayer.init (RecordLayer.zig:79)
==4049526==    by 0x1079D4B: hkdf.Hkdf(crypto.hmac.Hmac(crypto.sha2.Sha2x64(.{ 14680500436340154072, 7105036623409894663, 10473403895298186519, 1526699215303891257, 7436329637833083697, 10282925794625328401, 15784041429090275239, 5167115440072839076 },384))).makeRecordLayer (hkdf.zig:237)
==4049526==    by 0x106ECCB: deriveHandshakeKeys (ClientHandshake.zig:511)
==4049526==    by 0x106ECCB: ClientHandshake.processServerHello (ClientHandshake.zig:1619)
==4049526==    by 0x10699CB: processHandshakeRecord (ClientHandshake.zig:1249)
==4049526==    by 0x10699CB: ClientHandshake.handleRecord (ClientHandshake.zig:1102)
==4049526==    by 0x10680FB: bench.record_protection.replayHandshake (record_protection.zig:108)
==4049526==    by 0x104F83F: bench.record_protection.benchClientHandshakeReplay__anon_9888__struct_12356.benchFn (record_protection.zig:0)
==4049526==    by 0x1042827: benchmark.B.runN (benchmark.zig:572)
==4049526== 
==4049526== 1,920 bytes in 2 blocks are indirectly lost in loss record 22 of 36
==4049526==    at 0x4885E30: malloc (in /nix/store/HASH-valgrind-3.27.1/libexec/valgrind/vgpreload_memcheck-arm64-linux.so)
==4049526==    by 0x4B1FDE7: CRYPTO_malloc (in /nix/store/HASH-openssl-3.6.4/lib/libcrypto.so.3)
==4049526==    by 0x4B20053: CRYPTO_zalloc (in /nix/store/HASH-openssl-3.6.4/lib/libcrypto.so.3)
==4049526==    by 0x4C19B7B: aes256gcm_newctx (in /nix/store/HASH-openssl-3.6.4/lib/libcrypto.so.3)
==4049526==    by 0x4AE067B: evp_cipher_init_internal (in /nix/store/HASH-openssl-3.6.4/lib/libcrypto.so.3)
==4049526==    by 0x107328B: aeadInit (backend_openssl.zig:551)
==4049526==    by 0x107328B: init (backend.zig:303)
==4049526==    by 0x107328B: init (aead.zig:138)
==4049526==    by 0x107328B: RecordLayer.init (RecordLayer.zig:79)
==4049526==    by 0x1079D4B: hkdf.Hkdf(crypto.hmac.Hmac(crypto.sha2.Sha2x64(.{ 14680500436340154072, 7105036623409894663, 10473403895298186519, 1526699215303891257, 7436329637833083697, 10282925794625328401, 15784041429090275239, 5167115440072839076 },384))).makeRecordLayer (hkdf.zig:237)
==4049526==    by 0x106ECCB: deriveHandshakeKeys (ClientHandshake.zig:511)
==4049526==    by 0x106ECCB: ClientHandshake.processServerHello (ClientHandshake.zig:1619)
==4049526==    by 0x10699CB: processHandshakeRecord (ClientHandshake.zig:1249)
==4049526==    by 0x10699CB: ClientHandshake.handleRecord (ClientHandshake.zig:1102)
==4049526==    by 0x10680FB: bench.record_protection.replayHandshake (record_protection.zig:108)
==4049526==    by 0x104F83F: bench.record_protection.benchClientHandshakeReplay__anon_9888__struct_12356.benchFn (record_protection.zig:0)
==4049526==    by 0x1042827: benchmark.B.runN (benchmark.zig:572)
==4049526== 
==4049526== 1,920 bytes in 2 blocks are indirectly lost in loss record 23 of 36
==4049526==    at 0x4885E30: malloc (in /nix/store/HASH-valgrind-3.27.1/libexec/valgrind/vgpreload_memcheck-arm64-linux.so)
==4049526==    by 0x4B1FDE7: CRYPTO_malloc (in /nix/store/HASH-openssl-3.6.4/lib/libcrypto.so.3)
==4049526==    by 0x4B20053: CRYPTO_zalloc (in /nix/store/HASH-openssl-3.6.4/lib/libcrypto.so.3)
==4049526==    by 0x4C19B7B: aes256gcm_newctx (in /nix/store/HASH-openssl-3.6.4/lib/libcrypto.so.3)
==4049526==    by 0x4AE067B: evp_cipher_init_internal (in /nix/store/HASH-openssl-3.6.4/lib/libcrypto.so.3)
==4049526==    by 0x107322B: aeadInit (backend_openssl.zig:544)
==4049526==    by 0x107322B: init (backend.zig:303)
==4049526==    by 0x107322B: init (aead.zig:138)
==4049526==    by 0x107322B: RecordLayer.init (RecordLayer.zig:79)
==4049526==    by 0x1079D4B: hkdf.Hkdf(crypto.hmac.Hmac(crypto.sha2.Sha2x64(.{ 14680500436340154072, 7105036623409894663, 10473403895298186519, 1526699215303891257, 7436329637833083697, 10282925794625328401, 15784041429090275239, 5167115440072839076 },384))).makeRecordLayer (hkdf.zig:237)
==4049526==    by 0x106ECEF: deriveHandshakeKeys (ClientHandshake.zig:513)
==4049526==    by 0x106ECEF: ClientHandshake.processServerHello (ClientHandshake.zig:1619)
==4049526==    by 0x10699CB: processHandshakeRecord (ClientHandshake.zig:1249)
==4049526==    by 0x10699CB: ClientHandshake.handleRecord (ClientHandshake.zig:1102)
==4049526==    by 0x10680FB: bench.record_protection.replayHandshake (record_protection.zig:108)
==4049526==    by 0x104F83F: bench.record_protection.benchClientHandshakeReplay__anon_9888__struct_12356.benchFn (record_protection.zig:0)
==4049526==    by 0x1042827: benchmark.B.runN (benchmark.zig:572)
==4049526== 
==4049526== 1,920 bytes in 2 blocks are indirectly lost in loss record 24 of 36
==4049526==    at 0x4885E30: malloc (in /nix/store/HASH-valgrind-3.27.1/libexec/valgrind/vgpreload_memcheck-arm64-linux.so)
==4049526==    by 0x4B1FDE7: CRYPTO_malloc (in /nix/store/HASH-openssl-3.6.4/lib/libcrypto.so.3)
==4049526==    by 0x4B20053: CRYPTO_zalloc (in /nix/store/HASH-openssl-3.6.4/lib/libcrypto.so.3)
==4049526==    by 0x4C19B7B: aes256gcm_newctx (in /nix/store/HASH-openssl-3.6.4/lib/libcrypto.so.3)
==4049526==    by 0x4AE067B: evp_cipher_init_internal (in /nix/store/HASH-openssl-3.6.4/lib/libcrypto.so.3)
==4049526==    by 0x107328B: aeadInit (backend_openssl.zig:551)
==4049526==    by 0x107328B: init (backend.zig:303)
==4049526==    by 0x107328B: init (aead.zig:138)
==4049526==    by 0x107328B: RecordLayer.init (RecordLayer.zig:79)
==4049526==    by 0x1079D4B: hkdf.Hkdf(crypto.hmac.Hmac(crypto.sha2.Sha2x64(.{ 14680500436340154072, 7105036623409894663, 10473403895298186519, 1526699215303891257, 7436329637833083697, 10282925794625328401, 15784041429090275239, 5167115440072839076 },384))).makeRecordLayer (hkdf.zig:237)
==4049526==    by 0x106ECEF: deriveHandshakeKeys (ClientHandshake.zig:513)
==4049526==    by 0x106ECEF: ClientHandshake.processServerHello (ClientHandshake.zig:1619)
==4049526==    by 0x10699CB: processHandshakeRecord (ClientHandshake.zig:1249)
==4049526==    by 0x10699CB: ClientHandshake.handleRecord (ClientHandshake.zig:1102)
==4049526==    by 0x10680FB: bench.record_protection.replayHandshake (record_protection.zig:108)
==4049526==    by 0x104F83F: bench.record_protection.benchClientHandshakeReplay__anon_9888__struct_12356.benchFn (record_protection.zig:0)
==4049526==    by 0x1042827: benchmark.B.runN (benchmark.zig:572)
==4049526== 
==4049526== 2,080 (384 direct, 1,696 indirect) bytes in 2 blocks are definitely lost in loss record 25 of 36
==4049526==    at 0x4885E30: malloc (in /nix/store/HASH-valgrind-3.27.1/libexec/valgrind/vgpreload_memcheck-arm64-linux.so)
==4049526==    by 0x4B1FDE7: CRYPTO_malloc (in /nix/store/HASH-openssl-3.6.4/lib/libcrypto.so.3)
==4049526==    by 0x4B20053: CRYPTO_zalloc (in /nix/store/HASH-openssl-3.6.4/lib/libcrypto.so.3)
==4049526==    by 0x4ADC9DB: EVP_CIPHER_CTX_new (in /nix/store/HASH-openssl-3.6.4/lib/libcrypto.so.3)
==4049526==    by 0x107320B: aeadInit (backend_openssl.zig:541)
==4049526==    by 0x107320B: init (backend.zig:303)
==4049526==    by 0x107320B: init (aead.zig:138)
==4049526==    by 0x107320B: RecordLayer.init (RecordLayer.zig:79)
==4049526==    by 0x1079FD7: hkdf.Hkdf(crypto.hmac.Hmac(crypto.sha2.Sha2x32(.{ 1779033703, 3144134277, 1013904242, 2773480762, 1359893119, 2600822924, 528734635, 1541459225 },256))).makeRecordLayer (hkdf.zig:237)
==4049526==    by 0x106EF9B: deriveHandshakeKeys (ClientHandshake.zig:511)
==4049526==    by 0x106EF9B: ClientHandshake.processServerHello (ClientHandshake.zig:1619)
==4049526==    by 0x10699CB: processHandshakeRecord (ClientHandshake.zig:1249)
==4049526==    by 0x10699CB: ClientHandshake.handleRecord (ClientHandshake.zig:1102)
==4049526==    by 0x10680FB: bench.record_protection.replayHandshake (record_protection.zig:108)
==4049526==    by 0x104F913: bench.record_protection.benchClientHandshakeReplay__anon_9890__struct_12364.benchFn (record_protection.zig:0)
==4049526==    by 0x1042827: benchmark.B.runN (benchmark.zig:572)
==4049526==    by 0x1042DEB: benchmark.B.run1AndMaybeLaunch (benchmark.zig:562)
==4049526== 
==4049526== 2,080 (384 direct, 1,696 indirect) bytes in 2 blocks are definitely lost in loss record 26 of 36
==4049526==    at 0x4885E30: malloc (in /nix/store/HASH-valgrind-3.27.1/libexec/valgrind/vgpreload_memcheck-arm64-linux.so)
==4049526==    by 0x4B1FDE7: CRYPTO_malloc (in /nix/store/HASH-openssl-3.6.4/lib/libcrypto.so.3)
==4049526==    by 0x4B20053: CRYPTO_zalloc (in /nix/store/HASH-openssl-3.6.4/lib/libcrypto.so.3)
==4049526==    by 0x4ADC9DB: EVP_CIPHER_CTX_new (in /nix/store/HASH-openssl-3.6.4/lib/libcrypto.so.3)
==4049526==    by 0x10731FF: aeadInit (backend_openssl.zig:539)
==4049526==    by 0x10731FF: init (backend.zig:303)
==4049526==    by 0x10731FF: init (aead.zig:138)
==4049526==    by 0x10731FF: RecordLayer.init (RecordLayer.zig:79)
==4049526==    by 0x1079FD7: hkdf.Hkdf(crypto.hmac.Hmac(crypto.sha2.Sha2x32(.{ 1779033703, 3144134277, 1013904242, 2773480762, 1359893119, 2600822924, 528734635, 1541459225 },256))).makeRecordLayer (hkdf.zig:237)
==4049526==    by 0x106EFC7: deriveHandshakeKeys (ClientHandshake.zig:513)
==4049526==    by 0x106EFC7: ClientHandshake.processServerHello (ClientHandshake.zig:1619)
==4049526==    by 0x10699CB: processHandshakeRecord (ClientHandshake.zig:1249)
==4049526==    by 0x10699CB: ClientHandshake.handleRecord (ClientHandshake.zig:1102)
==4049526==    by 0x10680FB: bench.record_protection.replayHandshake (record_protection.zig:108)
==4049526==    by 0x104F913: bench.record_protection.benchClientHandshakeReplay__anon_9890__struct_12364.benchFn (record_protection.zig:0)
==4049526==    by 0x1042827: benchmark.B.runN (benchmark.zig:572)
==4049526==    by 0x1042DEB: benchmark.B.run1AndMaybeLaunch (benchmark.zig:562)
==4049526== 
==4049526== 2,080 (384 direct, 1,696 indirect) bytes in 2 blocks are definitely lost in loss record 27 of 36
==4049526==    at 0x4885E30: malloc (in /nix/store/HASH-valgrind-3.27.1/libexec/valgrind/vgpreload_memcheck-arm64-linux.so)
==4049526==    by 0x4B1FDE7: CRYPTO_malloc (in /nix/store/HASH-openssl-3.6.4/lib/libcrypto.so.3)
==4049526==    by 0x4B20053: CRYPTO_zalloc (in /nix/store/HASH-openssl-3.6.4/lib/libcrypto.so.3)
==4049526==    by 0x4ADC9DB: EVP_CIPHER_CTX_new (in /nix/store/HASH-openssl-3.6.4/lib/libcrypto.so.3)
==4049526==    by 0x107320B: aeadInit (backend_openssl.zig:541)
==4049526==    by 0x107320B: init (backend.zig:303)
==4049526==    by 0x107320B: init (aead.zig:138)
==4049526==    by 0x107320B: RecordLayer.init (RecordLayer.zig:79)
==4049526==    by 0x1079FD7: hkdf.Hkdf(crypto.hmac.Hmac(crypto.sha2.Sha2x32(.{ 1779033703, 3144134277, 1013904242, 2773480762, 1359893119, 2600822924, 528734635, 1541459225 },256))).makeRecordLayer (hkdf.zig:237)
==4049526==    by 0x106EFC7: deriveHandshakeKeys (ClientHandshake.zig:513)
==4049526==    by 0x106EFC7: ClientHandshake.processServerHello (ClientHandshake.zig:1619)
==4049526==    by 0x10699CB: processHandshakeRecord (ClientHandshake.zig:1249)
==4049526==    by 0x10699CB: ClientHandshake.handleRecord (ClientHandshake.zig:1102)
==4049526==    by 0x10680FB: bench.record_protection.replayHandshake (record_protection.zig:108)
==4049526==    by 0x104F913: bench.record_protection.benchClientHandshakeReplay__anon_9890__struct_12364.benchFn (record_protection.zig:0)
==4049526==    by 0x1042827: benchmark.B.runN (benchmark.zig:572)
==4049526==    by 0x1042DEB: benchmark.B.run1AndMaybeLaunch (benchmark.zig:562)
==4049526== 
==4049526== 2,304 (384 direct, 1,920 indirect) bytes in 2 blocks are definitely lost in loss record 28 of 36
==4049526==    at 0x4885E30: malloc (in /nix/store/HASH-valgrind-3.27.1/libexec/valgrind/vgpreload_memcheck-arm64-linux.so)
==4049526==    by 0x4B1FDE7: CRYPTO_malloc (in /nix/store/HASH-openssl-3.6.4/lib/libcrypto.so.3)
==4049526==    by 0x4B20053: CRYPTO_zalloc (in /nix/store/HASH-openssl-3.6.4/lib/libcrypto.so.3)
==4049526==    by 0x4ADC9DB: EVP_CIPHER_CTX_new (in /nix/store/HASH-openssl-3.6.4/lib/libcrypto.so.3)
==4049526==    by 0x107320B: aeadInit (backend_openssl.zig:541)
==4049526==    by 0x107320B: init (backend.zig:303)
==4049526==    by 0x107320B: init (aead.zig:138)
==4049526==    by 0x107320B: RecordLayer.init (RecordLayer.zig:79)
==4049526==    by 0x1079FD7: hkdf.Hkdf(crypto.hmac.Hmac(crypto.sha2.Sha2x32(.{ 1779033703, 3144134277, 1013904242, 2773480762, 1359893119, 2600822924, 528734635, 1541459225 },256))).makeRecordLayer (hkdf.zig:237)
==4049526==    by 0x106EF9B: deriveHandshakeKeys (ClientHandshake.zig:511)
==4049526==    by 0x106EF9B: ClientHandshake.processServerHello (ClientHandshake.zig:1619)
==4049526==    by 0x10699CB: processHandshakeRecord (ClientHandshake.zig:1249)
==4049526==    by 0x10699CB: ClientHandshake.handleRecord (ClientHandshake.zig:1102)
==4049526==    by 0x10680FB: bench.record_protection.replayHandshake (record_protection.zig:108)
==4049526==    by 0x104F76B: bench.record_protection.benchClientHandshakeReplay__anon_9869__struct_12324.benchFn (record_protection.zig:0)
==4049526==    by 0x1042827: benchmark.B.runN (benchmark.zig:572)
==4049526==    by 0x1042DEB: benchmark.B.run1AndMaybeLaunch (benchmark.zig:562)
==4049526== 
==4049526== 2,304 (384 direct, 1,920 indirect) bytes in 2 blocks are definitely lost in loss record 29 of 36
==4049526==    at 0x4885E30: malloc (in /nix/store/HASH-valgrind-3.27.1/libexec/valgrind/vgpreload_memcheck-arm64-linux.so)
==4049526==    by 0x4B1FDE7: CRYPTO_malloc (in /nix/store/HASH-openssl-3.6.4/lib/libcrypto.so.3)
==4049526==    by 0x4B20053: CRYPTO_zalloc (in /nix/store/HASH-openssl-3.6.4/lib/libcrypto.so.3)
==4049526==    by 0x4ADC9DB: EVP_CIPHER_CTX_new (in /nix/store/HASH-openssl-3.6.4/lib/libcrypto.so.3)
==4049526==    by 0x10731FF: aeadInit (backend_openssl.zig:539)
==4049526==    by 0x10731FF: init (backend.zig:303)
==4049526==    by 0x10731FF: init (aead.zig:138)
==4049526==    by 0x10731FF: RecordLayer.init (RecordLayer.zig:79)
==4049526==    by 0x1079FD7: hkdf.Hkdf(crypto.hmac.Hmac(crypto.sha2.Sha2x32(.{ 1779033703, 3144134277, 1013904242, 2773480762, 1359893119, 2600822924, 528734635, 1541459225 },256))).makeRecordLayer (hkdf.zig:237)
==4049526==    by 0x106EFC7: deriveHandshakeKeys (ClientHandshake.zig:513)
==4049526==    by 0x106EFC7: ClientHandshake.processServerHello (ClientHandshake.zig:1619)
==4049526==    by 0x10699CB: processHandshakeRecord (ClientHandshake.zig:1249)
==4049526==    by 0x10699CB: ClientHandshake.handleRecord (ClientHandshake.zig:1102)
==4049526==    by 0x10680FB: bench.record_protection.replayHandshake (record_protection.zig:108)
==4049526==    by 0x104F76B: bench.record_protection.benchClientHandshakeReplay__anon_9869__struct_12324.benchFn (record_protection.zig:0)
==4049526==    by 0x1042827: benchmark.B.runN (benchmark.zig:572)
==4049526==    by 0x1042DEB: benchmark.B.run1AndMaybeLaunch (benchmark.zig:562)
==4049526== 
==4049526== 2,304 (384 direct, 1,920 indirect) bytes in 2 blocks are definitely lost in loss record 30 of 36
==4049526==    at 0x4885E30: malloc (in /nix/store/HASH-valgrind-3.27.1/libexec/valgrind/vgpreload_memcheck-arm64-linux.so)
==4049526==    by 0x4B1FDE7: CRYPTO_malloc (in /nix/store/HASH-openssl-3.6.4/lib/libcrypto.so.3)
==4049526==    by 0x4B20053: CRYPTO_zalloc (in /nix/store/HASH-openssl-3.6.4/lib/libcrypto.so.3)
==4049526==    by 0x4ADC9DB: EVP_CIPHER_CTX_new (in /nix/store/HASH-openssl-3.6.4/lib/libcrypto.so.3)
==4049526==    by 0x107320B: aeadInit (backend_openssl.zig:541)
==4049526==    by 0x107320B: init (backend.zig:303)
==4049526==    by 0x107320B: init (aead.zig:138)
==4049526==    by 0x107320B: RecordLayer.init (RecordLayer.zig:79)
==4049526==    by 0x1079FD7: hkdf.Hkdf(crypto.hmac.Hmac(crypto.sha2.Sha2x32(.{ 1779033703, 3144134277, 1013904242, 2773480762, 1359893119, 2600822924, 528734635, 1541459225 },256))).makeRecordLayer (hkdf.zig:237)
==4049526==    by 0x106EFC7: deriveHandshakeKeys (ClientHandshake.zig:513)
==4049526==    by 0x106EFC7: ClientHandshake.processServerHello (ClientHandshake.zig:1619)
==4049526==    by 0x10699CB: processHandshakeRecord (ClientHandshake.zig:1249)
==4049526==    by 0x10699CB: ClientHandshake.handleRecord (ClientHandshake.zig:1102)
==4049526==    by 0x10680FB: bench.record_protection.replayHandshake (record_protection.zig:108)
==4049526==    by 0x104F76B: bench.record_protection.benchClientHandshakeReplay__anon_9869__struct_12324.benchFn (record_protection.zig:0)
==4049526==    by 0x1042827: benchmark.B.runN (benchmark.zig:572)
==4049526==    by 0x1042DEB: benchmark.B.run1AndMaybeLaunch (benchmark.zig:562)
==4049526== 
==4049526== 2,304 (384 direct, 1,920 indirect) bytes in 2 blocks are definitely lost in loss record 31 of 36
==4049526==    at 0x4885E30: malloc (in /nix/store/HASH-valgrind-3.27.1/libexec/valgrind/vgpreload_memcheck-arm64-linux.so)
==4049526==    by 0x4B1FDE7: CRYPTO_malloc (in /nix/store/HASH-openssl-3.6.4/lib/libcrypto.so.3)
==4049526==    by 0x4B20053: CRYPTO_zalloc (in /nix/store/HASH-openssl-3.6.4/lib/libcrypto.so.3)
==4049526==    by 0x4ADC9DB: EVP_CIPHER_CTX_new (in /nix/store/HASH-openssl-3.6.4/lib/libcrypto.so.3)
==4049526==    by 0x107320B: aeadInit (backend_openssl.zig:541)
==4049526==    by 0x107320B: init (backend.zig:303)
==4049526==    by 0x107320B: init (aead.zig:138)
==4049526==    by 0x107320B: RecordLayer.init (RecordLayer.zig:79)
==4049526==    by 0x1079D4B: hkdf.Hkdf(crypto.hmac.Hmac(crypto.sha2.Sha2x64(.{ 14680500436340154072, 7105036623409894663, 10473403895298186519, 1526699215303891257, 7436329637833083697, 10282925794625328401, 15784041429090275239, 5167115440072839076 },384))).makeRecordLayer (hkdf.zig:237)
==4049526==    by 0x106ECCB: deriveHandshakeKeys (ClientHandshake.zig:511)
==4049526==    by 0x106ECCB: ClientHandshake.processServerHello (ClientHandshake.zig:1619)
==4049526==    by 0x10699CB: processHandshakeRecord (ClientHandshake.zig:1249)
==4049526==    by 0x10699CB: ClientHandshake.handleRecord (ClientHandshake.zig:1102)
==4049526==    by 0x10680FB: bench.record_protection.replayHandshake (record_protection.zig:108)
==4049526==    by 0x104F83F: bench.record_protection.benchClientHandshakeReplay__anon_9888__struct_12356.benchFn (record_protection.zig:0)
==4049526==    by 0x1042827: benchmark.B.runN (benchmark.zig:572)
==4049526==    by 0x1042DEB: benchmark.B.run1AndMaybeLaunch (benchmark.zig:562)
==4049526== 
==4049526== 2,304 (384 direct, 1,920 indirect) bytes in 2 blocks are definitely lost in loss record 32 of 36
==4049526==    at 0x4885E30: malloc (in /nix/store/HASH-valgrind-3.27.1/libexec/valgrind/vgpreload_memcheck-arm64-linux.so)
==4049526==    by 0x4B1FDE7: CRYPTO_malloc (in /nix/store/HASH-openssl-3.6.4/lib/libcrypto.so.3)
==4049526==    by 0x4B20053: CRYPTO_zalloc (in /nix/store/HASH-openssl-3.6.4/lib/libcrypto.so.3)
==4049526==    by 0x4ADC9DB: EVP_CIPHER_CTX_new (in /nix/store/HASH-openssl-3.6.4/lib/libcrypto.so.3)
==4049526==    by 0x10731FF: aeadInit (backend_openssl.zig:539)
==4049526==    by 0x10731FF: init (backend.zig:303)
==4049526==    by 0x10731FF: init (aead.zig:138)
==4049526==    by 0x10731FF: RecordLayer.init (RecordLayer.zig:79)
==4049526==    by 0x1079D4B: hkdf.Hkdf(crypto.hmac.Hmac(crypto.sha2.Sha2x64(.{ 14680500436340154072, 7105036623409894663, 10473403895298186519, 1526699215303891257, 7436329637833083697, 10282925794625328401, 15784041429090275239, 5167115440072839076 },384))).makeRecordLayer (hkdf.zig:237)
==4049526==    by 0x106ECEF: deriveHandshakeKeys (ClientHandshake.zig:513)
==4049526==    by 0x106ECEF: ClientHandshake.processServerHello (ClientHandshake.zig:1619)
==4049526==    by 0x10699CB: processHandshakeRecord (ClientHandshake.zig:1249)
==4049526==    by 0x10699CB: ClientHandshake.handleRecord (ClientHandshake.zig:1102)
==4049526==    by 0x10680FB: bench.record_protection.replayHandshake (record_protection.zig:108)
==4049526==    by 0x104F83F: bench.record_protection.benchClientHandshakeReplay__anon_9888__struct_12356.benchFn (record_protection.zig:0)
==4049526==    by 0x1042827: benchmark.B.runN (benchmark.zig:572)
==4049526==    by 0x1042DEB: benchmark.B.run1AndMaybeLaunch (benchmark.zig:562)
==4049526== 
==4049526== 2,304 (384 direct, 1,920 indirect) bytes in 2 blocks are definitely lost in loss record 33 of 36
==4049526==    at 0x4885E30: malloc (in /nix/store/HASH-valgrind-3.27.1/libexec/valgrind/vgpreload_memcheck-arm64-linux.so)
==4049526==    by 0x4B1FDE7: CRYPTO_malloc (in /nix/store/HASH-openssl-3.6.4/lib/libcrypto.so.3)
==4049526==    by 0x4B20053: CRYPTO_zalloc (in /nix/store/HASH-openssl-3.6.4/lib/libcrypto.so.3)
==4049526==    by 0x4ADC9DB: EVP_CIPHER_CTX_new (in /nix/store/HASH-openssl-3.6.4/lib/libcrypto.so.3)
==4049526==    by 0x107320B: aeadInit (backend_openssl.zig:541)
==4049526==    by 0x107320B: init (backend.zig:303)
==4049526==    by 0x107320B: init (aead.zig:138)
==4049526==    by 0x107320B: RecordLayer.init (RecordLayer.zig:79)
==4049526==    by 0x1079D4B: hkdf.Hkdf(crypto.hmac.Hmac(crypto.sha2.Sha2x64(.{ 14680500436340154072, 7105036623409894663, 10473403895298186519, 1526699215303891257, 7436329637833083697, 10282925794625328401, 15784041429090275239, 5167115440072839076 },384))).makeRecordLayer (hkdf.zig:237)
==4049526==    by 0x106ECEF: deriveHandshakeKeys (ClientHandshake.zig:513)
==4049526==    by 0x106ECEF: ClientHandshake.processServerHello (ClientHandshake.zig:1619)
==4049526==    by 0x10699CB: processHandshakeRecord (ClientHandshake.zig:1249)
==4049526==    by 0x10699CB: ClientHandshake.handleRecord (ClientHandshake.zig:1102)
==4049526==    by 0x10680FB: bench.record_protection.replayHandshake (record_protection.zig:108)
==4049526==    by 0x104F83F: bench.record_protection.benchClientHandshakeReplay__anon_9888__struct_12356.benchFn (record_protection.zig:0)
==4049526==    by 0x1042827: benchmark.B.runN (benchmark.zig:572)
==4049526==    by 0x1042DEB: benchmark.B.run1AndMaybeLaunch (benchmark.zig:562)
==4049526== 
==4049526== 2,394 (384 direct, 2,010 indirect) bytes in 2 blocks are definitely lost in loss record 34 of 36
==4049526==    at 0x4885E30: malloc (in /nix/store/HASH-valgrind-3.27.1/libexec/valgrind/vgpreload_memcheck-arm64-linux.so)
==4049526==    by 0x4B1FDE7: CRYPTO_malloc (in /nix/store/HASH-openssl-3.6.4/lib/libcrypto.so.3)
==4049526==    by 0x4B20053: CRYPTO_zalloc (in /nix/store/HASH-openssl-3.6.4/lib/libcrypto.so.3)
==4049526==    by 0x4ADC9DB: EVP_CIPHER_CTX_new (in /nix/store/HASH-openssl-3.6.4/lib/libcrypto.so.3)
==4049526==    by 0x10731FF: aeadInit (backend_openssl.zig:539)
==4049526==    by 0x10731FF: init (backend.zig:303)
==4049526==    by 0x10731FF: init (aead.zig:138)
==4049526==    by 0x10731FF: RecordLayer.init (RecordLayer.zig:79)
==4049526==    by 0x1079FD7: hkdf.Hkdf(crypto.hmac.Hmac(crypto.sha2.Sha2x32(.{ 1779033703, 3144134277, 1013904242, 2773480762, 1359893119, 2600822924, 528734635, 1541459225 },256))).makeRecordLayer (hkdf.zig:237)
==4049526==    by 0x106EF9B: deriveHandshakeKeys (ClientHandshake.zig:511)
==4049526==    by 0x106EF9B: ClientHandshake.processServerHello (ClientHandshake.zig:1619)
==4049526==    by 0x10699CB: processHandshakeRecord (ClientHandshake.zig:1249)
==4049526==    by 0x10699CB: ClientHandshake.handleRecord (ClientHandshake.zig:1102)
==4049526==    by 0x10680FB: bench.record_protection.replayHandshake (record_protection.zig:108)
==4049526==    by 0x104F913: bench.record_protection.benchClientHandshakeReplay__anon_9890__struct_12364.benchFn (record_protection.zig:0)
==4049526==    by 0x1042827: benchmark.B.runN (benchmark.zig:572)
==4049526==    by 0x1042DEB: benchmark.B.run1AndMaybeLaunch (benchmark.zig:562)
==4049526== 
==4049526== 2,612 (384 direct, 2,228 indirect) bytes in 2 blocks are definitely lost in loss record 35 of 36
==4049526==    at 0x4885E30: malloc (in /nix/store/HASH-valgrind-3.27.1/libexec/valgrind/vgpreload_memcheck-arm64-linux.so)
==4049526==    by 0x4B1FDE7: CRYPTO_malloc (in /nix/store/HASH-openssl-3.6.4/lib/libcrypto.so.3)
==4049526==    by 0x4B20053: CRYPTO_zalloc (in /nix/store/HASH-openssl-3.6.4/lib/libcrypto.so.3)
==4049526==    by 0x4ADC9DB: EVP_CIPHER_CTX_new (in /nix/store/HASH-openssl-3.6.4/lib/libcrypto.so.3)
==4049526==    by 0x10731FF: aeadInit (backend_openssl.zig:539)
==4049526==    by 0x10731FF: init (backend.zig:303)
==4049526==    by 0x10731FF: init (aead.zig:138)
==4049526==    by 0x10731FF: RecordLayer.init (RecordLayer.zig:79)
==4049526==    by 0x1079D4B: hkdf.Hkdf(crypto.hmac.Hmac(crypto.sha2.Sha2x64(.{ 14680500436340154072, 7105036623409894663, 10473403895298186519, 1526699215303891257, 7436329637833083697, 10282925794625328401, 15784041429090275239, 5167115440072839076 },384))).makeRecordLayer (hkdf.zig:237)
==4049526==    by 0x106ECCB: deriveHandshakeKeys (ClientHandshake.zig:511)
==4049526==    by 0x106ECCB: ClientHandshake.processServerHello (ClientHandshake.zig:1619)
==4049526==    by 0x10699CB: processHandshakeRecord (ClientHandshake.zig:1249)
==4049526==    by 0x10699CB: ClientHandshake.handleRecord (ClientHandshake.zig:1102)
==4049526==    by 0x10680FB: bench.record_protection.replayHandshake (record_protection.zig:108)
==4049526==    by 0x104F83F: bench.record_protection.benchClientHandshakeReplay__anon_9888__struct_12356.benchFn (record_protection.zig:0)
==4049526==    by 0x1042827: benchmark.B.runN (benchmark.zig:572)
==4049526==    by 0x1042DEB: benchmark.B.run1AndMaybeLaunch (benchmark.zig:562)
==4049526== 
==4049526== 3,225 (384 direct, 2,841 indirect) bytes in 2 blocks are definitely lost in loss record 36 of 36
==4049526==    at 0x4885E30: malloc (in /nix/store/HASH-valgrind-3.27.1/libexec/valgrind/vgpreload_memcheck-arm64-linux.so)
==4049526==    by 0x4B1FDE7: CRYPTO_malloc (in /nix/store/HASH-openssl-3.6.4/lib/libcrypto.so.3)
==4049526==    by 0x4B20053: CRYPTO_zalloc (in /nix/store/HASH-openssl-3.6.4/lib/libcrypto.so.3)
==4049526==    by 0x4ADC9DB: EVP_CIPHER_CTX_new (in /nix/store/HASH-openssl-3.6.4/lib/libcrypto.so.3)
==4049526==    by 0x10731FF: aeadInit (backend_openssl.zig:539)
==4049526==    by 0x10731FF: init (backend.zig:303)
==4049526==    by 0x10731FF: init (aead.zig:138)
==4049526==    by 0x10731FF: RecordLayer.init (RecordLayer.zig:79)
==4049526==    by 0x1079FD7: hkdf.Hkdf(crypto.hmac.Hmac(crypto.sha2.Sha2x32(.{ 1779033703, 3144134277, 1013904242, 2773480762, 1359893119, 2600822924, 528734635, 1541459225 },256))).makeRecordLayer (hkdf.zig:237)
==4049526==    by 0x106EF9B: deriveHandshakeKeys (ClientHandshake.zig:511)
==4049526==    by 0x106EF9B: ClientHandshake.processServerHello (ClientHandshake.zig:1619)
==4049526==    by 0x10699CB: processHandshakeRecord (ClientHandshake.zig:1249)
==4049526==    by 0x10699CB: ClientHandshake.handleRecord (ClientHandshake.zig:1102)
==4049526==    by 0x10680FB: bench.record_protection.replayHandshake (record_protection.zig:108)
==4049526==    by 0x104F76B: bench.record_protection.benchClientHandshakeReplay__anon_9869__struct_12324.benchFn (record_protection.zig:0)
==4049526==    by 0x1042827: benchmark.B.runN (benchmark.zig:572)
==4049526==    by 0x1042DEB: benchmark.B.run1AndMaybeLaunch (benchmark.zig:562)
==4049526== 
==4049526== LEAK SUMMARY:
==4049526==    definitely lost: 4,608 bytes in 24 blocks
==4049526==    indirectly lost: 23,687 bytes in 40 blocks
==4049526==      possibly lost: 0 bytes in 0 blocks
==4049526==    still reachable: 0 bytes in 0 blocks
==4049526==         suppressed: 0 bytes in 0 blocks
==4049526== 
==4049526== Use --track-origins=yes to see where uninitialised values come from
==4049526== For lists of detected and suppressed errors, rerun with: -s
==4049526== ERROR SUMMARY: 1744 errors from 43 contexts (suppressed: 0 from 0)
