==3911604== Memcheck, a memory error detector
==3911604== Copyright (C) 2002-2026, and GNU GPL'd, by Julian Seward et al.
==3911604== Using Valgrind-3.27.1 and LibVEX; rerun with -h for copyright info
==3911604== Command: /tmp/ztls-signoff-20260919/cleanup-third-bin/bin/test
==3911604== Parent PID: 3911603
==3911604== 
==3911604== Conditional jump or move depends on uninitialised value(s)
==3911604==    at 0x4B223D0: OPENSSL_strlcpy (in /nix/store/v89yca35zsb13k51ibz0mcz2rrzjwwrj-openssl-3.6.4/lib/libcrypto.so.3)
==3911604==    by 0x4B5CB27: OBJ_obj2txt (in /nix/store/v89yca35zsb13k51ibz0mcz2rrzjwwrj-openssl-3.6.4/lib/libcrypto.so.3)
==3911604==    by 0x4B1BD4B: get_legacy_cipher_names (in /nix/store/v89yca35zsb13k51ibz0mcz2rrzjwwrj-openssl-3.6.4/lib/libcrypto.so.3)
==3911604==    by 0x4B1751F: OPENSSL_LH_doall_arg_thunk (in /nix/store/v89yca35zsb13k51ibz0mcz2rrzjwwrj-openssl-3.6.4/lib/libcrypto.so.3)
==3911604==    by 0x4B5A893: OBJ_NAME_do_all (in /nix/store/v89yca35zsb13k51ibz0mcz2rrzjwwrj-openssl-3.6.4/lib/libcrypto.so.3)
==3911604==    by 0x4B19FE7: ossl_namemap_stored (in /nix/store/v89yca35zsb13k51ibz0mcz2rrzjwwrj-openssl-3.6.4/lib/libcrypto.so.3)
==3911604==    by 0x4AE1BEB: evp_generic_fetch (in /nix/store/v89yca35zsb13k51ibz0mcz2rrzjwwrj-openssl-3.6.4/lib/libcrypto.so.3)
==3911604==    by 0x4AFDACF: EVP_PKEY_CTX_new_from_name (in /nix/store/v89yca35zsb13k51ibz0mcz2rrzjwwrj-openssl-3.6.4/lib/libcrypto.so.3)
==3911604==    by 0x4AF7F5B: EVP_PKEY_new_raw_private_key (in /nix/store/v89yca35zsb13k51ibz0mcz2rrzjwwrj-openssl-3.6.4/lib/libcrypto.so.3)
==3911604==    by 0x127CE8B: crypto.backend_openssl.privateKeyFromSecret (backend_openssl.zig:274)
==3911604==    by 0x123F1E7: privateKeyFromSecret (backend.zig:222)
==3911604==    by 0x123F1E7: x25519.privateKey (x25519.zig:45)
==3911604==    by 0x122070F: x25519.sharedSecret (x25519.zig:64)
==3911604==    by 0x13EDAEF: wycheproof.test.Wycheproof: X25519 shared secret tcId 1 (wycheproof.zig:35)
==3911604==    by 0x13DA72B: test_runner.main (test_runner.zig:278)
==3911604==    by 0x13DC2A3: callMain (start.zig:627)
==3911604==    by 0x13DC2A3: callMainWithArgs (start.zig:587)
==3911604==    by 0x13DC2A3: main (start.zig:602)
==3911604==  Uninitialised value was created by a stack allocation
==3911604==    at 0x4B5C768: OBJ_obj2txt (in /nix/store/v89yca35zsb13k51ibz0mcz2rrzjwwrj-openssl-3.6.4/lib/libcrypto.so.3)
==3911604== 
==3911604== Conditional jump or move depends on uninitialised value(s)
==3911604==    at 0x4B1A344: ossl_namemap_name2num (in /nix/store/v89yca35zsb13k51ibz0mcz2rrzjwwrj-openssl-3.6.4/lib/libcrypto.so.3)
==3911604==    by 0x4B1A72B: namemap_add_name (in /nix/store/v89yca35zsb13k51ibz0mcz2rrzjwwrj-openssl-3.6.4/lib/libcrypto.so.3)
==3911604==    by 0x4B1B96B: ossl_namemap_add_name (in /nix/store/v89yca35zsb13k51ibz0mcz2rrzjwwrj-openssl-3.6.4/lib/libcrypto.so.3)
==3911604==    by 0x4B1BD63: get_legacy_cipher_names (in /nix/store/v89yca35zsb13k51ibz0mcz2rrzjwwrj-openssl-3.6.4/lib/libcrypto.so.3)
==3911604==    by 0x4B1751F: OPENSSL_LH_doall_arg_thunk (in /nix/store/v89yca35zsb13k51ibz0mcz2rrzjwwrj-openssl-3.6.4/lib/libcrypto.so.3)
==3911604==    by 0x4B5A893: OBJ_NAME_do_all (in /nix/store/v89yca35zsb13k51ibz0mcz2rrzjwwrj-openssl-3.6.4/lib/libcrypto.so.3)
==3911604==    by 0x4B19FE7: ossl_namemap_stored (in /nix/store/v89yca35zsb13k51ibz0mcz2rrzjwwrj-openssl-3.6.4/lib/libcrypto.so.3)
==3911604==    by 0x4AE1BEB: evp_generic_fetch (in /nix/store/v89yca35zsb13k51ibz0mcz2rrzjwwrj-openssl-3.6.4/lib/libcrypto.so.3)
==3911604==    by 0x4AFDACF: EVP_PKEY_CTX_new_from_name (in /nix/store/v89yca35zsb13k51ibz0mcz2rrzjwwrj-openssl-3.6.4/lib/libcrypto.so.3)
==3911604==    by 0x4AF7F5B: EVP_PKEY_new_raw_private_key (in /nix/store/v89yca35zsb13k51ibz0mcz2rrzjwwrj-openssl-3.6.4/lib/libcrypto.so.3)
==3911604==    by 0x127CE8B: crypto.backend_openssl.privateKeyFromSecret (backend_openssl.zig:274)
==3911604==    by 0x123F1E7: privateKeyFromSecret (backend.zig:222)
==3911604==    by 0x123F1E7: x25519.privateKey (x25519.zig:45)
==3911604==    by 0x122070F: x25519.sharedSecret (x25519.zig:64)
==3911604==    by 0x13EDAEF: wycheproof.test.Wycheproof: X25519 shared secret tcId 1 (wycheproof.zig:35)
==3911604==    by 0x13DA72B: test_runner.main (test_runner.zig:278)
==3911604==    by 0x13DC2A3: callMain (start.zig:627)
==3911604==    by 0x13DC2A3: callMainWithArgs (start.zig:587)
==3911604==    by 0x13DC2A3: main (start.zig:602)
==3911604==  Uninitialised value was created by a stack allocation
==3911604==    at 0x4B1BC60: get_legacy_cipher_names (in /nix/store/v89yca35zsb13k51ibz0mcz2rrzjwwrj-openssl-3.6.4/lib/libcrypto.so.3)
==3911604== 
==3911604== Conditional jump or move depends on uninitialised value(s)
==3911604==    at 0x4B1A9C8: namemap_add_name (in /nix/store/v89yca35zsb13k51ibz0mcz2rrzjwwrj-openssl-3.6.4/lib/libcrypto.so.3)
==3911604==    by 0x4B1B96B: ossl_namemap_add_name (in /nix/store/v89yca35zsb13k51ibz0mcz2rrzjwwrj-openssl-3.6.4/lib/libcrypto.so.3)
==3911604==    by 0x4B1BD63: get_legacy_cipher_names (in /nix/store/v89yca35zsb13k51ibz0mcz2rrzjwwrj-openssl-3.6.4/lib/libcrypto.so.3)
==3911604==    by 0x4B1751F: OPENSSL_LH_doall_arg_thunk (in /nix/store/v89yca35zsb13k51ibz0mcz2rrzjwwrj-openssl-3.6.4/lib/libcrypto.so.3)
==3911604==    by 0x4B5A893: OBJ_NAME_do_all (in /nix/store/v89yca35zsb13k51ibz0mcz2rrzjwwrj-openssl-3.6.4/lib/libcrypto.so.3)
==3911604==    by 0x4B19FE7: ossl_namemap_stored (in /nix/store/v89yca35zsb13k51ibz0mcz2rrzjwwrj-openssl-3.6.4/lib/libcrypto.so.3)
==3911604==    by 0x4AE1BEB: evp_generic_fetch (in /nix/store/v89yca35zsb13k51ibz0mcz2rrzjwwrj-openssl-3.6.4/lib/libcrypto.so.3)
==3911604==    by 0x4AFDACF: EVP_PKEY_CTX_new_from_name (in /nix/store/v89yca35zsb13k51ibz0mcz2rrzjwwrj-openssl-3.6.4/lib/libcrypto.so.3)
==3911604==    by 0x4AF7F5B: EVP_PKEY_new_raw_private_key (in /nix/store/v89yca35zsb13k51ibz0mcz2rrzjwwrj-openssl-3.6.4/lib/libcrypto.so.3)
==3911604==    by 0x127CE8B: crypto.backend_openssl.privateKeyFromSecret (backend_openssl.zig:274)
==3911604==    by 0x123F1E7: privateKeyFromSecret (backend.zig:222)
==3911604==    by 0x123F1E7: x25519.privateKey (x25519.zig:45)
==3911604==    by 0x122070F: x25519.sharedSecret (x25519.zig:64)
==3911604==    by 0x13EDAEF: wycheproof.test.Wycheproof: X25519 shared secret tcId 1 (wycheproof.zig:35)
==3911604==    by 0x13DA72B: test_runner.main (test_runner.zig:278)
==3911604==    by 0x13DC2A3: callMain (start.zig:627)
==3911604==    by 0x13DC2A3: callMainWithArgs (start.zig:587)
==3911604==    by 0x13DC2A3: main (start.zig:602)
==3911604==  Uninitialised value was created by a stack allocation
==3911604==    at 0x4B1BC60: get_legacy_cipher_names (in /nix/store/v89yca35zsb13k51ibz0mcz2rrzjwwrj-openssl-3.6.4/lib/libcrypto.so.3)
==3911604== 
==3911604== Conditional jump or move depends on uninitialised value(s)
==3911604==    at 0x4B1A318: ossl_namemap_name2num (in /nix/store/v89yca35zsb13k51ibz0mcz2rrzjwwrj-openssl-3.6.4/lib/libcrypto.so.3)
==3911604==    by 0x4B1A72B: namemap_add_name (in /nix/store/v89yca35zsb13k51ibz0mcz2rrzjwwrj-openssl-3.6.4/lib/libcrypto.so.3)
==3911604==    by 0x4B1B96B: ossl_namemap_add_name (in /nix/store/v89yca35zsb13k51ibz0mcz2rrzjwwrj-openssl-3.6.4/lib/libcrypto.so.3)
==3911604==    by 0x4B1BD63: get_legacy_cipher_names (in /nix/store/v89yca35zsb13k51ibz0mcz2rrzjwwrj-openssl-3.6.4/lib/libcrypto.so.3)
==3911604==    by 0x4B1751F: OPENSSL_LH_doall_arg_thunk (in /nix/store/v89yca35zsb13k51ibz0mcz2rrzjwwrj-openssl-3.6.4/lib/libcrypto.so.3)
==3911604==    by 0x4B5A893: OBJ_NAME_do_all (in /nix/store/v89yca35zsb13k51ibz0mcz2rrzjwwrj-openssl-3.6.4/lib/libcrypto.so.3)
==3911604==    by 0x4B19FE7: ossl_namemap_stored (in /nix/store/v89yca35zsb13k51ibz0mcz2rrzjwwrj-openssl-3.6.4/lib/libcrypto.so.3)
==3911604==    by 0x4AE1BEB: evp_generic_fetch (in /nix/store/v89yca35zsb13k51ibz0mcz2rrzjwwrj-openssl-3.6.4/lib/libcrypto.so.3)
==3911604==    by 0x4AFDACF: EVP_PKEY_CTX_new_from_name (in /nix/store/v89yca35zsb13k51ibz0mcz2rrzjwwrj-openssl-3.6.4/lib/libcrypto.so.3)
==3911604==    by 0x4AF7F5B: EVP_PKEY_new_raw_private_key (in /nix/store/v89yca35zsb13k51ibz0mcz2rrzjwwrj-openssl-3.6.4/lib/libcrypto.so.3)
==3911604==    by 0x127CE8B: crypto.backend_openssl.privateKeyFromSecret (backend_openssl.zig:274)
==3911604==    by 0x123F1E7: privateKeyFromSecret (backend.zig:222)
==3911604==    by 0x123F1E7: x25519.privateKey (x25519.zig:45)
==3911604==    by 0x122070F: x25519.sharedSecret (x25519.zig:64)
==3911604==    by 0x13EDAEF: wycheproof.test.Wycheproof: X25519 shared secret tcId 1 (wycheproof.zig:35)
==3911604==    by 0x13DA72B: test_runner.main (test_runner.zig:278)
==3911604==    by 0x13DC2A3: callMain (start.zig:627)
==3911604==    by 0x13DC2A3: callMainWithArgs (start.zig:587)
==3911604==    by 0x13DC2A3: main (start.zig:602)
==3911604==  Uninitialised value was created by a stack allocation
==3911604==    at 0x4B1BC60: get_legacy_cipher_names (in /nix/store/v89yca35zsb13k51ibz0mcz2rrzjwwrj-openssl-3.6.4/lib/libcrypto.so.3)
==3911604== 
==3911604== Conditional jump or move depends on uninitialised value(s)
==3911604==    at 0x4B1A99C: namemap_add_name (in /nix/store/v89yca35zsb13k51ibz0mcz2rrzjwwrj-openssl-3.6.4/lib/libcrypto.so.3)
==3911604==    by 0x4B1B96B: ossl_namemap_add_name (in /nix/store/v89yca35zsb13k51ibz0mcz2rrzjwwrj-openssl-3.6.4/lib/libcrypto.so.3)
==3911604==    by 0x4B1BD63: get_legacy_cipher_names (in /nix/store/v89yca35zsb13k51ibz0mcz2rrzjwwrj-openssl-3.6.4/lib/libcrypto.so.3)
==3911604==    by 0x4B1751F: OPENSSL_LH_doall_arg_thunk (in /nix/store/v89yca35zsb13k51ibz0mcz2rrzjwwrj-openssl-3.6.4/lib/libcrypto.so.3)
==3911604==    by 0x4B5A893: OBJ_NAME_do_all (in /nix/store/v89yca35zsb13k51ibz0mcz2rrzjwwrj-openssl-3.6.4/lib/libcrypto.so.3)
==3911604==    by 0x4B19FE7: ossl_namemap_stored (in /nix/store/v89yca35zsb13k51ibz0mcz2rrzjwwrj-openssl-3.6.4/lib/libcrypto.so.3)
==3911604==    by 0x4AE1BEB: evp_generic_fetch (in /nix/store/v89yca35zsb13k51ibz0mcz2rrzjwwrj-openssl-3.6.4/lib/libcrypto.so.3)
==3911604==    by 0x4AFDACF: EVP_PKEY_CTX_new_from_name (in /nix/store/v89yca35zsb13k51ibz0mcz2rrzjwwrj-openssl-3.6.4/lib/libcrypto.so.3)
==3911604==    by 0x4AF7F5B: EVP_PKEY_new_raw_private_key (in /nix/store/v89yca35zsb13k51ibz0mcz2rrzjwwrj-openssl-3.6.4/lib/libcrypto.so.3)
==3911604==    by 0x127CE8B: crypto.backend_openssl.privateKeyFromSecret (backend_openssl.zig:274)
==3911604==    by 0x123F1E7: privateKeyFromSecret (backend.zig:222)
==3911604==    by 0x123F1E7: x25519.privateKey (x25519.zig:45)
==3911604==    by 0x122070F: x25519.sharedSecret (x25519.zig:64)
==3911604==    by 0x13EDAEF: wycheproof.test.Wycheproof: X25519 shared secret tcId 1 (wycheproof.zig:35)
==3911604==    by 0x13DA72B: test_runner.main (test_runner.zig:278)
==3911604==    by 0x13DC2A3: callMain (start.zig:627)
==3911604==    by 0x13DC2A3: callMainWithArgs (start.zig:587)
==3911604==    by 0x13DC2A3: main (start.zig:602)
==3911604==  Uninitialised value was created by a stack allocation
==3911604==    at 0x4B1BC60: get_legacy_cipher_names (in /nix/store/v89yca35zsb13k51ibz0mcz2rrzjwwrj-openssl-3.6.4/lib/libcrypto.so.3)
==3911604== 
==3911604== Conditional jump or move depends on uninitialised value(s)
==3911604==    at 0x4B223D0: OPENSSL_strlcpy (in /nix/store/v89yca35zsb13k51ibz0mcz2rrzjwwrj-openssl-3.6.4/lib/libcrypto.so.3)
==3911604==    by 0x4B5CB27: OBJ_obj2txt (in /nix/store/v89yca35zsb13k51ibz0mcz2rrzjwwrj-openssl-3.6.4/lib/libcrypto.so.3)
==3911604==    by 0x4B1BC37: get_legacy_md_names (in /nix/store/v89yca35zsb13k51ibz0mcz2rrzjwwrj-openssl-3.6.4/lib/libcrypto.so.3)
==3911604==    by 0x4B1751F: OPENSSL_LH_doall_arg_thunk (in /nix/store/v89yca35zsb13k51ibz0mcz2rrzjwwrj-openssl-3.6.4/lib/libcrypto.so.3)
==3911604==    by 0x4B5A893: OBJ_NAME_do_all (in /nix/store/v89yca35zsb13k51ibz0mcz2rrzjwwrj-openssl-3.6.4/lib/libcrypto.so.3)
==3911604==    by 0x4B19FFB: ossl_namemap_stored (in /nix/store/v89yca35zsb13k51ibz0mcz2rrzjwwrj-openssl-3.6.4/lib/libcrypto.so.3)
==3911604==    by 0x4AE1BEB: evp_generic_fetch (in /nix/store/v89yca35zsb13k51ibz0mcz2rrzjwwrj-openssl-3.6.4/lib/libcrypto.so.3)
==3911604==    by 0x4AFDACF: EVP_PKEY_CTX_new_from_name (in /nix/store/v89yca35zsb13k51ibz0mcz2rrzjwwrj-openssl-3.6.4/lib/libcrypto.so.3)
==3911604==    by 0x4AF7F5B: EVP_PKEY_new_raw_private_key (in /nix/store/v89yca35zsb13k51ibz0mcz2rrzjwwrj-openssl-3.6.4/lib/libcrypto.so.3)
==3911604==    by 0x127CE8B: crypto.backend_openssl.privateKeyFromSecret (backend_openssl.zig:274)
==3911604==    by 0x123F1E7: privateKeyFromSecret (backend.zig:222)
==3911604==    by 0x123F1E7: x25519.privateKey (x25519.zig:45)
==3911604==    by 0x122070F: x25519.sharedSecret (x25519.zig:64)
==3911604==    by 0x13EDAEF: wycheproof.test.Wycheproof: X25519 shared secret tcId 1 (wycheproof.zig:35)
==3911604==    by 0x13DA72B: test_runner.main (test_runner.zig:278)
==3911604==    by 0x13DC2A3: callMain (start.zig:627)
==3911604==    by 0x13DC2A3: callMainWithArgs (start.zig:587)
==3911604==    by 0x13DC2A3: main (start.zig:602)
==3911604==  Uninitialised value was created by a stack allocation
==3911604==    at 0x4B5C768: OBJ_obj2txt (in /nix/store/v89yca35zsb13k51ibz0mcz2rrzjwwrj-openssl-3.6.4/lib/libcrypto.so.3)
==3911604== 
==3911604== Conditional jump or move depends on uninitialised value(s)
==3911604==    at 0x4B1A344: ossl_namemap_name2num (in /nix/store/v89yca35zsb13k51ibz0mcz2rrzjwwrj-openssl-3.6.4/lib/libcrypto.so.3)
==3911604==    by 0x4B1A72B: namemap_add_name (in /nix/store/v89yca35zsb13k51ibz0mcz2rrzjwwrj-openssl-3.6.4/lib/libcrypto.so.3)
==3911604==    by 0x4B1B96B: ossl_namemap_add_name (in /nix/store/v89yca35zsb13k51ibz0mcz2rrzjwwrj-openssl-3.6.4/lib/libcrypto.so.3)
==3911604==    by 0x4B1BC4F: get_legacy_md_names (in /nix/store/v89yca35zsb13k51ibz0mcz2rrzjwwrj-openssl-3.6.4/lib/libcrypto.so.3)
==3911604==    by 0x4B1751F: OPENSSL_LH_doall_arg_thunk (in /nix/store/v89yca35zsb13k51ibz0mcz2rrzjwwrj-openssl-3.6.4/lib/libcrypto.so.3)
==3911604==    by 0x4B5A893: OBJ_NAME_do_all (in /nix/store/v89yca35zsb13k51ibz0mcz2rrzjwwrj-openssl-3.6.4/lib/libcrypto.so.3)
==3911604==    by 0x4B19FFB: ossl_namemap_stored (in /nix/store/v89yca35zsb13k51ibz0mcz2rrzjwwrj-openssl-3.6.4/lib/libcrypto.so.3)
==3911604==    by 0x4AE1BEB: evp_generic_fetch (in /nix/store/v89yca35zsb13k51ibz0mcz2rrzjwwrj-openssl-3.6.4/lib/libcrypto.so.3)
==3911604==    by 0x4AFDACF: EVP_PKEY_CTX_new_from_name (in /nix/store/v89yca35zsb13k51ibz0mcz2rrzjwwrj-openssl-3.6.4/lib/libcrypto.so.3)
==3911604==    by 0x4AF7F5B: EVP_PKEY_new_raw_private_key (in /nix/store/v89yca35zsb13k51ibz0mcz2rrzjwwrj-openssl-3.6.4/lib/libcrypto.so.3)
==3911604==    by 0x127CE8B: crypto.backend_openssl.privateKeyFromSecret (backend_openssl.zig:274)
==3911604==    by 0x123F1E7: privateKeyFromSecret (backend.zig:222)
==3911604==    by 0x123F1E7: x25519.privateKey (x25519.zig:45)
==3911604==    by 0x122070F: x25519.sharedSecret (x25519.zig:64)
==3911604==    by 0x13EDAEF: wycheproof.test.Wycheproof: X25519 shared secret tcId 1 (wycheproof.zig:35)
==3911604==    by 0x13DA72B: test_runner.main (test_runner.zig:278)
==3911604==    by 0x13DC2A3: callMain (start.zig:627)
==3911604==    by 0x13DC2A3: callMainWithArgs (start.zig:587)
==3911604==    by 0x13DC2A3: main (start.zig:602)
==3911604==  Uninitialised value was created by a stack allocation
==3911604==    at 0x4B1BB4C: get_legacy_md_names (in /nix/store/v89yca35zsb13k51ibz0mcz2rrzjwwrj-openssl-3.6.4/lib/libcrypto.so.3)
==3911604== 
==3911604== Conditional jump or move depends on uninitialised value(s)
==3911604==    at 0x4B1A9C8: namemap_add_name (in /nix/store/v89yca35zsb13k51ibz0mcz2rrzjwwrj-openssl-3.6.4/lib/libcrypto.so.3)
==3911604==    by 0x4B1B96B: ossl_namemap_add_name (in /nix/store/v89yca35zsb13k51ibz0mcz2rrzjwwrj-openssl-3.6.4/lib/libcrypto.so.3)
==3911604==    by 0x4B1BC4F: get_legacy_md_names (in /nix/store/v89yca35zsb13k51ibz0mcz2rrzjwwrj-openssl-3.6.4/lib/libcrypto.so.3)
==3911604==    by 0x4B1751F: OPENSSL_LH_doall_arg_thunk (in /nix/store/v89yca35zsb13k51ibz0mcz2rrzjwwrj-openssl-3.6.4/lib/libcrypto.so.3)
==3911604==    by 0x4B5A893: OBJ_NAME_do_all (in /nix/store/v89yca35zsb13k51ibz0mcz2rrzjwwrj-openssl-3.6.4/lib/libcrypto.so.3)
==3911604==    by 0x4B19FFB: ossl_namemap_stored (in /nix/store/v89yca35zsb13k51ibz0mcz2rrzjwwrj-openssl-3.6.4/lib/libcrypto.so.3)
==3911604==    by 0x4AE1BEB: evp_generic_fetch (in /nix/store/v89yca35zsb13k51ibz0mcz2rrzjwwrj-openssl-3.6.4/lib/libcrypto.so.3)
==3911604==    by 0x4AFDACF: EVP_PKEY_CTX_new_from_name (in /nix/store/v89yca35zsb13k51ibz0mcz2rrzjwwrj-openssl-3.6.4/lib/libcrypto.so.3)
==3911604==    by 0x4AF7F5B: EVP_PKEY_new_raw_private_key (in /nix/store/v89yca35zsb13k51ibz0mcz2rrzjwwrj-openssl-3.6.4/lib/libcrypto.so.3)
==3911604==    by 0x127CE8B: crypto.backend_openssl.privateKeyFromSecret (backend_openssl.zig:274)
==3911604==    by 0x123F1E7: privateKeyFromSecret (backend.zig:222)
==3911604==    by 0x123F1E7: x25519.privateKey (x25519.zig:45)
==3911604==    by 0x122070F: x25519.sharedSecret (x25519.zig:64)
==3911604==    by 0x13EDAEF: wycheproof.test.Wycheproof: X25519 shared secret tcId 1 (wycheproof.zig:35)
==3911604==    by 0x13DA72B: test_runner.main (test_runner.zig:278)
==3911604==    by 0x13DC2A3: callMain (start.zig:627)
==3911604==    by 0x13DC2A3: callMainWithArgs (start.zig:587)
==3911604==    by 0x13DC2A3: main (start.zig:602)
==3911604==  Uninitialised value was created by a stack allocation
==3911604==    at 0x4B1BB4C: get_legacy_md_names (in /nix/store/v89yca35zsb13k51ibz0mcz2rrzjwwrj-openssl-3.6.4/lib/libcrypto.so.3)
==3911604== 
==3911604== Conditional jump or move depends on uninitialised value(s)
==3911604==    at 0x4B1A318: ossl_namemap_name2num (in /nix/store/v89yca35zsb13k51ibz0mcz2rrzjwwrj-openssl-3.6.4/lib/libcrypto.so.3)
==3911604==    by 0x4B1A72B: namemap_add_name (in /nix/store/v89yca35zsb13k51ibz0mcz2rrzjwwrj-openssl-3.6.4/lib/libcrypto.so.3)
==3911604==    by 0x4B1B96B: ossl_namemap_add_name (in /nix/store/v89yca35zsb13k51ibz0mcz2rrzjwwrj-openssl-3.6.4/lib/libcrypto.so.3)
==3911604==    by 0x4B1BC4F: get_legacy_md_names (in /nix/store/v89yca35zsb13k51ibz0mcz2rrzjwwrj-openssl-3.6.4/lib/libcrypto.so.3)
==3911604==    by 0x4B1751F: OPENSSL_LH_doall_arg_thunk (in /nix/store/v89yca35zsb13k51ibz0mcz2rrzjwwrj-openssl-3.6.4/lib/libcrypto.so.3)
==3911604==    by 0x4B5A893: OBJ_NAME_do_all (in /nix/store/v89yca35zsb13k51ibz0mcz2rrzjwwrj-openssl-3.6.4/lib/libcrypto.so.3)
==3911604==    by 0x4B19FFB: ossl_namemap_stored (in /nix/store/v89yca35zsb13k51ibz0mcz2rrzjwwrj-openssl-3.6.4/lib/libcrypto.so.3)
==3911604==    by 0x4AE1BEB: evp_generic_fetch (in /nix/store/v89yca35zsb13k51ibz0mcz2rrzjwwrj-openssl-3.6.4/lib/libcrypto.so.3)
==3911604==    by 0x4AFDACF: EVP_PKEY_CTX_new_from_name (in /nix/store/v89yca35zsb13k51ibz0mcz2rrzjwwrj-openssl-3.6.4/lib/libcrypto.so.3)
==3911604==    by 0x4AF7F5B: EVP_PKEY_new_raw_private_key (in /nix/store/v89yca35zsb13k51ibz0mcz2rrzjwwrj-openssl-3.6.4/lib/libcrypto.so.3)
==3911604==    by 0x127CE8B: crypto.backend_openssl.privateKeyFromSecret (backend_openssl.zig:274)
==3911604==    by 0x123F1E7: privateKeyFromSecret (backend.zig:222)
==3911604==    by 0x123F1E7: x25519.privateKey (x25519.zig:45)
==3911604==    by 0x122070F: x25519.sharedSecret (x25519.zig:64)
==3911604==    by 0x13EDAEF: wycheproof.test.Wycheproof: X25519 shared secret tcId 1 (wycheproof.zig:35)
==3911604==    by 0x13DA72B: test_runner.main (test_runner.zig:278)
==3911604==    by 0x13DC2A3: callMain (start.zig:627)
==3911604==    by 0x13DC2A3: callMainWithArgs (start.zig:587)
==3911604==    by 0x13DC2A3: main (start.zig:602)
==3911604==  Uninitialised value was created by a stack allocation
==3911604==    at 0x4B1BB4C: get_legacy_md_names (in /nix/store/v89yca35zsb13k51ibz0mcz2rrzjwwrj-openssl-3.6.4/lib/libcrypto.so.3)
==3911604== 
==3911604== Conditional jump or move depends on uninitialised value(s)
==3911604==    at 0x4B1A99C: namemap_add_name (in /nix/store/v89yca35zsb13k51ibz0mcz2rrzjwwrj-openssl-3.6.4/lib/libcrypto.so.3)
==3911604==    by 0x4B1B96B: ossl_namemap_add_name (in /nix/store/v89yca35zsb13k51ibz0mcz2rrzjwwrj-openssl-3.6.4/lib/libcrypto.so.3)
==3911604==    by 0x4B1BC4F: get_legacy_md_names (in /nix/store/v89yca35zsb13k51ibz0mcz2rrzjwwrj-openssl-3.6.4/lib/libcrypto.so.3)
==3911604==    by 0x4B1751F: OPENSSL_LH_doall_arg_thunk (in /nix/store/v89yca35zsb13k51ibz0mcz2rrzjwwrj-openssl-3.6.4/lib/libcrypto.so.3)
==3911604==    by 0x4B5A893: OBJ_NAME_do_all (in /nix/store/v89yca35zsb13k51ibz0mcz2rrzjwwrj-openssl-3.6.4/lib/libcrypto.so.3)
==3911604==    by 0x4B19FFB: ossl_namemap_stored (in /nix/store/v89yca35zsb13k51ibz0mcz2rrzjwwrj-openssl-3.6.4/lib/libcrypto.so.3)
==3911604==    by 0x4AE1BEB: evp_generic_fetch (in /nix/store/v89yca35zsb13k51ibz0mcz2rrzjwwrj-openssl-3.6.4/lib/libcrypto.so.3)
==3911604==    by 0x4AFDACF: EVP_PKEY_CTX_new_from_name (in /nix/store/v89yca35zsb13k51ibz0mcz2rrzjwwrj-openssl-3.6.4/lib/libcrypto.so.3)
==3911604==    by 0x4AF7F5B: EVP_PKEY_new_raw_private_key (in /nix/store/v89yca35zsb13k51ibz0mcz2rrzjwwrj-openssl-3.6.4/lib/libcrypto.so.3)
==3911604==    by 0x127CE8B: crypto.backend_openssl.privateKeyFromSecret (backend_openssl.zig:274)
==3911604==    by 0x123F1E7: privateKeyFromSecret (backend.zig:222)
==3911604==    by 0x123F1E7: x25519.privateKey (x25519.zig:45)
==3911604==    by 0x122070F: x25519.sharedSecret (x25519.zig:64)
==3911604==    by 0x13EDAEF: wycheproof.test.Wycheproof: X25519 shared secret tcId 1 (wycheproof.zig:35)
==3911604==    by 0x13DA72B: test_runner.main (test_runner.zig:278)
==3911604==    by 0x13DC2A3: callMain (start.zig:627)
==3911604==    by 0x13DC2A3: callMainWithArgs (start.zig:587)
==3911604==    by 0x13DC2A3: main (start.zig:602)
==3911604==  Uninitialised value was created by a stack allocation
==3911604==    at 0x4B1BB4C: get_legacy_md_names (in /nix/store/v89yca35zsb13k51ibz0mcz2rrzjwwrj-openssl-3.6.4/lib/libcrypto.so.3)
==3911604== 
==3911604== Conditional jump or move depends on uninitialised value(s)
==3911604==    at 0x4B223D0: OPENSSL_strlcpy (in /nix/store/v89yca35zsb13k51ibz0mcz2rrzjwwrj-openssl-3.6.4/lib/libcrypto.so.3)
==3911604==    by 0x4B5CB27: OBJ_obj2txt (in /nix/store/v89yca35zsb13k51ibz0mcz2rrzjwwrj-openssl-3.6.4/lib/libcrypto.so.3)
==3911604==    by 0x4B1BAF3: get_legacy_evp_names (in /nix/store/v89yca35zsb13k51ibz0mcz2rrzjwwrj-openssl-3.6.4/lib/libcrypto.so.3)
==3911604==    by 0x4B1A047: ossl_namemap_stored (in /nix/store/v89yca35zsb13k51ibz0mcz2rrzjwwrj-openssl-3.6.4/lib/libcrypto.so.3)
==3911604==    by 0x4AE1BEB: evp_generic_fetch (in /nix/store/v89yca35zsb13k51ibz0mcz2rrzjwwrj-openssl-3.6.4/lib/libcrypto.so.3)
==3911604==    by 0x4AFDACF: EVP_PKEY_CTX_new_from_name (in /nix/store/v89yca35zsb13k51ibz0mcz2rrzjwwrj-openssl-3.6.4/lib/libcrypto.so.3)
==3911604==    by 0x4AF7F5B: EVP_PKEY_new_raw_private_key (in /nix/store/v89yca35zsb13k51ibz0mcz2rrzjwwrj-openssl-3.6.4/lib/libcrypto.so.3)
==3911604==    by 0x127CE8B: crypto.backend_openssl.privateKeyFromSecret (backend_openssl.zig:274)
==3911604==    by 0x123F1E7: privateKeyFromSecret (backend.zig:222)
==3911604==    by 0x123F1E7: x25519.privateKey (x25519.zig:45)
==3911604==    by 0x122070F: x25519.sharedSecret (x25519.zig:64)
==3911604==    by 0x13EDAEF: wycheproof.test.Wycheproof: X25519 shared secret tcId 1 (wycheproof.zig:35)
==3911604==    by 0x13DA72B: test_runner.main (test_runner.zig:278)
==3911604==    by 0x13DC2A3: callMain (start.zig:627)
==3911604==    by 0x13DC2A3: callMainWithArgs (start.zig:587)
==3911604==    by 0x13DC2A3: main (start.zig:602)
==3911604==  Uninitialised value was created by a stack allocation
==3911604==    at 0x4B5C768: OBJ_obj2txt (in /nix/store/v89yca35zsb13k51ibz0mcz2rrzjwwrj-openssl-3.6.4/lib/libcrypto.so.3)
==3911604== 
==3911604== Conditional jump or move depends on uninitialised value(s)
==3911604==    at 0x4B1A344: ossl_namemap_name2num (in /nix/store/v89yca35zsb13k51ibz0mcz2rrzjwwrj-openssl-3.6.4/lib/libcrypto.so.3)
==3911604==    by 0x4B1A72B: namemap_add_name (in /nix/store/v89yca35zsb13k51ibz0mcz2rrzjwwrj-openssl-3.6.4/lib/libcrypto.so.3)
==3911604==    by 0x4B1B96B: ossl_namemap_add_name (in /nix/store/v89yca35zsb13k51ibz0mcz2rrzjwwrj-openssl-3.6.4/lib/libcrypto.so.3)
==3911604==    by 0x4B1BB0B: get_legacy_evp_names (in /nix/store/v89yca35zsb13k51ibz0mcz2rrzjwwrj-openssl-3.6.4/lib/libcrypto.so.3)
==3911604==    by 0x4B1A047: ossl_namemap_stored (in /nix/store/v89yca35zsb13k51ibz0mcz2rrzjwwrj-openssl-3.6.4/lib/libcrypto.so.3)
==3911604==    by 0x4AE1BEB: evp_generic_fetch (in /nix/store/v89yca35zsb13k51ibz0mcz2rrzjwwrj-openssl-3.6.4/lib/libcrypto.so.3)
==3911604==    by 0x4AFDACF: EVP_PKEY_CTX_new_from_name (in /nix/store/v89yca35zsb13k51ibz0mcz2rrzjwwrj-openssl-3.6.4/lib/libcrypto.so.3)
==3911604==    by 0x4AF7F5B: EVP_PKEY_new_raw_private_key (in /nix/store/v89yca35zsb13k51ibz0mcz2rrzjwwrj-openssl-3.6.4/lib/libcrypto.so.3)
==3911604==    by 0x127CE8B: crypto.backend_openssl.privateKeyFromSecret (backend_openssl.zig:274)
==3911604==    by 0x123F1E7: privateKeyFromSecret (backend.zig:222)
==3911604==    by 0x123F1E7: x25519.privateKey (x25519.zig:45)
==3911604==    by 0x122070F: x25519.sharedSecret (x25519.zig:64)
==3911604==    by 0x13EDAEF: wycheproof.test.Wycheproof: X25519 shared secret tcId 1 (wycheproof.zig:35)
==3911604==    by 0x13DA72B: test_runner.main (test_runner.zig:278)
==3911604==    by 0x13DC2A3: callMain (start.zig:627)
==3911604==    by 0x13DC2A3: callMainWithArgs (start.zig:587)
==3911604==    by 0x13DC2A3: main (start.zig:602)
==3911604==  Uninitialised value was created by a stack allocation
==3911604==    at 0x4B1B9E0: get_legacy_evp_names (in /nix/store/v89yca35zsb13k51ibz0mcz2rrzjwwrj-openssl-3.6.4/lib/libcrypto.so.3)
==3911604== 
==3911604== Conditional jump or move depends on uninitialised value(s)
==3911604==    at 0x4B1A9C8: namemap_add_name (in /nix/store/v89yca35zsb13k51ibz0mcz2rrzjwwrj-openssl-3.6.4/lib/libcrypto.so.3)
==3911604==    by 0x4B1B96B: ossl_namemap_add_name (in /nix/store/v89yca35zsb13k51ibz0mcz2rrzjwwrj-openssl-3.6.4/lib/libcrypto.so.3)
==3911604==    by 0x4B1BB0B: get_legacy_evp_names (in /nix/store/v89yca35zsb13k51ibz0mcz2rrzjwwrj-openssl-3.6.4/lib/libcrypto.so.3)
==3911604==    by 0x4B1A047: ossl_namemap_stored (in /nix/store/v89yca35zsb13k51ibz0mcz2rrzjwwrj-openssl-3.6.4/lib/libcrypto.so.3)
==3911604==    by 0x4AE1BEB: evp_generic_fetch (in /nix/store/v89yca35zsb13k51ibz0mcz2rrzjwwrj-openssl-3.6.4/lib/libcrypto.so.3)
==3911604==    by 0x4AFDACF: EVP_PKEY_CTX_new_from_name (in /nix/store/v89yca35zsb13k51ibz0mcz2rrzjwwrj-openssl-3.6.4/lib/libcrypto.so.3)
==3911604==    by 0x4AF7F5B: EVP_PKEY_new_raw_private_key (in /nix/store/v89yca35zsb13k51ibz0mcz2rrzjwwrj-openssl-3.6.4/lib/libcrypto.so.3)
==3911604==    by 0x127CE8B: crypto.backend_openssl.privateKeyFromSecret (backend_openssl.zig:274)
==3911604==    by 0x123F1E7: privateKeyFromSecret (backend.zig:222)
==3911604==    by 0x123F1E7: x25519.privateKey (x25519.zig:45)
==3911604==    by 0x122070F: x25519.sharedSecret (x25519.zig:64)
==3911604==    by 0x13EDAEF: wycheproof.test.Wycheproof: X25519 shared secret tcId 1 (wycheproof.zig:35)
==3911604==    by 0x13DA72B: test_runner.main (test_runner.zig:278)
==3911604==    by 0x13DC2A3: callMain (start.zig:627)
==3911604==    by 0x13DC2A3: callMainWithArgs (start.zig:587)
==3911604==    by 0x13DC2A3: main (start.zig:602)
==3911604==  Uninitialised value was created by a stack allocation
==3911604==    at 0x4B1B9E0: get_legacy_evp_names (in /nix/store/v89yca35zsb13k51ibz0mcz2rrzjwwrj-openssl-3.6.4/lib/libcrypto.so.3)
==3911604== 
==3911604== Conditional jump or move depends on uninitialised value(s)
==3911604==    at 0x4B223D0: OPENSSL_strlcpy (in /nix/store/v89yca35zsb13k51ibz0mcz2rrzjwwrj-openssl-3.6.4/lib/libcrypto.so.3)
==3911604==    by 0x4B5CB27: OBJ_obj2txt (in /nix/store/v89yca35zsb13k51ibz0mcz2rrzjwwrj-openssl-3.6.4/lib/libcrypto.so.3)
==3911604==    by 0x4B1BAF3: get_legacy_evp_names (in /nix/store/v89yca35zsb13k51ibz0mcz2rrzjwwrj-openssl-3.6.4/lib/libcrypto.so.3)
==3911604==    by 0x4B1A0AF: ossl_namemap_stored (in /nix/store/v89yca35zsb13k51ibz0mcz2rrzjwwrj-openssl-3.6.4/lib/libcrypto.so.3)
==3911604==    by 0x4AE1BEB: evp_generic_fetch (in /nix/store/v89yca35zsb13k51ibz0mcz2rrzjwwrj-openssl-3.6.4/lib/libcrypto.so.3)
==3911604==    by 0x4AFDACF: EVP_PKEY_CTX_new_from_name (in /nix/store/v89yca35zsb13k51ibz0mcz2rrzjwwrj-openssl-3.6.4/lib/libcrypto.so.3)
==3911604==    by 0x4AF7F5B: EVP_PKEY_new_raw_private_key (in /nix/store/v89yca35zsb13k51ibz0mcz2rrzjwwrj-openssl-3.6.4/lib/libcrypto.so.3)
==3911604==    by 0x127CE8B: crypto.backend_openssl.privateKeyFromSecret (backend_openssl.zig:274)
==3911604==    by 0x123F1E7: privateKeyFromSecret (backend.zig:222)
==3911604==    by 0x123F1E7: x25519.privateKey (x25519.zig:45)
==3911604==    by 0x122070F: x25519.sharedSecret (x25519.zig:64)
==3911604==    by 0x13EDAEF: wycheproof.test.Wycheproof: X25519 shared secret tcId 1 (wycheproof.zig:35)
==3911604==    by 0x13DA72B: test_runner.main (test_runner.zig:278)
==3911604==    by 0x13DC2A3: callMain (start.zig:627)
==3911604==    by 0x13DC2A3: callMainWithArgs (start.zig:587)
==3911604==    by 0x13DC2A3: main (start.zig:602)
==3911604==  Uninitialised value was created by a stack allocation
==3911604==    at 0x4B5C768: OBJ_obj2txt (in /nix/store/v89yca35zsb13k51ibz0mcz2rrzjwwrj-openssl-3.6.4/lib/libcrypto.so.3)
==3911604== 
==3911604== Conditional jump or move depends on uninitialised value(s)
==3911604==    at 0x4B1A318: ossl_namemap_name2num (in /nix/store/v89yca35zsb13k51ibz0mcz2rrzjwwrj-openssl-3.6.4/lib/libcrypto.so.3)
==3911604==    by 0x4B1A72B: namemap_add_name (in /nix/store/v89yca35zsb13k51ibz0mcz2rrzjwwrj-openssl-3.6.4/lib/libcrypto.so.3)
==3911604==    by 0x4B1B96B: ossl_namemap_add_name (in /nix/store/v89yca35zsb13k51ibz0mcz2rrzjwwrj-openssl-3.6.4/lib/libcrypto.so.3)
==3911604==    by 0x4B1BB0B: get_legacy_evp_names (in /nix/store/v89yca35zsb13k51ibz0mcz2rrzjwwrj-openssl-3.6.4/lib/libcrypto.so.3)
==3911604==    by 0x4B1A0AF: ossl_namemap_stored (in /nix/store/v89yca35zsb13k51ibz0mcz2rrzjwwrj-openssl-3.6.4/lib/libcrypto.so.3)
==3911604==    by 0x4AE1BEB: evp_generic_fetch (in /nix/store/v89yca35zsb13k51ibz0mcz2rrzjwwrj-openssl-3.6.4/lib/libcrypto.so.3)
==3911604==    by 0x4AFDACF: EVP_PKEY_CTX_new_from_name (in /nix/store/v89yca35zsb13k51ibz0mcz2rrzjwwrj-openssl-3.6.4/lib/libcrypto.so.3)
==3911604==    by 0x4AF7F5B: EVP_PKEY_new_raw_private_key (in /nix/store/v89yca35zsb13k51ibz0mcz2rrzjwwrj-openssl-3.6.4/lib/libcrypto.so.3)
==3911604==    by 0x127CE8B: crypto.backend_openssl.privateKeyFromSecret (backend_openssl.zig:274)
==3911604==    by 0x123F1E7: privateKeyFromSecret (backend.zig:222)
==3911604==    by 0x123F1E7: x25519.privateKey (x25519.zig:45)
==3911604==    by 0x122070F: x25519.sharedSecret (x25519.zig:64)
==3911604==    by 0x13EDAEF: wycheproof.test.Wycheproof: X25519 shared secret tcId 1 (wycheproof.zig:35)
==3911604==    by 0x13DA72B: test_runner.main (test_runner.zig:278)
==3911604==    by 0x13DC2A3: callMain (start.zig:627)
==3911604==    by 0x13DC2A3: callMainWithArgs (start.zig:587)
==3911604==    by 0x13DC2A3: main (start.zig:602)
==3911604==  Uninitialised value was created by a stack allocation
==3911604==    at 0x4B1B9E0: get_legacy_evp_names (in /nix/store/v89yca35zsb13k51ibz0mcz2rrzjwwrj-openssl-3.6.4/lib/libcrypto.so.3)
==3911604== 
==3911604== Conditional jump or move depends on uninitialised value(s)
==3911604==    at 0x4B1A99C: namemap_add_name (in /nix/store/v89yca35zsb13k51ibz0mcz2rrzjwwrj-openssl-3.6.4/lib/libcrypto.so.3)
==3911604==    by 0x4B1B96B: ossl_namemap_add_name (in /nix/store/v89yca35zsb13k51ibz0mcz2rrzjwwrj-openssl-3.6.4/lib/libcrypto.so.3)
==3911604==    by 0x4B1BB0B: get_legacy_evp_names (in /nix/store/v89yca35zsb13k51ibz0mcz2rrzjwwrj-openssl-3.6.4/lib/libcrypto.so.3)
==3911604==    by 0x4B1A0AF: ossl_namemap_stored (in /nix/store/v89yca35zsb13k51ibz0mcz2rrzjwwrj-openssl-3.6.4/lib/libcrypto.so.3)
==3911604==    by 0x4AE1BEB: evp_generic_fetch (in /nix/store/v89yca35zsb13k51ibz0mcz2rrzjwwrj-openssl-3.6.4/lib/libcrypto.so.3)
==3911604==    by 0x4AFDACF: EVP_PKEY_CTX_new_from_name (in /nix/store/v89yca35zsb13k51ibz0mcz2rrzjwwrj-openssl-3.6.4/lib/libcrypto.so.3)
==3911604==    by 0x4AF7F5B: EVP_PKEY_new_raw_private_key (in /nix/store/v89yca35zsb13k51ibz0mcz2rrzjwwrj-openssl-3.6.4/lib/libcrypto.so.3)
==3911604==    by 0x127CE8B: crypto.backend_openssl.privateKeyFromSecret (backend_openssl.zig:274)
==3911604==    by 0x123F1E7: privateKeyFromSecret (backend.zig:222)
==3911604==    by 0x123F1E7: x25519.privateKey (x25519.zig:45)
==3911604==    by 0x122070F: x25519.sharedSecret (x25519.zig:64)
==3911604==    by 0x13EDAEF: wycheproof.test.Wycheproof: X25519 shared secret tcId 1 (wycheproof.zig:35)
==3911604==    by 0x13DA72B: test_runner.main (test_runner.zig:278)
==3911604==    by 0x13DC2A3: callMain (start.zig:627)
==3911604==    by 0x13DC2A3: callMainWithArgs (start.zig:587)
==3911604==    by 0x13DC2A3: main (start.zig:602)
==3911604==  Uninitialised value was created by a stack allocation
==3911604==    at 0x4B1B9E0: get_legacy_evp_names (in /nix/store/v89yca35zsb13k51ibz0mcz2rrzjwwrj-openssl-3.6.4/lib/libcrypto.so.3)
==3911604== 
==3911604== Conditional jump or move depends on uninitialised value(s)
==3911604==    at 0x4B1A9C8: namemap_add_name (in /nix/store/v89yca35zsb13k51ibz0mcz2rrzjwwrj-openssl-3.6.4/lib/libcrypto.so.3)
==3911604==    by 0x4B1B96B: ossl_namemap_add_name (in /nix/store/v89yca35zsb13k51ibz0mcz2rrzjwwrj-openssl-3.6.4/lib/libcrypto.so.3)
==3911604==    by 0x4B1BB0B: get_legacy_evp_names (in /nix/store/v89yca35zsb13k51ibz0mcz2rrzjwwrj-openssl-3.6.4/lib/libcrypto.so.3)
==3911604==    by 0x4B1A0AF: ossl_namemap_stored (in /nix/store/v89yca35zsb13k51ibz0mcz2rrzjwwrj-openssl-3.6.4/lib/libcrypto.so.3)
==3911604==    by 0x4AE1BEB: evp_generic_fetch (in /nix/store/v89yca35zsb13k51ibz0mcz2rrzjwwrj-openssl-3.6.4/lib/libcrypto.so.3)
==3911604==    by 0x4AFDACF: EVP_PKEY_CTX_new_from_name (in /nix/store/v89yca35zsb13k51ibz0mcz2rrzjwwrj-openssl-3.6.4/lib/libcrypto.so.3)
==3911604==    by 0x4AF7F5B: EVP_PKEY_new_raw_private_key (in /nix/store/v89yca35zsb13k51ibz0mcz2rrzjwwrj-openssl-3.6.4/lib/libcrypto.so.3)
==3911604==    by 0x127CE8B: crypto.backend_openssl.privateKeyFromSecret (backend_openssl.zig:274)
==3911604==    by 0x123F1E7: privateKeyFromSecret (backend.zig:222)
==3911604==    by 0x123F1E7: x25519.privateKey (x25519.zig:45)
==3911604==    by 0x122070F: x25519.sharedSecret (x25519.zig:64)
==3911604==    by 0x13EDAEF: wycheproof.test.Wycheproof: X25519 shared secret tcId 1 (wycheproof.zig:35)
==3911604==    by 0x13DA72B: test_runner.main (test_runner.zig:278)
==3911604==    by 0x13DC2A3: callMain (start.zig:627)
==3911604==    by 0x13DC2A3: callMainWithArgs (start.zig:587)
==3911604==    by 0x13DC2A3: main (start.zig:602)
==3911604==  Uninitialised value was created by a stack allocation
==3911604==    at 0x4B1B9E0: get_legacy_evp_names (in /nix/store/v89yca35zsb13k51ibz0mcz2rrzjwwrj-openssl-3.6.4/lib/libcrypto.so.3)
==3911604== 
==3911604== Conditional jump or move depends on uninitialised value(s)
==3911604==    at 0x4B223D0: OPENSSL_strlcpy (in /nix/store/v89yca35zsb13k51ibz0mcz2rrzjwwrj-openssl-3.6.4/lib/libcrypto.so.3)
==3911604==    by 0x4B5CB27: OBJ_obj2txt (in /nix/store/v89yca35zsb13k51ibz0mcz2rrzjwwrj-openssl-3.6.4/lib/libcrypto.so.3)
==3911604==    by 0x4B1BAF3: get_legacy_evp_names (in /nix/store/v89yca35zsb13k51ibz0mcz2rrzjwwrj-openssl-3.6.4/lib/libcrypto.so.3)
==3911604==    by 0x4B1A0EB: ossl_namemap_stored (in /nix/store/v89yca35zsb13k51ibz0mcz2rrzjwwrj-openssl-3.6.4/lib/libcrypto.so.3)
==3911604==    by 0x4AE1BEB: evp_generic_fetch (in /nix/store/v89yca35zsb13k51ibz0mcz2rrzjwwrj-openssl-3.6.4/lib/libcrypto.so.3)
==3911604==    by 0x4AFDACF: EVP_PKEY_CTX_new_from_name (in /nix/store/v89yca35zsb13k51ibz0mcz2rrzjwwrj-openssl-3.6.4/lib/libcrypto.so.3)
==3911604==    by 0x4AF7F5B: EVP_PKEY_new_raw_private_key (in /nix/store/v89yca35zsb13k51ibz0mcz2rrzjwwrj-openssl-3.6.4/lib/libcrypto.so.3)
==3911604==    by 0x127CE8B: crypto.backend_openssl.privateKeyFromSecret (backend_openssl.zig:274)
==3911604==    by 0x123F1E7: privateKeyFromSecret (backend.zig:222)
==3911604==    by 0x123F1E7: x25519.privateKey (x25519.zig:45)
==3911604==    by 0x122070F: x25519.sharedSecret (x25519.zig:64)
==3911604==    by 0x13EDAEF: wycheproof.test.Wycheproof: X25519 shared secret tcId 1 (wycheproof.zig:35)
==3911604==    by 0x13DA72B: test_runner.main (test_runner.zig:278)
==3911604==    by 0x13DC2A3: callMain (start.zig:627)
==3911604==    by 0x13DC2A3: callMainWithArgs (start.zig:587)
==3911604==    by 0x13DC2A3: main (start.zig:602)
==3911604==  Uninitialised value was created by a stack allocation
==3911604==    at 0x4B5C768: OBJ_obj2txt (in /nix/store/v89yca35zsb13k51ibz0mcz2rrzjwwrj-openssl-3.6.4/lib/libcrypto.so.3)
==3911604== 
==3911604== Conditional jump or move depends on uninitialised value(s)
==3911604==    at 0x4B1A9C8: namemap_add_name (in /nix/store/v89yca35zsb13k51ibz0mcz2rrzjwwrj-openssl-3.6.4/lib/libcrypto.so.3)
==3911604==    by 0x4B1B96B: ossl_namemap_add_name (in /nix/store/v89yca35zsb13k51ibz0mcz2rrzjwwrj-openssl-3.6.4/lib/libcrypto.so.3)
==3911604==    by 0x4B1BB0B: get_legacy_evp_names (in /nix/store/v89yca35zsb13k51ibz0mcz2rrzjwwrj-openssl-3.6.4/lib/libcrypto.so.3)
==3911604==    by 0x4B1A0EB: ossl_namemap_stored (in /nix/store/v89yca35zsb13k51ibz0mcz2rrzjwwrj-openssl-3.6.4/lib/libcrypto.so.3)
==3911604==    by 0x4AE1BEB: evp_generic_fetch (in /nix/store/v89yca35zsb13k51ibz0mcz2rrzjwwrj-openssl-3.6.4/lib/libcrypto.so.3)
==3911604==    by 0x4AFDACF: EVP_PKEY_CTX_new_from_name (in /nix/store/v89yca35zsb13k51ibz0mcz2rrzjwwrj-openssl-3.6.4/lib/libcrypto.so.3)
==3911604==    by 0x4AF7F5B: EVP_PKEY_new_raw_private_key (in /nix/store/v89yca35zsb13k51ibz0mcz2rrzjwwrj-openssl-3.6.4/lib/libcrypto.so.3)
==3911604==    by 0x127CE8B: crypto.backend_openssl.privateKeyFromSecret (backend_openssl.zig:274)
==3911604==    by 0x123F1E7: privateKeyFromSecret (backend.zig:222)
==3911604==    by 0x123F1E7: x25519.privateKey (x25519.zig:45)
==3911604==    by 0x122070F: x25519.sharedSecret (x25519.zig:64)
==3911604==    by 0x13EDAEF: wycheproof.test.Wycheproof: X25519 shared secret tcId 1 (wycheproof.zig:35)
==3911604==    by 0x13DA72B: test_runner.main (test_runner.zig:278)
==3911604==    by 0x13DC2A3: callMain (start.zig:627)
==3911604==    by 0x13DC2A3: callMainWithArgs (start.zig:587)
==3911604==    by 0x13DC2A3: main (start.zig:602)
==3911604==  Uninitialised value was created by a stack allocation
==3911604==    at 0x4B1B9E0: get_legacy_evp_names (in /nix/store/v89yca35zsb13k51ibz0mcz2rrzjwwrj-openssl-3.6.4/lib/libcrypto.so.3)
==3911604== 
==3911604== Conditional jump or move depends on uninitialised value(s)
==3911604==    at 0x4B1A99C: namemap_add_name (in /nix/store/v89yca35zsb13k51ibz0mcz2rrzjwwrj-openssl-3.6.4/lib/libcrypto.so.3)
==3911604==    by 0x4B1B96B: ossl_namemap_add_name (in /nix/store/v89yca35zsb13k51ibz0mcz2rrzjwwrj-openssl-3.6.4/lib/libcrypto.so.3)
==3911604==    by 0x4B1BB0B: get_legacy_evp_names (in /nix/store/v89yca35zsb13k51ibz0mcz2rrzjwwrj-openssl-3.6.4/lib/libcrypto.so.3)
==3911604==    by 0x4B1A047: ossl_namemap_stored (in /nix/store/v89yca35zsb13k51ibz0mcz2rrzjwwrj-openssl-3.6.4/lib/libcrypto.so.3)
==3911604==    by 0x4AE1BEB: evp_generic_fetch (in /nix/store/v89yca35zsb13k51ibz0mcz2rrzjwwrj-openssl-3.6.4/lib/libcrypto.so.3)
==3911604==    by 0x4AFDACF: EVP_PKEY_CTX_new_from_name (in /nix/store/v89yca35zsb13k51ibz0mcz2rrzjwwrj-openssl-3.6.4/lib/libcrypto.so.3)
==3911604==    by 0x4AF7F5B: EVP_PKEY_new_raw_private_key (in /nix/store/v89yca35zsb13k51ibz0mcz2rrzjwwrj-openssl-3.6.4/lib/libcrypto.so.3)
==3911604==    by 0x127CE8B: crypto.backend_openssl.privateKeyFromSecret (backend_openssl.zig:274)
==3911604==    by 0x123F1E7: privateKeyFromSecret (backend.zig:222)
==3911604==    by 0x123F1E7: x25519.privateKey (x25519.zig:45)
==3911604==    by 0x122070F: x25519.sharedSecret (x25519.zig:64)
==3911604==    by 0x13EDAEF: wycheproof.test.Wycheproof: X25519 shared secret tcId 1 (wycheproof.zig:35)
==3911604==    by 0x13DA72B: test_runner.main (test_runner.zig:278)
==3911604==    by 0x13DC2A3: callMain (start.zig:627)
==3911604==    by 0x13DC2A3: callMainWithArgs (start.zig:587)
==3911604==    by 0x13DC2A3: main (start.zig:602)
==3911604==  Uninitialised value was created by a stack allocation
==3911604==    at 0x4B1B9E0: get_legacy_evp_names (in /nix/store/v89yca35zsb13k51ibz0mcz2rrzjwwrj-openssl-3.6.4/lib/libcrypto.so.3)
==3911604== 
==3911604== Conditional jump or move depends on uninitialised value(s)
==3911604==    at 0x4B223D0: OPENSSL_strlcpy (in /nix/store/v89yca35zsb13k51ibz0mcz2rrzjwwrj-openssl-3.6.4/lib/libcrypto.so.3)
==3911604==    by 0x4B5CB27: OBJ_obj2txt (in /nix/store/v89yca35zsb13k51ibz0mcz2rrzjwwrj-openssl-3.6.4/lib/libcrypto.so.3)
==3911604==    by 0x4B1BAF3: get_legacy_evp_names (in /nix/store/v89yca35zsb13k51ibz0mcz2rrzjwwrj-openssl-3.6.4/lib/libcrypto.so.3)
==3911604==    by 0x4B1A0D3: ossl_namemap_stored (in /nix/store/v89yca35zsb13k51ibz0mcz2rrzjwwrj-openssl-3.6.4/lib/libcrypto.so.3)
==3911604==    by 0x4AE1BEB: evp_generic_fetch (in /nix/store/v89yca35zsb13k51ibz0mcz2rrzjwwrj-openssl-3.6.4/lib/libcrypto.so.3)
==3911604==    by 0x4AFDACF: EVP_PKEY_CTX_new_from_name (in /nix/store/v89yca35zsb13k51ibz0mcz2rrzjwwrj-openssl-3.6.4/lib/libcrypto.so.3)
==3911604==    by 0x4AF7F5B: EVP_PKEY_new_raw_private_key (in /nix/store/v89yca35zsb13k51ibz0mcz2rrzjwwrj-openssl-3.6.4/lib/libcrypto.so.3)
==3911604==    by 0x127CE8B: crypto.backend_openssl.privateKeyFromSecret (backend_openssl.zig:274)
==3911604==    by 0x123F1E7: privateKeyFromSecret (backend.zig:222)
==3911604==    by 0x123F1E7: x25519.privateKey (x25519.zig:45)
==3911604==    by 0x122070F: x25519.sharedSecret (x25519.zig:64)
==3911604==    by 0x13EDAEF: wycheproof.test.Wycheproof: X25519 shared secret tcId 1 (wycheproof.zig:35)
==3911604==    by 0x13DA72B: test_runner.main (test_runner.zig:278)
==3911604==    by 0x13DC2A3: callMain (start.zig:627)
==3911604==    by 0x13DC2A3: callMainWithArgs (start.zig:587)
==3911604==    by 0x13DC2A3: main (start.zig:602)
==3911604==  Uninitialised value was created by a stack allocation
==3911604==    at 0x4B5C768: OBJ_obj2txt (in /nix/store/v89yca35zsb13k51ibz0mcz2rrzjwwrj-openssl-3.6.4/lib/libcrypto.so.3)
==3911604== 
==3911604== Conditional jump or move depends on uninitialised value(s)
==3911604==    at 0x4B1A9C8: namemap_add_name (in /nix/store/v89yca35zsb13k51ibz0mcz2rrzjwwrj-openssl-3.6.4/lib/libcrypto.so.3)
==3911604==    by 0x4B1B96B: ossl_namemap_add_name (in /nix/store/v89yca35zsb13k51ibz0mcz2rrzjwwrj-openssl-3.6.4/lib/libcrypto.so.3)
==3911604==    by 0x4B1BB0B: get_legacy_evp_names (in /nix/store/v89yca35zsb13k51ibz0mcz2rrzjwwrj-openssl-3.6.4/lib/libcrypto.so.3)
==3911604==    by 0x4B1A0D3: ossl_namemap_stored (in /nix/store/v89yca35zsb13k51ibz0mcz2rrzjwwrj-openssl-3.6.4/lib/libcrypto.so.3)
==3911604==    by 0x4AE1BEB: evp_generic_fetch (in /nix/store/v89yca35zsb13k51ibz0mcz2rrzjwwrj-openssl-3.6.4/lib/libcrypto.so.3)
==3911604==    by 0x4AFDACF: EVP_PKEY_CTX_new_from_name (in /nix/store/v89yca35zsb13k51ibz0mcz2rrzjwwrj-openssl-3.6.4/lib/libcrypto.so.3)
==3911604==    by 0x4AF7F5B: EVP_PKEY_new_raw_private_key (in /nix/store/v89yca35zsb13k51ibz0mcz2rrzjwwrj-openssl-3.6.4/lib/libcrypto.so.3)
==3911604==    by 0x127CE8B: crypto.backend_openssl.privateKeyFromSecret (backend_openssl.zig:274)
==3911604==    by 0x123F1E7: privateKeyFromSecret (backend.zig:222)
==3911604==    by 0x123F1E7: x25519.privateKey (x25519.zig:45)
==3911604==    by 0x122070F: x25519.sharedSecret (x25519.zig:64)
==3911604==    by 0x13EDAEF: wycheproof.test.Wycheproof: X25519 shared secret tcId 1 (wycheproof.zig:35)
==3911604==    by 0x13DA72B: test_runner.main (test_runner.zig:278)
==3911604==    by 0x13DC2A3: callMain (start.zig:627)
==3911604==    by 0x13DC2A3: callMainWithArgs (start.zig:587)
==3911604==    by 0x13DC2A3: main (start.zig:602)
==3911604==  Uninitialised value was created by a stack allocation
==3911604==    at 0x4B1B9E0: get_legacy_evp_names (in /nix/store/v89yca35zsb13k51ibz0mcz2rrzjwwrj-openssl-3.6.4/lib/libcrypto.so.3)
==3911604== 
==3911604== Conditional jump or move depends on uninitialised value(s)
==3911604==    at 0x4B1A318: ossl_namemap_name2num (in /nix/store/v89yca35zsb13k51ibz0mcz2rrzjwwrj-openssl-3.6.4/lib/libcrypto.so.3)
==3911604==    by 0x4B1AE8B: ossl_namemap_add_names (in /nix/store/v89yca35zsb13k51ibz0mcz2rrzjwwrj-openssl-3.6.4/lib/libcrypto.so.3)
==3911604==    by 0x4AE1537: construct_evp_method (in /nix/store/v89yca35zsb13k51ibz0mcz2rrzjwwrj-openssl-3.6.4/lib/libcrypto.so.3)
==3911604==    by 0x4B1999B: ossl_method_construct_this (in /nix/store/v89yca35zsb13k51ibz0mcz2rrzjwwrj-openssl-3.6.4/lib/libcrypto.so.3)
==3911604==    by 0x4B19647: algorithm_do_this (in /nix/store/v89yca35zsb13k51ibz0mcz2rrzjwwrj-openssl-3.6.4/lib/libcrypto.so.3)
==3911604==    by 0x4B31A53: ossl_provider_doall_activated (in /nix/store/v89yca35zsb13k51ibz0mcz2rrzjwwrj-openssl-3.6.4/lib/libcrypto.so.3)
==3911604==    by 0x4B197FB: ossl_algorithm_do_all (in /nix/store/v89yca35zsb13k51ibz0mcz2rrzjwwrj-openssl-3.6.4/lib/libcrypto.so.3)
==3911604==    by 0x4B19C4F: ossl_method_construct (in /nix/store/v89yca35zsb13k51ibz0mcz2rrzjwwrj-openssl-3.6.4/lib/libcrypto.so.3)
==3911604==    by 0x4AE1F07: evp_generic_fetch (in /nix/store/v89yca35zsb13k51ibz0mcz2rrzjwwrj-openssl-3.6.4/lib/libcrypto.so.3)
==3911604==    by 0x4AFDACF: EVP_PKEY_CTX_new_from_name (in /nix/store/v89yca35zsb13k51ibz0mcz2rrzjwwrj-openssl-3.6.4/lib/libcrypto.so.3)
==3911604==    by 0x4AF7F5B: EVP_PKEY_new_raw_private_key (in /nix/store/v89yca35zsb13k51ibz0mcz2rrzjwwrj-openssl-3.6.4/lib/libcrypto.so.3)
==3911604==    by 0x127CE8B: crypto.backend_openssl.privateKeyFromSecret (backend_openssl.zig:274)
==3911604==    by 0x123F1E7: privateKeyFromSecret (backend.zig:222)
==3911604==    by 0x123F1E7: x25519.privateKey (x25519.zig:45)
==3911604==    by 0x122070F: x25519.sharedSecret (x25519.zig:64)
==3911604==    by 0x13EDAEF: wycheproof.test.Wycheproof: X25519 shared secret tcId 1 (wycheproof.zig:35)
==3911604==    by 0x13DA72B: test_runner.main (test_runner.zig:278)
==3911604==    by 0x13DC2A3: callMain (start.zig:627)
==3911604==    by 0x13DC2A3: callMainWithArgs (start.zig:587)
==3911604==    by 0x13DC2A3: main (start.zig:602)
==3911604== 
==3911604== Conditional jump or move depends on uninitialised value(s)
==3911604==    at 0x4B1A318: ossl_namemap_name2num (in /nix/store/v89yca35zsb13k51ibz0mcz2rrzjwwrj-openssl-3.6.4/lib/libcrypto.so.3)
==3911604==    by 0x4B1A72B: namemap_add_name (in /nix/store/v89yca35zsb13k51ibz0mcz2rrzjwwrj-openssl-3.6.4/lib/libcrypto.so.3)
==3911604==    by 0x4B1AED3: ossl_namemap_add_names (in /nix/store/v89yca35zsb13k51ibz0mcz2rrzjwwrj-openssl-3.6.4/lib/libcrypto.so.3)
==3911604==    by 0x4AE1537: construct_evp_method (in /nix/store/v89yca35zsb13k51ibz0mcz2rrzjwwrj-openssl-3.6.4/lib/libcrypto.so.3)
==3911604==    by 0x4B1999B: ossl_method_construct_this (in /nix/store/v89yca35zsb13k51ibz0mcz2rrzjwwrj-openssl-3.6.4/lib/libcrypto.so.3)
==3911604==    by 0x4B19647: algorithm_do_this (in /nix/store/v89yca35zsb13k51ibz0mcz2rrzjwwrj-openssl-3.6.4/lib/libcrypto.so.3)
==3911604==    by 0x4B31A53: ossl_provider_doall_activated (in /nix/store/v89yca35zsb13k51ibz0mcz2rrzjwwrj-openssl-3.6.4/lib/libcrypto.so.3)
==3911604==    by 0x4B197FB: ossl_algorithm_do_all (in /nix/store/v89yca35zsb13k51ibz0mcz2rrzjwwrj-openssl-3.6.4/lib/libcrypto.so.3)
==3911604==    by 0x4B19C4F: ossl_method_construct (in /nix/store/v89yca35zsb13k51ibz0mcz2rrzjwwrj-openssl-3.6.4/lib/libcrypto.so.3)
==3911604==    by 0x4AE1F07: evp_generic_fetch (in /nix/store/v89yca35zsb13k51ibz0mcz2rrzjwwrj-openssl-3.6.4/lib/libcrypto.so.3)
==3911604==    by 0x4AFDACF: EVP_PKEY_CTX_new_from_name (in /nix/store/v89yca35zsb13k51ibz0mcz2rrzjwwrj-openssl-3.6.4/lib/libcrypto.so.3)
==3911604==    by 0x4AF7F5B: EVP_PKEY_new_raw_private_key (in /nix/store/v89yca35zsb13k51ibz0mcz2rrzjwwrj-openssl-3.6.4/lib/libcrypto.so.3)
==3911604==    by 0x127CE8B: crypto.backend_openssl.privateKeyFromSecret (backend_openssl.zig:274)
==3911604==    by 0x123F1E7: privateKeyFromSecret (backend.zig:222)
==3911604==    by 0x123F1E7: x25519.privateKey (x25519.zig:45)
==3911604==    by 0x122070F: x25519.sharedSecret (x25519.zig:64)
==3911604==    by 0x13EDAEF: wycheproof.test.Wycheproof: X25519 shared secret tcId 1 (wycheproof.zig:35)
==3911604==    by 0x13DA72B: test_runner.main (test_runner.zig:278)
==3911604==    by 0x13DC2A3: callMain (start.zig:627)
==3911604==    by 0x13DC2A3: callMainWithArgs (start.zig:587)
==3911604==    by 0x13DC2A3: main (start.zig:602)
==3911604== 
==3911604== Conditional jump or move depends on uninitialised value(s)
==3911604==    at 0x4B1A344: ossl_namemap_name2num (in /nix/store/v89yca35zsb13k51ibz0mcz2rrzjwwrj-openssl-3.6.4/lib/libcrypto.so.3)
==3911604==    by 0x4B1AE8B: ossl_namemap_add_names (in /nix/store/v89yca35zsb13k51ibz0mcz2rrzjwwrj-openssl-3.6.4/lib/libcrypto.so.3)
==3911604==    by 0x4AE1537: construct_evp_method (in /nix/store/v89yca35zsb13k51ibz0mcz2rrzjwwrj-openssl-3.6.4/lib/libcrypto.so.3)
==3911604==    by 0x4B1999B: ossl_method_construct_this (in /nix/store/v89yca35zsb13k51ibz0mcz2rrzjwwrj-openssl-3.6.4/lib/libcrypto.so.3)
==3911604==    by 0x4B19647: algorithm_do_this (in /nix/store/v89yca35zsb13k51ibz0mcz2rrzjwwrj-openssl-3.6.4/lib/libcrypto.so.3)
==3911604==    by 0x4B31A53: ossl_provider_doall_activated (in /nix/store/v89yca35zsb13k51ibz0mcz2rrzjwwrj-openssl-3.6.4/lib/libcrypto.so.3)
==3911604==    by 0x4B197FB: ossl_algorithm_do_all (in /nix/store/v89yca35zsb13k51ibz0mcz2rrzjwwrj-openssl-3.6.4/lib/libcrypto.so.3)
==3911604==    by 0x4B19C4F: ossl_method_construct (in /nix/store/v89yca35zsb13k51ibz0mcz2rrzjwwrj-openssl-3.6.4/lib/libcrypto.so.3)
==3911604==    by 0x4AE1F07: evp_generic_fetch (in /nix/store/v89yca35zsb13k51ibz0mcz2rrzjwwrj-openssl-3.6.4/lib/libcrypto.so.3)
==3911604==    by 0x4AFDACF: EVP_PKEY_CTX_new_from_name (in /nix/store/v89yca35zsb13k51ibz0mcz2rrzjwwrj-openssl-3.6.4/lib/libcrypto.so.3)
==3911604==    by 0x4AF7F5B: EVP_PKEY_new_raw_private_key (in /nix/store/v89yca35zsb13k51ibz0mcz2rrzjwwrj-openssl-3.6.4/lib/libcrypto.so.3)
==3911604==    by 0x127CE8B: crypto.backend_openssl.privateKeyFromSecret (backend_openssl.zig:274)
==3911604==    by 0x123F1E7: privateKeyFromSecret (backend.zig:222)
==3911604==    by 0x123F1E7: x25519.privateKey (x25519.zig:45)
==3911604==    by 0x122070F: x25519.sharedSecret (x25519.zig:64)
==3911604==    by 0x13EDAEF: wycheproof.test.Wycheproof: X25519 shared secret tcId 1 (wycheproof.zig:35)
==3911604==    by 0x13DA72B: test_runner.main (test_runner.zig:278)
==3911604==    by 0x13DC2A3: callMain (start.zig:627)
==3911604==    by 0x13DC2A3: callMainWithArgs (start.zig:587)
==3911604==    by 0x13DC2A3: main (start.zig:602)
==3911604== 
==3911604== Conditional jump or move depends on uninitialised value(s)
==3911604==    at 0x4B1A344: ossl_namemap_name2num (in /nix/store/v89yca35zsb13k51ibz0mcz2rrzjwwrj-openssl-3.6.4/lib/libcrypto.so.3)
==3911604==    by 0x4B1A72B: namemap_add_name (in /nix/store/v89yca35zsb13k51ibz0mcz2rrzjwwrj-openssl-3.6.4/lib/libcrypto.so.3)
==3911604==    by 0x4B1AED3: ossl_namemap_add_names (in /nix/store/v89yca35zsb13k51ibz0mcz2rrzjwwrj-openssl-3.6.4/lib/libcrypto.so.3)
==3911604==    by 0x4AE1537: construct_evp_method (in /nix/store/v89yca35zsb13k51ibz0mcz2rrzjwwrj-openssl-3.6.4/lib/libcrypto.so.3)
==3911604==    by 0x4B1999B: ossl_method_construct_this (in /nix/store/v89yca35zsb13k51ibz0mcz2rrzjwwrj-openssl-3.6.4/lib/libcrypto.so.3)
==3911604==    by 0x4B19647: algorithm_do_this (in /nix/store/v89yca35zsb13k51ibz0mcz2rrzjwwrj-openssl-3.6.4/lib/libcrypto.so.3)
==3911604==    by 0x4B31A53: ossl_provider_doall_activated (in /nix/store/v89yca35zsb13k51ibz0mcz2rrzjwwrj-openssl-3.6.4/lib/libcrypto.so.3)
==3911604==    by 0x4B197FB: ossl_algorithm_do_all (in /nix/store/v89yca35zsb13k51ibz0mcz2rrzjwwrj-openssl-3.6.4/lib/libcrypto.so.3)
==3911604==    by 0x4B19C4F: ossl_method_construct (in /nix/store/v89yca35zsb13k51ibz0mcz2rrzjwwrj-openssl-3.6.4/lib/libcrypto.so.3)
==3911604==    by 0x4AE1F07: evp_generic_fetch (in /nix/store/v89yca35zsb13k51ibz0mcz2rrzjwwrj-openssl-3.6.4/lib/libcrypto.so.3)
==3911604==    by 0x4AFDACF: EVP_PKEY_CTX_new_from_name (in /nix/store/v89yca35zsb13k51ibz0mcz2rrzjwwrj-openssl-3.6.4/lib/libcrypto.so.3)
==3911604==    by 0x4AF7F5B: EVP_PKEY_new_raw_private_key (in /nix/store/v89yca35zsb13k51ibz0mcz2rrzjwwrj-openssl-3.6.4/lib/libcrypto.so.3)
==3911604==    by 0x127CE8B: crypto.backend_openssl.privateKeyFromSecret (backend_openssl.zig:274)
==3911604==    by 0x123F1E7: privateKeyFromSecret (backend.zig:222)
==3911604==    by 0x123F1E7: x25519.privateKey (x25519.zig:45)
==3911604==    by 0x122070F: x25519.sharedSecret (x25519.zig:64)
==3911604==    by 0x13EDAEF: wycheproof.test.Wycheproof: X25519 shared secret tcId 1 (wycheproof.zig:35)
==3911604==    by 0x13DA72B: test_runner.main (test_runner.zig:278)
==3911604==    by 0x13DC2A3: callMain (start.zig:627)
==3911604==    by 0x13DC2A3: callMainWithArgs (start.zig:587)
==3911604==    by 0x13DC2A3: main (start.zig:602)
==3911604== 
==3911604== Conditional jump or move depends on uninitialised value(s)
==3911604==    at 0x4B1A99C: namemap_add_name (in /nix/store/v89yca35zsb13k51ibz0mcz2rrzjwwrj-openssl-3.6.4/lib/libcrypto.so.3)
==3911604==    by 0x4B1AED3: ossl_namemap_add_names (in /nix/store/v89yca35zsb13k51ibz0mcz2rrzjwwrj-openssl-3.6.4/lib/libcrypto.so.3)
==3911604==    by 0x4AE1537: construct_evp_method (in /nix/store/v89yca35zsb13k51ibz0mcz2rrzjwwrj-openssl-3.6.4/lib/libcrypto.so.3)
==3911604==    by 0x4B1999B: ossl_method_construct_this (in /nix/store/v89yca35zsb13k51ibz0mcz2rrzjwwrj-openssl-3.6.4/lib/libcrypto.so.3)
==3911604==    by 0x4B19647: algorithm_do_this (in /nix/store/v89yca35zsb13k51ibz0mcz2rrzjwwrj-openssl-3.6.4/lib/libcrypto.so.3)
==3911604==    by 0x4B31A53: ossl_provider_doall_activated (in /nix/store/v89yca35zsb13k51ibz0mcz2rrzjwwrj-openssl-3.6.4/lib/libcrypto.so.3)
==3911604==    by 0x4B197FB: ossl_algorithm_do_all (in /nix/store/v89yca35zsb13k51ibz0mcz2rrzjwwrj-openssl-3.6.4/lib/libcrypto.so.3)
==3911604==    by 0x4B19C4F: ossl_method_construct (in /nix/store/v89yca35zsb13k51ibz0mcz2rrzjwwrj-openssl-3.6.4/lib/libcrypto.so.3)
==3911604==    by 0x4AE1F07: evp_generic_fetch (in /nix/store/v89yca35zsb13k51ibz0mcz2rrzjwwrj-openssl-3.6.4/lib/libcrypto.so.3)
==3911604==    by 0x4AFDACF: EVP_PKEY_CTX_new_from_name (in /nix/store/v89yca35zsb13k51ibz0mcz2rrzjwwrj-openssl-3.6.4/lib/libcrypto.so.3)
==3911604==    by 0x4AF7F5B: EVP_PKEY_new_raw_private_key (in /nix/store/v89yca35zsb13k51ibz0mcz2rrzjwwrj-openssl-3.6.4/lib/libcrypto.so.3)
==3911604==    by 0x127CE8B: crypto.backend_openssl.privateKeyFromSecret (backend_openssl.zig:274)
==3911604==    by 0x123F1E7: privateKeyFromSecret (backend.zig:222)
==3911604==    by 0x123F1E7: x25519.privateKey (x25519.zig:45)
==3911604==    by 0x122070F: x25519.sharedSecret (x25519.zig:64)
==3911604==    by 0x13EDAEF: wycheproof.test.Wycheproof: X25519 shared secret tcId 1 (wycheproof.zig:35)
==3911604==    by 0x13DA72B: test_runner.main (test_runner.zig:278)
==3911604==    by 0x13DC2A3: callMain (start.zig:627)
==3911604==    by 0x13DC2A3: callMainWithArgs (start.zig:587)
==3911604==    by 0x13DC2A3: main (start.zig:602)
==3911604== 
==3911604== Conditional jump or move depends on uninitialised value(s)
==3911604==    at 0x4B1A9C8: namemap_add_name (in /nix/store/v89yca35zsb13k51ibz0mcz2rrzjwwrj-openssl-3.6.4/lib/libcrypto.so.3)
==3911604==    by 0x4B1AED3: ossl_namemap_add_names (in /nix/store/v89yca35zsb13k51ibz0mcz2rrzjwwrj-openssl-3.6.4/lib/libcrypto.so.3)
==3911604==    by 0x4AE1537: construct_evp_method (in /nix/store/v89yca35zsb13k51ibz0mcz2rrzjwwrj-openssl-3.6.4/lib/libcrypto.so.3)
==3911604==    by 0x4B1999B: ossl_method_construct_this (in /nix/store/v89yca35zsb13k51ibz0mcz2rrzjwwrj-openssl-3.6.4/lib/libcrypto.so.3)
==3911604==    by 0x4B19647: algorithm_do_this (in /nix/store/v89yca35zsb13k51ibz0mcz2rrzjwwrj-openssl-3.6.4/lib/libcrypto.so.3)
==3911604==    by 0x4B31A53: ossl_provider_doall_activated (in /nix/store/v89yca35zsb13k51ibz0mcz2rrzjwwrj-openssl-3.6.4/lib/libcrypto.so.3)
==3911604==    by 0x4B197FB: ossl_algorithm_do_all (in /nix/store/v89yca35zsb13k51ibz0mcz2rrzjwwrj-openssl-3.6.4/lib/libcrypto.so.3)
==3911604==    by 0x4B19C4F: ossl_method_construct (in /nix/store/v89yca35zsb13k51ibz0mcz2rrzjwwrj-openssl-3.6.4/lib/libcrypto.so.3)
==3911604==    by 0x4AE1F07: evp_generic_fetch (in /nix/store/v89yca35zsb13k51ibz0mcz2rrzjwwrj-openssl-3.6.4/lib/libcrypto.so.3)
==3911604==    by 0x4AFDACF: EVP_PKEY_CTX_new_from_name (in /nix/store/v89yca35zsb13k51ibz0mcz2rrzjwwrj-openssl-3.6.4/lib/libcrypto.so.3)
==3911604==    by 0x4AF7F5B: EVP_PKEY_new_raw_private_key (in /nix/store/v89yca35zsb13k51ibz0mcz2rrzjwwrj-openssl-3.6.4/lib/libcrypto.so.3)
==3911604==    by 0x127CE8B: crypto.backend_openssl.privateKeyFromSecret (backend_openssl.zig:274)
==3911604==    by 0x123F1E7: privateKeyFromSecret (backend.zig:222)
==3911604==    by 0x123F1E7: x25519.privateKey (x25519.zig:45)
==3911604==    by 0x122070F: x25519.sharedSecret (x25519.zig:64)
==3911604==    by 0x13EDAEF: wycheproof.test.Wycheproof: X25519 shared secret tcId 1 (wycheproof.zig:35)
==3911604==    by 0x13DA72B: test_runner.main (test_runner.zig:278)
==3911604==    by 0x13DC2A3: callMain (start.zig:627)
==3911604==    by 0x13DC2A3: callMainWithArgs (start.zig:587)
==3911604==    by 0x13DC2A3: main (start.zig:602)
==3911604== 
==3911604== Conditional jump or move depends on uninitialised value(s)
==3911604==    at 0x4B1A318: ossl_namemap_name2num (in /nix/store/v89yca35zsb13k51ibz0mcz2rrzjwwrj-openssl-3.6.4/lib/libcrypto.so.3)
==3911604==    by 0x4AE1C1F: evp_generic_fetch (in /nix/store/v89yca35zsb13k51ibz0mcz2rrzjwwrj-openssl-3.6.4/lib/libcrypto.so.3)
==3911604==    by 0x4AE9D7B: EVP_PKEY_derive_init_ex (in /nix/store/v89yca35zsb13k51ibz0mcz2rrzjwwrj-openssl-3.6.4/lib/libcrypto.so.3)
==3911604==    by 0x123F483: crypto.backend_openssl.sharedSecretDerive (backend_openssl.zig:312)
==3911604==    by 0x122084B: sharedSecretDerive (backend.zig:238)
==3911604==    by 0x122084B: x25519.sharedSecret (x25519.zig:70)
==3911604==    by 0x13EDAEF: wycheproof.test.Wycheproof: X25519 shared secret tcId 1 (wycheproof.zig:35)
==3911604==    by 0x13DA72B: test_runner.main (test_runner.zig:278)
==3911604==    by 0x13DC2A3: callMain (start.zig:627)
==3911604==    by 0x13DC2A3: callMainWithArgs (start.zig:587)
==3911604==    by 0x13DC2A3: main (start.zig:602)
==3911604== 
==3911604== Conditional jump or move depends on uninitialised value(s)
==3911604==    at 0x4B1A318: ossl_namemap_name2num (in /nix/store/v89yca35zsb13k51ibz0mcz2rrzjwwrj-openssl-3.6.4/lib/libcrypto.so.3)
==3911604==    by 0x4AE213B: evp_generic_fetch_from_prov (in /nix/store/v89yca35zsb13k51ibz0mcz2rrzjwwrj-openssl-3.6.4/lib/libcrypto.so.3)
==3911604==    by 0x4AE9DA3: EVP_PKEY_derive_init_ex (in /nix/store/v89yca35zsb13k51ibz0mcz2rrzjwwrj-openssl-3.6.4/lib/libcrypto.so.3)
==3911604==    by 0x123F483: crypto.backend_openssl.sharedSecretDerive (backend_openssl.zig:312)
==3911604==    by 0x122084B: sharedSecretDerive (backend.zig:238)
==3911604==    by 0x122084B: x25519.sharedSecret (x25519.zig:70)
==3911604==    by 0x13EDAEF: wycheproof.test.Wycheproof: X25519 shared secret tcId 1 (wycheproof.zig:35)
==3911604==    by 0x13DA72B: test_runner.main (test_runner.zig:278)
==3911604==    by 0x13DC2A3: callMain (start.zig:627)
==3911604==    by 0x13DC2A3: callMainWithArgs (start.zig:587)
==3911604==    by 0x13DC2A3: main (start.zig:602)
==3911604== 
==3911604== Conditional jump or move depends on uninitialised value(s)
==3911604==    at 0x4B1A318: ossl_namemap_name2num (in /nix/store/v89yca35zsb13k51ibz0mcz2rrzjwwrj-openssl-3.6.4/lib/libcrypto.so.3)
==3911604==    by 0x4AE213B: evp_generic_fetch_from_prov (in /nix/store/v89yca35zsb13k51ibz0mcz2rrzjwwrj-openssl-3.6.4/lib/libcrypto.so.3)
==3911604==    by 0x4AEA1A3: EVP_PKEY_derive_set_peer_ex (in /nix/store/v89yca35zsb13k51ibz0mcz2rrzjwwrj-openssl-3.6.4/lib/libcrypto.so.3)
==3911604==    by 0x123F4EB: crypto.backend_openssl.sharedSecretDerive (backend_openssl.zig:313)
==3911604==    by 0x122084B: sharedSecretDerive (backend.zig:238)
==3911604==    by 0x122084B: x25519.sharedSecret (x25519.zig:70)
==3911604==    by 0x13EDAEF: wycheproof.test.Wycheproof: X25519 shared secret tcId 1 (wycheproof.zig:35)
==3911604==    by 0x13DA72B: test_runner.main (test_runner.zig:278)
==3911604==    by 0x13DC2A3: callMain (start.zig:627)
==3911604==    by 0x13DC2A3: callMainWithArgs (start.zig:587)
==3911604==    by 0x13DC2A3: main (start.zig:602)
==3911604== 
==3911604== Conditional jump or move depends on uninitialised value(s)
==3911604==    at 0x4B1A318: ossl_namemap_name2num (in /nix/store/v89yca35zsb13k51ibz0mcz2rrzjwwrj-openssl-3.6.4/lib/libcrypto.so.3)
==3911604==    by 0x4AE213B: evp_generic_fetch_from_prov (in /nix/store/v89yca35zsb13k51ibz0mcz2rrzjwwrj-openssl-3.6.4/lib/libcrypto.so.3)
==3911604==    by 0x4AF001B: do_sigver_init (in /nix/store/v89yca35zsb13k51ibz0mcz2rrzjwwrj-openssl-3.6.4/lib/libcrypto.so.3)
==3911604==    by 0x4AF06B7: EVP_DigestVerifyInit (in /nix/store/v89yca35zsb13k51ibz0mcz2rrzjwwrj-openssl-3.6.4/lib/libcrypto.so.3)
==3911604==    by 0x125001B: crypto.backend_openssl.signatureVerify (backend_openssl.zig:931)
==3911604==    by 0x120208F: verify (backend.zig:399)
==3911604==    by 0x120208F: certificate.verifySignature (certificate.zig:621)
==3911604==    by 0x1201D8F: certificate.verifyServerSignature (certificate.zig:554)
==3911604==    by 0x120223F: certificate.verifyServerSignatureWithSchemes (certificate.zig:566)
==3911604==    by 0x128EDF7: ClientHandshake.Suite.verifyCertificate (ClientHandshake.zig:363)
==3911604==    by 0x126A51B: ClientHandshake.processFlightMessage (ClientHandshake.zig:1826)
==3911604==    by 0x1223163: ClientHandshake.processFlightBytes (ClientHandshake.zig:1677)
==3911604==    by 0x1222BD3: ClientHandshake.processFlight (ClientHandshake.zig:1660)
==3911604==    by 0x121766F: ClientHandshake.processHandshakeRecord (ClientHandshake.zig:1260)
==3911604==    by 0x12164BF: ClientHandshake.handleRecord (ClientHandshake.zig:1102)
==3911604==    by 0x13F514B: interop.clientInterop (interop.zig:686)
==3911604==    by 0x13F5C33: interop.runClientSuite (interop.zig:472)
==3911604==    by 0x13F624B: interop.test.OpenSSL s_server interoperates with ztls client (interop.zig:76)
==3911604==    by 0x13DA72B: test_runner.main (test_runner.zig:278)
==3911604==    by 0x13DC2A3: callMain (start.zig:627)
==3911604==    by 0x13DC2A3: callMainWithArgs (start.zig:587)
==3911604==    by 0x13DC2A3: main (start.zig:602)
==3911604== 
==3911604== Conditional jump or move depends on uninitialised value(s)
==3911604==    at 0x4B1A318: ossl_namemap_name2num (in /nix/store/v89yca35zsb13k51ibz0mcz2rrzjwwrj-openssl-3.6.4/lib/libcrypto.so.3)
==3911604==    by 0x4AE1C1F: evp_generic_fetch (in /nix/store/v89yca35zsb13k51ibz0mcz2rrzjwwrj-openssl-3.6.4/lib/libcrypto.so.3)
==3911604==    by 0x4C8BF2F: drbg_ctr_set_ctx_params_locked (in /nix/store/v89yca35zsb13k51ibz0mcz2rrzjwwrj-openssl-3.6.4/lib/libcrypto.so.3)
==3911604==    by 0x4C8C3EF: drbg_ctr_instantiate_wrapper (in /nix/store/v89yca35zsb13k51ibz0mcz2rrzjwwrj-openssl-3.6.4/lib/libcrypto.so.3)
==3911604==    by 0x4AE8BA3: EVP_RAND_instantiate (in /nix/store/v89yca35zsb13k51ibz0mcz2rrzjwwrj-openssl-3.6.4/lib/libcrypto.so.3)
==3911604==    by 0x4B812CB: rand_new_drbg (in /nix/store/v89yca35zsb13k51ibz0mcz2rrzjwwrj-openssl-3.6.4/lib/libcrypto.so.3)
==3911604==    by 0x4B81673: rand_get0_primary (in /nix/store/v89yca35zsb13k51ibz0mcz2rrzjwwrj-openssl-3.6.4/lib/libcrypto.so.3)
==3911604==    by 0x4B81C27: RAND_priv_bytes_ex (in /nix/store/v89yca35zsb13k51ibz0mcz2rrzjwwrj-openssl-3.6.4/lib/libcrypto.so.3)
==3911604==    by 0x4A1F5DB: bnrand_range.constprop.0 (in /nix/store/v89yca35zsb13k51ibz0mcz2rrzjwwrj-openssl-3.6.4/lib/libcrypto.so.3)
==3911604==    by 0x4AA25C7: ossl_ec_GFp_simple_ladder_pre (in /nix/store/v89yca35zsb13k51ibz0mcz2rrzjwwrj-openssl-3.6.4/lib/libcrypto.so.3)
==3911604==    by 0x4A93A2F: ossl_ec_scalar_mul_ladder (in /nix/store/v89yca35zsb13k51ibz0mcz2rrzjwwrj-openssl-3.6.4/lib/libcrypto.so.3)
==3911604==    by 0x4A9229F: EC_POINT_mul (in /nix/store/v89yca35zsb13k51ibz0mcz2rrzjwwrj-openssl-3.6.4/lib/libcrypto.so.3)
==3911604==    by 0x1270603: crypto.backend_openssl.p384PrivateKeyFromSecret (backend_openssl.zig:439)
==3911604==    by 0x122BAD7: privateKeyFromSecret (backend.zig:276)
==3911604==    by 0x122BAD7: p384.privateKey (p384.zig:74)
==3911604==    by 0x1270113: p384.publicFromSecret (p384.zig:82)
==3911604==    by 0x126FFEF: p384.KeyPair.generateDeterministic (p384.zig:38)
==3911604==    by 0x12911FF: p384.EntropyAttempt.next (p384.zig:53)
==3911604==    by 0x126FD7B: p384.generateRetry__anon_55018 (p384.zig:63)
==3911604==    by 0x126FC87: p384.KeyPair.generate (p384.zig:34)
==3911604==    by 0x13F4ACF: interop.clientInterop (interop.zig:655)
==3911604==    by 0x141D423: interop.runClientGroup (interop.zig:486)
==3911604==    by 0x141D873: interop.test.OpenSSL s_server interoperates with ztls P-384 client (interop.zig:96)
==3911604==    by 0x13DA72B: test_runner.main (test_runner.zig:278)
==3911604==    by 0x13DC2A3: callMain (start.zig:627)
==3911604==    by 0x13DC2A3: callMainWithArgs (start.zig:587)
==3911604==    by 0x13DC2A3: main (start.zig:602)
==3911604== 
==3911604== Conditional jump or move depends on uninitialised value(s)
==3911604==    at 0x4B1A318: ossl_namemap_name2num (in /nix/store/v89yca35zsb13k51ibz0mcz2rrzjwwrj-openssl-3.6.4/lib/libcrypto.so.3)
==3911604==    by 0x4AE213B: evp_generic_fetch_from_prov (in /nix/store/v89yca35zsb13k51ibz0mcz2rrzjwwrj-openssl-3.6.4/lib/libcrypto.so.3)
==3911604==    by 0x4AE9DA3: EVP_PKEY_derive_init_ex (in /nix/store/v89yca35zsb13k51ibz0mcz2rrzjwwrj-openssl-3.6.4/lib/libcrypto.so.3)
==3911604==    by 0x122BCCB: crypto.backend_openssl.p384SharedSecretDerive (backend_openssl.zig:497)
==3911604==    by 0x1220E37: sharedSecretDerive (backend.zig:288)
==3911604==    by 0x1220E37: p384.sharedSecret (p384.zig:100)
==3911604==    by 0x121E1DF: ClientHandshake.processServerHello (ClientHandshake.zig:1585)
==3911604==    by 0x12172FB: ClientHandshake.processHandshakeRecord (ClientHandshake.zig:1249)
==3911604==    by 0x12164BF: ClientHandshake.handleRecord (ClientHandshake.zig:1102)
==3911604==    by 0x13F514B: interop.clientInterop (interop.zig:686)
==3911604==    by 0x141D423: interop.runClientGroup (interop.zig:486)
==3911604==    by 0x141D873: interop.test.OpenSSL s_server interoperates with ztls P-384 client (interop.zig:96)
==3911604==    by 0x13DA72B: test_runner.main (test_runner.zig:278)
==3911604==    by 0x13DC2A3: callMain (start.zig:627)
==3911604==    by 0x13DC2A3: callMainWithArgs (start.zig:587)
==3911604==    by 0x13DC2A3: main (start.zig:602)
==3911604== 
==3911604== Conditional jump or move depends on uninitialised value(s)
==3911604==    at 0x4B1A318: ossl_namemap_name2num (in /nix/store/v89yca35zsb13k51ibz0mcz2rrzjwwrj-openssl-3.6.4/lib/libcrypto.so.3)
==3911604==    by 0x4AE213B: evp_generic_fetch_from_prov (in /nix/store/v89yca35zsb13k51ibz0mcz2rrzjwwrj-openssl-3.6.4/lib/libcrypto.so.3)
==3911604==    by 0x4AEA1A3: EVP_PKEY_derive_set_peer_ex (in /nix/store/v89yca35zsb13k51ibz0mcz2rrzjwwrj-openssl-3.6.4/lib/libcrypto.so.3)
==3911604==    by 0x122BD2F: crypto.backend_openssl.p384SharedSecretDerive (backend_openssl.zig:498)
==3911604==    by 0x1220E37: sharedSecretDerive (backend.zig:288)
==3911604==    by 0x1220E37: p384.sharedSecret (p384.zig:100)
==3911604==    by 0x121E1DF: ClientHandshake.processServerHello (ClientHandshake.zig:1585)
==3911604==    by 0x12172FB: ClientHandshake.processHandshakeRecord (ClientHandshake.zig:1249)
==3911604==    by 0x12164BF: ClientHandshake.handleRecord (ClientHandshake.zig:1102)
==3911604==    by 0x13F514B: interop.clientInterop (interop.zig:686)
==3911604==    by 0x141D423: interop.runClientGroup (interop.zig:486)
==3911604==    by 0x141D873: interop.test.OpenSSL s_server interoperates with ztls P-384 client (interop.zig:96)
==3911604==    by 0x13DA72B: test_runner.main (test_runner.zig:278)
==3911604==    by 0x13DC2A3: callMain (start.zig:627)
==3911604==    by 0x13DC2A3: callMainWithArgs (start.zig:587)
==3911604==    by 0x13DC2A3: main (start.zig:602)
==3911604== 
==3911604== Conditional jump or move depends on uninitialised value(s)
==3911604==    at 0x4B1A318: ossl_namemap_name2num (in /nix/store/v89yca35zsb13k51ibz0mcz2rrzjwwrj-openssl-3.6.4/lib/libcrypto.so.3)
==3911604==    by 0x4AE1C1F: evp_generic_fetch (in /nix/store/v89yca35zsb13k51ibz0mcz2rrzjwwrj-openssl-3.6.4/lib/libcrypto.so.3)
==3911604==    by 0x4AEC81F: evp_kem_init (in /nix/store/v89yca35zsb13k51ibz0mcz2rrzjwwrj-openssl-3.6.4/lib/libcrypto.so.3)
==3911604==    by 0x122B39B: crypto.backend_openssl.kemDecapsulate (backend_openssl.zig:250)
==3911604==    by 0x122B1B7: mlkem.decapsulate (mlkem.zig:129)
==3911604==    by 0x122173F: hybrid_kex.decapsulate (hybrid_kex.zig:190)
==3911604==    by 0x121E42F: ClientHandshake.processServerHello (ClientHandshake.zig:1597)
==3911604==    by 0x12172FB: ClientHandshake.processHandshakeRecord (ClientHandshake.zig:1249)
==3911604==    by 0x12164BF: ClientHandshake.handleRecord (ClientHandshake.zig:1102)
==3911604==    by 0x13F514B: interop.clientInterop (interop.zig:686)
==3911604==    by 0x141D423: interop.runClientGroup (interop.zig:486)
==3911604==    by 0x141DDA3: interop.test.OpenSSL s_server interoperates with ztls RFC 10024 client groups (interop.zig:117)
==3911604==    by 0x13DA72B: test_runner.main (test_runner.zig:278)
==3911604==    by 0x13DC2A3: callMain (start.zig:627)
==3911604==    by 0x13DC2A3: callMainWithArgs (start.zig:587)
==3911604==    by 0x13DC2A3: main (start.zig:602)
==3911604== 
==3911604== Conditional jump or move depends on uninitialised value(s)
==3911604==    at 0x4B1A318: ossl_namemap_name2num (in /nix/store/v89yca35zsb13k51ibz0mcz2rrzjwwrj-openssl-3.6.4/lib/libcrypto.so.3)
==3911604==    by 0x4AE213B: evp_generic_fetch_from_prov (in /nix/store/v89yca35zsb13k51ibz0mcz2rrzjwwrj-openssl-3.6.4/lib/libcrypto.so.3)
==3911604==    by 0x4AEC847: evp_kem_init (in /nix/store/v89yca35zsb13k51ibz0mcz2rrzjwwrj-openssl-3.6.4/lib/libcrypto.so.3)
==3911604==    by 0x122B39B: crypto.backend_openssl.kemDecapsulate (backend_openssl.zig:250)
==3911604==    by 0x122B1B7: mlkem.decapsulate (mlkem.zig:129)
==3911604==    by 0x122173F: hybrid_kex.decapsulate (hybrid_kex.zig:190)
==3911604==    by 0x121E42F: ClientHandshake.processServerHello (ClientHandshake.zig:1597)
==3911604==    by 0x12172FB: ClientHandshake.processHandshakeRecord (ClientHandshake.zig:1249)
==3911604==    by 0x12164BF: ClientHandshake.handleRecord (ClientHandshake.zig:1102)
==3911604==    by 0x13F514B: interop.clientInterop (interop.zig:686)
==3911604==    by 0x141D423: interop.runClientGroup (interop.zig:486)
==3911604==    by 0x141DDA3: interop.test.OpenSSL s_server interoperates with ztls RFC 10024 client groups (interop.zig:117)
==3911604==    by 0x13DA72B: test_runner.main (test_runner.zig:278)
==3911604==    by 0x13DC2A3: callMain (start.zig:627)
==3911604==    by 0x13DC2A3: callMainWithArgs (start.zig:587)
==3911604==    by 0x13DC2A3: main (start.zig:602)
==3911604== 
==3911604== Conditional jump or move depends on uninitialised value(s)
==3911604==    at 0x4B1A318: ossl_namemap_name2num (in /nix/store/v89yca35zsb13k51ibz0mcz2rrzjwwrj-openssl-3.6.4/lib/libcrypto.so.3)
==3911604==    by 0x4AE213B: evp_generic_fetch_from_prov (in /nix/store/v89yca35zsb13k51ibz0mcz2rrzjwwrj-openssl-3.6.4/lib/libcrypto.so.3)
==3911604==    by 0x4AE9DA3: EVP_PKEY_derive_init_ex (in /nix/store/v89yca35zsb13k51ibz0mcz2rrzjwwrj-openssl-3.6.4/lib/libcrypto.so.3)
==3911604==    by 0x122B883: crypto.backend_openssl.p256SharedSecretDerive (backend_openssl.zig:410)
==3911604==    by 0x1220B47: sharedSecretDerive (backend.zig:263)
==3911604==    by 0x1220B47: p256.sharedSecret (p256.zig:102)
==3911604==    by 0x126799B: hybrid_kex.deriveClassicalSecret (hybrid_kex.zig:248)
==3911604==    by 0x12214E7: hybrid_kex.decapsulate (hybrid_kex.zig:181)
==3911604==    by 0x121E42F: ClientHandshake.processServerHello (ClientHandshake.zig:1597)
==3911604==    by 0x12172FB: ClientHandshake.processHandshakeRecord (ClientHandshake.zig:1249)
==3911604==    by 0x12164BF: ClientHandshake.handleRecord (ClientHandshake.zig:1102)
==3911604==    by 0x13F514B: interop.clientInterop (interop.zig:686)
==3911604==    by 0x141D423: interop.runClientGroup (interop.zig:486)
==3911604==    by 0x141DDA3: interop.test.OpenSSL s_server interoperates with ztls RFC 10024 client groups (interop.zig:117)
==3911604==    by 0x13DA72B: test_runner.main (test_runner.zig:278)
==3911604==    by 0x13DC2A3: callMain (start.zig:627)
==3911604==    by 0x13DC2A3: callMainWithArgs (start.zig:587)
==3911604==    by 0x13DC2A3: main (start.zig:602)
==3911604== 
==3911604== Conditional jump or move depends on uninitialised value(s)
==3911604==    at 0x4B1A318: ossl_namemap_name2num (in /nix/store/v89yca35zsb13k51ibz0mcz2rrzjwwrj-openssl-3.6.4/lib/libcrypto.so.3)
==3911604==    by 0x4AE213B: evp_generic_fetch_from_prov (in /nix/store/v89yca35zsb13k51ibz0mcz2rrzjwwrj-openssl-3.6.4/lib/libcrypto.so.3)
==3911604==    by 0x4AEA1A3: EVP_PKEY_derive_set_peer_ex (in /nix/store/v89yca35zsb13k51ibz0mcz2rrzjwwrj-openssl-3.6.4/lib/libcrypto.so.3)
==3911604==    by 0x122B8E7: crypto.backend_openssl.p256SharedSecretDerive (backend_openssl.zig:411)
==3911604==    by 0x1220B47: sharedSecretDerive (backend.zig:263)
==3911604==    by 0x1220B47: p256.sharedSecret (p256.zig:102)
==3911604==    by 0x126799B: hybrid_kex.deriveClassicalSecret (hybrid_kex.zig:248)
==3911604==    by 0x12214E7: hybrid_kex.decapsulate (hybrid_kex.zig:181)
==3911604==    by 0x121E42F: ClientHandshake.processServerHello (ClientHandshake.zig:1597)
==3911604==    by 0x12172FB: ClientHandshake.processHandshakeRecord (ClientHandshake.zig:1249)
==3911604==    by 0x12164BF: ClientHandshake.handleRecord (ClientHandshake.zig:1102)
==3911604==    by 0x13F514B: interop.clientInterop (interop.zig:686)
==3911604==    by 0x141D423: interop.runClientGroup (interop.zig:486)
==3911604==    by 0x141DDA3: interop.test.OpenSSL s_server interoperates with ztls RFC 10024 client groups (interop.zig:117)
==3911604==    by 0x13DA72B: test_runner.main (test_runner.zig:278)
==3911604==    by 0x13DC2A3: callMain (start.zig:627)
==3911604==    by 0x13DC2A3: callMainWithArgs (start.zig:587)
==3911604==    by 0x13DC2A3: main (start.zig:602)
==3911604== 
==3911604== Thread 2:
==3911604== Conditional jump or move depends on uninitialised value(s)
==3911604==    at 0x4B1A318: ossl_namemap_name2num (in /nix/store/v89yca35zsb13k51ibz0mcz2rrzjwwrj-openssl-3.6.4/lib/libcrypto.so.3)
==3911604==    by 0x4AE213B: evp_generic_fetch_from_prov (in /nix/store/v89yca35zsb13k51ibz0mcz2rrzjwwrj-openssl-3.6.4/lib/libcrypto.so.3)
==3911604==    by 0x4AF001B: do_sigver_init (in /nix/store/v89yca35zsb13k51ibz0mcz2rrzjwwrj-openssl-3.6.4/lib/libcrypto.so.3)
==3911604==    by 0x4AF05EF: EVP_DigestSignInit (in /nix/store/v89yca35zsb13k51ibz0mcz2rrzjwwrj-openssl-3.6.4/lib/libcrypto.so.3)
==3911604==    by 0x127C0FB: crypto.backend_openssl.signatureSign (backend_openssl.zig:903)
==3911604==    by 0x127BF0F: sign (backend.zig:389)
==3911604==    by 0x127BF0F: signature.PrivateKey.sign (signature.zig:88)
==3911604==    by 0x127BDBF: signature.PrivateKey.signOpaque (signature.zig:84)
==3911604==    by 0x1236B43: ServerHandshake.encodeAuthenticatedFlight (ServerHandshake.zig:1942)
==3911604==    by 0x123843F: ServerHandshake.sendPreparedServerFlight (ServerHandshake.zig:1883)
==3911604==    by 0x1425A67: interop.serve (interop.zig:1270)
==3911604==    by 0x1426F0B: interop.serverThread (interop.zig:1199)
==3911604==    by 0x1423D93: Thread.callFn__anon_415833 (Thread.zig:528)
==3911604==    by 0x1423B3B: Thread.PosixThreadImpl.spawn__anon_415761.Instance.entryFn (Thread.zig:781)
==3911604==    by 0x4FB2D7F: start_thread (in /nix/store/m54cs0m994hc3n9lax7sg98sgy729qsa-glibc-2.42-84/lib/libc.so.6)
==3911604==    by 0x5021FAB: thread_start (in /nix/store/m54cs0m994hc3n9lax7sg98sgy729qsa-glibc-2.42-84/lib/libc.so.6)
==3911604== 
==3911604== Conditional jump or move depends on uninitialised value(s)
==3911604==    at 0x4B1A318: ossl_namemap_name2num (in /nix/store/v89yca35zsb13k51ibz0mcz2rrzjwwrj-openssl-3.6.4/lib/libcrypto.so.3)
==3911604==    by 0x4AE1C1F: evp_generic_fetch (in /nix/store/v89yca35zsb13k51ibz0mcz2rrzjwwrj-openssl-3.6.4/lib/libcrypto.so.3)
==3911604==    by 0x4AEC81F: evp_kem_init (in /nix/store/v89yca35zsb13k51ibz0mcz2rrzjwwrj-openssl-3.6.4/lib/libcrypto.so.3)
==3911604==    by 0x122AC3F: crypto.backend_openssl.kemEncapsulate (backend_openssl.zig:219)
==3911604==    by 0x122A917: mlkem.encapsulate (mlkem.zig:109)
==3911604==    by 0x1292833: hybrid_kex.encapsulate (hybrid_kex.zig:144)
==3911604==    by 0x1273A73: ServerHandshake.encapsulateHybrid (ServerHandshake.zig:1066)
==3911604==    by 0x1273D1B: ServerHandshake.selectHybridShare (ServerHandshake.zig:1085)
==3911604==    by 0x12343BF: ServerHandshake.processClientHelloMessage (ServerHandshake.zig:1261)
==3911604==    by 0x1279A0B: ServerHandshake.handleClientHelloRecord (ServerHandshake.zig:2347)
==3911604==    by 0x123A63B: ServerHandshake.handleWaitClientHello (ServerHandshake.zig:2232)
==3911604==    by 0x123971F: ServerHandshake.handleRecord (ServerHandshake.zig:2173)
==3911604==    by 0x1425697: interop.serve (interop.zig:1265)
==3911604==    by 0x1426F0B: interop.serverThread (interop.zig:1199)
==3911604==    by 0x1423D93: Thread.callFn__anon_415833 (Thread.zig:528)
==3911604==    by 0x1423B3B: Thread.PosixThreadImpl.spawn__anon_415761.Instance.entryFn (Thread.zig:781)
==3911604==    by 0x4FB2D7F: start_thread (in /nix/store/m54cs0m994hc3n9lax7sg98sgy729qsa-glibc-2.42-84/lib/libc.so.6)
==3911604==    by 0x5021FAB: thread_start (in /nix/store/m54cs0m994hc3n9lax7sg98sgy729qsa-glibc-2.42-84/lib/libc.so.6)
==3911604== 
==3911604== Conditional jump or move depends on uninitialised value(s)
==3911604==    at 0x4B1A318: ossl_namemap_name2num (in /nix/store/v89yca35zsb13k51ibz0mcz2rrzjwwrj-openssl-3.6.4/lib/libcrypto.so.3)
==3911604==    by 0x4AE213B: evp_generic_fetch_from_prov (in /nix/store/v89yca35zsb13k51ibz0mcz2rrzjwwrj-openssl-3.6.4/lib/libcrypto.so.3)
==3911604==    by 0x4AEC847: evp_kem_init (in /nix/store/v89yca35zsb13k51ibz0mcz2rrzjwwrj-openssl-3.6.4/lib/libcrypto.so.3)
==3911604==    by 0x122AC3F: crypto.backend_openssl.kemEncapsulate (backend_openssl.zig:219)
==3911604==    by 0x122A917: mlkem.encapsulate (mlkem.zig:109)
==3911604==    by 0x1292833: hybrid_kex.encapsulate (hybrid_kex.zig:144)
==3911604==    by 0x1273A73: ServerHandshake.encapsulateHybrid (ServerHandshake.zig:1066)
==3911604==    by 0x1273D1B: ServerHandshake.selectHybridShare (ServerHandshake.zig:1085)
==3911604==    by 0x12343BF: ServerHandshake.processClientHelloMessage (ServerHandshake.zig:1261)
==3911604==    by 0x1279A0B: ServerHandshake.handleClientHelloRecord (ServerHandshake.zig:2347)
==3911604==    by 0x123A63B: ServerHandshake.handleWaitClientHello (ServerHandshake.zig:2232)
==3911604==    by 0x123971F: ServerHandshake.handleRecord (ServerHandshake.zig:2173)
==3911604==    by 0x1425697: interop.serve (interop.zig:1265)
==3911604==    by 0x1426F0B: interop.serverThread (interop.zig:1199)
==3911604==    by 0x1423D93: Thread.callFn__anon_415833 (Thread.zig:528)
==3911604==    by 0x1423B3B: Thread.PosixThreadImpl.spawn__anon_415761.Instance.entryFn (Thread.zig:781)
==3911604==    by 0x4FB2D7F: start_thread (in /nix/store/m54cs0m994hc3n9lax7sg98sgy729qsa-glibc-2.42-84/lib/libc.so.6)
==3911604==    by 0x5021FAB: thread_start (in /nix/store/m54cs0m994hc3n9lax7sg98sgy729qsa-glibc-2.42-84/lib/libc.so.6)
==3911604== 
==3911604== Thread 1:
==3911604== Conditional jump or move depends on uninitialised value(s)
==3911604==    at 0x4B1A318: ossl_namemap_name2num (in /nix/store/v89yca35zsb13k51ibz0mcz2rrzjwwrj-openssl-3.6.4/lib/libcrypto.so.3)
==3911604==    by 0x4B1AE8B: ossl_namemap_add_names (in /nix/store/v89yca35zsb13k51ibz0mcz2rrzjwwrj-openssl-3.6.4/lib/libcrypto.so.3)
==3911604==    by 0x4AA995B: construct_decoder (in /nix/store/v89yca35zsb13k51ibz0mcz2rrzjwwrj-openssl-3.6.4/lib/libcrypto.so.3)
==3911604==    by 0x4B1999B: ossl_method_construct_this (in /nix/store/v89yca35zsb13k51ibz0mcz2rrzjwwrj-openssl-3.6.4/lib/libcrypto.so.3)
==3911604==    by 0x4B19647: algorithm_do_this (in /nix/store/v89yca35zsb13k51ibz0mcz2rrzjwwrj-openssl-3.6.4/lib/libcrypto.so.3)
==3911604==    by 0x4B31A53: ossl_provider_doall_activated (in /nix/store/v89yca35zsb13k51ibz0mcz2rrzjwwrj-openssl-3.6.4/lib/libcrypto.so.3)
==3911604==    by 0x4B197FB: ossl_algorithm_do_all (in /nix/store/v89yca35zsb13k51ibz0mcz2rrzjwwrj-openssl-3.6.4/lib/libcrypto.so.3)
==3911604==    by 0x4B19C4F: ossl_method_construct (in /nix/store/v89yca35zsb13k51ibz0mcz2rrzjwwrj-openssl-3.6.4/lib/libcrypto.so.3)
==3911604==    by 0x4AAA1BF: OSSL_DECODER_do_all_provided (in /nix/store/v89yca35zsb13k51ibz0mcz2rrzjwwrj-openssl-3.6.4/lib/libcrypto.so.3)
==3911604==    by 0x4AAB96F: OSSL_DECODER_CTX_new_for_pkey (in /nix/store/v89yca35zsb13k51ibz0mcz2rrzjwwrj-openssl-3.6.4/lib/libcrypto.so.3)
==3911604==    by 0x4B6927F: pem_read_bio_key (in /nix/store/v89yca35zsb13k51ibz0mcz2rrzjwwrj-openssl-3.6.4/lib/libcrypto.so.3)
==3911604==    by 0x127B3C7: crypto.backend_openssl.privateKeyFromPem (backend_openssl.zig:752)
==3911604==    by 0x143F3E7: privateKeyFromPem (backend.zig:350)
==3911604==    by 0x143F3E7: crypto.backend_primitive_tests.test.backend.sign: RSA-PSS SHA-256 sign/verify round-trip (backend_primitive_tests.zig:645)
==3911604==    by 0x13DA72B: test_runner.main (test_runner.zig:278)
==3911604==    by 0x13DC2A3: callMain (start.zig:627)
==3911604==    by 0x13DC2A3: callMainWithArgs (start.zig:587)
==3911604==    by 0x13DC2A3: main (start.zig:602)
==3911604== 
==3911604== Conditional jump or move depends on uninitialised value(s)
==3911604==    at 0x4B1A318: ossl_namemap_name2num (in /nix/store/v89yca35zsb13k51ibz0mcz2rrzjwwrj-openssl-3.6.4/lib/libcrypto.so.3)
==3911604==    by 0x4B1A72B: namemap_add_name (in /nix/store/v89yca35zsb13k51ibz0mcz2rrzjwwrj-openssl-3.6.4/lib/libcrypto.so.3)
==3911604==    by 0x4B1AED3: ossl_namemap_add_names (in /nix/store/v89yca35zsb13k51ibz0mcz2rrzjwwrj-openssl-3.6.4/lib/libcrypto.so.3)
==3911604==    by 0x4AA995B: construct_decoder (in /nix/store/v89yca35zsb13k51ibz0mcz2rrzjwwrj-openssl-3.6.4/lib/libcrypto.so.3)
==3911604==    by 0x4B1999B: ossl_method_construct_this (in /nix/store/v89yca35zsb13k51ibz0mcz2rrzjwwrj-openssl-3.6.4/lib/libcrypto.so.3)
==3911604==    by 0x4B19647: algorithm_do_this (in /nix/store/v89yca35zsb13k51ibz0mcz2rrzjwwrj-openssl-3.6.4/lib/libcrypto.so.3)
==3911604==    by 0x4B31A53: ossl_provider_doall_activated (in /nix/store/v89yca35zsb13k51ibz0mcz2rrzjwwrj-openssl-3.6.4/lib/libcrypto.so.3)
==3911604==    by 0x4B197FB: ossl_algorithm_do_all (in /nix/store/v89yca35zsb13k51ibz0mcz2rrzjwwrj-openssl-3.6.4/lib/libcrypto.so.3)
==3911604==    by 0x4B19C4F: ossl_method_construct (in /nix/store/v89yca35zsb13k51ibz0mcz2rrzjwwrj-openssl-3.6.4/lib/libcrypto.so.3)
==3911604==    by 0x4AAA1BF: OSSL_DECODER_do_all_provided (in /nix/store/v89yca35zsb13k51ibz0mcz2rrzjwwrj-openssl-3.6.4/lib/libcrypto.so.3)
==3911604==    by 0x4AAB96F: OSSL_DECODER_CTX_new_for_pkey (in /nix/store/v89yca35zsb13k51ibz0mcz2rrzjwwrj-openssl-3.6.4/lib/libcrypto.so.3)
==3911604==    by 0x4B6927F: pem_read_bio_key (in /nix/store/v89yca35zsb13k51ibz0mcz2rrzjwwrj-openssl-3.6.4/lib/libcrypto.so.3)
==3911604==    by 0x127B3C7: crypto.backend_openssl.privateKeyFromPem (backend_openssl.zig:752)
==3911604==    by 0x143F3E7: privateKeyFromPem (backend.zig:350)
==3911604==    by 0x143F3E7: crypto.backend_primitive_tests.test.backend.sign: RSA-PSS SHA-256 sign/verify round-trip (backend_primitive_tests.zig:645)
==3911604==    by 0x13DA72B: test_runner.main (test_runner.zig:278)
==3911604==    by 0x13DC2A3: callMain (start.zig:627)
==3911604==    by 0x13DC2A3: callMainWithArgs (start.zig:587)
==3911604==    by 0x13DC2A3: main (start.zig:602)
==3911604== 
==3911604== Conditional jump or move depends on uninitialised value(s)
==3911604==    at 0x4B1A344: ossl_namemap_name2num (in /nix/store/v89yca35zsb13k51ibz0mcz2rrzjwwrj-openssl-3.6.4/lib/libcrypto.so.3)
==3911604==    by 0x4B1AE8B: ossl_namemap_add_names (in /nix/store/v89yca35zsb13k51ibz0mcz2rrzjwwrj-openssl-3.6.4/lib/libcrypto.so.3)
==3911604==    by 0x4AA995B: construct_decoder (in /nix/store/v89yca35zsb13k51ibz0mcz2rrzjwwrj-openssl-3.6.4/lib/libcrypto.so.3)
==3911604==    by 0x4B1999B: ossl_method_construct_this (in /nix/store/v89yca35zsb13k51ibz0mcz2rrzjwwrj-openssl-3.6.4/lib/libcrypto.so.3)
==3911604==    by 0x4B19647: algorithm_do_this (in /nix/store/v89yca35zsb13k51ibz0mcz2rrzjwwrj-openssl-3.6.4/lib/libcrypto.so.3)
==3911604==    by 0x4B31A53: ossl_provider_doall_activated (in /nix/store/v89yca35zsb13k51ibz0mcz2rrzjwwrj-openssl-3.6.4/lib/libcrypto.so.3)
==3911604==    by 0x4B197FB: ossl_algorithm_do_all (in /nix/store/v89yca35zsb13k51ibz0mcz2rrzjwwrj-openssl-3.6.4/lib/libcrypto.so.3)
==3911604==    by 0x4B19C4F: ossl_method_construct (in /nix/store/v89yca35zsb13k51ibz0mcz2rrzjwwrj-openssl-3.6.4/lib/libcrypto.so.3)
==3911604==    by 0x4AAA1BF: OSSL_DECODER_do_all_provided (in /nix/store/v89yca35zsb13k51ibz0mcz2rrzjwwrj-openssl-3.6.4/lib/libcrypto.so.3)
==3911604==    by 0x4AAB96F: OSSL_DECODER_CTX_new_for_pkey (in /nix/store/v89yca35zsb13k51ibz0mcz2rrzjwwrj-openssl-3.6.4/lib/libcrypto.so.3)
==3911604==    by 0x4B6927F: pem_read_bio_key (in /nix/store/v89yca35zsb13k51ibz0mcz2rrzjwwrj-openssl-3.6.4/lib/libcrypto.so.3)
==3911604==    by 0x127B3C7: crypto.backend_openssl.privateKeyFromPem (backend_openssl.zig:752)
==3911604==    by 0x143F3E7: privateKeyFromPem (backend.zig:350)
==3911604==    by 0x143F3E7: crypto.backend_primitive_tests.test.backend.sign: RSA-PSS SHA-256 sign/verify round-trip (backend_primitive_tests.zig:645)
==3911604==    by 0x13DA72B: test_runner.main (test_runner.zig:278)
==3911604==    by 0x13DC2A3: callMain (start.zig:627)
==3911604==    by 0x13DC2A3: callMainWithArgs (start.zig:587)
==3911604==    by 0x13DC2A3: main (start.zig:602)
==3911604== 
==3911604== Conditional jump or move depends on uninitialised value(s)
==3911604==    at 0x4B1A344: ossl_namemap_name2num (in /nix/store/v89yca35zsb13k51ibz0mcz2rrzjwwrj-openssl-3.6.4/lib/libcrypto.so.3)
==3911604==    by 0x4B1A72B: namemap_add_name (in /nix/store/v89yca35zsb13k51ibz0mcz2rrzjwwrj-openssl-3.6.4/lib/libcrypto.so.3)
==3911604==    by 0x4B1AED3: ossl_namemap_add_names (in /nix/store/v89yca35zsb13k51ibz0mcz2rrzjwwrj-openssl-3.6.4/lib/libcrypto.so.3)
==3911604==    by 0x4AA995B: construct_decoder (in /nix/store/v89yca35zsb13k51ibz0mcz2rrzjwwrj-openssl-3.6.4/lib/libcrypto.so.3)
==3911604==    by 0x4B1999B: ossl_method_construct_this (in /nix/store/v89yca35zsb13k51ibz0mcz2rrzjwwrj-openssl-3.6.4/lib/libcrypto.so.3)
==3911604==    by 0x4B19647: algorithm_do_this (in /nix/store/v89yca35zsb13k51ibz0mcz2rrzjwwrj-openssl-3.6.4/lib/libcrypto.so.3)
==3911604==    by 0x4B31A53: ossl_provider_doall_activated (in /nix/store/v89yca35zsb13k51ibz0mcz2rrzjwwrj-openssl-3.6.4/lib/libcrypto.so.3)
==3911604==    by 0x4B197FB: ossl_algorithm_do_all (in /nix/store/v89yca35zsb13k51ibz0mcz2rrzjwwrj-openssl-3.6.4/lib/libcrypto.so.3)
==3911604==    by 0x4B19C4F: ossl_method_construct (in /nix/store/v89yca35zsb13k51ibz0mcz2rrzjwwrj-openssl-3.6.4/lib/libcrypto.so.3)
==3911604==    by 0x4AAA1BF: OSSL_DECODER_do_all_provided (in /nix/store/v89yca35zsb13k51ibz0mcz2rrzjwwrj-openssl-3.6.4/lib/libcrypto.so.3)
==3911604==    by 0x4AAB96F: OSSL_DECODER_CTX_new_for_pkey (in /nix/store/v89yca35zsb13k51ibz0mcz2rrzjwwrj-openssl-3.6.4/lib/libcrypto.so.3)
==3911604==    by 0x4B6927F: pem_read_bio_key (in /nix/store/v89yca35zsb13k51ibz0mcz2rrzjwwrj-openssl-3.6.4/lib/libcrypto.so.3)
==3911604==    by 0x127B3C7: crypto.backend_openssl.privateKeyFromPem (backend_openssl.zig:752)
==3911604==    by 0x143F3E7: privateKeyFromPem (backend.zig:350)
==3911604==    by 0x143F3E7: crypto.backend_primitive_tests.test.backend.sign: RSA-PSS SHA-256 sign/verify round-trip (backend_primitive_tests.zig:645)
==3911604==    by 0x13DA72B: test_runner.main (test_runner.zig:278)
==3911604==    by 0x13DC2A3: callMain (start.zig:627)
==3911604==    by 0x13DC2A3: callMainWithArgs (start.zig:587)
==3911604==    by 0x13DC2A3: main (start.zig:602)
==3911604== 
==3911604== Conditional jump or move depends on uninitialised value(s)
==3911604==    at 0x4B1A99C: namemap_add_name (in /nix/store/v89yca35zsb13k51ibz0mcz2rrzjwwrj-openssl-3.6.4/lib/libcrypto.so.3)
==3911604==    by 0x4B1AED3: ossl_namemap_add_names (in /nix/store/v89yca35zsb13k51ibz0mcz2rrzjwwrj-openssl-3.6.4/lib/libcrypto.so.3)
==3911604==    by 0x4AA995B: construct_decoder (in /nix/store/v89yca35zsb13k51ibz0mcz2rrzjwwrj-openssl-3.6.4/lib/libcrypto.so.3)
==3911604==    by 0x4B1999B: ossl_method_construct_this (in /nix/store/v89yca35zsb13k51ibz0mcz2rrzjwwrj-openssl-3.6.4/lib/libcrypto.so.3)
==3911604==    by 0x4B19647: algorithm_do_this (in /nix/store/v89yca35zsb13k51ibz0mcz2rrzjwwrj-openssl-3.6.4/lib/libcrypto.so.3)
==3911604==    by 0x4B31A53: ossl_provider_doall_activated (in /nix/store/v89yca35zsb13k51ibz0mcz2rrzjwwrj-openssl-3.6.4/lib/libcrypto.so.3)
==3911604==    by 0x4B197FB: ossl_algorithm_do_all (in /nix/store/v89yca35zsb13k51ibz0mcz2rrzjwwrj-openssl-3.6.4/lib/libcrypto.so.3)
==3911604==    by 0x4B19C4F: ossl_method_construct (in /nix/store/v89yca35zsb13k51ibz0mcz2rrzjwwrj-openssl-3.6.4/lib/libcrypto.so.3)
==3911604==    by 0x4AAA1BF: OSSL_DECODER_do_all_provided (in /nix/store/v89yca35zsb13k51ibz0mcz2rrzjwwrj-openssl-3.6.4/lib/libcrypto.so.3)
==3911604==    by 0x4AAB96F: OSSL_DECODER_CTX_new_for_pkey (in /nix/store/v89yca35zsb13k51ibz0mcz2rrzjwwrj-openssl-3.6.4/lib/libcrypto.so.3)
==3911604==    by 0x4B6927F: pem_read_bio_key (in /nix/store/v89yca35zsb13k51ibz0mcz2rrzjwwrj-openssl-3.6.4/lib/libcrypto.so.3)
==3911604==    by 0x127B3C7: crypto.backend_openssl.privateKeyFromPem (backend_openssl.zig:752)
==3911604==    by 0x143F3E7: privateKeyFromPem (backend.zig:350)
==3911604==    by 0x143F3E7: crypto.backend_primitive_tests.test.backend.sign: RSA-PSS SHA-256 sign/verify round-trip (backend_primitive_tests.zig:645)
==3911604==    by 0x13DA72B: test_runner.main (test_runner.zig:278)
==3911604==    by 0x13DC2A3: callMain (start.zig:627)
==3911604==    by 0x13DC2A3: callMainWithArgs (start.zig:587)
==3911604==    by 0x13DC2A3: main (start.zig:602)
==3911604== 
==3911604== Conditional jump or move depends on uninitialised value(s)
==3911604==    at 0x4B22868: OPENSSL_strlcat (in /nix/store/v89yca35zsb13k51ibz0mcz2rrzjwwrj-openssl-3.6.4/lib/libcrypto.so.3)
==3911604==    by 0x4AB9F8F: ERR_add_error_vdata (in /nix/store/v89yca35zsb13k51ibz0mcz2rrzjwwrj-openssl-3.6.4/lib/libcrypto.so.3)
==3911604==    by 0x4ABA21B: ERR_add_error_data (in /nix/store/v89yca35zsb13k51ibz0mcz2rrzjwwrj-openssl-3.6.4/lib/libcrypto.so.3)
==3911604==    by 0x49E882F: asn1_item_embed_d2i (in /nix/store/v89yca35zsb13k51ibz0mcz2rrzjwwrj-openssl-3.6.4/lib/libcrypto.so.3)
==3911604==    by 0x49E9397: asn1_template_noexp_d2i (in /nix/store/v89yca35zsb13k51ibz0mcz2rrzjwwrj-openssl-3.6.4/lib/libcrypto.so.3)
==3911604==    by 0x49E8ABB: asn1_item_embed_d2i (in /nix/store/v89yca35zsb13k51ibz0mcz2rrzjwwrj-openssl-3.6.4/lib/libcrypto.so.3)
==3911604==    by 0x49E8F9B: ASN1_item_d2i_ex (in /nix/store/v89yca35zsb13k51ibz0mcz2rrzjwwrj-openssl-3.6.4/lib/libcrypto.so.3)
==3911604==    by 0x4C36A83: ossl_epki2pki_der_decode (in /nix/store/v89yca35zsb13k51ibz0mcz2rrzjwwrj-openssl-3.6.4/lib/libcrypto.so.3)
==3911604==    by 0x4C37B47: pem2der_decode (in /nix/store/v89yca35zsb13k51ibz0mcz2rrzjwwrj-openssl-3.6.4/lib/libcrypto.so.3)
==3911604==    by 0x4AA8B33: decoder_process (in /nix/store/v89yca35zsb13k51ibz0mcz2rrzjwwrj-openssl-3.6.4/lib/libcrypto.so.3)
==3911604==    by 0x4AA8D1F: OSSL_DECODER_from_bio (in /nix/store/v89yca35zsb13k51ibz0mcz2rrzjwwrj-openssl-3.6.4/lib/libcrypto.so.3)
==3911604==    by 0x4B692DF: pem_read_bio_key (in /nix/store/v89yca35zsb13k51ibz0mcz2rrzjwwrj-openssl-3.6.4/lib/libcrypto.so.3)
==3911604==    by 0x127B3C7: crypto.backend_openssl.privateKeyFromPem (backend_openssl.zig:752)
==3911604==    by 0x143F3E7: privateKeyFromPem (backend.zig:350)
==3911604==    by 0x143F3E7: crypto.backend_primitive_tests.test.backend.sign: RSA-PSS SHA-256 sign/verify round-trip (backend_primitive_tests.zig:645)
==3911604==    by 0x13DA72B: test_runner.main (test_runner.zig:278)
==3911604==    by 0x13DC2A3: callMain (start.zig:627)
==3911604==    by 0x13DC2A3: callMainWithArgs (start.zig:587)
==3911604==    by 0x13DC2A3: main (start.zig:602)
==3911604==  Uninitialised value was created by a heap allocation
==3911604==    at 0x4885E30: malloc (in /nix/store/z7z886xwghzv19mmrc74ixcxph2b37mc-valgrind-3.27.1/libexec/valgrind/vgpreload_memcheck-arm64-linux.so)
==3911604==    by 0x4B1FDE7: CRYPTO_malloc (in /nix/store/v89yca35zsb13k51ibz0mcz2rrzjwwrj-openssl-3.6.4/lib/libcrypto.so.3)
==3911604==    by 0x4ABA0AB: ERR_add_error_vdata (in /nix/store/v89yca35zsb13k51ibz0mcz2rrzjwwrj-openssl-3.6.4/lib/libcrypto.so.3)
==3911604==    by 0x4ABA21B: ERR_add_error_data (in /nix/store/v89yca35zsb13k51ibz0mcz2rrzjwwrj-openssl-3.6.4/lib/libcrypto.so.3)
==3911604==    by 0x49E882F: asn1_item_embed_d2i (in /nix/store/v89yca35zsb13k51ibz0mcz2rrzjwwrj-openssl-3.6.4/lib/libcrypto.so.3)
==3911604==    by 0x49E9397: asn1_template_noexp_d2i (in /nix/store/v89yca35zsb13k51ibz0mcz2rrzjwwrj-openssl-3.6.4/lib/libcrypto.so.3)
==3911604==    by 0x49E8ABB: asn1_item_embed_d2i (in /nix/store/v89yca35zsb13k51ibz0mcz2rrzjwwrj-openssl-3.6.4/lib/libcrypto.so.3)
==3911604==    by 0x49E8F9B: ASN1_item_d2i_ex (in /nix/store/v89yca35zsb13k51ibz0mcz2rrzjwwrj-openssl-3.6.4/lib/libcrypto.so.3)
==3911604==    by 0x4C36A83: ossl_epki2pki_der_decode (in /nix/store/v89yca35zsb13k51ibz0mcz2rrzjwwrj-openssl-3.6.4/lib/libcrypto.so.3)
==3911604==    by 0x4C37B47: pem2der_decode (in /nix/store/v89yca35zsb13k51ibz0mcz2rrzjwwrj-openssl-3.6.4/lib/libcrypto.so.3)
==3911604==    by 0x4AA8B33: decoder_process (in /nix/store/v89yca35zsb13k51ibz0mcz2rrzjwwrj-openssl-3.6.4/lib/libcrypto.so.3)
==3911604==    by 0x4AA8D1F: OSSL_DECODER_from_bio (in /nix/store/v89yca35zsb13k51ibz0mcz2rrzjwwrj-openssl-3.6.4/lib/libcrypto.so.3)
==3911604==    by 0x4B692DF: pem_read_bio_key (in /nix/store/v89yca35zsb13k51ibz0mcz2rrzjwwrj-openssl-3.6.4/lib/libcrypto.so.3)
==3911604==    by 0x127B3C7: crypto.backend_openssl.privateKeyFromPem (backend_openssl.zig:752)
==3911604==    by 0x143F3E7: privateKeyFromPem (backend.zig:350)
==3911604==    by 0x143F3E7: crypto.backend_primitive_tests.test.backend.sign: RSA-PSS SHA-256 sign/verify round-trip (backend_primitive_tests.zig:645)
==3911604==    by 0x13DA72B: test_runner.main (test_runner.zig:278)
==3911604==    by 0x13DC2A3: callMain (start.zig:627)
==3911604==    by 0x13DC2A3: callMainWithArgs (start.zig:587)
==3911604==    by 0x13DC2A3: main (start.zig:602)
==3911604== 
==3911604== Conditional jump or move depends on uninitialised value(s)
==3911604==    at 0x4B22868: OPENSSL_strlcat (in /nix/store/v89yca35zsb13k51ibz0mcz2rrzjwwrj-openssl-3.6.4/lib/libcrypto.so.3)
==3911604==    by 0x4AB9F8F: ERR_add_error_vdata (in /nix/store/v89yca35zsb13k51ibz0mcz2rrzjwwrj-openssl-3.6.4/lib/libcrypto.so.3)
==3911604==    by 0x4ABA21B: ERR_add_error_data (in /nix/store/v89yca35zsb13k51ibz0mcz2rrzjwwrj-openssl-3.6.4/lib/libcrypto.so.3)
==3911604==    by 0x49E87D3: asn1_item_embed_d2i (in /nix/store/v89yca35zsb13k51ibz0mcz2rrzjwwrj-openssl-3.6.4/lib/libcrypto.so.3)
==3911604==    by 0x49E8F9B: ASN1_item_d2i_ex (in /nix/store/v89yca35zsb13k51ibz0mcz2rrzjwwrj-openssl-3.6.4/lib/libcrypto.so.3)
==3911604==    by 0x4C36A83: ossl_epki2pki_der_decode (in /nix/store/v89yca35zsb13k51ibz0mcz2rrzjwwrj-openssl-3.6.4/lib/libcrypto.so.3)
==3911604==    by 0x4C37B47: pem2der_decode (in /nix/store/v89yca35zsb13k51ibz0mcz2rrzjwwrj-openssl-3.6.4/lib/libcrypto.so.3)
==3911604==    by 0x4AA8B33: decoder_process (in /nix/store/v89yca35zsb13k51ibz0mcz2rrzjwwrj-openssl-3.6.4/lib/libcrypto.so.3)
==3911604==    by 0x4AA8D1F: OSSL_DECODER_from_bio (in /nix/store/v89yca35zsb13k51ibz0mcz2rrzjwwrj-openssl-3.6.4/lib/libcrypto.so.3)
==3911604==    by 0x4B692DF: pem_read_bio_key (in /nix/store/v89yca35zsb13k51ibz0mcz2rrzjwwrj-openssl-3.6.4/lib/libcrypto.so.3)
==3911604==    by 0x127B3C7: crypto.backend_openssl.privateKeyFromPem (backend_openssl.zig:752)
==3911604==    by 0x143F3E7: privateKeyFromPem (backend.zig:350)
==3911604==    by 0x143F3E7: crypto.backend_primitive_tests.test.backend.sign: RSA-PSS SHA-256 sign/verify round-trip (backend_primitive_tests.zig:645)
==3911604==    by 0x13DA72B: test_runner.main (test_runner.zig:278)
==3911604==    by 0x13DC2A3: callMain (start.zig:627)
==3911604==    by 0x13DC2A3: callMainWithArgs (start.zig:587)
==3911604==    by 0x13DC2A3: main (start.zig:602)
==3911604==  Uninitialised value was created by a heap allocation
==3911604==    at 0x4885E30: malloc (in /nix/store/z7z886xwghzv19mmrc74ixcxph2b37mc-valgrind-3.27.1/libexec/valgrind/vgpreload_memcheck-arm64-linux.so)
==3911604==    by 0x4B1FDE7: CRYPTO_malloc (in /nix/store/v89yca35zsb13k51ibz0mcz2rrzjwwrj-openssl-3.6.4/lib/libcrypto.so.3)
==3911604==    by 0x4ABA0AB: ERR_add_error_vdata (in /nix/store/v89yca35zsb13k51ibz0mcz2rrzjwwrj-openssl-3.6.4/lib/libcrypto.so.3)
==3911604==    by 0x4ABA21B: ERR_add_error_data (in /nix/store/v89yca35zsb13k51ibz0mcz2rrzjwwrj-openssl-3.6.4/lib/libcrypto.so.3)
==3911604==    by 0x49E87D3: asn1_item_embed_d2i (in /nix/store/v89yca35zsb13k51ibz0mcz2rrzjwwrj-openssl-3.6.4/lib/libcrypto.so.3)
==3911604==    by 0x49E8F9B: ASN1_item_d2i_ex (in /nix/store/v89yca35zsb13k51ibz0mcz2rrzjwwrj-openssl-3.6.4/lib/libcrypto.so.3)
==3911604==    by 0x4C36A83: ossl_epki2pki_der_decode (in /nix/store/v89yca35zsb13k51ibz0mcz2rrzjwwrj-openssl-3.6.4/lib/libcrypto.so.3)
==3911604==    by 0x4C37B47: pem2der_decode (in /nix/store/v89yca35zsb13k51ibz0mcz2rrzjwwrj-openssl-3.6.4/lib/libcrypto.so.3)
==3911604==    by 0x4AA8B33: decoder_process (in /nix/store/v89yca35zsb13k51ibz0mcz2rrzjwwrj-openssl-3.6.4/lib/libcrypto.so.3)
==3911604==    by 0x4AA8D1F: OSSL_DECODER_from_bio (in /nix/store/v89yca35zsb13k51ibz0mcz2rrzjwwrj-openssl-3.6.4/lib/libcrypto.so.3)
==3911604==    by 0x4B692DF: pem_read_bio_key (in /nix/store/v89yca35zsb13k51ibz0mcz2rrzjwwrj-openssl-3.6.4/lib/libcrypto.so.3)
==3911604==    by 0x127B3C7: crypto.backend_openssl.privateKeyFromPem (backend_openssl.zig:752)
==3911604==    by 0x143F3E7: privateKeyFromPem (backend.zig:350)
==3911604==    by 0x143F3E7: crypto.backend_primitive_tests.test.backend.sign: RSA-PSS SHA-256 sign/verify round-trip (backend_primitive_tests.zig:645)
==3911604==    by 0x13DA72B: test_runner.main (test_runner.zig:278)
==3911604==    by 0x13DC2A3: callMain (start.zig:627)
==3911604==    by 0x13DC2A3: callMainWithArgs (start.zig:587)
==3911604==    by 0x13DC2A3: main (start.zig:602)
==3911604== 
==3911604== Conditional jump or move depends on uninitialised value(s)
==3911604==    at 0x4B1A318: ossl_namemap_name2num (in /nix/store/v89yca35zsb13k51ibz0mcz2rrzjwwrj-openssl-3.6.4/lib/libcrypto.so.3)
==3911604==    by 0x4AAA027: OSSL_DECODER_is_a (in /nix/store/v89yca35zsb13k51ibz0mcz2rrzjwwrj-openssl-3.6.4/lib/libcrypto.so.3)
==3911604==    by 0x4AA897F: decoder_process (in /nix/store/v89yca35zsb13k51ibz0mcz2rrzjwwrj-openssl-3.6.4/lib/libcrypto.so.3)
==3911604==    by 0x4C36D3B: ossl_epki2pki_der_decode (in /nix/store/v89yca35zsb13k51ibz0mcz2rrzjwwrj-openssl-3.6.4/lib/libcrypto.so.3)
==3911604==    by 0x4C37B47: pem2der_decode (in /nix/store/v89yca35zsb13k51ibz0mcz2rrzjwwrj-openssl-3.6.4/lib/libcrypto.so.3)
==3911604==    by 0x4AA8B33: decoder_process (in /nix/store/v89yca35zsb13k51ibz0mcz2rrzjwwrj-openssl-3.6.4/lib/libcrypto.so.3)
==3911604==    by 0x4AA8D1F: OSSL_DECODER_from_bio (in /nix/store/v89yca35zsb13k51ibz0mcz2rrzjwwrj-openssl-3.6.4/lib/libcrypto.so.3)
==3911604==    by 0x4B692DF: pem_read_bio_key (in /nix/store/v89yca35zsb13k51ibz0mcz2rrzjwwrj-openssl-3.6.4/lib/libcrypto.so.3)
==3911604==    by 0x127B3C7: crypto.backend_openssl.privateKeyFromPem (backend_openssl.zig:752)
==3911604==    by 0x143F3E7: privateKeyFromPem (backend.zig:350)
==3911604==    by 0x143F3E7: crypto.backend_primitive_tests.test.backend.sign: RSA-PSS SHA-256 sign/verify round-trip (backend_primitive_tests.zig:645)
==3911604==    by 0x13DA72B: test_runner.main (test_runner.zig:278)
==3911604==    by 0x13DC2A3: callMain (start.zig:627)
==3911604==    by 0x13DC2A3: callMainWithArgs (start.zig:587)
==3911604==    by 0x13DC2A3: main (start.zig:602)
==3911604==  Uninitialised value was created by a stack allocation
==3911604==    at 0x4C36A2C: ossl_epki2pki_der_decode (in /nix/store/v89yca35zsb13k51ibz0mcz2rrzjwwrj-openssl-3.6.4/lib/libcrypto.so.3)
==3911604== 
==3911604== Conditional jump or move depends on uninitialised value(s)
==3911604==    at 0x4B1A318: ossl_namemap_name2num (in /nix/store/v89yca35zsb13k51ibz0mcz2rrzjwwrj-openssl-3.6.4/lib/libcrypto.so.3)
==3911604==    by 0x4AE2DDB: evp_is_a (in /nix/store/v89yca35zsb13k51ibz0mcz2rrzjwwrj-openssl-3.6.4/lib/libcrypto.so.3)
==3911604==    by 0x4AEE27F: EVP_KEYMGMT_is_a (in /nix/store/v89yca35zsb13k51ibz0mcz2rrzjwwrj-openssl-3.6.4/lib/libcrypto.so.3)
==3911604==    by 0x4AAA91F: decoder_construct_pkey (in /nix/store/v89yca35zsb13k51ibz0mcz2rrzjwwrj-openssl-3.6.4/lib/libcrypto.so.3)
==3911604==    by 0x4AA86F7: decoder_process (in /nix/store/v89yca35zsb13k51ibz0mcz2rrzjwwrj-openssl-3.6.4/lib/libcrypto.so.3)
==3911604==    by 0x4C32ADB: der2key_decode (in /nix/store/v89yca35zsb13k51ibz0mcz2rrzjwwrj-openssl-3.6.4/lib/libcrypto.so.3)
==3911604==    by 0x4AA88DF: decoder_process (in /nix/store/v89yca35zsb13k51ibz0mcz2rrzjwwrj-openssl-3.6.4/lib/libcrypto.so.3)
==3911604==    by 0x4C36D3B: ossl_epki2pki_der_decode (in /nix/store/v89yca35zsb13k51ibz0mcz2rrzjwwrj-openssl-3.6.4/lib/libcrypto.so.3)
==3911604==    by 0x4C37B47: pem2der_decode (in /nix/store/v89yca35zsb13k51ibz0mcz2rrzjwwrj-openssl-3.6.4/lib/libcrypto.so.3)
==3911604==    by 0x4AA8B33: decoder_process (in /nix/store/v89yca35zsb13k51ibz0mcz2rrzjwwrj-openssl-3.6.4/lib/libcrypto.so.3)
==3911604==    by 0x4AA8D1F: OSSL_DECODER_from_bio (in /nix/store/v89yca35zsb13k51ibz0mcz2rrzjwwrj-openssl-3.6.4/lib/libcrypto.so.3)
==3911604==    by 0x4B692DF: pem_read_bio_key (in /nix/store/v89yca35zsb13k51ibz0mcz2rrzjwwrj-openssl-3.6.4/lib/libcrypto.so.3)
==3911604==    by 0x127B3C7: crypto.backend_openssl.privateKeyFromPem (backend_openssl.zig:752)
==3911604==    by 0x143F3E7: privateKeyFromPem (backend.zig:350)
==3911604==    by 0x143F3E7: crypto.backend_primitive_tests.test.backend.sign: RSA-PSS SHA-256 sign/verify round-trip (backend_primitive_tests.zig:645)
==3911604==    by 0x13DA72B: test_runner.main (test_runner.zig:278)
==3911604==    by 0x13DC2A3: callMain (start.zig:627)
==3911604==    by 0x13DC2A3: callMainWithArgs (start.zig:587)
==3911604==    by 0x13DC2A3: main (start.zig:602)
==3911604== 
==3911604== Conditional jump or move depends on uninitialised value(s)
==3911604==    at 0x4B1A318: ossl_namemap_name2num (in /nix/store/v89yca35zsb13k51ibz0mcz2rrzjwwrj-openssl-3.6.4/lib/libcrypto.so.3)
==3911604==    by 0x4AE1C1F: evp_generic_fetch (in /nix/store/v89yca35zsb13k51ibz0mcz2rrzjwwrj-openssl-3.6.4/lib/libcrypto.so.3)
==3911604==    by 0x4AEFFF3: do_sigver_init (in /nix/store/v89yca35zsb13k51ibz0mcz2rrzjwwrj-openssl-3.6.4/lib/libcrypto.so.3)
==3911604==    by 0x4AF05EF: EVP_DigestSignInit (in /nix/store/v89yca35zsb13k51ibz0mcz2rrzjwwrj-openssl-3.6.4/lib/libcrypto.so.3)
==3911604==    by 0x127C0FB: crypto.backend_openssl.signatureSign (backend_openssl.zig:903)
==3911604==    by 0x143F577: sign (backend.zig:389)
==3911604==    by 0x143F577: crypto.backend_primitive_tests.test.backend.sign: RSA-PSS SHA-256 sign/verify round-trip (backend_primitive_tests.zig:655)
==3911604==    by 0x13DA72B: test_runner.main (test_runner.zig:278)
==3911604==    by 0x13DC2A3: callMain (start.zig:627)
==3911604==    by 0x13DC2A3: callMainWithArgs (start.zig:587)
==3911604==    by 0x13DC2A3: main (start.zig:602)
==3911604== 
==3911604== Conditional jump or move depends on uninitialised value(s)
==3911604==    at 0x4B1A318: ossl_namemap_name2num (in /nix/store/v89yca35zsb13k51ibz0mcz2rrzjwwrj-openssl-3.6.4/lib/libcrypto.so.3)
==3911604==    by 0x4AE1C1F: evp_generic_fetch (in /nix/store/v89yca35zsb13k51ibz0mcz2rrzjwwrj-openssl-3.6.4/lib/libcrypto.so.3)
==3911604==    by 0x4AEFFF3: do_sigver_init (in /nix/store/v89yca35zsb13k51ibz0mcz2rrzjwwrj-openssl-3.6.4/lib/libcrypto.so.3)
==3911604==    by 0x4AF06B7: EVP_DigestVerifyInit (in /nix/store/v89yca35zsb13k51ibz0mcz2rrzjwwrj-openssl-3.6.4/lib/libcrypto.so.3)
==3911604==    by 0x125001B: crypto.backend_openssl.signatureVerify (backend_openssl.zig:931)
==3911604==    by 0x143F6F7: verify (backend.zig:399)
==3911604==    by 0x143F6F7: crypto.backend_primitive_tests.test.backend.sign: RSA-PSS SHA-256 sign/verify round-trip (backend_primitive_tests.zig:658)
==3911604==    by 0x13DA72B: test_runner.main (test_runner.zig:278)
==3911604==    by 0x13DC2A3: callMain (start.zig:627)
==3911604==    by 0x13DC2A3: callMainWithArgs (start.zig:587)
==3911604==    by 0x13DC2A3: main (start.zig:602)
==3911604== 
==3911604== Conditional jump or move depends on uninitialised value(s)
==3911604==    at 0x4B22868: OPENSSL_strlcat (in /nix/store/v89yca35zsb13k51ibz0mcz2rrzjwwrj-openssl-3.6.4/lib/libcrypto.so.3)
==3911604==    by 0x4BCD227: UI_construct_prompt (in /nix/store/v89yca35zsb13k51ibz0mcz2rrzjwwrj-openssl-3.6.4/lib/libcrypto.so.3)
==3911604==    by 0x4B2C8DB: ossl_pw_get_passphrase (in /nix/store/v89yca35zsb13k51ibz0mcz2rrzjwwrj-openssl-3.6.4/lib/libcrypto.so.3)
==3911604==    by 0x4B2CD2F: ossl_pw_pem_password (in /nix/store/v89yca35zsb13k51ibz0mcz2rrzjwwrj-openssl-3.6.4/lib/libcrypto.so.3)
==3911604==    by 0x4BCEC2F: ui_read.part.0 (in /nix/store/v89yca35zsb13k51ibz0mcz2rrzjwwrj-openssl-3.6.4/lib/libcrypto.so.3)
==3911604==    by 0x4BCD583: UI_process (in /nix/store/v89yca35zsb13k51ibz0mcz2rrzjwwrj-openssl-3.6.4/lib/libcrypto.so.3)
==3911604==    by 0x4B2C943: ossl_pw_get_passphrase (in /nix/store/v89yca35zsb13k51ibz0mcz2rrzjwwrj-openssl-3.6.4/lib/libcrypto.so.3)
==3911604==    by 0x4C36AAB: ossl_epki2pki_der_decode (in /nix/store/v89yca35zsb13k51ibz0mcz2rrzjwwrj-openssl-3.6.4/lib/libcrypto.so.3)
==3911604==    by 0x4C37B47: pem2der_decode (in /nix/store/v89yca35zsb13k51ibz0mcz2rrzjwwrj-openssl-3.6.4/lib/libcrypto.so.3)
==3911604==    by 0x4AA8B33: decoder_process (in /nix/store/v89yca35zsb13k51ibz0mcz2rrzjwwrj-openssl-3.6.4/lib/libcrypto.so.3)
==3911604==    by 0x4AA8D1F: OSSL_DECODER_from_bio (in /nix/store/v89yca35zsb13k51ibz0mcz2rrzjwwrj-openssl-3.6.4/lib/libcrypto.so.3)
==3911604==    by 0x4B692DF: pem_read_bio_key (in /nix/store/v89yca35zsb13k51ibz0mcz2rrzjwwrj-openssl-3.6.4/lib/libcrypto.so.3)
==3911604==    by 0x127B3C7: crypto.backend_openssl.privateKeyFromPem (backend_openssl.zig:752)
==3911604==    by 0x14489D3: privateKeyFromPem (backend.zig:350)
==3911604==    by 0x14489D3: crypto.backend_primitive_tests.test.backend error-queue hygiene: declined encrypted PEM loads leave no residue (#114) (backend_primitive_tests.zig:1342)
==3911604==    by 0x13DA72B: test_runner.main (test_runner.zig:278)
==3911604==    by 0x13DC2A3: callMain (start.zig:627)
==3911604==    by 0x13DC2A3: callMainWithArgs (start.zig:587)
==3911604==    by 0x13DC2A3: main (start.zig:602)
==3911604==  Uninitialised value was created by a heap allocation
==3911604==    at 0x4885E30: malloc (in /nix/store/z7z886xwghzv19mmrc74ixcxph2b37mc-valgrind-3.27.1/libexec/valgrind/vgpreload_memcheck-arm64-linux.so)
==3911604==    by 0x4B1FDE7: CRYPTO_malloc (in /nix/store/v89yca35zsb13k51ibz0mcz2rrzjwwrj-openssl-3.6.4/lib/libcrypto.so.3)
==3911604==    by 0x4BCD203: UI_construct_prompt (in /nix/store/v89yca35zsb13k51ibz0mcz2rrzjwwrj-openssl-3.6.4/lib/libcrypto.so.3)
==3911604==    by 0x4B2C8DB: ossl_pw_get_passphrase (in /nix/store/v89yca35zsb13k51ibz0mcz2rrzjwwrj-openssl-3.6.4/lib/libcrypto.so.3)
==3911604==    by 0x4B2CD2F: ossl_pw_pem_password (in /nix/store/v89yca35zsb13k51ibz0mcz2rrzjwwrj-openssl-3.6.4/lib/libcrypto.so.3)
==3911604==    by 0x4BCEC2F: ui_read.part.0 (in /nix/store/v89yca35zsb13k51ibz0mcz2rrzjwwrj-openssl-3.6.4/lib/libcrypto.so.3)
==3911604==    by 0x4BCD583: UI_process (in /nix/store/v89yca35zsb13k51ibz0mcz2rrzjwwrj-openssl-3.6.4/lib/libcrypto.so.3)
==3911604==    by 0x4B2C943: ossl_pw_get_passphrase (in /nix/store/v89yca35zsb13k51ibz0mcz2rrzjwwrj-openssl-3.6.4/lib/libcrypto.so.3)
==3911604==    by 0x4C36AAB: ossl_epki2pki_der_decode (in /nix/store/v89yca35zsb13k51ibz0mcz2rrzjwwrj-openssl-3.6.4/lib/libcrypto.so.3)
==3911604==    by 0x4C37B47: pem2der_decode (in /nix/store/v89yca35zsb13k51ibz0mcz2rrzjwwrj-openssl-3.6.4/lib/libcrypto.so.3)
==3911604==    by 0x4AA8B33: decoder_process (in /nix/store/v89yca35zsb13k51ibz0mcz2rrzjwwrj-openssl-3.6.4/lib/libcrypto.so.3)
==3911604==    by 0x4AA8D1F: OSSL_DECODER_from_bio (in /nix/store/v89yca35zsb13k51ibz0mcz2rrzjwwrj-openssl-3.6.4/lib/libcrypto.so.3)
==3911604==    by 0x4B692DF: pem_read_bio_key (in /nix/store/v89yca35zsb13k51ibz0mcz2rrzjwwrj-openssl-3.6.4/lib/libcrypto.so.3)
==3911604==    by 0x127B3C7: crypto.backend_openssl.privateKeyFromPem (backend_openssl.zig:752)
==3911604==    by 0x14489D3: privateKeyFromPem (backend.zig:350)
==3911604==    by 0x14489D3: crypto.backend_primitive_tests.test.backend error-queue hygiene: declined encrypted PEM loads leave no residue (#114) (backend_primitive_tests.zig:1342)
==3911604==    by 0x13DA72B: test_runner.main (test_runner.zig:278)
==3911604==    by 0x13DC2A3: callMain (start.zig:627)
==3911604==    by 0x13DC2A3: callMainWithArgs (start.zig:587)
==3911604==    by 0x13DC2A3: main (start.zig:602)
==3911604== 
==3911604== Conditional jump or move depends on uninitialised value(s)
==3911604==    at 0x4B1A318: ossl_namemap_name2num (in /nix/store/v89yca35zsb13k51ibz0mcz2rrzjwwrj-openssl-3.6.4/lib/libcrypto.so.3)
==3911604==    by 0x4AAAADB: collect_keymgmt (in /nix/store/v89yca35zsb13k51ibz0mcz2rrzjwwrj-openssl-3.6.4/lib/libcrypto.so.3)
==3911604==    by 0x4B7D60F: ossl_method_store_do_all (in /nix/store/v89yca35zsb13k51ibz0mcz2rrzjwwrj-openssl-3.6.4/lib/libcrypto.so.3)
==3911604==    by 0x4AE2C67: evp_generic_do_all (in /nix/store/v89yca35zsb13k51ibz0mcz2rrzjwwrj-openssl-3.6.4/lib/libcrypto.so.3)
==3911604==    by 0x4AAB72B: OSSL_DECODER_CTX_new_for_pkey (in /nix/store/v89yca35zsb13k51ibz0mcz2rrzjwwrj-openssl-3.6.4/lib/libcrypto.so.3)
==3911604==    by 0x4C0E9FB: x509_pubkey_ex_d2i_ex (in /nix/store/v89yca35zsb13k51ibz0mcz2rrzjwwrj-openssl-3.6.4/lib/libcrypto.so.3)
==3911604==    by 0x49E84BF: asn1_item_embed_d2i (in /nix/store/v89yca35zsb13k51ibz0mcz2rrzjwwrj-openssl-3.6.4/lib/libcrypto.so.3)
==3911604==    by 0x49E9397: asn1_template_noexp_d2i (in /nix/store/v89yca35zsb13k51ibz0mcz2rrzjwwrj-openssl-3.6.4/lib/libcrypto.so.3)
==3911604==    by 0x49E8ABB: asn1_item_embed_d2i (in /nix/store/v89yca35zsb13k51ibz0mcz2rrzjwwrj-openssl-3.6.4/lib/libcrypto.so.3)
==3911604==    by 0x49E9397: asn1_template_noexp_d2i (in /nix/store/v89yca35zsb13k51ibz0mcz2rrzjwwrj-openssl-3.6.4/lib/libcrypto.so.3)
==3911604==    by 0x49E8ABB: asn1_item_embed_d2i (in /nix/store/v89yca35zsb13k51ibz0mcz2rrzjwwrj-openssl-3.6.4/lib/libcrypto.so.3)
==3911604==    by 0x49E8F9B: ASN1_item_d2i_ex (in /nix/store/v89yca35zsb13k51ibz0mcz2rrzjwwrj-openssl-3.6.4/lib/libcrypto.so.3)
==3911604==    by 0x127C7FB: crypto.backend_openssl.privateKeyPairsWithCertificate (backend_openssl.zig:807)
==3911604==    by 0x1448BBB: privateKeyPairsWithCertificate (backend.zig:363)
==3911604==    by 0x1448BBB: crypto.backend_primitive_tests.test.backend error-queue hygiene: cert/key mismatch preservation is lane-dependent (#113) (backend_primitive_tests.zig:1366)
==3911604==    by 0x13DA72B: test_runner.main (test_runner.zig:278)
==3911604==    by 0x13DC2A3: callMain (start.zig:627)
==3911604==    by 0x13DC2A3: callMainWithArgs (start.zig:587)
==3911604==    by 0x13DC2A3: main (start.zig:602)
==3911604==  Uninitialised value was created by a stack allocation
==3911604==    at 0x4C0E8A0: x509_pubkey_ex_d2i_ex (in /nix/store/v89yca35zsb13k51ibz0mcz2rrzjwwrj-openssl-3.6.4/lib/libcrypto.so.3)
==3911604== 
==3911604== Conditional jump or move depends on uninitialised value(s)
==3911604==    at 0x4B1A318: ossl_namemap_name2num (in /nix/store/v89yca35zsb13k51ibz0mcz2rrzjwwrj-openssl-3.6.4/lib/libcrypto.so.3)
==3911604==    by 0x4AAA027: OSSL_DECODER_is_a (in /nix/store/v89yca35zsb13k51ibz0mcz2rrzjwwrj-openssl-3.6.4/lib/libcrypto.so.3)
==3911604==    by 0x4AA897F: decoder_process (in /nix/store/v89yca35zsb13k51ibz0mcz2rrzjwwrj-openssl-3.6.4/lib/libcrypto.so.3)
==3911604==    by 0x4C385E3: ossl_spki2typespki_der_decode (in /nix/store/v89yca35zsb13k51ibz0mcz2rrzjwwrj-openssl-3.6.4/lib/libcrypto.so.3)
==3911604==    by 0x4C386A7: spki2typespki_decode (in /nix/store/v89yca35zsb13k51ibz0mcz2rrzjwwrj-openssl-3.6.4/lib/libcrypto.so.3)
==3911604==    by 0x4AA8B33: decoder_process (in /nix/store/v89yca35zsb13k51ibz0mcz2rrzjwwrj-openssl-3.6.4/lib/libcrypto.so.3)
==3911604==    by 0x4AA8D1F: OSSL_DECODER_from_bio (in /nix/store/v89yca35zsb13k51ibz0mcz2rrzjwwrj-openssl-3.6.4/lib/libcrypto.so.3)
==3911604==    by 0x4AA90E7: OSSL_DECODER_from_data (in /nix/store/v89yca35zsb13k51ibz0mcz2rrzjwwrj-openssl-3.6.4/lib/libcrypto.so.3)
==3911604==    by 0x4C0EA0F: x509_pubkey_ex_d2i_ex (in /nix/store/v89yca35zsb13k51ibz0mcz2rrzjwwrj-openssl-3.6.4/lib/libcrypto.so.3)
==3911604==    by 0x49E84BF: asn1_item_embed_d2i (in /nix/store/v89yca35zsb13k51ibz0mcz2rrzjwwrj-openssl-3.6.4/lib/libcrypto.so.3)
==3911604==    by 0x49E9397: asn1_template_noexp_d2i (in /nix/store/v89yca35zsb13k51ibz0mcz2rrzjwwrj-openssl-3.6.4/lib/libcrypto.so.3)
==3911604==    by 0x49E8ABB: asn1_item_embed_d2i (in /nix/store/v89yca35zsb13k51ibz0mcz2rrzjwwrj-openssl-3.6.4/lib/libcrypto.so.3)
==3911604==    by 0x49E9397: asn1_template_noexp_d2i (in /nix/store/v89yca35zsb13k51ibz0mcz2rrzjwwrj-openssl-3.6.4/lib/libcrypto.so.3)
==3911604==    by 0x49E8ABB: asn1_item_embed_d2i (in /nix/store/v89yca35zsb13k51ibz0mcz2rrzjwwrj-openssl-3.6.4/lib/libcrypto.so.3)
==3911604==    by 0x49E8F9B: ASN1_item_d2i_ex (in /nix/store/v89yca35zsb13k51ibz0mcz2rrzjwwrj-openssl-3.6.4/lib/libcrypto.so.3)
==3911604==    by 0x127C7FB: crypto.backend_openssl.privateKeyPairsWithCertificate (backend_openssl.zig:807)
==3911604==    by 0x1448BBB: privateKeyPairsWithCertificate (backend.zig:363)
==3911604==    by 0x1448BBB: crypto.backend_primitive_tests.test.backend error-queue hygiene: cert/key mismatch preservation is lane-dependent (#113) (backend_primitive_tests.zig:1366)
==3911604==    by 0x13DA72B: test_runner.main (test_runner.zig:278)
==3911604==    by 0x13DC2A3: callMain (start.zig:627)
==3911604==    by 0x13DC2A3: callMainWithArgs (start.zig:587)
==3911604==    by 0x13DC2A3: main (start.zig:602)
==3911604==  Uninitialised value was created by a stack allocation
==3911604==    at 0x4C383AC: ossl_spki2typespki_der_decode (in /nix/store/v89yca35zsb13k51ibz0mcz2rrzjwwrj-openssl-3.6.4/lib/libcrypto.so.3)
==3911604== 
==3911604== Conditional jump or move depends on uninitialised value(s)
==3911604==    at 0x4B21F7C: OPENSSL_strnlen (in /nix/store/v89yca35zsb13k51ibz0mcz2rrzjwwrj-openssl-3.6.4/lib/libcrypto.so.3)
==3911604==    by 0x49FC9A7: _dopr (in /nix/store/v89yca35zsb13k51ibz0mcz2rrzjwwrj-openssl-3.6.4/lib/libcrypto.so.3)
==3911604==    by 0x49FD6FB: BIO_vsnprintf (in /nix/store/v89yca35zsb13k51ibz0mcz2rrzjwwrj-openssl-3.6.4/lib/libcrypto.so.3)
==3911604==    by 0x4ABA8CF: ERR_vset_error (in /nix/store/v89yca35zsb13k51ibz0mcz2rrzjwwrj-openssl-3.6.4/lib/libcrypto.so.3)
==3911604==    by 0x4ABAB0F: ERR_set_error (in /nix/store/v89yca35zsb13k51ibz0mcz2rrzjwwrj-openssl-3.6.4/lib/libcrypto.so.3)
==3911604==    by 0x4AF16BB: EVP_DigestVerifyFinal (in /nix/store/v89yca35zsb13k51ibz0mcz2rrzjwwrj-openssl-3.6.4/lib/libcrypto.so.3)
==3911604==    by 0x12501B3: crypto.backend_openssl.signatureVerify (backend_openssl.zig:938)
==3911604==    by 0x120208F: verify (backend.zig:399)
==3911604==    by 0x120208F: certificate.verifySignature (certificate.zig:621)
==3911604==    by 0x1201D8F: certificate.verifyServerSignature (certificate.zig:554)
==3911604==    by 0x1472B4F: certificate.test.verifySignature: wrong transcript hash (certificate.zig:2146)
==3911604==    by 0x13DA72B: test_runner.main (test_runner.zig:278)
==3911604==    by 0x13DC2A3: callMain (start.zig:627)
==3911604==    by 0x13DC2A3: callMainWithArgs (start.zig:587)
==3911604==    by 0x13DC2A3: main (start.zig:602)
==3911604== 
==3911604== 
==3911604== HEAP SUMMARY:
==3911604==     in use at exit: 0 bytes in 0 blocks
==3911604==   total heap usage: 212,467 allocs, 212,467 frees, 16,208,090 bytes allocated
==3911604== 
==3911604== All heap blocks were freed -- no leaks are possible
==3911604== 
==3911604== For lists of detected and suppressed errors, rerun with: -s
==3911604== ERROR SUMMARY: 6583 errors from 57 contexts (suppressed: 0 from 0)
