==3973756== Memcheck, a memory error detector
==3973756== Copyright (C) 2002-2026, and GNU GPL'd, by Julian Seward et al.
==3973756== Using Valgrind-3.27.1 and LibVEX; rerun with -h for copyright info
==3973756== Command: /tmp/ztls-signoff-20260919/cleanup-fast-bin/bin/test
==3973756== Parent PID: 3973755
==3973756== 
==3973756== Conditional jump or move depends on uninitialised value(s)
==3973756==    at 0x4B223D0: OPENSSL_strlcpy (in /nix/store/v89yca35zsb13k51ibz0mcz2rrzjwwrj-openssl-3.6.4/lib/libcrypto.so.3)
==3973756==    by 0x4B5CB27: OBJ_obj2txt (in /nix/store/v89yca35zsb13k51ibz0mcz2rrzjwwrj-openssl-3.6.4/lib/libcrypto.so.3)
==3973756==    by 0x4B1BD4B: get_legacy_cipher_names (in /nix/store/v89yca35zsb13k51ibz0mcz2rrzjwwrj-openssl-3.6.4/lib/libcrypto.so.3)
==3973756==    by 0x4B1751F: OPENSSL_LH_doall_arg_thunk (in /nix/store/v89yca35zsb13k51ibz0mcz2rrzjwwrj-openssl-3.6.4/lib/libcrypto.so.3)
==3973756==    by 0x4B5A893: OBJ_NAME_do_all (in /nix/store/v89yca35zsb13k51ibz0mcz2rrzjwwrj-openssl-3.6.4/lib/libcrypto.so.3)
==3973756==    by 0x4B19FE7: ossl_namemap_stored (in /nix/store/v89yca35zsb13k51ibz0mcz2rrzjwwrj-openssl-3.6.4/lib/libcrypto.so.3)
==3973756==    by 0x4AE1BEB: evp_generic_fetch (in /nix/store/v89yca35zsb13k51ibz0mcz2rrzjwwrj-openssl-3.6.4/lib/libcrypto.so.3)
==3973756==    by 0x4AFDACF: EVP_PKEY_CTX_new_from_name (in /nix/store/v89yca35zsb13k51ibz0mcz2rrzjwwrj-openssl-3.6.4/lib/libcrypto.so.3)
==3973756==    by 0x4AF7F5B: EVP_PKEY_new_raw_private_key (in /nix/store/v89yca35zsb13k51ibz0mcz2rrzjwwrj-openssl-3.6.4/lib/libcrypto.so.3)
==3973756==    by 0x107FA97: privateKeyFromSecret (backend_openssl.zig:274)
==3973756==    by 0x107FA97: privateKeyFromSecret (backend.zig:222)
==3973756==    by 0x107FA97: privateKey (x25519.zig:45)
==3973756==    by 0x107FA97: x25519.sharedSecret (x25519.zig:64)
==3973756==    by 0x10F0297: wycheproof.test.Wycheproof: X25519 shared secret tcId 1 (wycheproof.zig:35)
==3973756==    by 0x10EA277: main (test_runner.zig:278)
==3973756==    by 0x10EA277: callMain (start.zig:627)
==3973756==    by 0x10EA277: callMainWithArgs (start.zig:587)
==3973756==    by 0x10EA277: main (start.zig:602)
==3973756==  Uninitialised value was created by a stack allocation
==3973756==    at 0x4B5C768: OBJ_obj2txt (in /nix/store/v89yca35zsb13k51ibz0mcz2rrzjwwrj-openssl-3.6.4/lib/libcrypto.so.3)
==3973756== 
==3973756== Conditional jump or move depends on uninitialised value(s)
==3973756==    at 0x4B1A344: ossl_namemap_name2num (in /nix/store/v89yca35zsb13k51ibz0mcz2rrzjwwrj-openssl-3.6.4/lib/libcrypto.so.3)
==3973756==    by 0x4B1A72B: namemap_add_name (in /nix/store/v89yca35zsb13k51ibz0mcz2rrzjwwrj-openssl-3.6.4/lib/libcrypto.so.3)
==3973756==    by 0x4B1B96B: ossl_namemap_add_name (in /nix/store/v89yca35zsb13k51ibz0mcz2rrzjwwrj-openssl-3.6.4/lib/libcrypto.so.3)
==3973756==    by 0x4B1BD63: get_legacy_cipher_names (in /nix/store/v89yca35zsb13k51ibz0mcz2rrzjwwrj-openssl-3.6.4/lib/libcrypto.so.3)
==3973756==    by 0x4B1751F: OPENSSL_LH_doall_arg_thunk (in /nix/store/v89yca35zsb13k51ibz0mcz2rrzjwwrj-openssl-3.6.4/lib/libcrypto.so.3)
==3973756==    by 0x4B5A893: OBJ_NAME_do_all (in /nix/store/v89yca35zsb13k51ibz0mcz2rrzjwwrj-openssl-3.6.4/lib/libcrypto.so.3)
==3973756==    by 0x4B19FE7: ossl_namemap_stored (in /nix/store/v89yca35zsb13k51ibz0mcz2rrzjwwrj-openssl-3.6.4/lib/libcrypto.so.3)
==3973756==    by 0x4AE1BEB: evp_generic_fetch (in /nix/store/v89yca35zsb13k51ibz0mcz2rrzjwwrj-openssl-3.6.4/lib/libcrypto.so.3)
==3973756==    by 0x4AFDACF: EVP_PKEY_CTX_new_from_name (in /nix/store/v89yca35zsb13k51ibz0mcz2rrzjwwrj-openssl-3.6.4/lib/libcrypto.so.3)
==3973756==    by 0x4AF7F5B: EVP_PKEY_new_raw_private_key (in /nix/store/v89yca35zsb13k51ibz0mcz2rrzjwwrj-openssl-3.6.4/lib/libcrypto.so.3)
==3973756==    by 0x107FA97: privateKeyFromSecret (backend_openssl.zig:274)
==3973756==    by 0x107FA97: privateKeyFromSecret (backend.zig:222)
==3973756==    by 0x107FA97: privateKey (x25519.zig:45)
==3973756==    by 0x107FA97: x25519.sharedSecret (x25519.zig:64)
==3973756==    by 0x10F0297: wycheproof.test.Wycheproof: X25519 shared secret tcId 1 (wycheproof.zig:35)
==3973756==    by 0x10EA277: main (test_runner.zig:278)
==3973756==    by 0x10EA277: callMain (start.zig:627)
==3973756==    by 0x10EA277: callMainWithArgs (start.zig:587)
==3973756==    by 0x10EA277: main (start.zig:602)
==3973756==  Uninitialised value was created by a stack allocation
==3973756==    at 0x4B1BC60: get_legacy_cipher_names (in /nix/store/v89yca35zsb13k51ibz0mcz2rrzjwwrj-openssl-3.6.4/lib/libcrypto.so.3)
==3973756== 
==3973756== Conditional jump or move depends on uninitialised value(s)
==3973756==    at 0x4B1A9C8: namemap_add_name (in /nix/store/v89yca35zsb13k51ibz0mcz2rrzjwwrj-openssl-3.6.4/lib/libcrypto.so.3)
==3973756==    by 0x4B1B96B: ossl_namemap_add_name (in /nix/store/v89yca35zsb13k51ibz0mcz2rrzjwwrj-openssl-3.6.4/lib/libcrypto.so.3)
==3973756==    by 0x4B1BD63: get_legacy_cipher_names (in /nix/store/v89yca35zsb13k51ibz0mcz2rrzjwwrj-openssl-3.6.4/lib/libcrypto.so.3)
==3973756==    by 0x4B1751F: OPENSSL_LH_doall_arg_thunk (in /nix/store/v89yca35zsb13k51ibz0mcz2rrzjwwrj-openssl-3.6.4/lib/libcrypto.so.3)
==3973756==    by 0x4B5A893: OBJ_NAME_do_all (in /nix/store/v89yca35zsb13k51ibz0mcz2rrzjwwrj-openssl-3.6.4/lib/libcrypto.so.3)
==3973756==    by 0x4B19FE7: ossl_namemap_stored (in /nix/store/v89yca35zsb13k51ibz0mcz2rrzjwwrj-openssl-3.6.4/lib/libcrypto.so.3)
==3973756==    by 0x4AE1BEB: evp_generic_fetch (in /nix/store/v89yca35zsb13k51ibz0mcz2rrzjwwrj-openssl-3.6.4/lib/libcrypto.so.3)
==3973756==    by 0x4AFDACF: EVP_PKEY_CTX_new_from_name (in /nix/store/v89yca35zsb13k51ibz0mcz2rrzjwwrj-openssl-3.6.4/lib/libcrypto.so.3)
==3973756==    by 0x4AF7F5B: EVP_PKEY_new_raw_private_key (in /nix/store/v89yca35zsb13k51ibz0mcz2rrzjwwrj-openssl-3.6.4/lib/libcrypto.so.3)
==3973756==    by 0x107FA97: privateKeyFromSecret (backend_openssl.zig:274)
==3973756==    by 0x107FA97: privateKeyFromSecret (backend.zig:222)
==3973756==    by 0x107FA97: privateKey (x25519.zig:45)
==3973756==    by 0x107FA97: x25519.sharedSecret (x25519.zig:64)
==3973756==    by 0x10F0297: wycheproof.test.Wycheproof: X25519 shared secret tcId 1 (wycheproof.zig:35)
==3973756==    by 0x10EA277: main (test_runner.zig:278)
==3973756==    by 0x10EA277: callMain (start.zig:627)
==3973756==    by 0x10EA277: callMainWithArgs (start.zig:587)
==3973756==    by 0x10EA277: main (start.zig:602)
==3973756==  Uninitialised value was created by a stack allocation
==3973756==    at 0x4B1BC60: get_legacy_cipher_names (in /nix/store/v89yca35zsb13k51ibz0mcz2rrzjwwrj-openssl-3.6.4/lib/libcrypto.so.3)
==3973756== 
==3973756== Conditional jump or move depends on uninitialised value(s)
==3973756==    at 0x4B1A318: ossl_namemap_name2num (in /nix/store/v89yca35zsb13k51ibz0mcz2rrzjwwrj-openssl-3.6.4/lib/libcrypto.so.3)
==3973756==    by 0x4B1A72B: namemap_add_name (in /nix/store/v89yca35zsb13k51ibz0mcz2rrzjwwrj-openssl-3.6.4/lib/libcrypto.so.3)
==3973756==    by 0x4B1B96B: ossl_namemap_add_name (in /nix/store/v89yca35zsb13k51ibz0mcz2rrzjwwrj-openssl-3.6.4/lib/libcrypto.so.3)
==3973756==    by 0x4B1BD63: get_legacy_cipher_names (in /nix/store/v89yca35zsb13k51ibz0mcz2rrzjwwrj-openssl-3.6.4/lib/libcrypto.so.3)
==3973756==    by 0x4B1751F: OPENSSL_LH_doall_arg_thunk (in /nix/store/v89yca35zsb13k51ibz0mcz2rrzjwwrj-openssl-3.6.4/lib/libcrypto.so.3)
==3973756==    by 0x4B5A893: OBJ_NAME_do_all (in /nix/store/v89yca35zsb13k51ibz0mcz2rrzjwwrj-openssl-3.6.4/lib/libcrypto.so.3)
==3973756==    by 0x4B19FE7: ossl_namemap_stored (in /nix/store/v89yca35zsb13k51ibz0mcz2rrzjwwrj-openssl-3.6.4/lib/libcrypto.so.3)
==3973756==    by 0x4AE1BEB: evp_generic_fetch (in /nix/store/v89yca35zsb13k51ibz0mcz2rrzjwwrj-openssl-3.6.4/lib/libcrypto.so.3)
==3973756==    by 0x4AFDACF: EVP_PKEY_CTX_new_from_name (in /nix/store/v89yca35zsb13k51ibz0mcz2rrzjwwrj-openssl-3.6.4/lib/libcrypto.so.3)
==3973756==    by 0x4AF7F5B: EVP_PKEY_new_raw_private_key (in /nix/store/v89yca35zsb13k51ibz0mcz2rrzjwwrj-openssl-3.6.4/lib/libcrypto.so.3)
==3973756==    by 0x107FA97: privateKeyFromSecret (backend_openssl.zig:274)
==3973756==    by 0x107FA97: privateKeyFromSecret (backend.zig:222)
==3973756==    by 0x107FA97: privateKey (x25519.zig:45)
==3973756==    by 0x107FA97: x25519.sharedSecret (x25519.zig:64)
==3973756==    by 0x10F0297: wycheproof.test.Wycheproof: X25519 shared secret tcId 1 (wycheproof.zig:35)
==3973756==    by 0x10EA277: main (test_runner.zig:278)
==3973756==    by 0x10EA277: callMain (start.zig:627)
==3973756==    by 0x10EA277: callMainWithArgs (start.zig:587)
==3973756==    by 0x10EA277: main (start.zig:602)
==3973756==  Uninitialised value was created by a stack allocation
==3973756==    at 0x4B1BC60: get_legacy_cipher_names (in /nix/store/v89yca35zsb13k51ibz0mcz2rrzjwwrj-openssl-3.6.4/lib/libcrypto.so.3)
==3973756== 
==3973756== Conditional jump or move depends on uninitialised value(s)
==3973756==    at 0x4B1A99C: namemap_add_name (in /nix/store/v89yca35zsb13k51ibz0mcz2rrzjwwrj-openssl-3.6.4/lib/libcrypto.so.3)
==3973756==    by 0x4B1B96B: ossl_namemap_add_name (in /nix/store/v89yca35zsb13k51ibz0mcz2rrzjwwrj-openssl-3.6.4/lib/libcrypto.so.3)
==3973756==    by 0x4B1BD63: get_legacy_cipher_names (in /nix/store/v89yca35zsb13k51ibz0mcz2rrzjwwrj-openssl-3.6.4/lib/libcrypto.so.3)
==3973756==    by 0x4B1751F: OPENSSL_LH_doall_arg_thunk (in /nix/store/v89yca35zsb13k51ibz0mcz2rrzjwwrj-openssl-3.6.4/lib/libcrypto.so.3)
==3973756==    by 0x4B5A893: OBJ_NAME_do_all (in /nix/store/v89yca35zsb13k51ibz0mcz2rrzjwwrj-openssl-3.6.4/lib/libcrypto.so.3)
==3973756==    by 0x4B19FE7: ossl_namemap_stored (in /nix/store/v89yca35zsb13k51ibz0mcz2rrzjwwrj-openssl-3.6.4/lib/libcrypto.so.3)
==3973756==    by 0x4AE1BEB: evp_generic_fetch (in /nix/store/v89yca35zsb13k51ibz0mcz2rrzjwwrj-openssl-3.6.4/lib/libcrypto.so.3)
==3973756==    by 0x4AFDACF: EVP_PKEY_CTX_new_from_name (in /nix/store/v89yca35zsb13k51ibz0mcz2rrzjwwrj-openssl-3.6.4/lib/libcrypto.so.3)
==3973756==    by 0x4AF7F5B: EVP_PKEY_new_raw_private_key (in /nix/store/v89yca35zsb13k51ibz0mcz2rrzjwwrj-openssl-3.6.4/lib/libcrypto.so.3)
==3973756==    by 0x107FA97: privateKeyFromSecret (backend_openssl.zig:274)
==3973756==    by 0x107FA97: privateKeyFromSecret (backend.zig:222)
==3973756==    by 0x107FA97: privateKey (x25519.zig:45)
==3973756==    by 0x107FA97: x25519.sharedSecret (x25519.zig:64)
==3973756==    by 0x10F0297: wycheproof.test.Wycheproof: X25519 shared secret tcId 1 (wycheproof.zig:35)
==3973756==    by 0x10EA277: main (test_runner.zig:278)
==3973756==    by 0x10EA277: callMain (start.zig:627)
==3973756==    by 0x10EA277: callMainWithArgs (start.zig:587)
==3973756==    by 0x10EA277: main (start.zig:602)
==3973756==  Uninitialised value was created by a stack allocation
==3973756==    at 0x4B1BC60: get_legacy_cipher_names (in /nix/store/v89yca35zsb13k51ibz0mcz2rrzjwwrj-openssl-3.6.4/lib/libcrypto.so.3)
==3973756== 
==3973756== Conditional jump or move depends on uninitialised value(s)
==3973756==    at 0x4B223D0: OPENSSL_strlcpy (in /nix/store/v89yca35zsb13k51ibz0mcz2rrzjwwrj-openssl-3.6.4/lib/libcrypto.so.3)
==3973756==    by 0x4B5CB27: OBJ_obj2txt (in /nix/store/v89yca35zsb13k51ibz0mcz2rrzjwwrj-openssl-3.6.4/lib/libcrypto.so.3)
==3973756==    by 0x4B1BC37: get_legacy_md_names (in /nix/store/v89yca35zsb13k51ibz0mcz2rrzjwwrj-openssl-3.6.4/lib/libcrypto.so.3)
==3973756==    by 0x4B1751F: OPENSSL_LH_doall_arg_thunk (in /nix/store/v89yca35zsb13k51ibz0mcz2rrzjwwrj-openssl-3.6.4/lib/libcrypto.so.3)
==3973756==    by 0x4B5A893: OBJ_NAME_do_all (in /nix/store/v89yca35zsb13k51ibz0mcz2rrzjwwrj-openssl-3.6.4/lib/libcrypto.so.3)
==3973756==    by 0x4B19FFB: ossl_namemap_stored (in /nix/store/v89yca35zsb13k51ibz0mcz2rrzjwwrj-openssl-3.6.4/lib/libcrypto.so.3)
==3973756==    by 0x4AE1BEB: evp_generic_fetch (in /nix/store/v89yca35zsb13k51ibz0mcz2rrzjwwrj-openssl-3.6.4/lib/libcrypto.so.3)
==3973756==    by 0x4AFDACF: EVP_PKEY_CTX_new_from_name (in /nix/store/v89yca35zsb13k51ibz0mcz2rrzjwwrj-openssl-3.6.4/lib/libcrypto.so.3)
==3973756==    by 0x4AF7F5B: EVP_PKEY_new_raw_private_key (in /nix/store/v89yca35zsb13k51ibz0mcz2rrzjwwrj-openssl-3.6.4/lib/libcrypto.so.3)
==3973756==    by 0x107FA97: privateKeyFromSecret (backend_openssl.zig:274)
==3973756==    by 0x107FA97: privateKeyFromSecret (backend.zig:222)
==3973756==    by 0x107FA97: privateKey (x25519.zig:45)
==3973756==    by 0x107FA97: x25519.sharedSecret (x25519.zig:64)
==3973756==    by 0x10F0297: wycheproof.test.Wycheproof: X25519 shared secret tcId 1 (wycheproof.zig:35)
==3973756==    by 0x10EA277: main (test_runner.zig:278)
==3973756==    by 0x10EA277: callMain (start.zig:627)
==3973756==    by 0x10EA277: callMainWithArgs (start.zig:587)
==3973756==    by 0x10EA277: main (start.zig:602)
==3973756==  Uninitialised value was created by a stack allocation
==3973756==    at 0x4B5C768: OBJ_obj2txt (in /nix/store/v89yca35zsb13k51ibz0mcz2rrzjwwrj-openssl-3.6.4/lib/libcrypto.so.3)
==3973756== 
==3973756== Conditional jump or move depends on uninitialised value(s)
==3973756==    at 0x4B1A344: ossl_namemap_name2num (in /nix/store/v89yca35zsb13k51ibz0mcz2rrzjwwrj-openssl-3.6.4/lib/libcrypto.so.3)
==3973756==    by 0x4B1A72B: namemap_add_name (in /nix/store/v89yca35zsb13k51ibz0mcz2rrzjwwrj-openssl-3.6.4/lib/libcrypto.so.3)
==3973756==    by 0x4B1B96B: ossl_namemap_add_name (in /nix/store/v89yca35zsb13k51ibz0mcz2rrzjwwrj-openssl-3.6.4/lib/libcrypto.so.3)
==3973756==    by 0x4B1BC4F: get_legacy_md_names (in /nix/store/v89yca35zsb13k51ibz0mcz2rrzjwwrj-openssl-3.6.4/lib/libcrypto.so.3)
==3973756==    by 0x4B1751F: OPENSSL_LH_doall_arg_thunk (in /nix/store/v89yca35zsb13k51ibz0mcz2rrzjwwrj-openssl-3.6.4/lib/libcrypto.so.3)
==3973756==    by 0x4B5A893: OBJ_NAME_do_all (in /nix/store/v89yca35zsb13k51ibz0mcz2rrzjwwrj-openssl-3.6.4/lib/libcrypto.so.3)
==3973756==    by 0x4B19FFB: ossl_namemap_stored (in /nix/store/v89yca35zsb13k51ibz0mcz2rrzjwwrj-openssl-3.6.4/lib/libcrypto.so.3)
==3973756==    by 0x4AE1BEB: evp_generic_fetch (in /nix/store/v89yca35zsb13k51ibz0mcz2rrzjwwrj-openssl-3.6.4/lib/libcrypto.so.3)
==3973756==    by 0x4AFDACF: EVP_PKEY_CTX_new_from_name (in /nix/store/v89yca35zsb13k51ibz0mcz2rrzjwwrj-openssl-3.6.4/lib/libcrypto.so.3)
==3973756==    by 0x4AF7F5B: EVP_PKEY_new_raw_private_key (in /nix/store/v89yca35zsb13k51ibz0mcz2rrzjwwrj-openssl-3.6.4/lib/libcrypto.so.3)
==3973756==    by 0x107FA97: privateKeyFromSecret (backend_openssl.zig:274)
==3973756==    by 0x107FA97: privateKeyFromSecret (backend.zig:222)
==3973756==    by 0x107FA97: privateKey (x25519.zig:45)
==3973756==    by 0x107FA97: x25519.sharedSecret (x25519.zig:64)
==3973756==    by 0x10F0297: wycheproof.test.Wycheproof: X25519 shared secret tcId 1 (wycheproof.zig:35)
==3973756==    by 0x10EA277: main (test_runner.zig:278)
==3973756==    by 0x10EA277: callMain (start.zig:627)
==3973756==    by 0x10EA277: callMainWithArgs (start.zig:587)
==3973756==    by 0x10EA277: main (start.zig:602)
==3973756==  Uninitialised value was created by a stack allocation
==3973756==    at 0x4B1BB4C: get_legacy_md_names (in /nix/store/v89yca35zsb13k51ibz0mcz2rrzjwwrj-openssl-3.6.4/lib/libcrypto.so.3)
==3973756== 
==3973756== Conditional jump or move depends on uninitialised value(s)
==3973756==    at 0x4B1A9C8: namemap_add_name (in /nix/store/v89yca35zsb13k51ibz0mcz2rrzjwwrj-openssl-3.6.4/lib/libcrypto.so.3)
==3973756==    by 0x4B1B96B: ossl_namemap_add_name (in /nix/store/v89yca35zsb13k51ibz0mcz2rrzjwwrj-openssl-3.6.4/lib/libcrypto.so.3)
==3973756==    by 0x4B1BC4F: get_legacy_md_names (in /nix/store/v89yca35zsb13k51ibz0mcz2rrzjwwrj-openssl-3.6.4/lib/libcrypto.so.3)
==3973756==    by 0x4B1751F: OPENSSL_LH_doall_arg_thunk (in /nix/store/v89yca35zsb13k51ibz0mcz2rrzjwwrj-openssl-3.6.4/lib/libcrypto.so.3)
==3973756==    by 0x4B5A893: OBJ_NAME_do_all (in /nix/store/v89yca35zsb13k51ibz0mcz2rrzjwwrj-openssl-3.6.4/lib/libcrypto.so.3)
==3973756==    by 0x4B19FFB: ossl_namemap_stored (in /nix/store/v89yca35zsb13k51ibz0mcz2rrzjwwrj-openssl-3.6.4/lib/libcrypto.so.3)
==3973756==    by 0x4AE1BEB: evp_generic_fetch (in /nix/store/v89yca35zsb13k51ibz0mcz2rrzjwwrj-openssl-3.6.4/lib/libcrypto.so.3)
==3973756==    by 0x4AFDACF: EVP_PKEY_CTX_new_from_name (in /nix/store/v89yca35zsb13k51ibz0mcz2rrzjwwrj-openssl-3.6.4/lib/libcrypto.so.3)
==3973756==    by 0x4AF7F5B: EVP_PKEY_new_raw_private_key (in /nix/store/v89yca35zsb13k51ibz0mcz2rrzjwwrj-openssl-3.6.4/lib/libcrypto.so.3)
==3973756==    by 0x107FA97: privateKeyFromSecret (backend_openssl.zig:274)
==3973756==    by 0x107FA97: privateKeyFromSecret (backend.zig:222)
==3973756==    by 0x107FA97: privateKey (x25519.zig:45)
==3973756==    by 0x107FA97: x25519.sharedSecret (x25519.zig:64)
==3973756==    by 0x10F0297: wycheproof.test.Wycheproof: X25519 shared secret tcId 1 (wycheproof.zig:35)
==3973756==    by 0x10EA277: main (test_runner.zig:278)
==3973756==    by 0x10EA277: callMain (start.zig:627)
==3973756==    by 0x10EA277: callMainWithArgs (start.zig:587)
==3973756==    by 0x10EA277: main (start.zig:602)
==3973756==  Uninitialised value was created by a stack allocation
==3973756==    at 0x4B1BB4C: get_legacy_md_names (in /nix/store/v89yca35zsb13k51ibz0mcz2rrzjwwrj-openssl-3.6.4/lib/libcrypto.so.3)
==3973756== 
==3973756== Conditional jump or move depends on uninitialised value(s)
==3973756==    at 0x4B1A318: ossl_namemap_name2num (in /nix/store/v89yca35zsb13k51ibz0mcz2rrzjwwrj-openssl-3.6.4/lib/libcrypto.so.3)
==3973756==    by 0x4B1A72B: namemap_add_name (in /nix/store/v89yca35zsb13k51ibz0mcz2rrzjwwrj-openssl-3.6.4/lib/libcrypto.so.3)
==3973756==    by 0x4B1B96B: ossl_namemap_add_name (in /nix/store/v89yca35zsb13k51ibz0mcz2rrzjwwrj-openssl-3.6.4/lib/libcrypto.so.3)
==3973756==    by 0x4B1BC4F: get_legacy_md_names (in /nix/store/v89yca35zsb13k51ibz0mcz2rrzjwwrj-openssl-3.6.4/lib/libcrypto.so.3)
==3973756==    by 0x4B1751F: OPENSSL_LH_doall_arg_thunk (in /nix/store/v89yca35zsb13k51ibz0mcz2rrzjwwrj-openssl-3.6.4/lib/libcrypto.so.3)
==3973756==    by 0x4B5A893: OBJ_NAME_do_all (in /nix/store/v89yca35zsb13k51ibz0mcz2rrzjwwrj-openssl-3.6.4/lib/libcrypto.so.3)
==3973756==    by 0x4B19FFB: ossl_namemap_stored (in /nix/store/v89yca35zsb13k51ibz0mcz2rrzjwwrj-openssl-3.6.4/lib/libcrypto.so.3)
==3973756==    by 0x4AE1BEB: evp_generic_fetch (in /nix/store/v89yca35zsb13k51ibz0mcz2rrzjwwrj-openssl-3.6.4/lib/libcrypto.so.3)
==3973756==    by 0x4AFDACF: EVP_PKEY_CTX_new_from_name (in /nix/store/v89yca35zsb13k51ibz0mcz2rrzjwwrj-openssl-3.6.4/lib/libcrypto.so.3)
==3973756==    by 0x4AF7F5B: EVP_PKEY_new_raw_private_key (in /nix/store/v89yca35zsb13k51ibz0mcz2rrzjwwrj-openssl-3.6.4/lib/libcrypto.so.3)
==3973756==    by 0x107FA97: privateKeyFromSecret (backend_openssl.zig:274)
==3973756==    by 0x107FA97: privateKeyFromSecret (backend.zig:222)
==3973756==    by 0x107FA97: privateKey (x25519.zig:45)
==3973756==    by 0x107FA97: x25519.sharedSecret (x25519.zig:64)
==3973756==    by 0x10F0297: wycheproof.test.Wycheproof: X25519 shared secret tcId 1 (wycheproof.zig:35)
==3973756==    by 0x10EA277: main (test_runner.zig:278)
==3973756==    by 0x10EA277: callMain (start.zig:627)
==3973756==    by 0x10EA277: callMainWithArgs (start.zig:587)
==3973756==    by 0x10EA277: main (start.zig:602)
==3973756==  Uninitialised value was created by a stack allocation
==3973756==    at 0x4B1BB4C: get_legacy_md_names (in /nix/store/v89yca35zsb13k51ibz0mcz2rrzjwwrj-openssl-3.6.4/lib/libcrypto.so.3)
==3973756== 
==3973756== Conditional jump or move depends on uninitialised value(s)
==3973756==    at 0x4B1A99C: namemap_add_name (in /nix/store/v89yca35zsb13k51ibz0mcz2rrzjwwrj-openssl-3.6.4/lib/libcrypto.so.3)
==3973756==    by 0x4B1B96B: ossl_namemap_add_name (in /nix/store/v89yca35zsb13k51ibz0mcz2rrzjwwrj-openssl-3.6.4/lib/libcrypto.so.3)
==3973756==    by 0x4B1BC4F: get_legacy_md_names (in /nix/store/v89yca35zsb13k51ibz0mcz2rrzjwwrj-openssl-3.6.4/lib/libcrypto.so.3)
==3973756==    by 0x4B1751F: OPENSSL_LH_doall_arg_thunk (in /nix/store/v89yca35zsb13k51ibz0mcz2rrzjwwrj-openssl-3.6.4/lib/libcrypto.so.3)
==3973756==    by 0x4B5A893: OBJ_NAME_do_all (in /nix/store/v89yca35zsb13k51ibz0mcz2rrzjwwrj-openssl-3.6.4/lib/libcrypto.so.3)
==3973756==    by 0x4B19FFB: ossl_namemap_stored (in /nix/store/v89yca35zsb13k51ibz0mcz2rrzjwwrj-openssl-3.6.4/lib/libcrypto.so.3)
==3973756==    by 0x4AE1BEB: evp_generic_fetch (in /nix/store/v89yca35zsb13k51ibz0mcz2rrzjwwrj-openssl-3.6.4/lib/libcrypto.so.3)
==3973756==    by 0x4AFDACF: EVP_PKEY_CTX_new_from_name (in /nix/store/v89yca35zsb13k51ibz0mcz2rrzjwwrj-openssl-3.6.4/lib/libcrypto.so.3)
==3973756==    by 0x4AF7F5B: EVP_PKEY_new_raw_private_key (in /nix/store/v89yca35zsb13k51ibz0mcz2rrzjwwrj-openssl-3.6.4/lib/libcrypto.so.3)
==3973756==    by 0x107FA97: privateKeyFromSecret (backend_openssl.zig:274)
==3973756==    by 0x107FA97: privateKeyFromSecret (backend.zig:222)
==3973756==    by 0x107FA97: privateKey (x25519.zig:45)
==3973756==    by 0x107FA97: x25519.sharedSecret (x25519.zig:64)
==3973756==    by 0x10F0297: wycheproof.test.Wycheproof: X25519 shared secret tcId 1 (wycheproof.zig:35)
==3973756==    by 0x10EA277: main (test_runner.zig:278)
==3973756==    by 0x10EA277: callMain (start.zig:627)
==3973756==    by 0x10EA277: callMainWithArgs (start.zig:587)
==3973756==    by 0x10EA277: main (start.zig:602)
==3973756==  Uninitialised value was created by a stack allocation
==3973756==    at 0x4B1BB4C: get_legacy_md_names (in /nix/store/v89yca35zsb13k51ibz0mcz2rrzjwwrj-openssl-3.6.4/lib/libcrypto.so.3)
==3973756== 
==3973756== Conditional jump or move depends on uninitialised value(s)
==3973756==    at 0x4B223D0: OPENSSL_strlcpy (in /nix/store/v89yca35zsb13k51ibz0mcz2rrzjwwrj-openssl-3.6.4/lib/libcrypto.so.3)
==3973756==    by 0x4B5CB27: OBJ_obj2txt (in /nix/store/v89yca35zsb13k51ibz0mcz2rrzjwwrj-openssl-3.6.4/lib/libcrypto.so.3)
==3973756==    by 0x4B1BAF3: get_legacy_evp_names (in /nix/store/v89yca35zsb13k51ibz0mcz2rrzjwwrj-openssl-3.6.4/lib/libcrypto.so.3)
==3973756==    by 0x4B1A047: ossl_namemap_stored (in /nix/store/v89yca35zsb13k51ibz0mcz2rrzjwwrj-openssl-3.6.4/lib/libcrypto.so.3)
==3973756==    by 0x4AE1BEB: evp_generic_fetch (in /nix/store/v89yca35zsb13k51ibz0mcz2rrzjwwrj-openssl-3.6.4/lib/libcrypto.so.3)
==3973756==    by 0x4AFDACF: EVP_PKEY_CTX_new_from_name (in /nix/store/v89yca35zsb13k51ibz0mcz2rrzjwwrj-openssl-3.6.4/lib/libcrypto.so.3)
==3973756==    by 0x4AF7F5B: EVP_PKEY_new_raw_private_key (in /nix/store/v89yca35zsb13k51ibz0mcz2rrzjwwrj-openssl-3.6.4/lib/libcrypto.so.3)
==3973756==    by 0x107FA97: privateKeyFromSecret (backend_openssl.zig:274)
==3973756==    by 0x107FA97: privateKeyFromSecret (backend.zig:222)
==3973756==    by 0x107FA97: privateKey (x25519.zig:45)
==3973756==    by 0x107FA97: x25519.sharedSecret (x25519.zig:64)
==3973756==    by 0x10F0297: wycheproof.test.Wycheproof: X25519 shared secret tcId 1 (wycheproof.zig:35)
==3973756==    by 0x10EA277: main (test_runner.zig:278)
==3973756==    by 0x10EA277: callMain (start.zig:627)
==3973756==    by 0x10EA277: callMainWithArgs (start.zig:587)
==3973756==    by 0x10EA277: main (start.zig:602)
==3973756==  Uninitialised value was created by a stack allocation
==3973756==    at 0x4B5C768: OBJ_obj2txt (in /nix/store/v89yca35zsb13k51ibz0mcz2rrzjwwrj-openssl-3.6.4/lib/libcrypto.so.3)
==3973756== 
==3973756== Conditional jump or move depends on uninitialised value(s)
==3973756==    at 0x4B1A344: ossl_namemap_name2num (in /nix/store/v89yca35zsb13k51ibz0mcz2rrzjwwrj-openssl-3.6.4/lib/libcrypto.so.3)
==3973756==    by 0x4B1A72B: namemap_add_name (in /nix/store/v89yca35zsb13k51ibz0mcz2rrzjwwrj-openssl-3.6.4/lib/libcrypto.so.3)
==3973756==    by 0x4B1B96B: ossl_namemap_add_name (in /nix/store/v89yca35zsb13k51ibz0mcz2rrzjwwrj-openssl-3.6.4/lib/libcrypto.so.3)
==3973756==    by 0x4B1BB0B: get_legacy_evp_names (in /nix/store/v89yca35zsb13k51ibz0mcz2rrzjwwrj-openssl-3.6.4/lib/libcrypto.so.3)
==3973756==    by 0x4B1A047: ossl_namemap_stored (in /nix/store/v89yca35zsb13k51ibz0mcz2rrzjwwrj-openssl-3.6.4/lib/libcrypto.so.3)
==3973756==    by 0x4AE1BEB: evp_generic_fetch (in /nix/store/v89yca35zsb13k51ibz0mcz2rrzjwwrj-openssl-3.6.4/lib/libcrypto.so.3)
==3973756==    by 0x4AFDACF: EVP_PKEY_CTX_new_from_name (in /nix/store/v89yca35zsb13k51ibz0mcz2rrzjwwrj-openssl-3.6.4/lib/libcrypto.so.3)
==3973756==    by 0x4AF7F5B: EVP_PKEY_new_raw_private_key (in /nix/store/v89yca35zsb13k51ibz0mcz2rrzjwwrj-openssl-3.6.4/lib/libcrypto.so.3)
==3973756==    by 0x107FA97: privateKeyFromSecret (backend_openssl.zig:274)
==3973756==    by 0x107FA97: privateKeyFromSecret (backend.zig:222)
==3973756==    by 0x107FA97: privateKey (x25519.zig:45)
==3973756==    by 0x107FA97: x25519.sharedSecret (x25519.zig:64)
==3973756==    by 0x10F0297: wycheproof.test.Wycheproof: X25519 shared secret tcId 1 (wycheproof.zig:35)
==3973756==    by 0x10EA277: main (test_runner.zig:278)
==3973756==    by 0x10EA277: callMain (start.zig:627)
==3973756==    by 0x10EA277: callMainWithArgs (start.zig:587)
==3973756==    by 0x10EA277: main (start.zig:602)
==3973756==  Uninitialised value was created by a stack allocation
==3973756==    at 0x4B1B9E0: get_legacy_evp_names (in /nix/store/v89yca35zsb13k51ibz0mcz2rrzjwwrj-openssl-3.6.4/lib/libcrypto.so.3)
==3973756== 
==3973756== Conditional jump or move depends on uninitialised value(s)
==3973756==    at 0x4B1A9C8: namemap_add_name (in /nix/store/v89yca35zsb13k51ibz0mcz2rrzjwwrj-openssl-3.6.4/lib/libcrypto.so.3)
==3973756==    by 0x4B1B96B: ossl_namemap_add_name (in /nix/store/v89yca35zsb13k51ibz0mcz2rrzjwwrj-openssl-3.6.4/lib/libcrypto.so.3)
==3973756==    by 0x4B1BB0B: get_legacy_evp_names (in /nix/store/v89yca35zsb13k51ibz0mcz2rrzjwwrj-openssl-3.6.4/lib/libcrypto.so.3)
==3973756==    by 0x4B1A047: ossl_namemap_stored (in /nix/store/v89yca35zsb13k51ibz0mcz2rrzjwwrj-openssl-3.6.4/lib/libcrypto.so.3)
==3973756==    by 0x4AE1BEB: evp_generic_fetch (in /nix/store/v89yca35zsb13k51ibz0mcz2rrzjwwrj-openssl-3.6.4/lib/libcrypto.so.3)
==3973756==    by 0x4AFDACF: EVP_PKEY_CTX_new_from_name (in /nix/store/v89yca35zsb13k51ibz0mcz2rrzjwwrj-openssl-3.6.4/lib/libcrypto.so.3)
==3973756==    by 0x4AF7F5B: EVP_PKEY_new_raw_private_key (in /nix/store/v89yca35zsb13k51ibz0mcz2rrzjwwrj-openssl-3.6.4/lib/libcrypto.so.3)
==3973756==    by 0x107FA97: privateKeyFromSecret (backend_openssl.zig:274)
==3973756==    by 0x107FA97: privateKeyFromSecret (backend.zig:222)
==3973756==    by 0x107FA97: privateKey (x25519.zig:45)
==3973756==    by 0x107FA97: x25519.sharedSecret (x25519.zig:64)
==3973756==    by 0x10F0297: wycheproof.test.Wycheproof: X25519 shared secret tcId 1 (wycheproof.zig:35)
==3973756==    by 0x10EA277: main (test_runner.zig:278)
==3973756==    by 0x10EA277: callMain (start.zig:627)
==3973756==    by 0x10EA277: callMainWithArgs (start.zig:587)
==3973756==    by 0x10EA277: main (start.zig:602)
==3973756==  Uninitialised value was created by a stack allocation
==3973756==    at 0x4B1B9E0: get_legacy_evp_names (in /nix/store/v89yca35zsb13k51ibz0mcz2rrzjwwrj-openssl-3.6.4/lib/libcrypto.so.3)
==3973756== 
==3973756== Conditional jump or move depends on uninitialised value(s)
==3973756==    at 0x4B223D0: OPENSSL_strlcpy (in /nix/store/v89yca35zsb13k51ibz0mcz2rrzjwwrj-openssl-3.6.4/lib/libcrypto.so.3)
==3973756==    by 0x4B5CB27: OBJ_obj2txt (in /nix/store/v89yca35zsb13k51ibz0mcz2rrzjwwrj-openssl-3.6.4/lib/libcrypto.so.3)
==3973756==    by 0x4B1BAF3: get_legacy_evp_names (in /nix/store/v89yca35zsb13k51ibz0mcz2rrzjwwrj-openssl-3.6.4/lib/libcrypto.so.3)
==3973756==    by 0x4B1A0AF: ossl_namemap_stored (in /nix/store/v89yca35zsb13k51ibz0mcz2rrzjwwrj-openssl-3.6.4/lib/libcrypto.so.3)
==3973756==    by 0x4AE1BEB: evp_generic_fetch (in /nix/store/v89yca35zsb13k51ibz0mcz2rrzjwwrj-openssl-3.6.4/lib/libcrypto.so.3)
==3973756==    by 0x4AFDACF: EVP_PKEY_CTX_new_from_name (in /nix/store/v89yca35zsb13k51ibz0mcz2rrzjwwrj-openssl-3.6.4/lib/libcrypto.so.3)
==3973756==    by 0x4AF7F5B: EVP_PKEY_new_raw_private_key (in /nix/store/v89yca35zsb13k51ibz0mcz2rrzjwwrj-openssl-3.6.4/lib/libcrypto.so.3)
==3973756==    by 0x107FA97: privateKeyFromSecret (backend_openssl.zig:274)
==3973756==    by 0x107FA97: privateKeyFromSecret (backend.zig:222)
==3973756==    by 0x107FA97: privateKey (x25519.zig:45)
==3973756==    by 0x107FA97: x25519.sharedSecret (x25519.zig:64)
==3973756==    by 0x10F0297: wycheproof.test.Wycheproof: X25519 shared secret tcId 1 (wycheproof.zig:35)
==3973756==    by 0x10EA277: main (test_runner.zig:278)
==3973756==    by 0x10EA277: callMain (start.zig:627)
==3973756==    by 0x10EA277: callMainWithArgs (start.zig:587)
==3973756==    by 0x10EA277: main (start.zig:602)
==3973756==  Uninitialised value was created by a stack allocation
==3973756==    at 0x4B5C768: OBJ_obj2txt (in /nix/store/v89yca35zsb13k51ibz0mcz2rrzjwwrj-openssl-3.6.4/lib/libcrypto.so.3)
==3973756== 
==3973756== Conditional jump or move depends on uninitialised value(s)
==3973756==    at 0x4B1A318: ossl_namemap_name2num (in /nix/store/v89yca35zsb13k51ibz0mcz2rrzjwwrj-openssl-3.6.4/lib/libcrypto.so.3)
==3973756==    by 0x4B1A72B: namemap_add_name (in /nix/store/v89yca35zsb13k51ibz0mcz2rrzjwwrj-openssl-3.6.4/lib/libcrypto.so.3)
==3973756==    by 0x4B1B96B: ossl_namemap_add_name (in /nix/store/v89yca35zsb13k51ibz0mcz2rrzjwwrj-openssl-3.6.4/lib/libcrypto.so.3)
==3973756==    by 0x4B1BB0B: get_legacy_evp_names (in /nix/store/v89yca35zsb13k51ibz0mcz2rrzjwwrj-openssl-3.6.4/lib/libcrypto.so.3)
==3973756==    by 0x4B1A0AF: ossl_namemap_stored (in /nix/store/v89yca35zsb13k51ibz0mcz2rrzjwwrj-openssl-3.6.4/lib/libcrypto.so.3)
==3973756==    by 0x4AE1BEB: evp_generic_fetch (in /nix/store/v89yca35zsb13k51ibz0mcz2rrzjwwrj-openssl-3.6.4/lib/libcrypto.so.3)
==3973756==    by 0x4AFDACF: EVP_PKEY_CTX_new_from_name (in /nix/store/v89yca35zsb13k51ibz0mcz2rrzjwwrj-openssl-3.6.4/lib/libcrypto.so.3)
==3973756==    by 0x4AF7F5B: EVP_PKEY_new_raw_private_key (in /nix/store/v89yca35zsb13k51ibz0mcz2rrzjwwrj-openssl-3.6.4/lib/libcrypto.so.3)
==3973756==    by 0x107FA97: privateKeyFromSecret (backend_openssl.zig:274)
==3973756==    by 0x107FA97: privateKeyFromSecret (backend.zig:222)
==3973756==    by 0x107FA97: privateKey (x25519.zig:45)
==3973756==    by 0x107FA97: x25519.sharedSecret (x25519.zig:64)
==3973756==    by 0x10F0297: wycheproof.test.Wycheproof: X25519 shared secret tcId 1 (wycheproof.zig:35)
==3973756==    by 0x10EA277: main (test_runner.zig:278)
==3973756==    by 0x10EA277: callMain (start.zig:627)
==3973756==    by 0x10EA277: callMainWithArgs (start.zig:587)
==3973756==    by 0x10EA277: main (start.zig:602)
==3973756==  Uninitialised value was created by a stack allocation
==3973756==    at 0x4B1B9E0: get_legacy_evp_names (in /nix/store/v89yca35zsb13k51ibz0mcz2rrzjwwrj-openssl-3.6.4/lib/libcrypto.so.3)
==3973756== 
==3973756== Conditional jump or move depends on uninitialised value(s)
==3973756==    at 0x4B1A99C: namemap_add_name (in /nix/store/v89yca35zsb13k51ibz0mcz2rrzjwwrj-openssl-3.6.4/lib/libcrypto.so.3)
==3973756==    by 0x4B1B96B: ossl_namemap_add_name (in /nix/store/v89yca35zsb13k51ibz0mcz2rrzjwwrj-openssl-3.6.4/lib/libcrypto.so.3)
==3973756==    by 0x4B1BB0B: get_legacy_evp_names (in /nix/store/v89yca35zsb13k51ibz0mcz2rrzjwwrj-openssl-3.6.4/lib/libcrypto.so.3)
==3973756==    by 0x4B1A0AF: ossl_namemap_stored (in /nix/store/v89yca35zsb13k51ibz0mcz2rrzjwwrj-openssl-3.6.4/lib/libcrypto.so.3)
==3973756==    by 0x4AE1BEB: evp_generic_fetch (in /nix/store/v89yca35zsb13k51ibz0mcz2rrzjwwrj-openssl-3.6.4/lib/libcrypto.so.3)
==3973756==    by 0x4AFDACF: EVP_PKEY_CTX_new_from_name (in /nix/store/v89yca35zsb13k51ibz0mcz2rrzjwwrj-openssl-3.6.4/lib/libcrypto.so.3)
==3973756==    by 0x4AF7F5B: EVP_PKEY_new_raw_private_key (in /nix/store/v89yca35zsb13k51ibz0mcz2rrzjwwrj-openssl-3.6.4/lib/libcrypto.so.3)
==3973756==    by 0x107FA97: privateKeyFromSecret (backend_openssl.zig:274)
==3973756==    by 0x107FA97: privateKeyFromSecret (backend.zig:222)
==3973756==    by 0x107FA97: privateKey (x25519.zig:45)
==3973756==    by 0x107FA97: x25519.sharedSecret (x25519.zig:64)
==3973756==    by 0x10F0297: wycheproof.test.Wycheproof: X25519 shared secret tcId 1 (wycheproof.zig:35)
==3973756==    by 0x10EA277: main (test_runner.zig:278)
==3973756==    by 0x10EA277: callMain (start.zig:627)
==3973756==    by 0x10EA277: callMainWithArgs (start.zig:587)
==3973756==    by 0x10EA277: main (start.zig:602)
==3973756==  Uninitialised value was created by a stack allocation
==3973756==    at 0x4B1B9E0: get_legacy_evp_names (in /nix/store/v89yca35zsb13k51ibz0mcz2rrzjwwrj-openssl-3.6.4/lib/libcrypto.so.3)
==3973756== 
==3973756== Conditional jump or move depends on uninitialised value(s)
==3973756==    at 0x4B1A9C8: namemap_add_name (in /nix/store/v89yca35zsb13k51ibz0mcz2rrzjwwrj-openssl-3.6.4/lib/libcrypto.so.3)
==3973756==    by 0x4B1B96B: ossl_namemap_add_name (in /nix/store/v89yca35zsb13k51ibz0mcz2rrzjwwrj-openssl-3.6.4/lib/libcrypto.so.3)
==3973756==    by 0x4B1BB0B: get_legacy_evp_names (in /nix/store/v89yca35zsb13k51ibz0mcz2rrzjwwrj-openssl-3.6.4/lib/libcrypto.so.3)
==3973756==    by 0x4B1A0AF: ossl_namemap_stored (in /nix/store/v89yca35zsb13k51ibz0mcz2rrzjwwrj-openssl-3.6.4/lib/libcrypto.so.3)
==3973756==    by 0x4AE1BEB: evp_generic_fetch (in /nix/store/v89yca35zsb13k51ibz0mcz2rrzjwwrj-openssl-3.6.4/lib/libcrypto.so.3)
==3973756==    by 0x4AFDACF: EVP_PKEY_CTX_new_from_name (in /nix/store/v89yca35zsb13k51ibz0mcz2rrzjwwrj-openssl-3.6.4/lib/libcrypto.so.3)
==3973756==    by 0x4AF7F5B: EVP_PKEY_new_raw_private_key (in /nix/store/v89yca35zsb13k51ibz0mcz2rrzjwwrj-openssl-3.6.4/lib/libcrypto.so.3)
==3973756==    by 0x107FA97: privateKeyFromSecret (backend_openssl.zig:274)
==3973756==    by 0x107FA97: privateKeyFromSecret (backend.zig:222)
==3973756==    by 0x107FA97: privateKey (x25519.zig:45)
==3973756==    by 0x107FA97: x25519.sharedSecret (x25519.zig:64)
==3973756==    by 0x10F0297: wycheproof.test.Wycheproof: X25519 shared secret tcId 1 (wycheproof.zig:35)
==3973756==    by 0x10EA277: main (test_runner.zig:278)
==3973756==    by 0x10EA277: callMain (start.zig:627)
==3973756==    by 0x10EA277: callMainWithArgs (start.zig:587)
==3973756==    by 0x10EA277: main (start.zig:602)
==3973756==  Uninitialised value was created by a stack allocation
==3973756==    at 0x4B1B9E0: get_legacy_evp_names (in /nix/store/v89yca35zsb13k51ibz0mcz2rrzjwwrj-openssl-3.6.4/lib/libcrypto.so.3)
==3973756== 
==3973756== Conditional jump or move depends on uninitialised value(s)
==3973756==    at 0x4B223D0: OPENSSL_strlcpy (in /nix/store/v89yca35zsb13k51ibz0mcz2rrzjwwrj-openssl-3.6.4/lib/libcrypto.so.3)
==3973756==    by 0x4B5CB27: OBJ_obj2txt (in /nix/store/v89yca35zsb13k51ibz0mcz2rrzjwwrj-openssl-3.6.4/lib/libcrypto.so.3)
==3973756==    by 0x4B1BAF3: get_legacy_evp_names (in /nix/store/v89yca35zsb13k51ibz0mcz2rrzjwwrj-openssl-3.6.4/lib/libcrypto.so.3)
==3973756==    by 0x4B1A0EB: ossl_namemap_stored (in /nix/store/v89yca35zsb13k51ibz0mcz2rrzjwwrj-openssl-3.6.4/lib/libcrypto.so.3)
==3973756==    by 0x4AE1BEB: evp_generic_fetch (in /nix/store/v89yca35zsb13k51ibz0mcz2rrzjwwrj-openssl-3.6.4/lib/libcrypto.so.3)
==3973756==    by 0x4AFDACF: EVP_PKEY_CTX_new_from_name (in /nix/store/v89yca35zsb13k51ibz0mcz2rrzjwwrj-openssl-3.6.4/lib/libcrypto.so.3)
==3973756==    by 0x4AF7F5B: EVP_PKEY_new_raw_private_key (in /nix/store/v89yca35zsb13k51ibz0mcz2rrzjwwrj-openssl-3.6.4/lib/libcrypto.so.3)
==3973756==    by 0x107FA97: privateKeyFromSecret (backend_openssl.zig:274)
==3973756==    by 0x107FA97: privateKeyFromSecret (backend.zig:222)
==3973756==    by 0x107FA97: privateKey (x25519.zig:45)
==3973756==    by 0x107FA97: x25519.sharedSecret (x25519.zig:64)
==3973756==    by 0x10F0297: wycheproof.test.Wycheproof: X25519 shared secret tcId 1 (wycheproof.zig:35)
==3973756==    by 0x10EA277: main (test_runner.zig:278)
==3973756==    by 0x10EA277: callMain (start.zig:627)
==3973756==    by 0x10EA277: callMainWithArgs (start.zig:587)
==3973756==    by 0x10EA277: main (start.zig:602)
==3973756==  Uninitialised value was created by a stack allocation
==3973756==    at 0x4B5C768: OBJ_obj2txt (in /nix/store/v89yca35zsb13k51ibz0mcz2rrzjwwrj-openssl-3.6.4/lib/libcrypto.so.3)
==3973756== 
==3973756== Conditional jump or move depends on uninitialised value(s)
==3973756==    at 0x4B1A9C8: namemap_add_name (in /nix/store/v89yca35zsb13k51ibz0mcz2rrzjwwrj-openssl-3.6.4/lib/libcrypto.so.3)
==3973756==    by 0x4B1B96B: ossl_namemap_add_name (in /nix/store/v89yca35zsb13k51ibz0mcz2rrzjwwrj-openssl-3.6.4/lib/libcrypto.so.3)
==3973756==    by 0x4B1BB0B: get_legacy_evp_names (in /nix/store/v89yca35zsb13k51ibz0mcz2rrzjwwrj-openssl-3.6.4/lib/libcrypto.so.3)
==3973756==    by 0x4B1A0EB: ossl_namemap_stored (in /nix/store/v89yca35zsb13k51ibz0mcz2rrzjwwrj-openssl-3.6.4/lib/libcrypto.so.3)
==3973756==    by 0x4AE1BEB: evp_generic_fetch (in /nix/store/v89yca35zsb13k51ibz0mcz2rrzjwwrj-openssl-3.6.4/lib/libcrypto.so.3)
==3973756==    by 0x4AFDACF: EVP_PKEY_CTX_new_from_name (in /nix/store/v89yca35zsb13k51ibz0mcz2rrzjwwrj-openssl-3.6.4/lib/libcrypto.so.3)
==3973756==    by 0x4AF7F5B: EVP_PKEY_new_raw_private_key (in /nix/store/v89yca35zsb13k51ibz0mcz2rrzjwwrj-openssl-3.6.4/lib/libcrypto.so.3)
==3973756==    by 0x107FA97: privateKeyFromSecret (backend_openssl.zig:274)
==3973756==    by 0x107FA97: privateKeyFromSecret (backend.zig:222)
==3973756==    by 0x107FA97: privateKey (x25519.zig:45)
==3973756==    by 0x107FA97: x25519.sharedSecret (x25519.zig:64)
==3973756==    by 0x10F0297: wycheproof.test.Wycheproof: X25519 shared secret tcId 1 (wycheproof.zig:35)
==3973756==    by 0x10EA277: main (test_runner.zig:278)
==3973756==    by 0x10EA277: callMain (start.zig:627)
==3973756==    by 0x10EA277: callMainWithArgs (start.zig:587)
==3973756==    by 0x10EA277: main (start.zig:602)
==3973756==  Uninitialised value was created by a stack allocation
==3973756==    at 0x4B1B9E0: get_legacy_evp_names (in /nix/store/v89yca35zsb13k51ibz0mcz2rrzjwwrj-openssl-3.6.4/lib/libcrypto.so.3)
==3973756== 
==3973756== Conditional jump or move depends on uninitialised value(s)
==3973756==    at 0x4B1A99C: namemap_add_name (in /nix/store/v89yca35zsb13k51ibz0mcz2rrzjwwrj-openssl-3.6.4/lib/libcrypto.so.3)
==3973756==    by 0x4B1B96B: ossl_namemap_add_name (in /nix/store/v89yca35zsb13k51ibz0mcz2rrzjwwrj-openssl-3.6.4/lib/libcrypto.so.3)
==3973756==    by 0x4B1BB0B: get_legacy_evp_names (in /nix/store/v89yca35zsb13k51ibz0mcz2rrzjwwrj-openssl-3.6.4/lib/libcrypto.so.3)
==3973756==    by 0x4B1A047: ossl_namemap_stored (in /nix/store/v89yca35zsb13k51ibz0mcz2rrzjwwrj-openssl-3.6.4/lib/libcrypto.so.3)
==3973756==    by 0x4AE1BEB: evp_generic_fetch (in /nix/store/v89yca35zsb13k51ibz0mcz2rrzjwwrj-openssl-3.6.4/lib/libcrypto.so.3)
==3973756==    by 0x4AFDACF: EVP_PKEY_CTX_new_from_name (in /nix/store/v89yca35zsb13k51ibz0mcz2rrzjwwrj-openssl-3.6.4/lib/libcrypto.so.3)
==3973756==    by 0x4AF7F5B: EVP_PKEY_new_raw_private_key (in /nix/store/v89yca35zsb13k51ibz0mcz2rrzjwwrj-openssl-3.6.4/lib/libcrypto.so.3)
==3973756==    by 0x107FA97: privateKeyFromSecret (backend_openssl.zig:274)
==3973756==    by 0x107FA97: privateKeyFromSecret (backend.zig:222)
==3973756==    by 0x107FA97: privateKey (x25519.zig:45)
==3973756==    by 0x107FA97: x25519.sharedSecret (x25519.zig:64)
==3973756==    by 0x10F0297: wycheproof.test.Wycheproof: X25519 shared secret tcId 1 (wycheproof.zig:35)
==3973756==    by 0x10EA277: main (test_runner.zig:278)
==3973756==    by 0x10EA277: callMain (start.zig:627)
==3973756==    by 0x10EA277: callMainWithArgs (start.zig:587)
==3973756==    by 0x10EA277: main (start.zig:602)
==3973756==  Uninitialised value was created by a stack allocation
==3973756==    at 0x4B1B9E0: get_legacy_evp_names (in /nix/store/v89yca35zsb13k51ibz0mcz2rrzjwwrj-openssl-3.6.4/lib/libcrypto.so.3)
==3973756== 
==3973756== Conditional jump or move depends on uninitialised value(s)
==3973756==    at 0x4B223D0: OPENSSL_strlcpy (in /nix/store/v89yca35zsb13k51ibz0mcz2rrzjwwrj-openssl-3.6.4/lib/libcrypto.so.3)
==3973756==    by 0x4B5CB27: OBJ_obj2txt (in /nix/store/v89yca35zsb13k51ibz0mcz2rrzjwwrj-openssl-3.6.4/lib/libcrypto.so.3)
==3973756==    by 0x4B1BAF3: get_legacy_evp_names (in /nix/store/v89yca35zsb13k51ibz0mcz2rrzjwwrj-openssl-3.6.4/lib/libcrypto.so.3)
==3973756==    by 0x4B1A0D3: ossl_namemap_stored (in /nix/store/v89yca35zsb13k51ibz0mcz2rrzjwwrj-openssl-3.6.4/lib/libcrypto.so.3)
==3973756==    by 0x4AE1BEB: evp_generic_fetch (in /nix/store/v89yca35zsb13k51ibz0mcz2rrzjwwrj-openssl-3.6.4/lib/libcrypto.so.3)
==3973756==    by 0x4AFDACF: EVP_PKEY_CTX_new_from_name (in /nix/store/v89yca35zsb13k51ibz0mcz2rrzjwwrj-openssl-3.6.4/lib/libcrypto.so.3)
==3973756==    by 0x4AF7F5B: EVP_PKEY_new_raw_private_key (in /nix/store/v89yca35zsb13k51ibz0mcz2rrzjwwrj-openssl-3.6.4/lib/libcrypto.so.3)
==3973756==    by 0x107FA97: privateKeyFromSecret (backend_openssl.zig:274)
==3973756==    by 0x107FA97: privateKeyFromSecret (backend.zig:222)
==3973756==    by 0x107FA97: privateKey (x25519.zig:45)
==3973756==    by 0x107FA97: x25519.sharedSecret (x25519.zig:64)
==3973756==    by 0x10F0297: wycheproof.test.Wycheproof: X25519 shared secret tcId 1 (wycheproof.zig:35)
==3973756==    by 0x10EA277: main (test_runner.zig:278)
==3973756==    by 0x10EA277: callMain (start.zig:627)
==3973756==    by 0x10EA277: callMainWithArgs (start.zig:587)
==3973756==    by 0x10EA277: main (start.zig:602)
==3973756==  Uninitialised value was created by a stack allocation
==3973756==    at 0x4B5C768: OBJ_obj2txt (in /nix/store/v89yca35zsb13k51ibz0mcz2rrzjwwrj-openssl-3.6.4/lib/libcrypto.so.3)
==3973756== 
==3973756== Conditional jump or move depends on uninitialised value(s)
==3973756==    at 0x4B1A9C8: namemap_add_name (in /nix/store/v89yca35zsb13k51ibz0mcz2rrzjwwrj-openssl-3.6.4/lib/libcrypto.so.3)
==3973756==    by 0x4B1B96B: ossl_namemap_add_name (in /nix/store/v89yca35zsb13k51ibz0mcz2rrzjwwrj-openssl-3.6.4/lib/libcrypto.so.3)
==3973756==    by 0x4B1BB0B: get_legacy_evp_names (in /nix/store/v89yca35zsb13k51ibz0mcz2rrzjwwrj-openssl-3.6.4/lib/libcrypto.so.3)
==3973756==    by 0x4B1A0D3: ossl_namemap_stored (in /nix/store/v89yca35zsb13k51ibz0mcz2rrzjwwrj-openssl-3.6.4/lib/libcrypto.so.3)
==3973756==    by 0x4AE1BEB: evp_generic_fetch (in /nix/store/v89yca35zsb13k51ibz0mcz2rrzjwwrj-openssl-3.6.4/lib/libcrypto.so.3)
==3973756==    by 0x4AFDACF: EVP_PKEY_CTX_new_from_name (in /nix/store/v89yca35zsb13k51ibz0mcz2rrzjwwrj-openssl-3.6.4/lib/libcrypto.so.3)
==3973756==    by 0x4AF7F5B: EVP_PKEY_new_raw_private_key (in /nix/store/v89yca35zsb13k51ibz0mcz2rrzjwwrj-openssl-3.6.4/lib/libcrypto.so.3)
==3973756==    by 0x107FA97: privateKeyFromSecret (backend_openssl.zig:274)
==3973756==    by 0x107FA97: privateKeyFromSecret (backend.zig:222)
==3973756==    by 0x107FA97: privateKey (x25519.zig:45)
==3973756==    by 0x107FA97: x25519.sharedSecret (x25519.zig:64)
==3973756==    by 0x10F0297: wycheproof.test.Wycheproof: X25519 shared secret tcId 1 (wycheproof.zig:35)
==3973756==    by 0x10EA277: main (test_runner.zig:278)
==3973756==    by 0x10EA277: callMain (start.zig:627)
==3973756==    by 0x10EA277: callMainWithArgs (start.zig:587)
==3973756==    by 0x10EA277: main (start.zig:602)
==3973756==  Uninitialised value was created by a stack allocation
==3973756==    at 0x4B1B9E0: get_legacy_evp_names (in /nix/store/v89yca35zsb13k51ibz0mcz2rrzjwwrj-openssl-3.6.4/lib/libcrypto.so.3)
==3973756== 
==3973756== Conditional jump or move depends on uninitialised value(s)
==3973756==    at 0x4B1A318: ossl_namemap_name2num (in /nix/store/v89yca35zsb13k51ibz0mcz2rrzjwwrj-openssl-3.6.4/lib/libcrypto.so.3)
==3973756==    by 0x4B1AE8B: ossl_namemap_add_names (in /nix/store/v89yca35zsb13k51ibz0mcz2rrzjwwrj-openssl-3.6.4/lib/libcrypto.so.3)
==3973756==    by 0x4AE1537: construct_evp_method (in /nix/store/v89yca35zsb13k51ibz0mcz2rrzjwwrj-openssl-3.6.4/lib/libcrypto.so.3)
==3973756==    by 0x4B1999B: ossl_method_construct_this (in /nix/store/v89yca35zsb13k51ibz0mcz2rrzjwwrj-openssl-3.6.4/lib/libcrypto.so.3)
==3973756==    by 0x4B19647: algorithm_do_this (in /nix/store/v89yca35zsb13k51ibz0mcz2rrzjwwrj-openssl-3.6.4/lib/libcrypto.so.3)
==3973756==    by 0x4B31A53: ossl_provider_doall_activated (in /nix/store/v89yca35zsb13k51ibz0mcz2rrzjwwrj-openssl-3.6.4/lib/libcrypto.so.3)
==3973756==    by 0x4B197FB: ossl_algorithm_do_all (in /nix/store/v89yca35zsb13k51ibz0mcz2rrzjwwrj-openssl-3.6.4/lib/libcrypto.so.3)
==3973756==    by 0x4B19C4F: ossl_method_construct (in /nix/store/v89yca35zsb13k51ibz0mcz2rrzjwwrj-openssl-3.6.4/lib/libcrypto.so.3)
==3973756==    by 0x4AE1F07: evp_generic_fetch (in /nix/store/v89yca35zsb13k51ibz0mcz2rrzjwwrj-openssl-3.6.4/lib/libcrypto.so.3)
==3973756==    by 0x4AFDACF: EVP_PKEY_CTX_new_from_name (in /nix/store/v89yca35zsb13k51ibz0mcz2rrzjwwrj-openssl-3.6.4/lib/libcrypto.so.3)
==3973756==    by 0x4AF7F5B: EVP_PKEY_new_raw_private_key (in /nix/store/v89yca35zsb13k51ibz0mcz2rrzjwwrj-openssl-3.6.4/lib/libcrypto.so.3)
==3973756==    by 0x107FA97: privateKeyFromSecret (backend_openssl.zig:274)
==3973756==    by 0x107FA97: privateKeyFromSecret (backend.zig:222)
==3973756==    by 0x107FA97: privateKey (x25519.zig:45)
==3973756==    by 0x107FA97: x25519.sharedSecret (x25519.zig:64)
==3973756==    by 0x10F0297: wycheproof.test.Wycheproof: X25519 shared secret tcId 1 (wycheproof.zig:35)
==3973756==    by 0x10EA277: main (test_runner.zig:278)
==3973756==    by 0x10EA277: callMain (start.zig:627)
==3973756==    by 0x10EA277: callMainWithArgs (start.zig:587)
==3973756==    by 0x10EA277: main (start.zig:602)
==3973756== 
==3973756== Conditional jump or move depends on uninitialised value(s)
==3973756==    at 0x4B1A318: ossl_namemap_name2num (in /nix/store/v89yca35zsb13k51ibz0mcz2rrzjwwrj-openssl-3.6.4/lib/libcrypto.so.3)
==3973756==    by 0x4B1A72B: namemap_add_name (in /nix/store/v89yca35zsb13k51ibz0mcz2rrzjwwrj-openssl-3.6.4/lib/libcrypto.so.3)
==3973756==    by 0x4B1AED3: ossl_namemap_add_names (in /nix/store/v89yca35zsb13k51ibz0mcz2rrzjwwrj-openssl-3.6.4/lib/libcrypto.so.3)
==3973756==    by 0x4AE1537: construct_evp_method (in /nix/store/v89yca35zsb13k51ibz0mcz2rrzjwwrj-openssl-3.6.4/lib/libcrypto.so.3)
==3973756==    by 0x4B1999B: ossl_method_construct_this (in /nix/store/v89yca35zsb13k51ibz0mcz2rrzjwwrj-openssl-3.6.4/lib/libcrypto.so.3)
==3973756==    by 0x4B19647: algorithm_do_this (in /nix/store/v89yca35zsb13k51ibz0mcz2rrzjwwrj-openssl-3.6.4/lib/libcrypto.so.3)
==3973756==    by 0x4B31A53: ossl_provider_doall_activated (in /nix/store/v89yca35zsb13k51ibz0mcz2rrzjwwrj-openssl-3.6.4/lib/libcrypto.so.3)
==3973756==    by 0x4B197FB: ossl_algorithm_do_all (in /nix/store/v89yca35zsb13k51ibz0mcz2rrzjwwrj-openssl-3.6.4/lib/libcrypto.so.3)
==3973756==    by 0x4B19C4F: ossl_method_construct (in /nix/store/v89yca35zsb13k51ibz0mcz2rrzjwwrj-openssl-3.6.4/lib/libcrypto.so.3)
==3973756==    by 0x4AE1F07: evp_generic_fetch (in /nix/store/v89yca35zsb13k51ibz0mcz2rrzjwwrj-openssl-3.6.4/lib/libcrypto.so.3)
==3973756==    by 0x4AFDACF: EVP_PKEY_CTX_new_from_name (in /nix/store/v89yca35zsb13k51ibz0mcz2rrzjwwrj-openssl-3.6.4/lib/libcrypto.so.3)
==3973756==    by 0x4AF7F5B: EVP_PKEY_new_raw_private_key (in /nix/store/v89yca35zsb13k51ibz0mcz2rrzjwwrj-openssl-3.6.4/lib/libcrypto.so.3)
==3973756==    by 0x107FA97: privateKeyFromSecret (backend_openssl.zig:274)
==3973756==    by 0x107FA97: privateKeyFromSecret (backend.zig:222)
==3973756==    by 0x107FA97: privateKey (x25519.zig:45)
==3973756==    by 0x107FA97: x25519.sharedSecret (x25519.zig:64)
==3973756==    by 0x10F0297: wycheproof.test.Wycheproof: X25519 shared secret tcId 1 (wycheproof.zig:35)
==3973756==    by 0x10EA277: main (test_runner.zig:278)
==3973756==    by 0x10EA277: callMain (start.zig:627)
==3973756==    by 0x10EA277: callMainWithArgs (start.zig:587)
==3973756==    by 0x10EA277: main (start.zig:602)
==3973756== 
==3973756== Conditional jump or move depends on uninitialised value(s)
==3973756==    at 0x4B1A344: ossl_namemap_name2num (in /nix/store/v89yca35zsb13k51ibz0mcz2rrzjwwrj-openssl-3.6.4/lib/libcrypto.so.3)
==3973756==    by 0x4B1AE8B: ossl_namemap_add_names (in /nix/store/v89yca35zsb13k51ibz0mcz2rrzjwwrj-openssl-3.6.4/lib/libcrypto.so.3)
==3973756==    by 0x4AE1537: construct_evp_method (in /nix/store/v89yca35zsb13k51ibz0mcz2rrzjwwrj-openssl-3.6.4/lib/libcrypto.so.3)
==3973756==    by 0x4B1999B: ossl_method_construct_this (in /nix/store/v89yca35zsb13k51ibz0mcz2rrzjwwrj-openssl-3.6.4/lib/libcrypto.so.3)
==3973756==    by 0x4B19647: algorithm_do_this (in /nix/store/v89yca35zsb13k51ibz0mcz2rrzjwwrj-openssl-3.6.4/lib/libcrypto.so.3)
==3973756==    by 0x4B31A53: ossl_provider_doall_activated (in /nix/store/v89yca35zsb13k51ibz0mcz2rrzjwwrj-openssl-3.6.4/lib/libcrypto.so.3)
==3973756==    by 0x4B197FB: ossl_algorithm_do_all (in /nix/store/v89yca35zsb13k51ibz0mcz2rrzjwwrj-openssl-3.6.4/lib/libcrypto.so.3)
==3973756==    by 0x4B19C4F: ossl_method_construct (in /nix/store/v89yca35zsb13k51ibz0mcz2rrzjwwrj-openssl-3.6.4/lib/libcrypto.so.3)
==3973756==    by 0x4AE1F07: evp_generic_fetch (in /nix/store/v89yca35zsb13k51ibz0mcz2rrzjwwrj-openssl-3.6.4/lib/libcrypto.so.3)
==3973756==    by 0x4AFDACF: EVP_PKEY_CTX_new_from_name (in /nix/store/v89yca35zsb13k51ibz0mcz2rrzjwwrj-openssl-3.6.4/lib/libcrypto.so.3)
==3973756==    by 0x4AF7F5B: EVP_PKEY_new_raw_private_key (in /nix/store/v89yca35zsb13k51ibz0mcz2rrzjwwrj-openssl-3.6.4/lib/libcrypto.so.3)
==3973756==    by 0x107FA97: privateKeyFromSecret (backend_openssl.zig:274)
==3973756==    by 0x107FA97: privateKeyFromSecret (backend.zig:222)
==3973756==    by 0x107FA97: privateKey (x25519.zig:45)
==3973756==    by 0x107FA97: x25519.sharedSecret (x25519.zig:64)
==3973756==    by 0x10F0297: wycheproof.test.Wycheproof: X25519 shared secret tcId 1 (wycheproof.zig:35)
==3973756==    by 0x10EA277: main (test_runner.zig:278)
==3973756==    by 0x10EA277: callMain (start.zig:627)
==3973756==    by 0x10EA277: callMainWithArgs (start.zig:587)
==3973756==    by 0x10EA277: main (start.zig:602)
==3973756== 
==3973756== Conditional jump or move depends on uninitialised value(s)
==3973756==    at 0x4B1A344: ossl_namemap_name2num (in /nix/store/v89yca35zsb13k51ibz0mcz2rrzjwwrj-openssl-3.6.4/lib/libcrypto.so.3)
==3973756==    by 0x4B1A72B: namemap_add_name (in /nix/store/v89yca35zsb13k51ibz0mcz2rrzjwwrj-openssl-3.6.4/lib/libcrypto.so.3)
==3973756==    by 0x4B1AED3: ossl_namemap_add_names (in /nix/store/v89yca35zsb13k51ibz0mcz2rrzjwwrj-openssl-3.6.4/lib/libcrypto.so.3)
==3973756==    by 0x4AE1537: construct_evp_method (in /nix/store/v89yca35zsb13k51ibz0mcz2rrzjwwrj-openssl-3.6.4/lib/libcrypto.so.3)
==3973756==    by 0x4B1999B: ossl_method_construct_this (in /nix/store/v89yca35zsb13k51ibz0mcz2rrzjwwrj-openssl-3.6.4/lib/libcrypto.so.3)
==3973756==    by 0x4B19647: algorithm_do_this (in /nix/store/v89yca35zsb13k51ibz0mcz2rrzjwwrj-openssl-3.6.4/lib/libcrypto.so.3)
==3973756==    by 0x4B31A53: ossl_provider_doall_activated (in /nix/store/v89yca35zsb13k51ibz0mcz2rrzjwwrj-openssl-3.6.4/lib/libcrypto.so.3)
==3973756==    by 0x4B197FB: ossl_algorithm_do_all (in /nix/store/v89yca35zsb13k51ibz0mcz2rrzjwwrj-openssl-3.6.4/lib/libcrypto.so.3)
==3973756==    by 0x4B19C4F: ossl_method_construct (in /nix/store/v89yca35zsb13k51ibz0mcz2rrzjwwrj-openssl-3.6.4/lib/libcrypto.so.3)
==3973756==    by 0x4AE1F07: evp_generic_fetch (in /nix/store/v89yca35zsb13k51ibz0mcz2rrzjwwrj-openssl-3.6.4/lib/libcrypto.so.3)
==3973756==    by 0x4AFDACF: EVP_PKEY_CTX_new_from_name (in /nix/store/v89yca35zsb13k51ibz0mcz2rrzjwwrj-openssl-3.6.4/lib/libcrypto.so.3)
==3973756==    by 0x4AF7F5B: EVP_PKEY_new_raw_private_key (in /nix/store/v89yca35zsb13k51ibz0mcz2rrzjwwrj-openssl-3.6.4/lib/libcrypto.so.3)
==3973756==    by 0x107FA97: privateKeyFromSecret (backend_openssl.zig:274)
==3973756==    by 0x107FA97: privateKeyFromSecret (backend.zig:222)
==3973756==    by 0x107FA97: privateKey (x25519.zig:45)
==3973756==    by 0x107FA97: x25519.sharedSecret (x25519.zig:64)
==3973756==    by 0x10F0297: wycheproof.test.Wycheproof: X25519 shared secret tcId 1 (wycheproof.zig:35)
==3973756==    by 0x10EA277: main (test_runner.zig:278)
==3973756==    by 0x10EA277: callMain (start.zig:627)
==3973756==    by 0x10EA277: callMainWithArgs (start.zig:587)
==3973756==    by 0x10EA277: main (start.zig:602)
==3973756== 
==3973756== Conditional jump or move depends on uninitialised value(s)
==3973756==    at 0x4B1A99C: namemap_add_name (in /nix/store/v89yca35zsb13k51ibz0mcz2rrzjwwrj-openssl-3.6.4/lib/libcrypto.so.3)
==3973756==    by 0x4B1AED3: ossl_namemap_add_names (in /nix/store/v89yca35zsb13k51ibz0mcz2rrzjwwrj-openssl-3.6.4/lib/libcrypto.so.3)
==3973756==    by 0x4AE1537: construct_evp_method (in /nix/store/v89yca35zsb13k51ibz0mcz2rrzjwwrj-openssl-3.6.4/lib/libcrypto.so.3)
==3973756==    by 0x4B1999B: ossl_method_construct_this (in /nix/store/v89yca35zsb13k51ibz0mcz2rrzjwwrj-openssl-3.6.4/lib/libcrypto.so.3)
==3973756==    by 0x4B19647: algorithm_do_this (in /nix/store/v89yca35zsb13k51ibz0mcz2rrzjwwrj-openssl-3.6.4/lib/libcrypto.so.3)
==3973756==    by 0x4B31A53: ossl_provider_doall_activated (in /nix/store/v89yca35zsb13k51ibz0mcz2rrzjwwrj-openssl-3.6.4/lib/libcrypto.so.3)
==3973756==    by 0x4B197FB: ossl_algorithm_do_all (in /nix/store/v89yca35zsb13k51ibz0mcz2rrzjwwrj-openssl-3.6.4/lib/libcrypto.so.3)
==3973756==    by 0x4B19C4F: ossl_method_construct (in /nix/store/v89yca35zsb13k51ibz0mcz2rrzjwwrj-openssl-3.6.4/lib/libcrypto.so.3)
==3973756==    by 0x4AE1F07: evp_generic_fetch (in /nix/store/v89yca35zsb13k51ibz0mcz2rrzjwwrj-openssl-3.6.4/lib/libcrypto.so.3)
==3973756==    by 0x4AFDACF: EVP_PKEY_CTX_new_from_name (in /nix/store/v89yca35zsb13k51ibz0mcz2rrzjwwrj-openssl-3.6.4/lib/libcrypto.so.3)
==3973756==    by 0x4AF7F5B: EVP_PKEY_new_raw_private_key (in /nix/store/v89yca35zsb13k51ibz0mcz2rrzjwwrj-openssl-3.6.4/lib/libcrypto.so.3)
==3973756==    by 0x107FA97: privateKeyFromSecret (backend_openssl.zig:274)
==3973756==    by 0x107FA97: privateKeyFromSecret (backend.zig:222)
==3973756==    by 0x107FA97: privateKey (x25519.zig:45)
==3973756==    by 0x107FA97: x25519.sharedSecret (x25519.zig:64)
==3973756==    by 0x10F0297: wycheproof.test.Wycheproof: X25519 shared secret tcId 1 (wycheproof.zig:35)
==3973756==    by 0x10EA277: main (test_runner.zig:278)
==3973756==    by 0x10EA277: callMain (start.zig:627)
==3973756==    by 0x10EA277: callMainWithArgs (start.zig:587)
==3973756==    by 0x10EA277: main (start.zig:602)
==3973756== 
==3973756== Conditional jump or move depends on uninitialised value(s)
==3973756==    at 0x4B1A9C8: namemap_add_name (in /nix/store/v89yca35zsb13k51ibz0mcz2rrzjwwrj-openssl-3.6.4/lib/libcrypto.so.3)
==3973756==    by 0x4B1AED3: ossl_namemap_add_names (in /nix/store/v89yca35zsb13k51ibz0mcz2rrzjwwrj-openssl-3.6.4/lib/libcrypto.so.3)
==3973756==    by 0x4AE1537: construct_evp_method (in /nix/store/v89yca35zsb13k51ibz0mcz2rrzjwwrj-openssl-3.6.4/lib/libcrypto.so.3)
==3973756==    by 0x4B1999B: ossl_method_construct_this (in /nix/store/v89yca35zsb13k51ibz0mcz2rrzjwwrj-openssl-3.6.4/lib/libcrypto.so.3)
==3973756==    by 0x4B19647: algorithm_do_this (in /nix/store/v89yca35zsb13k51ibz0mcz2rrzjwwrj-openssl-3.6.4/lib/libcrypto.so.3)
==3973756==    by 0x4B31A53: ossl_provider_doall_activated (in /nix/store/v89yca35zsb13k51ibz0mcz2rrzjwwrj-openssl-3.6.4/lib/libcrypto.so.3)
==3973756==    by 0x4B197FB: ossl_algorithm_do_all (in /nix/store/v89yca35zsb13k51ibz0mcz2rrzjwwrj-openssl-3.6.4/lib/libcrypto.so.3)
==3973756==    by 0x4B19C4F: ossl_method_construct (in /nix/store/v89yca35zsb13k51ibz0mcz2rrzjwwrj-openssl-3.6.4/lib/libcrypto.so.3)
==3973756==    by 0x4AE1F07: evp_generic_fetch (in /nix/store/v89yca35zsb13k51ibz0mcz2rrzjwwrj-openssl-3.6.4/lib/libcrypto.so.3)
==3973756==    by 0x4AFDACF: EVP_PKEY_CTX_new_from_name (in /nix/store/v89yca35zsb13k51ibz0mcz2rrzjwwrj-openssl-3.6.4/lib/libcrypto.so.3)
==3973756==    by 0x4AF7F5B: EVP_PKEY_new_raw_private_key (in /nix/store/v89yca35zsb13k51ibz0mcz2rrzjwwrj-openssl-3.6.4/lib/libcrypto.so.3)
==3973756==    by 0x107FA97: privateKeyFromSecret (backend_openssl.zig:274)
==3973756==    by 0x107FA97: privateKeyFromSecret (backend.zig:222)
==3973756==    by 0x107FA97: privateKey (x25519.zig:45)
==3973756==    by 0x107FA97: x25519.sharedSecret (x25519.zig:64)
==3973756==    by 0x10F0297: wycheproof.test.Wycheproof: X25519 shared secret tcId 1 (wycheproof.zig:35)
==3973756==    by 0x10EA277: main (test_runner.zig:278)
==3973756==    by 0x10EA277: callMain (start.zig:627)
==3973756==    by 0x10EA277: callMainWithArgs (start.zig:587)
==3973756==    by 0x10EA277: main (start.zig:602)
==3973756== 
==3973756== Conditional jump or move depends on uninitialised value(s)
==3973756==    at 0x4B1A318: ossl_namemap_name2num (in /nix/store/v89yca35zsb13k51ibz0mcz2rrzjwwrj-openssl-3.6.4/lib/libcrypto.so.3)
==3973756==    by 0x4AE1C1F: evp_generic_fetch (in /nix/store/v89yca35zsb13k51ibz0mcz2rrzjwwrj-openssl-3.6.4/lib/libcrypto.so.3)
==3973756==    by 0x4AE9D7B: EVP_PKEY_derive_init_ex (in /nix/store/v89yca35zsb13k51ibz0mcz2rrzjwwrj-openssl-3.6.4/lib/libcrypto.so.3)
==3973756==    by 0x1089E13: crypto.backend_openssl.sharedSecretDerive (backend_openssl.zig:312)
==3973756==    by 0x107FB5B: sharedSecretDerive (backend.zig:238)
==3973756==    by 0x107FB5B: x25519.sharedSecret (x25519.zig:70)
==3973756==    by 0x10F0297: wycheproof.test.Wycheproof: X25519 shared secret tcId 1 (wycheproof.zig:35)
==3973756==    by 0x10EA277: main (test_runner.zig:278)
==3973756==    by 0x10EA277: callMain (start.zig:627)
==3973756==    by 0x10EA277: callMainWithArgs (start.zig:587)
==3973756==    by 0x10EA277: main (start.zig:602)
==3973756== 
==3973756== Conditional jump or move depends on uninitialised value(s)
==3973756==    at 0x4B1A318: ossl_namemap_name2num (in /nix/store/v89yca35zsb13k51ibz0mcz2rrzjwwrj-openssl-3.6.4/lib/libcrypto.so.3)
==3973756==    by 0x4AE213B: evp_generic_fetch_from_prov (in /nix/store/v89yca35zsb13k51ibz0mcz2rrzjwwrj-openssl-3.6.4/lib/libcrypto.so.3)
==3973756==    by 0x4AE9DA3: EVP_PKEY_derive_init_ex (in /nix/store/v89yca35zsb13k51ibz0mcz2rrzjwwrj-openssl-3.6.4/lib/libcrypto.so.3)
==3973756==    by 0x1089E13: crypto.backend_openssl.sharedSecretDerive (backend_openssl.zig:312)
==3973756==    by 0x107FB5B: sharedSecretDerive (backend.zig:238)
==3973756==    by 0x107FB5B: x25519.sharedSecret (x25519.zig:70)
==3973756==    by 0x10F0297: wycheproof.test.Wycheproof: X25519 shared secret tcId 1 (wycheproof.zig:35)
==3973756==    by 0x10EA277: main (test_runner.zig:278)
==3973756==    by 0x10EA277: callMain (start.zig:627)
==3973756==    by 0x10EA277: callMainWithArgs (start.zig:587)
==3973756==    by 0x10EA277: main (start.zig:602)
==3973756== 
==3973756== Conditional jump or move depends on uninitialised value(s)
==3973756==    at 0x4B1A318: ossl_namemap_name2num (in /nix/store/v89yca35zsb13k51ibz0mcz2rrzjwwrj-openssl-3.6.4/lib/libcrypto.so.3)
==3973756==    by 0x4AE213B: evp_generic_fetch_from_prov (in /nix/store/v89yca35zsb13k51ibz0mcz2rrzjwwrj-openssl-3.6.4/lib/libcrypto.so.3)
==3973756==    by 0x4AEA1A3: EVP_PKEY_derive_set_peer_ex (in /nix/store/v89yca35zsb13k51ibz0mcz2rrzjwwrj-openssl-3.6.4/lib/libcrypto.so.3)
==3973756==    by 0x1089E27: crypto.backend_openssl.sharedSecretDerive (backend_openssl.zig:313)
==3973756==    by 0x107FB5B: sharedSecretDerive (backend.zig:238)
==3973756==    by 0x107FB5B: x25519.sharedSecret (x25519.zig:70)
==3973756==    by 0x10F0297: wycheproof.test.Wycheproof: X25519 shared secret tcId 1 (wycheproof.zig:35)
==3973756==    by 0x10EA277: main (test_runner.zig:278)
==3973756==    by 0x10EA277: callMain (start.zig:627)
==3973756==    by 0x10EA277: callMainWithArgs (start.zig:587)
==3973756==    by 0x10EA277: main (start.zig:602)
==3973756== 
==3973756== Conditional jump or move depends on uninitialised value(s)
==3973756==    at 0x4B1A318: ossl_namemap_name2num (in /nix/store/v89yca35zsb13k51ibz0mcz2rrzjwwrj-openssl-3.6.4/lib/libcrypto.so.3)
==3973756==    by 0x4AE213B: evp_generic_fetch_from_prov (in /nix/store/v89yca35zsb13k51ibz0mcz2rrzjwwrj-openssl-3.6.4/lib/libcrypto.so.3)
==3973756==    by 0x4AF001B: do_sigver_init (in /nix/store/v89yca35zsb13k51ibz0mcz2rrzjwwrj-openssl-3.6.4/lib/libcrypto.so.3)
==3973756==    by 0x4AF06B7: EVP_DigestVerifyInit (in /nix/store/v89yca35zsb13k51ibz0mcz2rrzjwwrj-openssl-3.6.4/lib/libcrypto.so.3)
==3973756==    by 0x109D87F: crypto.backend_openssl.signatureVerify (backend_openssl.zig:931)
==3973756==    by 0x1077D0B: verify (backend.zig:399)
==3973756==    by 0x1077D0B: certificate.verifySignature (certificate.zig:621)
==3973756==    by 0x10A3F23: verifyServerSignature (certificate.zig:554)
==3973756==    by 0x10A3F23: verifyServerSignatureWithSchemes (certificate.zig:566)
==3973756==    by 0x10A3F23: verifyCertificate (ClientHandshake.zig:363)
==3973756==    by 0x10A3F23: ClientHandshake.processFlightMessage (ClientHandshake.zig:1826)
==3973756==    by 0x1080807: processFlightBytes (ClientHandshake.zig:1677)
==3973756==    by 0x1080807: ClientHandshake.processFlight (ClientHandshake.zig:1660)
==3973756==    by 0x107D3CF: processHandshakeRecord (ClientHandshake.zig:1260)
==3973756==    by 0x107D3CF: ClientHandshake.handleRecord (ClientHandshake.zig:1102)
==3973756==    by 0x10F673F: interop.clientInterop (interop.zig:686)
==3973756==    by 0x10F6F63: runClientSuite (interop.zig:472)
==3973756==    by 0x10F6F63: interop.test.OpenSSL s_server interoperates with ztls client (interop.zig:76)
==3973756==    by 0x10EA277: main (test_runner.zig:278)
==3973756==    by 0x10EA277: callMain (start.zig:627)
==3973756==    by 0x10EA277: callMainWithArgs (start.zig:587)
==3973756==    by 0x10EA277: main (start.zig:602)
==3973756== 
==3973756== Conditional jump or move depends on uninitialised value(s)
==3973756==    at 0x4B1A318: ossl_namemap_name2num (in /nix/store/v89yca35zsb13k51ibz0mcz2rrzjwwrj-openssl-3.6.4/lib/libcrypto.so.3)
==3973756==    by 0x4AE1C1F: evp_generic_fetch (in /nix/store/v89yca35zsb13k51ibz0mcz2rrzjwwrj-openssl-3.6.4/lib/libcrypto.so.3)
==3973756==    by 0x4C8BF2F: drbg_ctr_set_ctx_params_locked (in /nix/store/v89yca35zsb13k51ibz0mcz2rrzjwwrj-openssl-3.6.4/lib/libcrypto.so.3)
==3973756==    by 0x4C8C3EF: drbg_ctr_instantiate_wrapper (in /nix/store/v89yca35zsb13k51ibz0mcz2rrzjwwrj-openssl-3.6.4/lib/libcrypto.so.3)
==3973756==    by 0x4AE8BA3: EVP_RAND_instantiate (in /nix/store/v89yca35zsb13k51ibz0mcz2rrzjwwrj-openssl-3.6.4/lib/libcrypto.so.3)
==3973756==    by 0x4B812CB: rand_new_drbg (in /nix/store/v89yca35zsb13k51ibz0mcz2rrzjwwrj-openssl-3.6.4/lib/libcrypto.so.3)
==3973756==    by 0x4B81673: rand_get0_primary (in /nix/store/v89yca35zsb13k51ibz0mcz2rrzjwwrj-openssl-3.6.4/lib/libcrypto.so.3)
==3973756==    by 0x4B81C27: RAND_priv_bytes_ex (in /nix/store/v89yca35zsb13k51ibz0mcz2rrzjwwrj-openssl-3.6.4/lib/libcrypto.so.3)
==3973756==    by 0x4A1F5DB: bnrand_range.constprop.0 (in /nix/store/v89yca35zsb13k51ibz0mcz2rrzjwwrj-openssl-3.6.4/lib/libcrypto.so.3)
==3973756==    by 0x4AA25C7: ossl_ec_GFp_simple_ladder_pre (in /nix/store/v89yca35zsb13k51ibz0mcz2rrzjwwrj-openssl-3.6.4/lib/libcrypto.so.3)
==3973756==    by 0x4A93A2F: ossl_ec_scalar_mul_ladder (in /nix/store/v89yca35zsb13k51ibz0mcz2rrzjwwrj-openssl-3.6.4/lib/libcrypto.so.3)
==3973756==    by 0x4A9229F: EC_POINT_mul (in /nix/store/v89yca35zsb13k51ibz0mcz2rrzjwwrj-openssl-3.6.4/lib/libcrypto.so.3)
==3973756==    by 0x10A4B27: crypto.backend_openssl.p384PrivateKeyFromSecret (backend_openssl.zig:439)
==3973756==    by 0x10A4777: privateKeyFromSecret (backend.zig:276)
==3973756==    by 0x10A4777: privateKey (p384.zig:74)
==3973756==    by 0x10A4777: publicFromSecret (p384.zig:82)
==3973756==    by 0x10A4777: generateDeterministic (p384.zig:38)
==3973756==    by 0x10A4777: next (p384.zig:53)
==3973756==    by 0x10A4777: generateRetry__anon_54852 (p384.zig:63)
==3973756==    by 0x10A4777: p384.KeyPair.generate (p384.zig:34)
==3973756==    by 0x10F61B3: interop.clientInterop (interop.zig:655)
==3973756==    by 0x10FD4D3: interop.runClientGroup (interop.zig:486)
==3973756==    by 0x10FD6EB: interop.test.OpenSSL s_server interoperates with ztls P-384 client (interop.zig:96)
==3973756==    by 0x10EA277: main (test_runner.zig:278)
==3973756==    by 0x10EA277: callMain (start.zig:627)
==3973756==    by 0x10EA277: callMainWithArgs (start.zig:587)
==3973756==    by 0x10EA277: main (start.zig:602)
==3973756== 
==3973756== Conditional jump or move depends on uninitialised value(s)
==3973756==    at 0x4B1A318: ossl_namemap_name2num (in /nix/store/v89yca35zsb13k51ibz0mcz2rrzjwwrj-openssl-3.6.4/lib/libcrypto.so.3)
==3973756==    by 0x4AE213B: evp_generic_fetch_from_prov (in /nix/store/v89yca35zsb13k51ibz0mcz2rrzjwwrj-openssl-3.6.4/lib/libcrypto.so.3)
==3973756==    by 0x4AE9DA3: EVP_PKEY_derive_init_ex (in /nix/store/v89yca35zsb13k51ibz0mcz2rrzjwwrj-openssl-3.6.4/lib/libcrypto.so.3)
==3973756==    by 0x1082F0F: crypto.backend_openssl.p384SharedSecretDerive (backend_openssl.zig:497)
==3973756==    by 0x107FD8F: sharedSecretDerive (backend.zig:288)
==3973756==    by 0x107FD8F: p384.sharedSecret (p384.zig:100)
==3973756==    by 0x107F1FF: ClientHandshake.processServerHello (ClientHandshake.zig:1585)
==3973756==    by 0x107D423: processHandshakeRecord (ClientHandshake.zig:1249)
==3973756==    by 0x107D423: ClientHandshake.handleRecord (ClientHandshake.zig:1102)
==3973756==    by 0x10F673F: interop.clientInterop (interop.zig:686)
==3973756==    by 0x10FD4D3: interop.runClientGroup (interop.zig:486)
==3973756==    by 0x10FD6EB: interop.test.OpenSSL s_server interoperates with ztls P-384 client (interop.zig:96)
==3973756==    by 0x10EA277: main (test_runner.zig:278)
==3973756==    by 0x10EA277: callMain (start.zig:627)
==3973756==    by 0x10EA277: callMainWithArgs (start.zig:587)
==3973756==    by 0x10EA277: main (start.zig:602)
==3973756== 
==3973756== Conditional jump or move depends on uninitialised value(s)
==3973756==    at 0x4B1A318: ossl_namemap_name2num (in /nix/store/v89yca35zsb13k51ibz0mcz2rrzjwwrj-openssl-3.6.4/lib/libcrypto.so.3)
==3973756==    by 0x4AE213B: evp_generic_fetch_from_prov (in /nix/store/v89yca35zsb13k51ibz0mcz2rrzjwwrj-openssl-3.6.4/lib/libcrypto.so.3)
==3973756==    by 0x4AEA1A3: EVP_PKEY_derive_set_peer_ex (in /nix/store/v89yca35zsb13k51ibz0mcz2rrzjwwrj-openssl-3.6.4/lib/libcrypto.so.3)
==3973756==    by 0x1082F23: crypto.backend_openssl.p384SharedSecretDerive (backend_openssl.zig:498)
==3973756==    by 0x107FD8F: sharedSecretDerive (backend.zig:288)
==3973756==    by 0x107FD8F: p384.sharedSecret (p384.zig:100)
==3973756==    by 0x107F1FF: ClientHandshake.processServerHello (ClientHandshake.zig:1585)
==3973756==    by 0x107D423: processHandshakeRecord (ClientHandshake.zig:1249)
==3973756==    by 0x107D423: ClientHandshake.handleRecord (ClientHandshake.zig:1102)
==3973756==    by 0x10F673F: interop.clientInterop (interop.zig:686)
==3973756==    by 0x10FD4D3: interop.runClientGroup (interop.zig:486)
==3973756==    by 0x10FD6EB: interop.test.OpenSSL s_server interoperates with ztls P-384 client (interop.zig:96)
==3973756==    by 0x10EA277: main (test_runner.zig:278)
==3973756==    by 0x10EA277: callMain (start.zig:627)
==3973756==    by 0x10EA277: callMainWithArgs (start.zig:587)
==3973756==    by 0x10EA277: main (start.zig:602)
==3973756== 
==3973756== Conditional jump or move depends on uninitialised value(s)
==3973756==    at 0x4B1A318: ossl_namemap_name2num (in /nix/store/v89yca35zsb13k51ibz0mcz2rrzjwwrj-openssl-3.6.4/lib/libcrypto.so.3)
==3973756==    by 0x4AE1C1F: evp_generic_fetch (in /nix/store/v89yca35zsb13k51ibz0mcz2rrzjwwrj-openssl-3.6.4/lib/libcrypto.so.3)
==3973756==    by 0x4AEC81F: evp_kem_init (in /nix/store/v89yca35zsb13k51ibz0mcz2rrzjwwrj-openssl-3.6.4/lib/libcrypto.so.3)
==3973756==    by 0x1082D0F: kemDecapsulate (backend_openssl.zig:250)
==3973756==    by 0x1082D0F: mlkem.decapsulate (mlkem.zig:129)
==3973756==    by 0x107FF67: hybrid_kex.decapsulate (hybrid_kex.zig:190)
==3973756==    by 0x107F337: ClientHandshake.processServerHello (ClientHandshake.zig:1597)
==3973756==    by 0x107D423: processHandshakeRecord (ClientHandshake.zig:1249)
==3973756==    by 0x107D423: ClientHandshake.handleRecord (ClientHandshake.zig:1102)
==3973756==    by 0x10F673F: interop.clientInterop (interop.zig:686)
==3973756==    by 0x10FD4D3: interop.runClientGroup (interop.zig:486)
==3973756==    by 0x10FD9AF: interop.test.OpenSSL s_server interoperates with ztls RFC 10024 client groups (interop.zig:117)
==3973756==    by 0x10EA277: main (test_runner.zig:278)
==3973756==    by 0x10EA277: callMain (start.zig:627)
==3973756==    by 0x10EA277: callMainWithArgs (start.zig:587)
==3973756==    by 0x10EA277: main (start.zig:602)
==3973756== 
==3973756== Conditional jump or move depends on uninitialised value(s)
==3973756==    at 0x4B1A318: ossl_namemap_name2num (in /nix/store/v89yca35zsb13k51ibz0mcz2rrzjwwrj-openssl-3.6.4/lib/libcrypto.so.3)
==3973756==    by 0x4AE213B: evp_generic_fetch_from_prov (in /nix/store/v89yca35zsb13k51ibz0mcz2rrzjwwrj-openssl-3.6.4/lib/libcrypto.so.3)
==3973756==    by 0x4AEC847: evp_kem_init (in /nix/store/v89yca35zsb13k51ibz0mcz2rrzjwwrj-openssl-3.6.4/lib/libcrypto.so.3)
==3973756==    by 0x1082D0F: kemDecapsulate (backend_openssl.zig:250)
==3973756==    by 0x1082D0F: mlkem.decapsulate (mlkem.zig:129)
==3973756==    by 0x107FF67: hybrid_kex.decapsulate (hybrid_kex.zig:190)
==3973756==    by 0x107F337: ClientHandshake.processServerHello (ClientHandshake.zig:1597)
==3973756==    by 0x107D423: processHandshakeRecord (ClientHandshake.zig:1249)
==3973756==    by 0x107D423: ClientHandshake.handleRecord (ClientHandshake.zig:1102)
==3973756==    by 0x10F673F: interop.clientInterop (interop.zig:686)
==3973756==    by 0x10FD4D3: interop.runClientGroup (interop.zig:486)
==3973756==    by 0x10FD9AF: interop.test.OpenSSL s_server interoperates with ztls RFC 10024 client groups (interop.zig:117)
==3973756==    by 0x10EA277: main (test_runner.zig:278)
==3973756==    by 0x10EA277: callMain (start.zig:627)
==3973756==    by 0x10EA277: callMainWithArgs (start.zig:587)
==3973756==    by 0x10EA277: main (start.zig:602)
==3973756== 
==3973756== Conditional jump or move depends on uninitialised value(s)
==3973756==    at 0x4B1A318: ossl_namemap_name2num (in /nix/store/v89yca35zsb13k51ibz0mcz2rrzjwwrj-openssl-3.6.4/lib/libcrypto.so.3)
==3973756==    by 0x4AE213B: evp_generic_fetch_from_prov (in /nix/store/v89yca35zsb13k51ibz0mcz2rrzjwwrj-openssl-3.6.4/lib/libcrypto.so.3)
==3973756==    by 0x4AE9DA3: EVP_PKEY_derive_init_ex (in /nix/store/v89yca35zsb13k51ibz0mcz2rrzjwwrj-openssl-3.6.4/lib/libcrypto.so.3)
==3973756==    by 0x1082E2F: crypto.backend_openssl.p256SharedSecretDerive (backend_openssl.zig:410)
==3973756==    by 0x107FC57: sharedSecretDerive (backend.zig:263)
==3973756==    by 0x107FC57: p256.sharedSecret (p256.zig:102)
==3973756==    by 0x10A3903: hybrid_kex.deriveClassicalSecret (hybrid_kex.zig:248)
==3973756==    by 0x107FF3B: hybrid_kex.decapsulate (hybrid_kex.zig:181)
==3973756==    by 0x107F337: ClientHandshake.processServerHello (ClientHandshake.zig:1597)
==3973756==    by 0x107D423: processHandshakeRecord (ClientHandshake.zig:1249)
==3973756==    by 0x107D423: ClientHandshake.handleRecord (ClientHandshake.zig:1102)
==3973756==    by 0x10F673F: interop.clientInterop (interop.zig:686)
==3973756==    by 0x10FD4D3: interop.runClientGroup (interop.zig:486)
==3973756==    by 0x10FD9DB: interop.test.OpenSSL s_server interoperates with ztls RFC 10024 client groups (interop.zig:117)
==3973756==    by 0x10EA277: main (test_runner.zig:278)
==3973756==    by 0x10EA277: callMain (start.zig:627)
==3973756==    by 0x10EA277: callMainWithArgs (start.zig:587)
==3973756==    by 0x10EA277: main (start.zig:602)
==3973756== 
==3973756== Conditional jump or move depends on uninitialised value(s)
==3973756==    at 0x4B1A318: ossl_namemap_name2num (in /nix/store/v89yca35zsb13k51ibz0mcz2rrzjwwrj-openssl-3.6.4/lib/libcrypto.so.3)
==3973756==    by 0x4AE213B: evp_generic_fetch_from_prov (in /nix/store/v89yca35zsb13k51ibz0mcz2rrzjwwrj-openssl-3.6.4/lib/libcrypto.so.3)
==3973756==    by 0x4AEA1A3: EVP_PKEY_derive_set_peer_ex (in /nix/store/v89yca35zsb13k51ibz0mcz2rrzjwwrj-openssl-3.6.4/lib/libcrypto.so.3)
==3973756==    by 0x1082E43: crypto.backend_openssl.p256SharedSecretDerive (backend_openssl.zig:411)
==3973756==    by 0x107FC57: sharedSecretDerive (backend.zig:263)
==3973756==    by 0x107FC57: p256.sharedSecret (p256.zig:102)
==3973756==    by 0x10A3903: hybrid_kex.deriveClassicalSecret (hybrid_kex.zig:248)
==3973756==    by 0x107FF3B: hybrid_kex.decapsulate (hybrid_kex.zig:181)
==3973756==    by 0x107F337: ClientHandshake.processServerHello (ClientHandshake.zig:1597)
==3973756==    by 0x107D423: processHandshakeRecord (ClientHandshake.zig:1249)
==3973756==    by 0x107D423: ClientHandshake.handleRecord (ClientHandshake.zig:1102)
==3973756==    by 0x10F673F: interop.clientInterop (interop.zig:686)
==3973756==    by 0x10FD4D3: interop.runClientGroup (interop.zig:486)
==3973756==    by 0x10FD9DB: interop.test.OpenSSL s_server interoperates with ztls RFC 10024 client groups (interop.zig:117)
==3973756==    by 0x10EA277: main (test_runner.zig:278)
==3973756==    by 0x10EA277: callMain (start.zig:627)
==3973756==    by 0x10EA277: callMainWithArgs (start.zig:587)
==3973756==    by 0x10EA277: main (start.zig:602)
==3973756== 
==3973756== Thread 2:
==3973756== Conditional jump or move depends on uninitialised value(s)
==3973756==    at 0x4B1A318: ossl_namemap_name2num (in /nix/store/v89yca35zsb13k51ibz0mcz2rrzjwwrj-openssl-3.6.4/lib/libcrypto.so.3)
==3973756==    by 0x4AE213B: evp_generic_fetch_from_prov (in /nix/store/v89yca35zsb13k51ibz0mcz2rrzjwwrj-openssl-3.6.4/lib/libcrypto.so.3)
==3973756==    by 0x4AF001B: do_sigver_init (in /nix/store/v89yca35zsb13k51ibz0mcz2rrzjwwrj-openssl-3.6.4/lib/libcrypto.so.3)
==3973756==    by 0x4AF05EF: EVP_DigestSignInit (in /nix/store/v89yca35zsb13k51ibz0mcz2rrzjwwrj-openssl-3.6.4/lib/libcrypto.so.3)
==3973756==    by 0x10A65FB: crypto.backend_openssl.signatureSign (backend_openssl.zig:903)
==3973756==    by 0x10A6507: sign (backend.zig:389)
==3973756==    by 0x10A6507: sign (signature.zig:88)
==3973756==    by 0x10A6507: signature.PrivateKey.signOpaque (signature.zig:84)
==3973756==    by 0x108721F: ServerHandshake.encodeAuthenticatedFlight (ServerHandshake.zig:1942)
==3973756==    by 0x10878C7: ServerHandshake.sendPreparedServerFlight (ServerHandshake.zig:1883)
==3973756==    by 0x1102C37: interop.serve (interop.zig:1270)
==3973756==    by 0x11019A3: serverThread (interop.zig:1199)
==3973756==    by 0x11019A3: callFn__anon_408198 (Thread.zig:528)
==3973756==    by 0x11019A3: Thread.PosixThreadImpl.spawn__anon_408126.Instance.entryFn (Thread.zig:781)
==3973756==    by 0x4FB2D7F: start_thread (in /nix/store/m54cs0m994hc3n9lax7sg98sgy729qsa-glibc-2.42-84/lib/libc.so.6)
==3973756==    by 0x5021FAB: thread_start (in /nix/store/m54cs0m994hc3n9lax7sg98sgy729qsa-glibc-2.42-84/lib/libc.so.6)
==3973756== 
==3973756== Conditional jump or move depends on uninitialised value(s)
==3973756==    at 0x4B1A318: ossl_namemap_name2num (in /nix/store/v89yca35zsb13k51ibz0mcz2rrzjwwrj-openssl-3.6.4/lib/libcrypto.so.3)
==3973756==    by 0x4AE1C1F: evp_generic_fetch (in /nix/store/v89yca35zsb13k51ibz0mcz2rrzjwwrj-openssl-3.6.4/lib/libcrypto.so.3)
==3973756==    by 0x4AEC81F: evp_kem_init (in /nix/store/v89yca35zsb13k51ibz0mcz2rrzjwwrj-openssl-3.6.4/lib/libcrypto.so.3)
==3973756==    by 0x1082BF3: kemEncapsulate (backend_openssl.zig:219)
==3973756==    by 0x1082BF3: mlkem.encapsulate (mlkem.zig:109)
==3973756==    by 0x10AACBF: hybrid_kex.encapsulate (hybrid_kex.zig:144)
==3973756==    by 0x10854B7: encapsulateHybrid (ServerHandshake.zig:1066)
==3973756==    by 0x10854B7: selectHybridShare (ServerHandshake.zig:1085)
==3973756==    by 0x10854B7: ServerHandshake.processClientHelloMessage (ServerHandshake.zig:1261)
==3973756==    by 0x1088F53: handleClientHelloRecord (ServerHandshake.zig:2347)
==3973756==    by 0x1088F53: handleWaitClientHello (ServerHandshake.zig:2232)
==3973756==    by 0x1088F53: ServerHandshake.handleRecord (ServerHandshake.zig:2173)
==3973756==    by 0x1102A87: interop.serve (interop.zig:1265)
==3973756==    by 0x11019A3: serverThread (interop.zig:1199)
==3973756==    by 0x11019A3: callFn__anon_408198 (Thread.zig:528)
==3973756==    by 0x11019A3: Thread.PosixThreadImpl.spawn__anon_408126.Instance.entryFn (Thread.zig:781)
==3973756==    by 0x4FB2D7F: start_thread (in /nix/store/m54cs0m994hc3n9lax7sg98sgy729qsa-glibc-2.42-84/lib/libc.so.6)
==3973756==    by 0x5021FAB: thread_start (in /nix/store/m54cs0m994hc3n9lax7sg98sgy729qsa-glibc-2.42-84/lib/libc.so.6)
==3973756== 
==3973756== Conditional jump or move depends on uninitialised value(s)
==3973756==    at 0x4B1A318: ossl_namemap_name2num (in /nix/store/v89yca35zsb13k51ibz0mcz2rrzjwwrj-openssl-3.6.4/lib/libcrypto.so.3)
==3973756==    by 0x4AE213B: evp_generic_fetch_from_prov (in /nix/store/v89yca35zsb13k51ibz0mcz2rrzjwwrj-openssl-3.6.4/lib/libcrypto.so.3)
==3973756==    by 0x4AEC847: evp_kem_init (in /nix/store/v89yca35zsb13k51ibz0mcz2rrzjwwrj-openssl-3.6.4/lib/libcrypto.so.3)
==3973756==    by 0x1082BF3: kemEncapsulate (backend_openssl.zig:219)
==3973756==    by 0x1082BF3: mlkem.encapsulate (mlkem.zig:109)
==3973756==    by 0x10AACBF: hybrid_kex.encapsulate (hybrid_kex.zig:144)
==3973756==    by 0x10854B7: encapsulateHybrid (ServerHandshake.zig:1066)
==3973756==    by 0x10854B7: selectHybridShare (ServerHandshake.zig:1085)
==3973756==    by 0x10854B7: ServerHandshake.processClientHelloMessage (ServerHandshake.zig:1261)
==3973756==    by 0x1088F53: handleClientHelloRecord (ServerHandshake.zig:2347)
==3973756==    by 0x1088F53: handleWaitClientHello (ServerHandshake.zig:2232)
==3973756==    by 0x1088F53: ServerHandshake.handleRecord (ServerHandshake.zig:2173)
==3973756==    by 0x1102A87: interop.serve (interop.zig:1265)
==3973756==    by 0x11019A3: serverThread (interop.zig:1199)
==3973756==    by 0x11019A3: callFn__anon_408198 (Thread.zig:528)
==3973756==    by 0x11019A3: Thread.PosixThreadImpl.spawn__anon_408126.Instance.entryFn (Thread.zig:781)
==3973756==    by 0x4FB2D7F: start_thread (in /nix/store/m54cs0m994hc3n9lax7sg98sgy729qsa-glibc-2.42-84/lib/libc.so.6)
==3973756==    by 0x5021FAB: thread_start (in /nix/store/m54cs0m994hc3n9lax7sg98sgy729qsa-glibc-2.42-84/lib/libc.so.6)
==3973756== 
==3973756== Thread 1:
==3973756== Conditional jump or move depends on uninitialised value(s)
==3973756==    at 0x4B1A318: ossl_namemap_name2num (in /nix/store/v89yca35zsb13k51ibz0mcz2rrzjwwrj-openssl-3.6.4/lib/libcrypto.so.3)
==3973756==    by 0x4B1AE8B: ossl_namemap_add_names (in /nix/store/v89yca35zsb13k51ibz0mcz2rrzjwwrj-openssl-3.6.4/lib/libcrypto.so.3)
==3973756==    by 0x4AA995B: construct_decoder (in /nix/store/v89yca35zsb13k51ibz0mcz2rrzjwwrj-openssl-3.6.4/lib/libcrypto.so.3)
==3973756==    by 0x4B1999B: ossl_method_construct_this (in /nix/store/v89yca35zsb13k51ibz0mcz2rrzjwwrj-openssl-3.6.4/lib/libcrypto.so.3)
==3973756==    by 0x4B19647: algorithm_do_this (in /nix/store/v89yca35zsb13k51ibz0mcz2rrzjwwrj-openssl-3.6.4/lib/libcrypto.so.3)
==3973756==    by 0x4B31A53: ossl_provider_doall_activated (in /nix/store/v89yca35zsb13k51ibz0mcz2rrzjwwrj-openssl-3.6.4/lib/libcrypto.so.3)
==3973756==    by 0x4B197FB: ossl_algorithm_do_all (in /nix/store/v89yca35zsb13k51ibz0mcz2rrzjwwrj-openssl-3.6.4/lib/libcrypto.so.3)
==3973756==    by 0x4B19C4F: ossl_method_construct (in /nix/store/v89yca35zsb13k51ibz0mcz2rrzjwwrj-openssl-3.6.4/lib/libcrypto.so.3)
==3973756==    by 0x4AAA1BF: OSSL_DECODER_do_all_provided (in /nix/store/v89yca35zsb13k51ibz0mcz2rrzjwwrj-openssl-3.6.4/lib/libcrypto.so.3)
==3973756==    by 0x4AAB96F: OSSL_DECODER_CTX_new_for_pkey (in /nix/store/v89yca35zsb13k51ibz0mcz2rrzjwwrj-openssl-3.6.4/lib/libcrypto.so.3)
==3973756==    by 0x4B6927F: pem_read_bio_key (in /nix/store/v89yca35zsb13k51ibz0mcz2rrzjwwrj-openssl-3.6.4/lib/libcrypto.so.3)
==3973756==    by 0x110CE77: privateKeyFromPem (backend_openssl.zig:752)
==3973756==    by 0x110CE77: privateKeyFromPem (backend.zig:350)
==3973756==    by 0x110CE77: crypto.backend_primitive_tests.test.backend.sign: RSA-PSS SHA-256 sign/verify round-trip (backend_primitive_tests.zig:645)
==3973756==    by 0x10EA277: main (test_runner.zig:278)
==3973756==    by 0x10EA277: callMain (start.zig:627)
==3973756==    by 0x10EA277: callMainWithArgs (start.zig:587)
==3973756==    by 0x10EA277: main (start.zig:602)
==3973756== 
==3973756== Conditional jump or move depends on uninitialised value(s)
==3973756==    at 0x4B1A318: ossl_namemap_name2num (in /nix/store/v89yca35zsb13k51ibz0mcz2rrzjwwrj-openssl-3.6.4/lib/libcrypto.so.3)
==3973756==    by 0x4B1A72B: namemap_add_name (in /nix/store/v89yca35zsb13k51ibz0mcz2rrzjwwrj-openssl-3.6.4/lib/libcrypto.so.3)
==3973756==    by 0x4B1AED3: ossl_namemap_add_names (in /nix/store/v89yca35zsb13k51ibz0mcz2rrzjwwrj-openssl-3.6.4/lib/libcrypto.so.3)
==3973756==    by 0x4AA995B: construct_decoder (in /nix/store/v89yca35zsb13k51ibz0mcz2rrzjwwrj-openssl-3.6.4/lib/libcrypto.so.3)
==3973756==    by 0x4B1999B: ossl_method_construct_this (in /nix/store/v89yca35zsb13k51ibz0mcz2rrzjwwrj-openssl-3.6.4/lib/libcrypto.so.3)
==3973756==    by 0x4B19647: algorithm_do_this (in /nix/store/v89yca35zsb13k51ibz0mcz2rrzjwwrj-openssl-3.6.4/lib/libcrypto.so.3)
==3973756==    by 0x4B31A53: ossl_provider_doall_activated (in /nix/store/v89yca35zsb13k51ibz0mcz2rrzjwwrj-openssl-3.6.4/lib/libcrypto.so.3)
==3973756==    by 0x4B197FB: ossl_algorithm_do_all (in /nix/store/v89yca35zsb13k51ibz0mcz2rrzjwwrj-openssl-3.6.4/lib/libcrypto.so.3)
==3973756==    by 0x4B19C4F: ossl_method_construct (in /nix/store/v89yca35zsb13k51ibz0mcz2rrzjwwrj-openssl-3.6.4/lib/libcrypto.so.3)
==3973756==    by 0x4AAA1BF: OSSL_DECODER_do_all_provided (in /nix/store/v89yca35zsb13k51ibz0mcz2rrzjwwrj-openssl-3.6.4/lib/libcrypto.so.3)
==3973756==    by 0x4AAB96F: OSSL_DECODER_CTX_new_for_pkey (in /nix/store/v89yca35zsb13k51ibz0mcz2rrzjwwrj-openssl-3.6.4/lib/libcrypto.so.3)
==3973756==    by 0x4B6927F: pem_read_bio_key (in /nix/store/v89yca35zsb13k51ibz0mcz2rrzjwwrj-openssl-3.6.4/lib/libcrypto.so.3)
==3973756==    by 0x110CE77: privateKeyFromPem (backend_openssl.zig:752)
==3973756==    by 0x110CE77: privateKeyFromPem (backend.zig:350)
==3973756==    by 0x110CE77: crypto.backend_primitive_tests.test.backend.sign: RSA-PSS SHA-256 sign/verify round-trip (backend_primitive_tests.zig:645)
==3973756==    by 0x10EA277: main (test_runner.zig:278)
==3973756==    by 0x10EA277: callMain (start.zig:627)
==3973756==    by 0x10EA277: callMainWithArgs (start.zig:587)
==3973756==    by 0x10EA277: main (start.zig:602)
==3973756== 
==3973756== Conditional jump or move depends on uninitialised value(s)
==3973756==    at 0x4B1A344: ossl_namemap_name2num (in /nix/store/v89yca35zsb13k51ibz0mcz2rrzjwwrj-openssl-3.6.4/lib/libcrypto.so.3)
==3973756==    by 0x4B1AE8B: ossl_namemap_add_names (in /nix/store/v89yca35zsb13k51ibz0mcz2rrzjwwrj-openssl-3.6.4/lib/libcrypto.so.3)
==3973756==    by 0x4AA995B: construct_decoder (in /nix/store/v89yca35zsb13k51ibz0mcz2rrzjwwrj-openssl-3.6.4/lib/libcrypto.so.3)
==3973756==    by 0x4B1999B: ossl_method_construct_this (in /nix/store/v89yca35zsb13k51ibz0mcz2rrzjwwrj-openssl-3.6.4/lib/libcrypto.so.3)
==3973756==    by 0x4B19647: algorithm_do_this (in /nix/store/v89yca35zsb13k51ibz0mcz2rrzjwwrj-openssl-3.6.4/lib/libcrypto.so.3)
==3973756==    by 0x4B31A53: ossl_provider_doall_activated (in /nix/store/v89yca35zsb13k51ibz0mcz2rrzjwwrj-openssl-3.6.4/lib/libcrypto.so.3)
==3973756==    by 0x4B197FB: ossl_algorithm_do_all (in /nix/store/v89yca35zsb13k51ibz0mcz2rrzjwwrj-openssl-3.6.4/lib/libcrypto.so.3)
==3973756==    by 0x4B19C4F: ossl_method_construct (in /nix/store/v89yca35zsb13k51ibz0mcz2rrzjwwrj-openssl-3.6.4/lib/libcrypto.so.3)
==3973756==    by 0x4AAA1BF: OSSL_DECODER_do_all_provided (in /nix/store/v89yca35zsb13k51ibz0mcz2rrzjwwrj-openssl-3.6.4/lib/libcrypto.so.3)
==3973756==    by 0x4AAB96F: OSSL_DECODER_CTX_new_for_pkey (in /nix/store/v89yca35zsb13k51ibz0mcz2rrzjwwrj-openssl-3.6.4/lib/libcrypto.so.3)
==3973756==    by 0x4B6927F: pem_read_bio_key (in /nix/store/v89yca35zsb13k51ibz0mcz2rrzjwwrj-openssl-3.6.4/lib/libcrypto.so.3)
==3973756==    by 0x110CE77: privateKeyFromPem (backend_openssl.zig:752)
==3973756==    by 0x110CE77: privateKeyFromPem (backend.zig:350)
==3973756==    by 0x110CE77: crypto.backend_primitive_tests.test.backend.sign: RSA-PSS SHA-256 sign/verify round-trip (backend_primitive_tests.zig:645)
==3973756==    by 0x10EA277: main (test_runner.zig:278)
==3973756==    by 0x10EA277: callMain (start.zig:627)
==3973756==    by 0x10EA277: callMainWithArgs (start.zig:587)
==3973756==    by 0x10EA277: main (start.zig:602)
==3973756== 
==3973756== Conditional jump or move depends on uninitialised value(s)
==3973756==    at 0x4B1A344: ossl_namemap_name2num (in /nix/store/v89yca35zsb13k51ibz0mcz2rrzjwwrj-openssl-3.6.4/lib/libcrypto.so.3)
==3973756==    by 0x4B1A72B: namemap_add_name (in /nix/store/v89yca35zsb13k51ibz0mcz2rrzjwwrj-openssl-3.6.4/lib/libcrypto.so.3)
==3973756==    by 0x4B1AED3: ossl_namemap_add_names (in /nix/store/v89yca35zsb13k51ibz0mcz2rrzjwwrj-openssl-3.6.4/lib/libcrypto.so.3)
==3973756==    by 0x4AA995B: construct_decoder (in /nix/store/v89yca35zsb13k51ibz0mcz2rrzjwwrj-openssl-3.6.4/lib/libcrypto.so.3)
==3973756==    by 0x4B1999B: ossl_method_construct_this (in /nix/store/v89yca35zsb13k51ibz0mcz2rrzjwwrj-openssl-3.6.4/lib/libcrypto.so.3)
==3973756==    by 0x4B19647: algorithm_do_this (in /nix/store/v89yca35zsb13k51ibz0mcz2rrzjwwrj-openssl-3.6.4/lib/libcrypto.so.3)
==3973756==    by 0x4B31A53: ossl_provider_doall_activated (in /nix/store/v89yca35zsb13k51ibz0mcz2rrzjwwrj-openssl-3.6.4/lib/libcrypto.so.3)
==3973756==    by 0x4B197FB: ossl_algorithm_do_all (in /nix/store/v89yca35zsb13k51ibz0mcz2rrzjwwrj-openssl-3.6.4/lib/libcrypto.so.3)
==3973756==    by 0x4B19C4F: ossl_method_construct (in /nix/store/v89yca35zsb13k51ibz0mcz2rrzjwwrj-openssl-3.6.4/lib/libcrypto.so.3)
==3973756==    by 0x4AAA1BF: OSSL_DECODER_do_all_provided (in /nix/store/v89yca35zsb13k51ibz0mcz2rrzjwwrj-openssl-3.6.4/lib/libcrypto.so.3)
==3973756==    by 0x4AAB96F: OSSL_DECODER_CTX_new_for_pkey (in /nix/store/v89yca35zsb13k51ibz0mcz2rrzjwwrj-openssl-3.6.4/lib/libcrypto.so.3)
==3973756==    by 0x4B6927F: pem_read_bio_key (in /nix/store/v89yca35zsb13k51ibz0mcz2rrzjwwrj-openssl-3.6.4/lib/libcrypto.so.3)
==3973756==    by 0x110CE77: privateKeyFromPem (backend_openssl.zig:752)
==3973756==    by 0x110CE77: privateKeyFromPem (backend.zig:350)
==3973756==    by 0x110CE77: crypto.backend_primitive_tests.test.backend.sign: RSA-PSS SHA-256 sign/verify round-trip (backend_primitive_tests.zig:645)
==3973756==    by 0x10EA277: main (test_runner.zig:278)
==3973756==    by 0x10EA277: callMain (start.zig:627)
==3973756==    by 0x10EA277: callMainWithArgs (start.zig:587)
==3973756==    by 0x10EA277: main (start.zig:602)
==3973756== 
==3973756== Conditional jump or move depends on uninitialised value(s)
==3973756==    at 0x4B1A99C: namemap_add_name (in /nix/store/v89yca35zsb13k51ibz0mcz2rrzjwwrj-openssl-3.6.4/lib/libcrypto.so.3)
==3973756==    by 0x4B1AED3: ossl_namemap_add_names (in /nix/store/v89yca35zsb13k51ibz0mcz2rrzjwwrj-openssl-3.6.4/lib/libcrypto.so.3)
==3973756==    by 0x4AA995B: construct_decoder (in /nix/store/v89yca35zsb13k51ibz0mcz2rrzjwwrj-openssl-3.6.4/lib/libcrypto.so.3)
==3973756==    by 0x4B1999B: ossl_method_construct_this (in /nix/store/v89yca35zsb13k51ibz0mcz2rrzjwwrj-openssl-3.6.4/lib/libcrypto.so.3)
==3973756==    by 0x4B19647: algorithm_do_this (in /nix/store/v89yca35zsb13k51ibz0mcz2rrzjwwrj-openssl-3.6.4/lib/libcrypto.so.3)
==3973756==    by 0x4B31A53: ossl_provider_doall_activated (in /nix/store/v89yca35zsb13k51ibz0mcz2rrzjwwrj-openssl-3.6.4/lib/libcrypto.so.3)
==3973756==    by 0x4B197FB: ossl_algorithm_do_all (in /nix/store/v89yca35zsb13k51ibz0mcz2rrzjwwrj-openssl-3.6.4/lib/libcrypto.so.3)
==3973756==    by 0x4B19C4F: ossl_method_construct (in /nix/store/v89yca35zsb13k51ibz0mcz2rrzjwwrj-openssl-3.6.4/lib/libcrypto.so.3)
==3973756==    by 0x4AAA1BF: OSSL_DECODER_do_all_provided (in /nix/store/v89yca35zsb13k51ibz0mcz2rrzjwwrj-openssl-3.6.4/lib/libcrypto.so.3)
==3973756==    by 0x4AAB96F: OSSL_DECODER_CTX_new_for_pkey (in /nix/store/v89yca35zsb13k51ibz0mcz2rrzjwwrj-openssl-3.6.4/lib/libcrypto.so.3)
==3973756==    by 0x4B6927F: pem_read_bio_key (in /nix/store/v89yca35zsb13k51ibz0mcz2rrzjwwrj-openssl-3.6.4/lib/libcrypto.so.3)
==3973756==    by 0x110CE77: privateKeyFromPem (backend_openssl.zig:752)
==3973756==    by 0x110CE77: privateKeyFromPem (backend.zig:350)
==3973756==    by 0x110CE77: crypto.backend_primitive_tests.test.backend.sign: RSA-PSS SHA-256 sign/verify round-trip (backend_primitive_tests.zig:645)
==3973756==    by 0x10EA277: main (test_runner.zig:278)
==3973756==    by 0x10EA277: callMain (start.zig:627)
==3973756==    by 0x10EA277: callMainWithArgs (start.zig:587)
==3973756==    by 0x10EA277: main (start.zig:602)
==3973756== 
==3973756== Conditional jump or move depends on uninitialised value(s)
==3973756==    at 0x4B22868: OPENSSL_strlcat (in /nix/store/v89yca35zsb13k51ibz0mcz2rrzjwwrj-openssl-3.6.4/lib/libcrypto.so.3)
==3973756==    by 0x4AB9F8F: ERR_add_error_vdata (in /nix/store/v89yca35zsb13k51ibz0mcz2rrzjwwrj-openssl-3.6.4/lib/libcrypto.so.3)
==3973756==    by 0x4ABA21B: ERR_add_error_data (in /nix/store/v89yca35zsb13k51ibz0mcz2rrzjwwrj-openssl-3.6.4/lib/libcrypto.so.3)
==3973756==    by 0x49E882F: asn1_item_embed_d2i (in /nix/store/v89yca35zsb13k51ibz0mcz2rrzjwwrj-openssl-3.6.4/lib/libcrypto.so.3)
==3973756==    by 0x49E9397: asn1_template_noexp_d2i (in /nix/store/v89yca35zsb13k51ibz0mcz2rrzjwwrj-openssl-3.6.4/lib/libcrypto.so.3)
==3973756==    by 0x49E8ABB: asn1_item_embed_d2i (in /nix/store/v89yca35zsb13k51ibz0mcz2rrzjwwrj-openssl-3.6.4/lib/libcrypto.so.3)
==3973756==    by 0x49E8F9B: ASN1_item_d2i_ex (in /nix/store/v89yca35zsb13k51ibz0mcz2rrzjwwrj-openssl-3.6.4/lib/libcrypto.so.3)
==3973756==    by 0x4C36A83: ossl_epki2pki_der_decode (in /nix/store/v89yca35zsb13k51ibz0mcz2rrzjwwrj-openssl-3.6.4/lib/libcrypto.so.3)
==3973756==    by 0x4C37B47: pem2der_decode (in /nix/store/v89yca35zsb13k51ibz0mcz2rrzjwwrj-openssl-3.6.4/lib/libcrypto.so.3)
==3973756==    by 0x4AA8B33: decoder_process (in /nix/store/v89yca35zsb13k51ibz0mcz2rrzjwwrj-openssl-3.6.4/lib/libcrypto.so.3)
==3973756==    by 0x4AA8D1F: OSSL_DECODER_from_bio (in /nix/store/v89yca35zsb13k51ibz0mcz2rrzjwwrj-openssl-3.6.4/lib/libcrypto.so.3)
==3973756==    by 0x4B692DF: pem_read_bio_key (in /nix/store/v89yca35zsb13k51ibz0mcz2rrzjwwrj-openssl-3.6.4/lib/libcrypto.so.3)
==3973756==    by 0x110CE77: privateKeyFromPem (backend_openssl.zig:752)
==3973756==    by 0x110CE77: privateKeyFromPem (backend.zig:350)
==3973756==    by 0x110CE77: crypto.backend_primitive_tests.test.backend.sign: RSA-PSS SHA-256 sign/verify round-trip (backend_primitive_tests.zig:645)
==3973756==    by 0x10EA277: main (test_runner.zig:278)
==3973756==    by 0x10EA277: callMain (start.zig:627)
==3973756==    by 0x10EA277: callMainWithArgs (start.zig:587)
==3973756==    by 0x10EA277: main (start.zig:602)
==3973756==  Uninitialised value was created by a heap allocation
==3973756==    at 0x4885E30: malloc (in /nix/store/z7z886xwghzv19mmrc74ixcxph2b37mc-valgrind-3.27.1/libexec/valgrind/vgpreload_memcheck-arm64-linux.so)
==3973756==    by 0x4B1FDE7: CRYPTO_malloc (in /nix/store/v89yca35zsb13k51ibz0mcz2rrzjwwrj-openssl-3.6.4/lib/libcrypto.so.3)
==3973756==    by 0x4ABA0AB: ERR_add_error_vdata (in /nix/store/v89yca35zsb13k51ibz0mcz2rrzjwwrj-openssl-3.6.4/lib/libcrypto.so.3)
==3973756==    by 0x4ABA21B: ERR_add_error_data (in /nix/store/v89yca35zsb13k51ibz0mcz2rrzjwwrj-openssl-3.6.4/lib/libcrypto.so.3)
==3973756==    by 0x49E882F: asn1_item_embed_d2i (in /nix/store/v89yca35zsb13k51ibz0mcz2rrzjwwrj-openssl-3.6.4/lib/libcrypto.so.3)
==3973756==    by 0x49E9397: asn1_template_noexp_d2i (in /nix/store/v89yca35zsb13k51ibz0mcz2rrzjwwrj-openssl-3.6.4/lib/libcrypto.so.3)
==3973756==    by 0x49E8ABB: asn1_item_embed_d2i (in /nix/store/v89yca35zsb13k51ibz0mcz2rrzjwwrj-openssl-3.6.4/lib/libcrypto.so.3)
==3973756==    by 0x49E8F9B: ASN1_item_d2i_ex (in /nix/store/v89yca35zsb13k51ibz0mcz2rrzjwwrj-openssl-3.6.4/lib/libcrypto.so.3)
==3973756==    by 0x4C36A83: ossl_epki2pki_der_decode (in /nix/store/v89yca35zsb13k51ibz0mcz2rrzjwwrj-openssl-3.6.4/lib/libcrypto.so.3)
==3973756==    by 0x4C37B47: pem2der_decode (in /nix/store/v89yca35zsb13k51ibz0mcz2rrzjwwrj-openssl-3.6.4/lib/libcrypto.so.3)
==3973756==    by 0x4AA8B33: decoder_process (in /nix/store/v89yca35zsb13k51ibz0mcz2rrzjwwrj-openssl-3.6.4/lib/libcrypto.so.3)
==3973756==    by 0x4AA8D1F: OSSL_DECODER_from_bio (in /nix/store/v89yca35zsb13k51ibz0mcz2rrzjwwrj-openssl-3.6.4/lib/libcrypto.so.3)
==3973756==    by 0x4B692DF: pem_read_bio_key (in /nix/store/v89yca35zsb13k51ibz0mcz2rrzjwwrj-openssl-3.6.4/lib/libcrypto.so.3)
==3973756==    by 0x110CE77: privateKeyFromPem (backend_openssl.zig:752)
==3973756==    by 0x110CE77: privateKeyFromPem (backend.zig:350)
==3973756==    by 0x110CE77: crypto.backend_primitive_tests.test.backend.sign: RSA-PSS SHA-256 sign/verify round-trip (backend_primitive_tests.zig:645)
==3973756==    by 0x10EA277: main (test_runner.zig:278)
==3973756==    by 0x10EA277: callMain (start.zig:627)
==3973756==    by 0x10EA277: callMainWithArgs (start.zig:587)
==3973756==    by 0x10EA277: main (start.zig:602)
==3973756== 
==3973756== Conditional jump or move depends on uninitialised value(s)
==3973756==    at 0x4B22868: OPENSSL_strlcat (in /nix/store/v89yca35zsb13k51ibz0mcz2rrzjwwrj-openssl-3.6.4/lib/libcrypto.so.3)
==3973756==    by 0x4AB9F8F: ERR_add_error_vdata (in /nix/store/v89yca35zsb13k51ibz0mcz2rrzjwwrj-openssl-3.6.4/lib/libcrypto.so.3)
==3973756==    by 0x4ABA21B: ERR_add_error_data (in /nix/store/v89yca35zsb13k51ibz0mcz2rrzjwwrj-openssl-3.6.4/lib/libcrypto.so.3)
==3973756==    by 0x49E87D3: asn1_item_embed_d2i (in /nix/store/v89yca35zsb13k51ibz0mcz2rrzjwwrj-openssl-3.6.4/lib/libcrypto.so.3)
==3973756==    by 0x49E8F9B: ASN1_item_d2i_ex (in /nix/store/v89yca35zsb13k51ibz0mcz2rrzjwwrj-openssl-3.6.4/lib/libcrypto.so.3)
==3973756==    by 0x4C36A83: ossl_epki2pki_der_decode (in /nix/store/v89yca35zsb13k51ibz0mcz2rrzjwwrj-openssl-3.6.4/lib/libcrypto.so.3)
==3973756==    by 0x4C37B47: pem2der_decode (in /nix/store/v89yca35zsb13k51ibz0mcz2rrzjwwrj-openssl-3.6.4/lib/libcrypto.so.3)
==3973756==    by 0x4AA8B33: decoder_process (in /nix/store/v89yca35zsb13k51ibz0mcz2rrzjwwrj-openssl-3.6.4/lib/libcrypto.so.3)
==3973756==    by 0x4AA8D1F: OSSL_DECODER_from_bio (in /nix/store/v89yca35zsb13k51ibz0mcz2rrzjwwrj-openssl-3.6.4/lib/libcrypto.so.3)
==3973756==    by 0x4B692DF: pem_read_bio_key (in /nix/store/v89yca35zsb13k51ibz0mcz2rrzjwwrj-openssl-3.6.4/lib/libcrypto.so.3)
==3973756==    by 0x110CE77: privateKeyFromPem (backend_openssl.zig:752)
==3973756==    by 0x110CE77: privateKeyFromPem (backend.zig:350)
==3973756==    by 0x110CE77: crypto.backend_primitive_tests.test.backend.sign: RSA-PSS SHA-256 sign/verify round-trip (backend_primitive_tests.zig:645)
==3973756==    by 0x10EA277: main (test_runner.zig:278)
==3973756==    by 0x10EA277: callMain (start.zig:627)
==3973756==    by 0x10EA277: callMainWithArgs (start.zig:587)
==3973756==    by 0x10EA277: main (start.zig:602)
==3973756==  Uninitialised value was created by a heap allocation
==3973756==    at 0x4885E30: malloc (in /nix/store/z7z886xwghzv19mmrc74ixcxph2b37mc-valgrind-3.27.1/libexec/valgrind/vgpreload_memcheck-arm64-linux.so)
==3973756==    by 0x4B1FDE7: CRYPTO_malloc (in /nix/store/v89yca35zsb13k51ibz0mcz2rrzjwwrj-openssl-3.6.4/lib/libcrypto.so.3)
==3973756==    by 0x4ABA0AB: ERR_add_error_vdata (in /nix/store/v89yca35zsb13k51ibz0mcz2rrzjwwrj-openssl-3.6.4/lib/libcrypto.so.3)
==3973756==    by 0x4ABA21B: ERR_add_error_data (in /nix/store/v89yca35zsb13k51ibz0mcz2rrzjwwrj-openssl-3.6.4/lib/libcrypto.so.3)
==3973756==    by 0x49E87D3: asn1_item_embed_d2i (in /nix/store/v89yca35zsb13k51ibz0mcz2rrzjwwrj-openssl-3.6.4/lib/libcrypto.so.3)
==3973756==    by 0x49E8F9B: ASN1_item_d2i_ex (in /nix/store/v89yca35zsb13k51ibz0mcz2rrzjwwrj-openssl-3.6.4/lib/libcrypto.so.3)
==3973756==    by 0x4C36A83: ossl_epki2pki_der_decode (in /nix/store/v89yca35zsb13k51ibz0mcz2rrzjwwrj-openssl-3.6.4/lib/libcrypto.so.3)
==3973756==    by 0x4C37B47: pem2der_decode (in /nix/store/v89yca35zsb13k51ibz0mcz2rrzjwwrj-openssl-3.6.4/lib/libcrypto.so.3)
==3973756==    by 0x4AA8B33: decoder_process (in /nix/store/v89yca35zsb13k51ibz0mcz2rrzjwwrj-openssl-3.6.4/lib/libcrypto.so.3)
==3973756==    by 0x4AA8D1F: OSSL_DECODER_from_bio (in /nix/store/v89yca35zsb13k51ibz0mcz2rrzjwwrj-openssl-3.6.4/lib/libcrypto.so.3)
==3973756==    by 0x4B692DF: pem_read_bio_key (in /nix/store/v89yca35zsb13k51ibz0mcz2rrzjwwrj-openssl-3.6.4/lib/libcrypto.so.3)
==3973756==    by 0x110CE77: privateKeyFromPem (backend_openssl.zig:752)
==3973756==    by 0x110CE77: privateKeyFromPem (backend.zig:350)
==3973756==    by 0x110CE77: crypto.backend_primitive_tests.test.backend.sign: RSA-PSS SHA-256 sign/verify round-trip (backend_primitive_tests.zig:645)
==3973756==    by 0x10EA277: main (test_runner.zig:278)
==3973756==    by 0x10EA277: callMain (start.zig:627)
==3973756==    by 0x10EA277: callMainWithArgs (start.zig:587)
==3973756==    by 0x10EA277: main (start.zig:602)
==3973756== 
==3973756== Conditional jump or move depends on uninitialised value(s)
==3973756==    at 0x4B1A318: ossl_namemap_name2num (in /nix/store/v89yca35zsb13k51ibz0mcz2rrzjwwrj-openssl-3.6.4/lib/libcrypto.so.3)
==3973756==    by 0x4AAA027: OSSL_DECODER_is_a (in /nix/store/v89yca35zsb13k51ibz0mcz2rrzjwwrj-openssl-3.6.4/lib/libcrypto.so.3)
==3973756==    by 0x4AA897F: decoder_process (in /nix/store/v89yca35zsb13k51ibz0mcz2rrzjwwrj-openssl-3.6.4/lib/libcrypto.so.3)
==3973756==    by 0x4C36D3B: ossl_epki2pki_der_decode (in /nix/store/v89yca35zsb13k51ibz0mcz2rrzjwwrj-openssl-3.6.4/lib/libcrypto.so.3)
==3973756==    by 0x4C37B47: pem2der_decode (in /nix/store/v89yca35zsb13k51ibz0mcz2rrzjwwrj-openssl-3.6.4/lib/libcrypto.so.3)
==3973756==    by 0x4AA8B33: decoder_process (in /nix/store/v89yca35zsb13k51ibz0mcz2rrzjwwrj-openssl-3.6.4/lib/libcrypto.so.3)
==3973756==    by 0x4AA8D1F: OSSL_DECODER_from_bio (in /nix/store/v89yca35zsb13k51ibz0mcz2rrzjwwrj-openssl-3.6.4/lib/libcrypto.so.3)
==3973756==    by 0x4B692DF: pem_read_bio_key (in /nix/store/v89yca35zsb13k51ibz0mcz2rrzjwwrj-openssl-3.6.4/lib/libcrypto.so.3)
==3973756==    by 0x110CE77: privateKeyFromPem (backend_openssl.zig:752)
==3973756==    by 0x110CE77: privateKeyFromPem (backend.zig:350)
==3973756==    by 0x110CE77: crypto.backend_primitive_tests.test.backend.sign: RSA-PSS SHA-256 sign/verify round-trip (backend_primitive_tests.zig:645)
==3973756==    by 0x10EA277: main (test_runner.zig:278)
==3973756==    by 0x10EA277: callMain (start.zig:627)
==3973756==    by 0x10EA277: callMainWithArgs (start.zig:587)
==3973756==    by 0x10EA277: main (start.zig:602)
==3973756==  Uninitialised value was created by a stack allocation
==3973756==    at 0x4C36A2C: ossl_epki2pki_der_decode (in /nix/store/v89yca35zsb13k51ibz0mcz2rrzjwwrj-openssl-3.6.4/lib/libcrypto.so.3)
==3973756== 
==3973756== Conditional jump or move depends on uninitialised value(s)
==3973756==    at 0x4B1A318: ossl_namemap_name2num (in /nix/store/v89yca35zsb13k51ibz0mcz2rrzjwwrj-openssl-3.6.4/lib/libcrypto.so.3)
==3973756==    by 0x4AE2DDB: evp_is_a (in /nix/store/v89yca35zsb13k51ibz0mcz2rrzjwwrj-openssl-3.6.4/lib/libcrypto.so.3)
==3973756==    by 0x4AEE27F: EVP_KEYMGMT_is_a (in /nix/store/v89yca35zsb13k51ibz0mcz2rrzjwwrj-openssl-3.6.4/lib/libcrypto.so.3)
==3973756==    by 0x4AAA91F: decoder_construct_pkey (in /nix/store/v89yca35zsb13k51ibz0mcz2rrzjwwrj-openssl-3.6.4/lib/libcrypto.so.3)
==3973756==    by 0x4AA86F7: decoder_process (in /nix/store/v89yca35zsb13k51ibz0mcz2rrzjwwrj-openssl-3.6.4/lib/libcrypto.so.3)
==3973756==    by 0x4C32ADB: der2key_decode (in /nix/store/v89yca35zsb13k51ibz0mcz2rrzjwwrj-openssl-3.6.4/lib/libcrypto.so.3)
==3973756==    by 0x4AA88DF: decoder_process (in /nix/store/v89yca35zsb13k51ibz0mcz2rrzjwwrj-openssl-3.6.4/lib/libcrypto.so.3)
==3973756==    by 0x4C36D3B: ossl_epki2pki_der_decode (in /nix/store/v89yca35zsb13k51ibz0mcz2rrzjwwrj-openssl-3.6.4/lib/libcrypto.so.3)
==3973756==    by 0x4C37B47: pem2der_decode (in /nix/store/v89yca35zsb13k51ibz0mcz2rrzjwwrj-openssl-3.6.4/lib/libcrypto.so.3)
==3973756==    by 0x4AA8B33: decoder_process (in /nix/store/v89yca35zsb13k51ibz0mcz2rrzjwwrj-openssl-3.6.4/lib/libcrypto.so.3)
==3973756==    by 0x4AA8D1F: OSSL_DECODER_from_bio (in /nix/store/v89yca35zsb13k51ibz0mcz2rrzjwwrj-openssl-3.6.4/lib/libcrypto.so.3)
==3973756==    by 0x4B692DF: pem_read_bio_key (in /nix/store/v89yca35zsb13k51ibz0mcz2rrzjwwrj-openssl-3.6.4/lib/libcrypto.so.3)
==3973756==    by 0x110CE77: privateKeyFromPem (backend_openssl.zig:752)
==3973756==    by 0x110CE77: privateKeyFromPem (backend.zig:350)
==3973756==    by 0x110CE77: crypto.backend_primitive_tests.test.backend.sign: RSA-PSS SHA-256 sign/verify round-trip (backend_primitive_tests.zig:645)
==3973756==    by 0x10EA277: main (test_runner.zig:278)
==3973756==    by 0x10EA277: callMain (start.zig:627)
==3973756==    by 0x10EA277: callMainWithArgs (start.zig:587)
==3973756==    by 0x10EA277: main (start.zig:602)
==3973756== 
==3973756== Conditional jump or move depends on uninitialised value(s)
==3973756==    at 0x4B1A318: ossl_namemap_name2num (in /nix/store/v89yca35zsb13k51ibz0mcz2rrzjwwrj-openssl-3.6.4/lib/libcrypto.so.3)
==3973756==    by 0x4AE1C1F: evp_generic_fetch (in /nix/store/v89yca35zsb13k51ibz0mcz2rrzjwwrj-openssl-3.6.4/lib/libcrypto.so.3)
==3973756==    by 0x4AEFFF3: do_sigver_init (in /nix/store/v89yca35zsb13k51ibz0mcz2rrzjwwrj-openssl-3.6.4/lib/libcrypto.so.3)
==3973756==    by 0x4AF05EF: EVP_DigestSignInit (in /nix/store/v89yca35zsb13k51ibz0mcz2rrzjwwrj-openssl-3.6.4/lib/libcrypto.so.3)
==3973756==    by 0x10A65FB: crypto.backend_openssl.signatureSign (backend_openssl.zig:903)
==3973756==    by 0x110CF4B: sign (backend.zig:389)
==3973756==    by 0x110CF4B: crypto.backend_primitive_tests.test.backend.sign: RSA-PSS SHA-256 sign/verify round-trip (backend_primitive_tests.zig:655)
==3973756==    by 0x10EA277: main (test_runner.zig:278)
==3973756==    by 0x10EA277: callMain (start.zig:627)
==3973756==    by 0x10EA277: callMainWithArgs (start.zig:587)
==3973756==    by 0x10EA277: main (start.zig:602)
==3973756== 
==3973756== Conditional jump or move depends on uninitialised value(s)
==3973756==    at 0x4B1A318: ossl_namemap_name2num (in /nix/store/v89yca35zsb13k51ibz0mcz2rrzjwwrj-openssl-3.6.4/lib/libcrypto.so.3)
==3973756==    by 0x4AE1C1F: evp_generic_fetch (in /nix/store/v89yca35zsb13k51ibz0mcz2rrzjwwrj-openssl-3.6.4/lib/libcrypto.so.3)
==3973756==    by 0x4AEFFF3: do_sigver_init (in /nix/store/v89yca35zsb13k51ibz0mcz2rrzjwwrj-openssl-3.6.4/lib/libcrypto.so.3)
==3973756==    by 0x4AF06B7: EVP_DigestVerifyInit (in /nix/store/v89yca35zsb13k51ibz0mcz2rrzjwwrj-openssl-3.6.4/lib/libcrypto.so.3)
==3973756==    by 0x109D87F: crypto.backend_openssl.signatureVerify (backend_openssl.zig:931)
==3973756==    by 0x110CF83: verify (backend.zig:399)
==3973756==    by 0x110CF83: crypto.backend_primitive_tests.test.backend.sign: RSA-PSS SHA-256 sign/verify round-trip (backend_primitive_tests.zig:658)
==3973756==    by 0x10EA277: main (test_runner.zig:278)
==3973756==    by 0x10EA277: callMain (start.zig:627)
==3973756==    by 0x10EA277: callMainWithArgs (start.zig:587)
==3973756==    by 0x10EA277: main (start.zig:602)
==3973756== 
==3973756== Conditional jump or move depends on uninitialised value(s)
==3973756==    at 0x4B22868: OPENSSL_strlcat (in /nix/store/v89yca35zsb13k51ibz0mcz2rrzjwwrj-openssl-3.6.4/lib/libcrypto.so.3)
==3973756==    by 0x4BCD227: UI_construct_prompt (in /nix/store/v89yca35zsb13k51ibz0mcz2rrzjwwrj-openssl-3.6.4/lib/libcrypto.so.3)
==3973756==    by 0x4B2C8DB: ossl_pw_get_passphrase (in /nix/store/v89yca35zsb13k51ibz0mcz2rrzjwwrj-openssl-3.6.4/lib/libcrypto.so.3)
==3973756==    by 0x4B2CD2F: ossl_pw_pem_password (in /nix/store/v89yca35zsb13k51ibz0mcz2rrzjwwrj-openssl-3.6.4/lib/libcrypto.so.3)
==3973756==    by 0x4BCEC2F: ui_read.part.0 (in /nix/store/v89yca35zsb13k51ibz0mcz2rrzjwwrj-openssl-3.6.4/lib/libcrypto.so.3)
==3973756==    by 0x4BCD583: UI_process (in /nix/store/v89yca35zsb13k51ibz0mcz2rrzjwwrj-openssl-3.6.4/lib/libcrypto.so.3)
==3973756==    by 0x4B2C943: ossl_pw_get_passphrase (in /nix/store/v89yca35zsb13k51ibz0mcz2rrzjwwrj-openssl-3.6.4/lib/libcrypto.so.3)
==3973756==    by 0x4C36AAB: ossl_epki2pki_der_decode (in /nix/store/v89yca35zsb13k51ibz0mcz2rrzjwwrj-openssl-3.6.4/lib/libcrypto.so.3)
==3973756==    by 0x4C37B47: pem2der_decode (in /nix/store/v89yca35zsb13k51ibz0mcz2rrzjwwrj-openssl-3.6.4/lib/libcrypto.so.3)
==3973756==    by 0x4AA8B33: decoder_process (in /nix/store/v89yca35zsb13k51ibz0mcz2rrzjwwrj-openssl-3.6.4/lib/libcrypto.so.3)
==3973756==    by 0x4AA8D1F: OSSL_DECODER_from_bio (in /nix/store/v89yca35zsb13k51ibz0mcz2rrzjwwrj-openssl-3.6.4/lib/libcrypto.so.3)
==3973756==    by 0x4B692DF: pem_read_bio_key (in /nix/store/v89yca35zsb13k51ibz0mcz2rrzjwwrj-openssl-3.6.4/lib/libcrypto.so.3)
==3973756==    by 0x1110FF3: privateKeyFromPem (backend_openssl.zig:752)
==3973756==    by 0x1110FF3: privateKeyFromPem (backend.zig:350)
==3973756==    by 0x1110FF3: crypto.backend_primitive_tests.test.backend error-queue hygiene: declined encrypted PEM loads leave no residue (#114) (backend_primitive_tests.zig:1342)
==3973756==    by 0x10EA277: main (test_runner.zig:278)
==3973756==    by 0x10EA277: callMain (start.zig:627)
==3973756==    by 0x10EA277: callMainWithArgs (start.zig:587)
==3973756==    by 0x10EA277: main (start.zig:602)
==3973756==  Uninitialised value was created by a heap allocation
==3973756==    at 0x4885E30: malloc (in /nix/store/z7z886xwghzv19mmrc74ixcxph2b37mc-valgrind-3.27.1/libexec/valgrind/vgpreload_memcheck-arm64-linux.so)
==3973756==    by 0x4B1FDE7: CRYPTO_malloc (in /nix/store/v89yca35zsb13k51ibz0mcz2rrzjwwrj-openssl-3.6.4/lib/libcrypto.so.3)
==3973756==    by 0x4BCD203: UI_construct_prompt (in /nix/store/v89yca35zsb13k51ibz0mcz2rrzjwwrj-openssl-3.6.4/lib/libcrypto.so.3)
==3973756==    by 0x4B2C8DB: ossl_pw_get_passphrase (in /nix/store/v89yca35zsb13k51ibz0mcz2rrzjwwrj-openssl-3.6.4/lib/libcrypto.so.3)
==3973756==    by 0x4B2CD2F: ossl_pw_pem_password (in /nix/store/v89yca35zsb13k51ibz0mcz2rrzjwwrj-openssl-3.6.4/lib/libcrypto.so.3)
==3973756==    by 0x4BCEC2F: ui_read.part.0 (in /nix/store/v89yca35zsb13k51ibz0mcz2rrzjwwrj-openssl-3.6.4/lib/libcrypto.so.3)
==3973756==    by 0x4BCD583: UI_process (in /nix/store/v89yca35zsb13k51ibz0mcz2rrzjwwrj-openssl-3.6.4/lib/libcrypto.so.3)
==3973756==    by 0x4B2C943: ossl_pw_get_passphrase (in /nix/store/v89yca35zsb13k51ibz0mcz2rrzjwwrj-openssl-3.6.4/lib/libcrypto.so.3)
==3973756==    by 0x4C36AAB: ossl_epki2pki_der_decode (in /nix/store/v89yca35zsb13k51ibz0mcz2rrzjwwrj-openssl-3.6.4/lib/libcrypto.so.3)
==3973756==    by 0x4C37B47: pem2der_decode (in /nix/store/v89yca35zsb13k51ibz0mcz2rrzjwwrj-openssl-3.6.4/lib/libcrypto.so.3)
==3973756==    by 0x4AA8B33: decoder_process (in /nix/store/v89yca35zsb13k51ibz0mcz2rrzjwwrj-openssl-3.6.4/lib/libcrypto.so.3)
==3973756==    by 0x4AA8D1F: OSSL_DECODER_from_bio (in /nix/store/v89yca35zsb13k51ibz0mcz2rrzjwwrj-openssl-3.6.4/lib/libcrypto.so.3)
==3973756==    by 0x4B692DF: pem_read_bio_key (in /nix/store/v89yca35zsb13k51ibz0mcz2rrzjwwrj-openssl-3.6.4/lib/libcrypto.so.3)
==3973756==    by 0x1110FF3: privateKeyFromPem (backend_openssl.zig:752)
==3973756==    by 0x1110FF3: privateKeyFromPem (backend.zig:350)
==3973756==    by 0x1110FF3: crypto.backend_primitive_tests.test.backend error-queue hygiene: declined encrypted PEM loads leave no residue (#114) (backend_primitive_tests.zig:1342)
==3973756==    by 0x10EA277: main (test_runner.zig:278)
==3973756==    by 0x10EA277: callMain (start.zig:627)
==3973756==    by 0x10EA277: callMainWithArgs (start.zig:587)
==3973756==    by 0x10EA277: main (start.zig:602)
==3973756== 
==3973756== Conditional jump or move depends on uninitialised value(s)
==3973756==    at 0x4B1A318: ossl_namemap_name2num (in /nix/store/v89yca35zsb13k51ibz0mcz2rrzjwwrj-openssl-3.6.4/lib/libcrypto.so.3)
==3973756==    by 0x4AAAADB: collect_keymgmt (in /nix/store/v89yca35zsb13k51ibz0mcz2rrzjwwrj-openssl-3.6.4/lib/libcrypto.so.3)
==3973756==    by 0x4B7D60F: ossl_method_store_do_all (in /nix/store/v89yca35zsb13k51ibz0mcz2rrzjwwrj-openssl-3.6.4/lib/libcrypto.so.3)
==3973756==    by 0x4AE2C67: evp_generic_do_all (in /nix/store/v89yca35zsb13k51ibz0mcz2rrzjwwrj-openssl-3.6.4/lib/libcrypto.so.3)
==3973756==    by 0x4AAB72B: OSSL_DECODER_CTX_new_for_pkey (in /nix/store/v89yca35zsb13k51ibz0mcz2rrzjwwrj-openssl-3.6.4/lib/libcrypto.so.3)
==3973756==    by 0x4C0E9FB: x509_pubkey_ex_d2i_ex (in /nix/store/v89yca35zsb13k51ibz0mcz2rrzjwwrj-openssl-3.6.4/lib/libcrypto.so.3)
==3973756==    by 0x49E84BF: asn1_item_embed_d2i (in /nix/store/v89yca35zsb13k51ibz0mcz2rrzjwwrj-openssl-3.6.4/lib/libcrypto.so.3)
==3973756==    by 0x49E9397: asn1_template_noexp_d2i (in /nix/store/v89yca35zsb13k51ibz0mcz2rrzjwwrj-openssl-3.6.4/lib/libcrypto.so.3)
==3973756==    by 0x49E8ABB: asn1_item_embed_d2i (in /nix/store/v89yca35zsb13k51ibz0mcz2rrzjwwrj-openssl-3.6.4/lib/libcrypto.so.3)
==3973756==    by 0x49E9397: asn1_template_noexp_d2i (in /nix/store/v89yca35zsb13k51ibz0mcz2rrzjwwrj-openssl-3.6.4/lib/libcrypto.so.3)
==3973756==    by 0x49E8ABB: asn1_item_embed_d2i (in /nix/store/v89yca35zsb13k51ibz0mcz2rrzjwwrj-openssl-3.6.4/lib/libcrypto.so.3)
==3973756==    by 0x49E8F9B: ASN1_item_d2i_ex (in /nix/store/v89yca35zsb13k51ibz0mcz2rrzjwwrj-openssl-3.6.4/lib/libcrypto.so.3)
==3973756==    by 0x10A6857: crypto.backend_openssl.privateKeyPairsWithCertificate (backend_openssl.zig:807)
==3973756==    by 0x1111243: privateKeyPairsWithCertificate (backend.zig:363)
==3973756==    by 0x1111243: crypto.backend_primitive_tests.test.backend error-queue hygiene: cert/key mismatch preservation is lane-dependent (#113) (backend_primitive_tests.zig:1366)
==3973756==    by 0x10EA277: main (test_runner.zig:278)
==3973756==    by 0x10EA277: callMain (start.zig:627)
==3973756==    by 0x10EA277: callMainWithArgs (start.zig:587)
==3973756==    by 0x10EA277: main (start.zig:602)
==3973756==  Uninitialised value was created by a stack allocation
==3973756==    at 0x4C0E8A0: x509_pubkey_ex_d2i_ex (in /nix/store/v89yca35zsb13k51ibz0mcz2rrzjwwrj-openssl-3.6.4/lib/libcrypto.so.3)
==3973756== 
==3973756== Conditional jump or move depends on uninitialised value(s)
==3973756==    at 0x4B1A318: ossl_namemap_name2num (in /nix/store/v89yca35zsb13k51ibz0mcz2rrzjwwrj-openssl-3.6.4/lib/libcrypto.so.3)
==3973756==    by 0x4AAA027: OSSL_DECODER_is_a (in /nix/store/v89yca35zsb13k51ibz0mcz2rrzjwwrj-openssl-3.6.4/lib/libcrypto.so.3)
==3973756==    by 0x4AA897F: decoder_process (in /nix/store/v89yca35zsb13k51ibz0mcz2rrzjwwrj-openssl-3.6.4/lib/libcrypto.so.3)
==3973756==    by 0x4C385E3: ossl_spki2typespki_der_decode (in /nix/store/v89yca35zsb13k51ibz0mcz2rrzjwwrj-openssl-3.6.4/lib/libcrypto.so.3)
==3973756==    by 0x4C386A7: spki2typespki_decode (in /nix/store/v89yca35zsb13k51ibz0mcz2rrzjwwrj-openssl-3.6.4/lib/libcrypto.so.3)
==3973756==    by 0x4AA8B33: decoder_process (in /nix/store/v89yca35zsb13k51ibz0mcz2rrzjwwrj-openssl-3.6.4/lib/libcrypto.so.3)
==3973756==    by 0x4AA8D1F: OSSL_DECODER_from_bio (in /nix/store/v89yca35zsb13k51ibz0mcz2rrzjwwrj-openssl-3.6.4/lib/libcrypto.so.3)
==3973756==    by 0x4AA90E7: OSSL_DECODER_from_data (in /nix/store/v89yca35zsb13k51ibz0mcz2rrzjwwrj-openssl-3.6.4/lib/libcrypto.so.3)
==3973756==    by 0x4C0EA0F: x509_pubkey_ex_d2i_ex (in /nix/store/v89yca35zsb13k51ibz0mcz2rrzjwwrj-openssl-3.6.4/lib/libcrypto.so.3)
==3973756==    by 0x49E84BF: asn1_item_embed_d2i (in /nix/store/v89yca35zsb13k51ibz0mcz2rrzjwwrj-openssl-3.6.4/lib/libcrypto.so.3)
==3973756==    by 0x49E9397: asn1_template_noexp_d2i (in /nix/store/v89yca35zsb13k51ibz0mcz2rrzjwwrj-openssl-3.6.4/lib/libcrypto.so.3)
==3973756==    by 0x49E8ABB: asn1_item_embed_d2i (in /nix/store/v89yca35zsb13k51ibz0mcz2rrzjwwrj-openssl-3.6.4/lib/libcrypto.so.3)
==3973756==    by 0x49E9397: asn1_template_noexp_d2i (in /nix/store/v89yca35zsb13k51ibz0mcz2rrzjwwrj-openssl-3.6.4/lib/libcrypto.so.3)
==3973756==    by 0x49E8ABB: asn1_item_embed_d2i (in /nix/store/v89yca35zsb13k51ibz0mcz2rrzjwwrj-openssl-3.6.4/lib/libcrypto.so.3)
==3973756==    by 0x49E8F9B: ASN1_item_d2i_ex (in /nix/store/v89yca35zsb13k51ibz0mcz2rrzjwwrj-openssl-3.6.4/lib/libcrypto.so.3)
==3973756==    by 0x10A6857: crypto.backend_openssl.privateKeyPairsWithCertificate (backend_openssl.zig:807)
==3973756==    by 0x1111243: privateKeyPairsWithCertificate (backend.zig:363)
==3973756==    by 0x1111243: crypto.backend_primitive_tests.test.backend error-queue hygiene: cert/key mismatch preservation is lane-dependent (#113) (backend_primitive_tests.zig:1366)
==3973756==    by 0x10EA277: main (test_runner.zig:278)
==3973756==    by 0x10EA277: callMain (start.zig:627)
==3973756==    by 0x10EA277: callMainWithArgs (start.zig:587)
==3973756==    by 0x10EA277: main (start.zig:602)
==3973756==  Uninitialised value was created by a stack allocation
==3973756==    at 0x4C383AC: ossl_spki2typespki_der_decode (in /nix/store/v89yca35zsb13k51ibz0mcz2rrzjwwrj-openssl-3.6.4/lib/libcrypto.so.3)
==3973756== 
==3973756== Conditional jump or move depends on uninitialised value(s)
==3973756==    at 0x4B21F7C: OPENSSL_strnlen (in /nix/store/v89yca35zsb13k51ibz0mcz2rrzjwwrj-openssl-3.6.4/lib/libcrypto.so.3)
==3973756==    by 0x49FC9A7: _dopr (in /nix/store/v89yca35zsb13k51ibz0mcz2rrzjwwrj-openssl-3.6.4/lib/libcrypto.so.3)
==3973756==    by 0x49FD6FB: BIO_vsnprintf (in /nix/store/v89yca35zsb13k51ibz0mcz2rrzjwwrj-openssl-3.6.4/lib/libcrypto.so.3)
==3973756==    by 0x4ABA8CF: ERR_vset_error (in /nix/store/v89yca35zsb13k51ibz0mcz2rrzjwwrj-openssl-3.6.4/lib/libcrypto.so.3)
==3973756==    by 0x4ABAB0F: ERR_set_error (in /nix/store/v89yca35zsb13k51ibz0mcz2rrzjwwrj-openssl-3.6.4/lib/libcrypto.so.3)
==3973756==    by 0x4AF16BB: EVP_DigestVerifyFinal (in /nix/store/v89yca35zsb13k51ibz0mcz2rrzjwwrj-openssl-3.6.4/lib/libcrypto.so.3)
==3973756==    by 0x109D913: crypto.backend_openssl.signatureVerify (backend_openssl.zig:938)
==3973756==    by 0x1077D0B: verify (backend.zig:399)
==3973756==    by 0x1077D0B: certificate.verifySignature (certificate.zig:621)
==3973756==    by 0x112220B: verifyServerSignature (certificate.zig:554)
==3973756==    by 0x112220B: certificate.test.verifySignature: wrong transcript hash (certificate.zig:2146)
==3973756==    by 0x10EA277: main (test_runner.zig:278)
==3973756==    by 0x10EA277: callMain (start.zig:627)
==3973756==    by 0x10EA277: callMainWithArgs (start.zig:587)
==3973756==    by 0x10EA277: main (start.zig:602)
==3973756== 
==3973756== 
==3973756== HEAP SUMMARY:
==3973756==     in use at exit: 0 bytes in 0 blocks
==3973756==   total heap usage: 212,467 allocs, 212,467 frees, 16,208,096 bytes allocated
==3973756== 
==3973756== All heap blocks were freed -- no leaks are possible
==3973756== 
==3973756== For lists of detected and suppressed errors, rerun with: -s
==3973756== ERROR SUMMARY: 6583 errors from 57 contexts (suppressed: 0 from 0)
