warning: Git tree '/Users/matt/code/ztls' is dirty
evaluation warning: stdenv.isLinux is deprecated, use stdenv.hostPlatform.isLinux instead
zig build test --summary all
encrypted-pem-check: ok (pipe, terminal)
errq-alloc-check: early client abort
errq-alloc-check: early server abort
errq-alloc-check: client Finished abort
errq-alloc-check: ok (allocs 154925, frees 148995, live 5930)
ztest: Running 873 tests...
[1/873] PASS: test_0 (425.14ms)
[2/873] PASS: Wycheproof: X25519 shared secret tcId 1 (425.92ms)
[3/873] PASS: Wycheproof boundary: X25519 identity element is rejected (425.98ms)
[4/873] PASS: Wycheproof boundary: X25519 small-order public key is rejected (426.05ms)
[5/873] PASS: Wycheproof: AES-128-GCM AAD/tag handling tcId 2 (426.27ms)
[6/873] PASS: Wycheproof boundary: AES-256-GCM AAD/tag handling (426.28ms)
[7/873] PASS: Wycheproof: ChaCha20-Poly1305 one-byte message tcId 4 (426.30ms)
[8/873] PASS: Wycheproof boundary: ChaCha20-Poly1305 AAD handling (426.31ms)
[9/873] PASS: OpenSSL s_server interoperates with ztls client (506.25ms)
[10/873] PASS: OpenSSL s_server interoperates with ztls P-384 client (536.34ms)
[11/873] PASS: OpenSSL s_server interoperates with ztls RFC 10024 client groups (610.52ms)
[12/873] PASS: ztls client resumes with OpenSSL s_server (PSK resumption) (636.95ms)
[13/873] PASS: ztls client sends 0-RTT early data to OpenSSL s_server (663.30ms)
[14/873] PASS: OpenSSL s_client interoperates with ztls server (702.31ms)
[15/873] PASS: OpenSSL s_client resumes with ztls server-issued ticket (727.77ms)
[16/873] PASS: OpenSSL s_client interoperates with ztls P-384 server (743.88ms)
[17/873] PASS: OpenSSL s_client interoperates with ztls RFC 10024 server groups (785.63ms)
[18/873] PASS: OpenSSL s_client with -cert interoperates with ztls server (required client auth) (802.49ms)
[19/873] PASS: ztls client with credentials interoperates with OpenSSL s_server -Verify (829.25ms)
[20/873] PASS: ztls-to-ztls TCP KeyUpdate round trip with ChaCha20-Poly1305 (872.09ms)
[21/873] PASS: backend.x25519: RFC 7748 §5.2 shared secret (872.17ms)
[22/873] PASS: backend.x25519: RFC 7748 §6.1 mutual key agreement (872.29ms)
[23/873] PASS: backend.x25519: Wycheproof tcId 1 shared secret (872.35ms)
[24/873] PASS: backend.x25519: all-zero public key is rejected (IdentityElement) (872.41ms)
[25/873] PASS: backend.x25519: small-order public key is rejected (IdentityElement) (872.47ms)
[26/873] PASS: backend.aead: round-trip for every advertised cipher suite (872.51ms)
[27/873] PASS: backend.aead: tag corruption is rejected for every advertised cipher suite (872.52ms)
[28/873] PASS: backend.aead: ciphertext corruption is rejected for every advertised cipher suite (872.53ms)
[29/873] PASS: backend.aead: Wycheproof AES-128-GCM tcId 2 (872.54ms)
[30/873] PASS: backend.aead: Wycheproof AES-256-GCM AAD boundary (872.56ms)
[31/873] PASS: backend.aead: Wycheproof ChaCha20-Poly1305 AAD boundary (872.57ms)
[32/873] PASS: backend.aead: ChaCha20-Poly1305 RFC 8439 §2.8.2 known-answer vector (872.59ms)
[33/873] PASS: backend.p256: mutual key agreement with fixed scalars (872.80ms)
[34/873] PASS: backend.p256: non-04 SEC1 prefix is rejected (872.83ms)
[35/873] PASS: backend.p256: off-curve point is rejected (872.84ms)
[36/873] PASS: backend.p256: zero scalar private key is rejected (872.85ms)
[37/873] PASS: backend.p256: Wycheproof tcId 1 shared secret (872.95ms)
[38/873] PASS: backend.p384: mutual key agreement with fixed scalars (876.43ms)
[39/873] PASS: backend.p384: non-04 SEC1 prefix is rejected (877.58ms)
[40/873] PASS: backend.p384: off-curve point is rejected (877.59ms)
[41/873] PASS: backend.p384: zero scalar private key is rejected (877.61ms)
[42/873] PASS: backend.p384: Wycheproof tcId 1 shared secret (879.36ms)
[43/873] PASS: backend.sign: RSA-PSS SHA-256 sign/verify round-trip (880.69ms)
[44/873] PASS: backend.sign: RSA-PSS SHA-256 rejects tampered signature (881.60ms)
[45/873] PASS: backend.sign: RSA-PSS SHA-384 sign/verify round-trip and tamper rejection (882.54ms)
[46/873] PASS: backend.sign: ECDSA P-256 SHA-256 sign/verify round-trip (882.68ms)
[47/873] PASS: backend.sign: ECDSA P-256 SHA-256 rejects tampered signature (882.77ms)
[48/873] PASS: backend.sign: ECDSA P-384 SHA-384 sign/verify round-trip and tamper rejection (885.04ms)
[49/873] PASS: backend.sign: BufferTooShort on undersized output (885.08ms)
[50/873] PASS: backend.sign: key/scheme mismatch is a libcrypto failure (885.13ms)
[51/873] PASS: backend.sign: Wycheproof RSA-PSS tcId 3 verify (885.18ms)
[52/873] PASS: backend.sign: Wycheproof RSA-PSS tcId 62 invalid signature (885.23ms)
[53/873] PASS: backend.sign: Wycheproof ECDSA P-256 tcId 1 verify (885.31ms)
[54/873] PASS: backend.sign: Wycheproof ECDSA P-256 tcId 6 invalid signature (885.34ms)
[55/873] PASS: backend.sign: Wycheproof ECDSA P-384 tcId 1 verify (885.86ms)
[56/873] PASS: backend.sign: Wycheproof ECDSA P-384 tcId 6 invalid signature (885.89ms)
[57/873] PASS: backend error-queue hygiene: malformed EC public key leaves no residue (#88) (885.90ms)
[58/873] PASS: backend error-queue hygiene: caller queue entries survive a failing wrapper (#88) (886.16ms)
[59/873] PASS: backend error-queue hygiene: scalar key load does not nest guards (#88) (886.25ms)
[60/873] PASS: backend error-queue hygiene: repeated failures leave the queue empty each round (#88) (886.35ms)
[61/873] PASS: backend error-queue hygiene: successful key load preserves caller entries (#88) (886.45ms)
[62/873] PASS: backend error-queue hygiene: failed signature verification leaves no residue (#88) (886.49ms)
[63/873] PASS: backend error-queue hygiene: failed record decrypt leaves no residue (#88) (886.50ms)
[64/873] PASS: backend error-queue hygiene: failed decrypt preserves caller entries exactly (#88) (886.58ms)
[65/873] PASS: backend error-queue hygiene: DER key load preservation is lane-dependent (#88) (886.70ms)
[66/873] PASS: backend error-queue hygiene: scheme inference preserves caller entries (#112) (886.80ms)
[67/873] PASS: backend error-queue hygiene: declined encrypted PEM loads leave no residue (#114) (886.86ms)
[68/873] PASS: backend error-queue hygiene: cert/key mismatch preservation is lane-dependent (#113) (887.08ms)
[69/873] PASS: RFC 5280 §4.2.1.10 name-constraint verdicts vs OpenSSL 3.6.3 ground truth (887.58ms)
[70/873] PASS: fuzz: verifyNameConstraints handles arbitrary NameConstraints and SAN DER (887.78ms)
[71/873] PASS: capi: ztls_version returns a non-empty string (887.79ms)
[72/873] PASS: capi: insecure client init is explicitly named (887.80ms)
[73/873] PASS: capi: size and alignment are non-zero and sane (887.80ms)
[74/873] PASS: capi: NULL parameters are rejected (887.81ms)
[75/873] PASS: capi: full client handshake through the C ABI (888.44ms)
[76/873] PASS: capi: send_application_data before connected fails (888.52ms)
[77/873] PASS: capi: KeyUpdate response is surfaced as a write event (889.08ms)
[78/873] PASS: capi: KeyUpdate without response maps to none without pending write (889.62ms)
[79/873] PASS: capi: NewSessionTicket maps to none without pending write (890.14ms)
[80/873] PASS: encrypt: rejects mismatched plaintext and ciphertext lengths (890.15ms)
[81/873] PASS: decrypt: rejects mismatched plaintext and ciphertext lengths (890.16ms)
[82/873] PASS: Aes128Gcm: encrypt/decrypt round-trip (890.16ms)
[83/873] PASS: Aes256Gcm: encrypt/decrypt round-trip (890.17ms)
[84/873] PASS: ChaCha20Poly1305: encrypt/decrypt round-trip (890.18ms)
[85/873] PASS: ChaCha20Poly1305: RFC 8439 known-answer vector (890.20ms)
[86/873] PASS: ChaCha20Poly1305: empty plaintext known-answer vector (890.21ms)
[87/873] PASS: ChaCha20Poly1305: authentication failure on tampered ciphertext (890.21ms)
[88/873] PASS: ChaCha20Poly1305: authentication failure on tampered tag (890.22ms)
[89/873] PASS: ChaCha20Poly1305: authentication failure on tampered ad (890.23ms)
[90/873] PASS: decrypt: authentication failure on tampered ciphertext (890.24ms)
[91/873] PASS: decrypt: authentication failure on tampered tag (890.24ms)
[92/873] PASS: decrypt: authentication failure on tampered ad (890.25ms)
[93/873] PASS: construct: seq 0 is just the IV (890.26ms)
[94/873] PASS: construct: seq increments flip the right bytes (890.27ms)
[95/873] PASS: construct: XOR with non-zero IV (890.28ms)
[96/873] PASS: construct: seq max u64 produces expected nonce (890.28ms)
[97/873] PASS: parse: close_notify (890.29ms)
[98/873] PASS: parse: warning-level error alert is fatal (890.29ms)
[99/873] PASS: parse: unknown alert description is fatal (890.30ms)
[100/873] PASS: parse: user_canceled is not fatal (890.30ms)
[101/873] PASS: parse: truncated (890.31ms)
[102/873] PASS: parse: rejects coalesced alert bytes (890.31ms)
[103/873] PASS: encode (890.31ms)
[104/873] PASS: fuzz: parse handles arbitrary input (890.44ms)
[105/873] PASS: alertForError: certificate failures map to certificate alerts (890.45ms)
[106/873] PASS: alertForError: parser and semantic failures map to protocol alerts (890.45ms)
[107/873] PASS: alertForError: provider failure maps to internal_error (890.46ms)
[108/873] PASS: alertForError: unknown error maps to internal_error (890.46ms)
[109/873] PASS: parse: oversized cert_len does not overflow bounds check (890.47ms)
[110/873] PASS: parseClientCertificate: oversized ctx_len does not overflow (890.47ms)
[111/873] PASS: parse: extracts public key from ECDSA P-256 certificate (890.49ms)
[112/873] PASS: parse: wrong handshake type (890.50ms)
[113/873] PASS: parse: rejects mismatched Certificate handshake body length (890.50ms)
[114/873] PASS: encodeWithRequestContext: encodes empty client certificate list (890.51ms)
[115/873] PASS: encodeWithRequestContext: rejects oversized request context (890.52ms)
[116/873] PASS: parseClientCertificate: accepts empty certificate with matching context (890.52ms)
[117/873] PASS: parseClientCertificate: rejects mismatched request context (890.53ms)
[118/873] PASS: parse: rejects non-empty server certificate request context (890.53ms)
[119/873] PASS: parse: rejects empty certificate list (890.54ms)
[120/873] PASS: parse: rejects certificate list length shorter than entries (890.54ms)
[121/873] PASS: encode: round trips certificate chain (897.48ms)
[122/873] PASS: parse: rejects unsupported CertificateEntry status_request (897.49ms)
[123/873] PASS: parse: rejects unsupported CertificateEntry SCT (897.49ms)
[124/873] PASS: parse: rejects forbidden CertificateEntry status_request_v2 (897.50ms)
[125/873] PASS: parse: rejects duplicate CertificateEntry status_request (897.51ms)
[126/873] PASS: parse: rejects malformed CertificateEntry extension length (897.51ms)
[127/873] PASS: parse: ignores unknown CertificateEntry extension (897.52ms)
[128/873] PASS: parse: validates hostname (897.53ms)
[129/873] PASS: parse: rejects hostname mismatch (897.54ms)
[130/873] PASS: parse: rejects missing trust anchor by default (897.55ms)
[131/873] PASS: parse: validates leaf against trust bundle (904.67ms)
[132/873] PASS: parse: validates leaf-intermediate-root chain (918.41ms)
[133/873] PASS: parse: rejects end-entity certificate used as issuer (918.51ms)
[134/873] PASS: parse: rejects chain with intermediate before leaf (918.59ms)
[135/873] PASS: parse: anchors chain below a cross-signed root (939.14ms)
[136/873] PASS: parse: rejects cross-signed root without a bundle anchor below it (952.85ms)
[137/873] PASS: parse: rejects chain with missing intermediate (952.95ms)
[138/873] PASS: parse: rejects chain hostname mismatch (953.03ms)
[139/873] PASS: parse: rejects untrusted leaf when bundle misses issuer (953.04ms)
[140/873] PASS: parse: accepts chain with matching DNS name constraints (966.84ms)
[141/873] PASS: parse: rejects chain with excluded DNS name constraints (980.61ms)
[142/873] PASS: parse: rejects chain outside permitted DNS name constraints (994.38ms)
[143/873] PASS: parse: insecure no-anchor path still enforces name constraints (1001.21ms)
[144/873] PASS: parse: rejects signed unprocessed critical extension for both roles (1.31ms)
[145/873] PASS: parse: accepts signed noncritical extension and supported critical extensions (28.90ms)
[146/873] PASS: parse: rejects signed SAN with an invalid wrapper (29.01ms)
[147/873] PASS: parse: rejects chain exceeding pathLenConstraint zero (49.63ms)
[148/873] PASS: parse: accepts pathLenConstraint zero with a CA target (63.48ms)
[149/873] PASS: parse: rejects chain exceeding pathLenConstraint one (90.92ms)
[150/873] PASS: parse: accepts chain at pathLenConstraint one (111.57ms)
[151/873] PASS: parse: imposes no path-length limit when pathLenConstraint is absent (132.32ms)
[152/873] PASS: parse: enforces the tightest of multiple pathLenConstraints (159.84ms)
[153/873] PASS: parse: accepts multiple satisfied pathLenConstraints (180.55ms)
[154/873] PASS: parse: self-issued intermediate does not consume path length (201.37ms)
[155/873] PASS: parse: intermediate below a self-issued certificate still counts (228.93ms)
[156/873] PASS: parse: trust anchor pathLenConstraint limits intermediates below it (249.57ms)
[157/873] PASS: parse: trust anchor pathLenConstraint satisfied (263.33ms)
[158/873] PASS: parse: certificates above the anchored path are outside the path (290.92ms)
[159/873] PASS: parse: cross-signed root constraint binds inside the anchored path (318.41ms)
[160/873] PASS: parseClientChain: rejects client chain exceeding pathLenConstraint zero (339.11ms)
[161/873] PASS: parseClientChain: accepts client chain at pathLenConstraint zero (352.86ms)
[162/873] PASS: parse: insecure no-anchor path still enforces pathLenConstraint (366.66ms)
[163/873] PASS: parse: insecure no-anchor path accepts constrained chain with self-issued steps (380.44ms)
[164/873] PASS: parse: malformed DER length is rejected, not crashed (380.45ms)
[165/873] PASS: certificate_policy.verifyServerAuth: non-v3 certificates are rejected (380.46ms)
[166/873] PASS: certificate_policy.verifyServerAuth: KeyUsage without digitalSignature is rejected (380.46ms)
[167/873] PASS: certificate_policy.verifyServerAuth: EKU without serverAuth is rejected (380.47ms)
[168/873] PASS: certificate_policy.verifyClientAuth: EKU without clientAuth is rejected (380.48ms)
[169/873] PASS: certificate_policy.verifyClientAuth: KeyUsage without digitalSignature is rejected (380.49ms)
[170/873] PASS: certificate_policy.verifyClientAuth: clientAuth EKU is accepted (380.49ms)
[171/873] PASS: certificate_policy.verifyServerAuth: legacy certificate signatures are rejected (380.50ms)
[172/873] PASS: certificate_policy.verifyServerAuth: RSA PKCS1 SHA-256 certificate signature is accepted (380.51ms)
[173/873] PASS: certificate_policy: Ed25519 chain signature algorithm accepted when advertised (380.51ms)
[174/873] PASS: certificate_policy: Ed25519 chain signature algorithm rejected when not advertised (380.52ms)
[175/873] PASS: parse: Ed25519 self-signed certificate verified via std.crypto (380.53ms)
[176/873] PASS: certificate_policy.verifyServerAuth: rejects certificate signature outside policy (380.53ms)
[177/873] PASS: certificate signature policy checks non-self-signed chain certificates (380.54ms)
[178/873] PASS: certificate signature policy skips self-signed chain certificates (380.54ms)
[179/873] PASS: certificate_policy.verifyServerAuth: unrestricted supported leaf is accepted (380.55ms)
[180/873] PASS: encodeCertificateVerify: wraps signature (380.56ms)
[181/873] PASS: verifySignature: valid ECDSA P-256 signature (380.68ms)
[182/873] PASS: verifySignature: valid RSA-PSS SHA-256 signature (380.74ms)
[183/873] PASS: verifySignature: rejects RSA-PSS signature with wrong salt length (380.78ms)
[184/873] PASS: verifySignature: wrong transcript hash (380.86ms)
[185/873] PASS: verifySignature: rejects scheme absent from offered list (380.87ms)
[186/873] PASS: verifySignature: client CV rejects scheme absent from offered list (380.88ms)
[187/873] PASS: verifySignature: rejects RSA PKCS1 CertificateVerify scheme (380.90ms)
[188/873] PASS: verifySignature: rejects certificate key and scheme mismatch (380.92ms)
[189/873] PASS: verifySignature: server signature is not valid for client context (381.00ms)
[190/873] PASS: verifySignature: wrong handshake type (381.01ms)
[191/873] PASS: parse: extracts critical name constraints (381.02ms)
[192/873] PASS: parse: extracts non-critical name constraints (381.03ms)
[193/873] PASS: fuzz: parse handles arbitrary input (381.11ms)
[194/873] PASS: CertificateChain: single certificate view (381.12ms)
[195/873] PASS: CertificateChain.fromPem: decodes a certificate chain (381.13ms)
[196/873] PASS: CertificateChain.fromPem: rejects malformed input (381.14ms)
[197/873] PASS: CertificateChain.fromPem: rejects exhausted caller storage (381.16ms)
[198/873] PASS: fuzz: CertificateChain.fromPem handles arbitrary input (381.23ms)
[199/873] PASS: active backend identity matches the private provider facade (381.23ms)
[200/873] PASS: hybrid capability queries match the active backend (381.24ms)
[201/873] PASS: validateHybridGroups reports local policy faults (381.25ms)
[202/873] PASS: requiresP384 identifies only P-384 hybrid policy (381.26ms)
[203/873] PASS: CipherSuite wire values (381.26ms)
[204/873] PASS: PskOfferIter: walks identity/binder pairs in offer order (381.27ms)
[205/873] PASS: PskOfferIter: rejects oversized lengths (381.27ms)
[206/873] PASS: PskOfferIter: rejects a slack-byte identities vector (381.28ms)
[207/873] PASS: PskOfferIter: rejects more binders than identities (381.28ms)
[208/873] PASS: parse: preserves boundary SNI names as borrowed slices (381.30ms)
[209/873] PASS: parse: rejects an empty SNI name list (381.31ms)
[210/873] PASS: parse: rejects an empty SNI host name (381.32ms)
[211/873] PASS: parse: rejects an SNI name beyond the DNS length limit (381.33ms)
[212/873] PASS: encode: rejects an empty SNI host name (381.33ms)
[213/873] PASS: encodedLen: rejects an SNI name beyond the DNS length limit (381.34ms)
[214/873] PASS: encode: size matches encodedLen (381.34ms)
[215/873] PASS: encodeWithPsk: pre_shared_key is last, binder prefix and offset are correct (381.35ms)
[216/873] PASS: encodeWithPsk: rejects unsupported binder length (381.36ms)
[217/873] PASS: parse: ClientHello with pre_shared_key round-trips (381.37ms)
[218/873] PASS: encodeWithP256: size matches encodedLenWithP256 (381.37ms)
[219/873] PASS: encode: handshake type and legacy version (381.38ms)
[220/873] PASS: encode: cipher suites match backend capabilities (381.39ms)
[221/873] PASS: encode: legacy_session_id is empty (381.39ms)
[222/873] PASS: encode: supported_groups contains X25519 (381.40ms)
[223/873] PASS: encode: key_share contains public key (381.41ms)
[224/873] PASS: encodeWithP256: includes X25519 and secp256r1 key shares (381.41ms)
[225/873] PASS: encodeWithP256P384: includes X25519, secp256r1, and secp384r1 key shares (381.42ms)
[226/873] PASS: encodeWithP256P384: size matches encodedLenWithP256P384 (381.43ms)
[227/873] PASS: parse: accepts secp384r1 key share (382.58ms)
[228/873] PASS: parse: rejects compressed secp384r1 key share (382.59ms)
[229/873] PASS: encodeRetryAfterHrr: secp384r1 selected, no cookie (382.60ms)
[230/873] PASS: encode: SNI present when server_name set (382.61ms)
[231/873] PASS: encode: SNI absent when server_name is null (382.62ms)
[232/873] PASS: encode: supported_versions contains TLS 1.3 (382.62ms)
[233/873] PASS: encode: signature_algorithms match backend capabilities (382.63ms)
[234/873] PASS: encode: signature_algorithms_cert match backend capabilities (382.63ms)
[235/873] PASS: encode: ALPN present when protocols set (382.64ms)
[236/873] PASS: encode: rejects invalid ALPN protocols (382.65ms)
[237/873] PASS: parse: encoded ClientHello (382.66ms)
[238/873] PASS: parse: tracks offered SNI extension presence (382.66ms)
[239/873] PASS: parse: tracks offered record_size_limit extension presence (382.67ms)
[240/873] PASS: parse: accepts secp256r1 supported group and key share (382.71ms)
[241/873] PASS: parseSupportedGroups: records RFC 10024 groups (382.72ms)
[242/873] PASS: parse: rejects malformed X25519 key share (382.73ms)
[243/873] PASS: parse: rejects key share outside supported_groups (382.76ms)
[244/873] PASS: parse: rejects oversized legacy_session_id (382.77ms)
[245/873] PASS: parse: rejects SSLv3-or-lower legacy_version (382.78ms)
[246/873] PASS: parse: rejects missing supported_versions (382.79ms)
[247/873] PASS: parse: rejects supported_versions without TLS 1.3 (382.79ms)
[248/873] PASS: parse: rejects missing supported_groups (382.80ms)
[249/873] PASS: parse: rejects missing signature_algorithms (382.81ms)
[250/873] PASS: parse: rejects malformed signature_algorithms (382.82ms)
[251/873] PASS: parse: rejects signature_algorithms without TLS 1.3 handshake scheme (382.83ms)
[252/873] PASS: parse: rejects malformed ClientHello (382.84ms)
[253/873] PASS: parse: rejects malformed compression methods (382.84ms)
[254/873] PASS: parse: no shared supported group is rejected (382.85ms)
[255/873] PASS: parse: rejects duplicate x25519 key share entries (382.86ms)
[256/873] PASS: parseKeyShare: retains all RFC 10024 hybrid entries (382.87ms)
[257/873] PASS: encode: buffer too short (382.87ms)
[258/873] PASS: encode: server_name too long (382.88ms)
[259/873] PASS: parse: rejects duplicate supported_groups (382.88ms)
[260/873] PASS: parse: missing X25519 key share leaves public key null (382.89ms)
[261/873] PASS: parse: rejects duplicate signature_algorithms (382.90ms)
[262/873] PASS: parse: rejects duplicate signature_algorithms_cert (382.91ms)
[263/873] PASS: parse: rejects duplicate SNI (382.92ms)
[264/873] PASS: parse: rejects duplicate ALPN (382.92ms)
[265/873] PASS: parse: rejects duplicate supported_versions (382.93ms)
[266/873] PASS: parse: rejects duplicate key_share extensions (382.94ms)
[267/873] PASS: parse: rejects duplicate psk_key_exchange_modes (382.95ms)
[268/873] PASS: parse: ignores unknown extension (382.96ms)
[269/873] PASS: parse: ignores unknown supported_groups entries (382.97ms)
[270/873] PASS: fuzz: parse handles arbitrary input (383.05ms)
[271/873] PASS: encodeRetryAfterHrr: X25519 selected, no cookie (383.06ms)
[272/873] PASS: encodeRetryAfterHrr: preserves PSK key exchange mode (383.06ms)
[273/873] PASS: encodeRetryAfterHrr: secp256r1 selected, no cookie (383.07ms)
[274/873] PASS: encodeRetryAfterHrr: includes cookie when provided (383.08ms)
[275/873] PASS: encodeRetryAfterHrr: preserves SNI and ALPN from ClientHello1 (383.09ms)
[276/873] PASS: encodeRetryAfterHrr: rejects unsupported group (383.09ms)
[277/873] PASS: encodeRetryAfterHrr: missing configured hybrid share is a policy error (383.10ms)
[278/873] PASS: encodeWithHybridGroups: rejects unknown share group without panic (383.11ms)
[279/873] PASS: KEM key_share round-trip: ClientHello encode → parse preserves 1216-byte public key (383.13ms)
[280/873] PASS: parse: psk_key_exchange_modes list_len 0xFF rejected without overflow (383.14ms)
[281/873] PASS: SessionTicket.secureZero erases identity, PSK, and metadata (383.14ms)
[282/873] PASS: HybridPolicy.validate rejects an initial share outside its group list (383.15ms)
[283/873] PASS: Config.validate reports unavailable groups and missing P-384 material (383.21ms)
[284/873] PASS: start validates hybrid policy before key generation and output (383.32ms)
[285/873] PASS: transcript hash: RFC 8448 §3 ClientHello || ServerHello (383.37ms)
[286/873] PASS: deriveHandshakeKeys: RFC 8448 §3 server handshake key/iv/finished (383.44ms)
[287/873] PASS: processServerHello: RFC 8448 §3 installs server handshake keys (383.57ms)
[288/873] PASS: processServerHello: accepts secp256r1 key_share (383.76ms)
[289/873] PASS: processServerHello: rejects invalid secp256r1 point (383.84ms)
[290/873] PASS: processServerHello: rejects unoffered secp256r1 key_share (383.90ms)
[291/873] PASS: processServerHello: rejects mismatched session id echo (383.95ms)
[292/873] PASS: processServerHello: rejects a missing key_share after TLS 1.3 selection (383.99ms)
[293/873] PASS: processServerHello: rejects unoffered cipher suite (384.07ms)
[294/873] PASS: processFlight: stores selected ALPN (384.20ms)
[295/873] PASS: processFlight: rejects unoffered ALPN (384.32ms)
[296/873] PASS: processFlight: rejects unanchored Certificate by default (384.92ms)
[297/873] PASS: processFlight: rejects non-empty server Certificate request context (385.33ms)
[298/873] PASS: processFlight: rejects empty server Certificate list (385.74ms)
[299/873] PASS: processFlight: rejects unsolicited EncryptedExtensions ALPN (385.87ms)
[300/873] PASS: processFlight: rejects unrequested server CertificateEntry status_request (386.28ms)
[301/873] PASS: handleRecord: rejects a server key above retention capacity (414.09ms)
[302/873] PASS: processFlight: RFC 8448 §3 full server flight to connected (414.57ms)
[303/873] PASS: processFlight: rejects handshake message after server Finished (415.01ms)
[304/873] PASS: processFlight: handshake message spanning records needs buffer (415.41ms)
[305/873] PASS: processFlight: reassembles handshake message split across records (415.85ms)
[306/873] PASS: processFlight: buffered path rejects handshake message after server Finished (416.30ms)
[307/873] PASS: processFlight: RFC 8448 §3 flight split one message per record (416.76ms)
[308/873] PASS: handleRecord: malformed ServerHello is rejected (416.81ms)
[309/873] PASS: processFlight: rejects Finished before EncryptedExtensions (416.93ms)
[310/873] PASS: processFlight: rejects CertificateVerify before Certificate (417.34ms)
[311/873] PASS: processFlight: rejects Finished before CertificateVerify (417.76ms)
[312/873] PASS: processFlight: rejects unoffered CertificateVerify scheme (418.18ms)
[313/873] PASS: processFlight: rejects wrong CertificateVerify signature (418.61ms)
[314/873] PASS: processFlight: rejects wrong server Finished verify_data (419.15ms)
[315/873] PASS: handleRecord: plaintext fatal alert in wait_sh (419.23ms)
[316/873] PASS: handleRecord: malformed alert record does not set or replace lastPeerAlert (419.27ms)
[317/873] PASS: handleRecord: unknown alert codes are preserved (419.31ms)
[318/873] PASS: handleRecord: lastPeerAlert replaced by later alert, preserved by close/malformed (419.35ms)
[319/873] PASS: handleRecord: rejects ChangeCipherSpec before ClientHello (419.39ms)
[320/873] PASS: handleRecord: drops valid ChangeCipherSpec after ClientHello (419.43ms)
[321/873] PASS: handleRecord: rejects malformed ChangeCipherSpec payload (419.47ms)
[322/873] PASS: handleRecord: encrypted fatal alert during server flight (419.59ms)
[323/873] PASS: handleRecord: rejects server KeyUpdate before Finished (419.72ms)
[324/873] PASS: handleRecord: truncated encrypted flight is rejected (420.13ms)
[325/873] PASS: handleRecord: corrupted encrypted flight is rejected (420.56ms)
[326/873] PASS: handleRecord: post-handshake unexpected inner content type is rejected (421.06ms)
[327/873] PASS: handleRecord: encrypted application data during server flight is rejected (421.19ms)
[328/873] PASS: clientFinished: RFC 8448 §3 emits Finished and upgrades to app keys (421.68ms)
[329/873] PASS: processFlight: accepts CertificateRequest before server Certificate (422.09ms)
[330/873] PASS: processFlight: rejects non-empty handshake CertificateRequest context (422.50ms)
[331/873] PASS: clientFinished: sends empty Certificate before Finished for CertificateRequest (422.98ms)
[332/873] PASS: clientFinished: empty CertificateRequest with no credentials still finishes (423.45ms)
[333/873] PASS: client auth: setCredentials stores client credentials (423.51ms)
[334/873] PASS: ratchetClientKey: RFC 8446 §7.2 next application write key (423.99ms)
[335/873] PASS: handleRecord: application data resets both post-handshake flood counters (424.50ms)
[336/873] PASS: receiveRecord: RX progresses while a client TX record is pending (425.00ms)
[337/873] PASS: receiveKtlsRecord: client processes kernel-decrypted records (425.51ms)
[338/873] PASS: receiveKtlsRecord: client finds KeyUpdate after NewSessionTicket (425.99ms)
[339/873] PASS: ratchetKtlsTx: client advances only an idle TX epoch (426.47ms)
[340/873] PASS: handleRecord: server KeyUpdate(update_requested) ratchets rx and responds (426.98ms)
[341/873] PASS: handleRecord: KeyUpdate not at record boundary is rejected (427.45ms)
[342/873] PASS: handleRecord: invalid server KeyUpdate request is rejected (427.94ms)
[343/873] PASS: handleRecord: server KeyUpdate(update_not_requested) surfaces key_update rx only (428.44ms)
[344/873] PASS: handleRecord: self-initiated sendKeyUpdate response surfaces rx only (428.96ms)
[345/873] PASS: sendAlert: plaintext fatal alert before ServerHello (429.00ms)
[346/873] PASS: sendAlert: encrypted close_notify after handshake (429.48ms)
[347/873] PASS: handleRecord: close_notify returns closed (429.95ms)
[348/873] PASS: handleRecord: fatal alert returns PeerAlert (430.43ms)
[349/873] PASS: handleRecord: NewSessionTicket is surfaced as an event (430.91ms)
[350/873] PASS: clientFinished: RFC 8448 §4 resumption_master_secret over the live transcript (431.39ms)
[351/873] PASS: startWithPsk: binder matches an independent HMAC over the prefix (431.49ms)
[352/873] PASS: startWithPsk: advertises configured RFC 10024 key share (431.66ms)
[353/873] PASS: startWithPsk: ticket without early-data permission omits early_data (431.74ms)
[354/873] PASS: EncryptedExtensions: rejects early_data when server declined PSK (431.90ms)
[355/873] PASS: EncryptedExtensions: rejects early_data without early traffic keys (432.08ms)
[356/873] PASS: EncryptedExtensions: rejects early_data after HelloRetryRequest (432.24ms)
[357/873] PASS: processServerHello rejects selected PSK with incompatible cipher suite hash (432.44ms)
[358/873] PASS: handleRecord: PSK-offering client rejects bare Finished unless server selected PSK (432.89ms)
[359/873] PASS: handleRecord: accepts 17 consecutive NewSessionTickets (433.41ms)
[360/873] PASS: handleRecord: NewSessionTicket flood is rejected with ticket-specific error (433.92ms)
[361/873] PASS: handleRecord: malformed NewSessionTicket is rejected (434.42ms)
[362/873] PASS: handleRecord: KeyUpdate flood is rejected (435.16ms)
[363/873] PASS: handleRecord: empty application data does not reset flood counters (435.64ms)
[364/873] PASS: handleRecord: KeyUpdate flood cap fires despite empty app-data interleaving (436.47ms)
[365/873] PASS: start: uses Config host_name for SNI and policy (436.54ms)
[366/873] PASS: handleRecord: drives RFC 8448 §3 handshake to connected (437.03ms)
[367/873] PASS: 0.5-RTT: coalesced server data precedes client Finished delivery (437.98ms)
[368/873] PASS: handleRecord: unacknowledged write blocks further calls (438.45ms)
[369/873] PASS: sendEarlyData: unacknowledged write blocks further early data (438.54ms)
[370/873] PASS: handleRecord: zero-length plaintext handshake is rejected (438.59ms)
[371/873] PASS: handleRecord: zero-length encrypted handshake is rejected (438.71ms)
[372/873] PASS: handleRecord: all-zero inner plaintext maps to unexpected_message (439.19ms)
[373/873] PASS: handleRecord: application_data before ServerHello is rejected (439.24ms)
[374/873] PASS: HandshakeReader: splits coalesced messages (439.24ms)
[375/873] PASS: HandshakeReader: truncated body is UnexpectedEof (439.25ms)
[376/873] PASS: fuzz: HandshakeReader handles arbitrary input (439.31ms)
[377/873] PASS: fuzz: processFlight handles arbitrary decrypted bytes (439.88ms)
[378/873] PASS: fuzz: 0-RTT client state machine handles arbitrary inbound records (440.17ms)
[379/873] PASS: processHelloRetryRequest: rejects already-offered key_share group (440.22ms)
[380/873] PASS: processHelloRetryRequest: secp256r1 selected produces ClientHello2 (440.27ms)
[381/873] PASS: processHelloRetryRequest: transcript collapse matches §4.4.1 (440.32ms)
[382/873] PASS: processHelloRetryRequest: removes PSK with incompatible hash (440.47ms)
[383/873] PASS: processHelloRetryRequest: rejects second HRR (440.54ms)
[384/873] PASS: processHelloRetryRequest: rejects unoffered selected_group (440.58ms)
[385/873] PASS: processServerHello: post-HRR rejects mismatched cipher suite (440.63ms)
[386/873] PASS: processServerHello: post-HRR rejects mismatched key_share group (440.68ms)
[387/873] PASS: processServerHello: post-HRR accepts matching ServerHello (440.87ms)
[388/873] PASS: handleRecord: HRR returns ClientHello2 as write event (440.92ms)
[389/873] PASS: processHelloRetryRequest: returns null for normal ServerHello (440.96ms)
[390/873] PASS: processHelloRetryRequest: HRR with cookie echoes cookie in CH2 (441.01ms)
[391/873] PASS: deinit leaves caller-owned buffers to the caller (441.51ms)
[392/873] PASS: secureZero zeroes all secret material (442.70ms)
[393/873] PASS: Array.secureZero clears contents (442.71ms)
[394/873] PASS: lastIndexOfNonZero: last byte non-zero (fast path) (442.71ms)
[395/873] PASS: lastIndexOfNonZero: all zeros (442.72ms)
[396/873] PASS: lastIndexOfNonZero: single non-zero byte at start (442.72ms)
[397/873] PASS: lastIndexOfNonZero: single byte, non-zero (442.73ms)
[398/873] PASS: lastIndexOfNonZero: single byte, zero (442.73ms)
[399/873] PASS: lastIndexOfNonZero: non-zero in scalar tail (442.74ms)
[400/873] PASS: lastIndexOfNonZero: exactly chunk_len bytes, non-zero at start (442.75ms)
[401/873] PASS: lastIndexOfNonZero: exactly chunk_len bytes, all zeros (442.75ms)
[402/873] PASS: lastIndexOfNonZero: large buffer, non-zero in first chunk (442.76ms)
[403/873] PASS: lastIndexOfNonZero: large buffer, non-zero in middle chunk (442.76ms)
[404/873] PASS: lastIndexOfNonZero: large buffer, all zeros (442.77ms)
[405/873] PASS: encrypt: buffer too short (442.77ms)
[406/873] PASS: encrypt: sequence number overflow (442.78ms)
[407/873] PASS: deinit: clears caller-visible traffic key material (442.79ms)
[408/873] PASS: ktlsInfo: AES-GCM salt and IV reconstruct RFC 8446 nonce (442.79ms)
[409/873] PASS: ktlsInfo: cipher type uses Linux UAPI values (442.81ms)
[410/873] PASS: ktlsInfo: exported key material survives RecordLayer deinit (442.81ms)
[411/873] PASS: KtlsInfo.secureZero erases exported traffic material (442.82ms)
[412/873] PASS: encrypt/decrypt: key update required at AEAD usage limit (442.83ms)
[413/873] PASS: encryptPrepared/decrypt: round-trip (442.84ms)
[414/873] PASS: encrypt/decrypt: round-trip (442.84ms)
[415/873] PASS: encrypt/decrypt: sequence numbers advance (442.85ms)
[416/873] PASS: decrypt: failed auth exposes backend failure buffer behavior (442.86ms)
[417/873] PASS: decrypt: replayed record is rejected (442.87ms)
[418/873] PASS: encrypt/decrypt: zero-length application data (442.88ms)
[419/873] PASS: decrypt: rejects all-zero inner plaintext (442.89ms)
[420/873] PASS: encrypt/decrypt: maximum plaintext fragment length (442.98ms)
[421/873] PASS: decrypt: wrong content type (442.99ms)
[422/873] PASS: decrypt: payload shorter than tag (442.99ms)
[423/873] PASS: decrypt: truncated ciphertext record (443.00ms)
[424/873] PASS: decrypt: sequence number overflow (443.00ms)
[425/873] PASS: fuzz: decrypt handles arbitrary input (443.25ms)
[426/873] PASS: PendingWrite: mark and clear (443.25ms)
[427/873] PASS: SliceBuffer: append and retain (443.26ms)
[428/873] PASS: append and slice (443.26ms)
[429/873] PASS: appendAssumeCapacity (443.27ms)
[430/873] PASS: secureZero clears full storage and length (443.27ms)
[431/873] PASS: append returns error on overflow (443.28ms)
[432/873] PASS: clear resets length (443.28ms)
[433/873] PASS: Reader iterates coalesced messages (443.29ms)
[434/873] PASS: parseKeyUpdate (443.29ms)
[435/873] PASS: rejectDuplicateExtensions: rejects more than the extension count cap (443.30ms)
[436/873] PASS: rejectDuplicateExtensions: rejects duplicate unknown type (443.30ms)
[437/873] PASS: rejectDuplicateExtensions: accepts distinct extension types (443.31ms)
[438/873] PASS: ExtensionType.isGrease: detects reserved GREASE extension code points (443.32ms)
[439/873] PASS: rejectDuplicateExtensions: rejects malformed block (443.32ms)
[440/873] PASS: RFC 10024 hybrid groups round-trip (449.76ms)
[441/873] PASS: hybrid decapsulation rejects wrong server share length (449.84ms)
[442/873] PASS: NamedGroup wire identifiers (449.85ms)
[443/873] PASS: RFC 10024 hybrid group sizes (449.86ms)
[444/873] PASS: secret lifecycle preserves live epochs and clears owned secret fields (449.88ms)
[445/873] PASS: HkdfSha256.trafficKey: RFC 8448 §3 server handshake (449.88ms)
[446/873] PASS: HkdfSha384: traffic key/iv, finished key, traffic-upd (independent vector) (449.94ms)
[447/873] PASS: HkdfSha256.trafficIv: RFC 8448 §3 server handshake (449.95ms)
[448/873] PASS: HkdfSha256.earlySecret: RFC 8448 §3 (449.96ms)
[449/873] PASS: HkdfSha256: RFC 8448 §3/§4 PSK and resumption secrets (449.99ms)
[450/873] PASS: HkdfSha256.handshakeSecret: RFC 8448 §3 (450.00ms)
[451/873] PASS: HkdfSha256.masterSecret: RFC 8448 §3 (450.01ms)
[452/873] PASS: HkdfSha256.clientHandshakeTrafficSecret: RFC 8448 §3 (450.03ms)
[453/873] PASS: HkdfSha256.finishedKey: RFC 8448 §3 server (450.03ms)
[454/873] PASS: HkdfSha256.nextTrafficSecret: RFC 8446 §7.2 (450.04ms)
[455/873] PASS: HkdfSha256.serverHandshakeTrafficSecret: RFC 8448 §3 (450.05ms)
[456/873] PASS: sharedSecret: RFC 7748 X25519 vector (450.12ms)
[457/873] PASS: KeyPair.generateDeterministic: RFC 7748 public keys (450.16ms)
[458/873] PASS: KeyPair.generateDeterministic emits uncompressed SEC1 public key (450.20ms)
[459/873] PASS: sharedSecret: P-256 deterministic peers agree (450.43ms)
[460/873] PASS: KeyPair.generate: healthy entropy path (450.49ms)
[461/873] PASS: KeyPair.secureZero erases secret and public material (450.52ms)
[462/873] PASS: generateRetry: a LibcryptoFailed attempt is terminal, not retried (450.53ms)
[463/873] PASS: generateRetry: an invalid scalar retries exactly to the bound (450.54ms)
[464/873] PASS: generateRetry: retries a bad draw and succeeds (450.58ms)
[465/873] PASS: KeyPair.generateDeterministic enforces the scalar range [1, n-1] (450.62ms)
[466/873] PASS: sharedSecret: rejects compressed P-256 point (450.67ms)
[467/873] PASS: KeyPair.generateDeterministic emits uncompressed SEC1 public key (451.81ms)
[468/873] PASS: KeyPair.secureZero erases secret and public material (452.97ms)
[469/873] PASS: sharedSecret: P-384 deterministic peers agree (458.71ms)
[470/873] PASS: generateRetry: a LibcryptoFailed attempt is terminal, not retried (458.72ms)
[471/873] PASS: generateRetry: an invalid scalar retries exactly to the bound (458.76ms)
[472/873] PASS: generateRetry: retries a bad draw and succeeds (459.90ms)
[473/873] PASS: KeyPair.generateDeterministic enforces the scalar range [1, n-1] (461.02ms)
[474/873] PASS: sharedSecret: rejects compressed P-384 point (463.28ms)
[475/873] PASS: active backend matches the selected libcrypto headers (463.29ms)
[476/873] PASS: capabilities are non-empty for the active backend (463.29ms)
[477/873] PASS: x25519 handle shape matches active backend (463.30ms)
[478/873] PASS: client group capabilities match implemented client key-share plumbing (463.31ms)
[479/873] PASS: aead context shape matches active backend (463.31ms)
[480/873] SKIP: aws-lc aead deinit clears inline context (463.32ms)
[481/873] PASS: capability helpers recognize advertised algorithms (463.32ms)
[482/873] PASS: fips: chacha20_poly1305_sha256 excluded from FIPS cipher_suites (463.33ms)
[483/873] PASS: fips: rsa_pkcs1_sha* excluded from FIPS certificate_signature_schemes (463.33ms)
[484/873] PASS: fips: ed25519 excluded from FIPS certificate_signature_schemes (463.34ms)
[485/873] PASS: fips: ML-KEM disabled in FIPS capability table (463.34ms)
[486/873] PASS: fips: FIPS capabilities are a subset of non-FIPS capabilities (463.35ms)
[487/873] PASS: fips: active capabilities follow FIPS identity (463.35ms)
[488/873] PASS: OpenSSL AEAD initialization rejects wrong key length (463.36ms)
[489/873] PASS: Parsed.verifyHostName rejects universal tag 2 as dNSName (463.37ms)
[490/873] PASS: Parsed.verifyHostName requires dNSName SAN (463.37ms)
[491/873] PASS: Parsed.verifyHostName accepts caller-converted A-labels (463.38ms)
[492/873] PASS: Parsed.verifyHostName rejects U-label references under a wildcard (463.38ms)
[493/873] PASS: Parsed.verifyHostName rejects matching non-ASCII DNS identities (463.39ms)
[494/873] PASS: Parsed.checkHostName rejects public suffix wildcard (463.40ms)
[495/873] PASS: Parsed.checkHostName RFC 6125 compliance (463.41ms)
[496/873] PASS: Parsed.allowsKeyUsage reads digitalSignature (463.41ms)
[497/873] PASS: Parsed.allowsKeyUsage rejects malformed empty bit payload (463.42ms)
[498/873] PASS: Parsed.allowsExtKeyUsage finds serverAuth (463.42ms)
[499/873] PASS: Parsed.allowsExtKeyUsage rejects non-SEQUENCE wrapper (463.43ms)
[500/873] PASS: Parsed.nameConstraints extracts extension value (463.43ms)
[501/873] PASS: Parsed.nameConstraints absent returns empty (463.44ms)
[502/873] PASS: Parsed.verifyNameConstraints: DNS permitted subtree (463.45ms)
[503/873] PASS: Parsed.verifyNameConstraints: DNS permitted subtree mismatch (463.45ms)
[504/873] PASS: Parsed.verifyNameConstraints: DNS excluded subtree (463.46ms)
[505/873] PASS: Parsed.verifyNameConstraints: mixed DNS SAN violation is rejected (463.47ms)
[506/873] PASS: Parsed.verifyNameConstraints: DNS common name fallback (463.47ms)
[507/873] PASS: Parsed.verifyNameConstraints: IP permitted subnet (463.48ms)
[508/873] PASS: Parsed.verifyNameConstraints: permitted subtrees are type-specific (463.49ms)
[509/873] PASS: Parsed.verifyNameConstraints: email permitted subtree (463.49ms)
[510/873] PASS: Parsed.verifyNameConstraints: email mailbox local part is case-sensitive (463.50ms)
[511/873] PASS: Parsed.verifyNameConstraints: URI excluded subtree (463.51ms)
[512/873] PASS: Parsed.verifyNameConstraints: URI strips userinfo before host matching (463.51ms)
[513/873] PASS: Parsed.verifyNameConstraints: explicit minimum zero is accepted (463.52ms)
[514/873] PASS: Parsed.verifyNameConstraints: critical unsupported subtree is rejected (463.52ms)
[515/873] PASS: Parsed.verifyNameConstraints: non-critical unsupported subtree is ignored (463.53ms)
[516/873] PASS: parseBasicConstraints rejects pathLenConstraint without cA (463.53ms)
[517/873] PASS: parse rejects unknown critical extension (463.54ms)
[518/873] PASS: parse rejects duplicate recognized extensions (463.55ms)
[519/873] PASS: parse accepts old and new authority key identifier OIDs (463.56ms)
[520/873] PASS: parseBitString rejects empty bit string content (463.56ms)
[521/873] PASS: parseTime maps UTCTime centuries and expires 1999 certificates (463.57ms)
[522/873] PASS: parseTime enforces GeneralizedTime certificate grammar (463.58ms)
[523/873] PASS: parseTime rejects impossible dates and accepts leap day (463.58ms)
[524/873] PASS: certificate_parser.decltest.parseTimeDigits (463.59ms)
[525/873] PASS: certificate_parser.decltest.parseYear4 (463.60ms)
[526/873] PASS: certificate_parser.test_0 (463.60ms)
[527/873] PASS: PrivateKey.sign: RSA-PSS SHA-256 uses TLS parameters (464.54ms)
[528/873] PASS: PrivateKey.sign: short RSA-PSS output buffer is rejected (464.58ms)
[529/873] PASS: PrivateKey.sign: key and scheme mismatch is a libcrypto failure (464.62ms)
[530/873] PASS: PrivateKey.sign: deterministic ECDSA matches the RFC 6979 vector (464.77ms)
[531/873] PASS: PrivateKey.sign: deterministic ECDSA P-384 matches the RFC 6979 A.2.6 vector (467.11ms)
[532/873] PASS: PrivateKey.sign: deterministic nonce with RSA-PSS is rejected (467.15ms)
[533/873] PASS: PrivateKey.fromPemAuto: RSA PKCS#8 and PKCS#1 both infer rsa_pss_rsae_sha256 (468.05ms)
[534/873] PASS: PrivateKey.fromPemAuto: P-256 infers ecdsa_secp256r1_sha256 and signs (468.12ms)
[535/873] PASS: PrivateKey.fromPemAuto: P-384 infers ecdsa_secp384r1_sha384 and signs (468.78ms)
[536/873] PASS: PrivateKey.fromPemAuto: P-521 is rejected at load by the capability gate (468.88ms)
[537/873] PASS: PrivateKey.fromPemAuto: Ed25519 is rejected at load by the capability gate (468.96ms)
[538/873] PASS: PrivateKey.fromPemAuto: secp224r1 has no CertificateVerify scheme (469.01ms)
[539/873] PASS: PrivateKey.fromPemAuto: garbage PEM fails at load (469.02ms)
[540/873] PASS: PrivateKey.fromPem: encrypted PEM fails at load (469.10ms)
[541/873] PASS: PrivateKey.fromPemAuto: encrypted PEM fails at load (469.14ms)
[542/873] PASS: PrivateKey.pairsWith: P-256 scalar key pairs with its leaf certificate (469.33ms)
[543/873] PASS: PrivateKey.pairsWith: auto-inferred RSA and P-256 keys pair with their leaves (469.44ms)
[544/873] PASS: PrivateKey.pairsWith: same-algorithm mismatch is a named error (469.50ms)
[545/873] PASS: PrivateKey.pairsWith: cross-algorithm mismatch is a named error (469.54ms)
[546/873] PASS: PrivateKey.pairsWith: garbage leaf DER is not a certificate (469.57ms)
[547/873] PASS: PrivateKey.pairsWith: trailing bytes make leaf DER invalid (469.61ms)
[548/873] PASS: ML-KEM-768 encapsulate/decapsulate round-trip (469.70ms)
[549/873] PASS: ML-KEM-1024 encapsulate/decapsulate round-trip (469.80ms)
[550/873] PASS: ML-KEM encapsulation-key modulus boundary (469.83ms)
[551/873] PASS: ML-KEM rejects non-canonical encapsulation keys (469.84ms)
[552/873] PASS: ML-KEM rejects a wrong-length ciphertext (469.86ms)
[553/873] PASS: classify: bounded PSK identity admission is a buffer-class limit (469.87ms)
[554/873] PASS: classify: certificate failures never fall into a generic bucket (469.88ms)
[555/873] PASS: classify: authentication failures are their own class (469.88ms)
[556/873] PASS: classify: remaining buckets (469.89ms)
[557/873] PASS: parseHeader: valid plaintext record (469.89ms)
[558/873] PASS: parseHeader: application_data record (TLSCiphertext) (469.90ms)
[559/873] PASS: parseHeader: ignores legacy_record_version (469.90ms)
[560/873] PASS: parseHeader: buffer too short (469.91ms)
[561/873] PASS: parseHeader: exactly 5 bytes (header only, no fragment) (469.91ms)
[562/873] PASS: parseHeader: max valid length (469.92ms)
[563/873] PASS: parseHeader: length exceeds max (469.92ms)
[564/873] PASS: Header.init round-trips with parseHeader (469.93ms)
[565/873] PASS: Header.write: emits TLS 1.2 legacy_record_version (469.93ms)
[566/873] PASS: fuzz: parseHeader handles arbitrary input (470.18ms)
[567/873] PASS: kernel cipher_type values match KtlsCipherType (470.18ms)
[568/873] PASS: kernel socket option constants (470.19ms)
[569/873] PASS: packed kTLS info secureZero methods erase every byte (470.19ms)
[570/873] PASS: packAesGcm128 splits the 12-byte IV and copies key/seq (470.20ms)
[571/873] PASS: packAesGcm128 rejects a non-AES-GCM-128 info (470.21ms)
[572/873] PASS: packChaCha20Poly1305 uses the full 12-byte IV (470.21ms)
[573/873] PASS: packAesGcm256 copies the 32-byte key and splits the IV (470.22ms)
[574/873] PASS: install errno decode maps onto InstallError (470.22ms)
[575/873] PASS: a record-type cmsg occupies the kernel's CMSG_LEN and CMSG_SPACE (470.23ms)
[576/873] PASS: ControlBuffer.init writes one cmsg and zeroes the padding (470.23ms)
[577/873] PASS: parseRecordType rejects control data off the kTLS contract (470.24ms)
[578/873] PASS: ulpInstall attaches once, and only to an established TCP socket (470.36ms)
[579/873] PASS: txInstall and rxInstall accept a synthetic TLS 1.3 AES-128-GCM key (470.41ms)
[580/873] PASS: installs without the ULP are typed Unavailable errors, not panics (470.44ms)
[581/873] PASS: a crypto_info the kernel cannot use is a typed EINVAL failure (470.47ms)
[582/873] PASS: record-type cmsg round-trips through a live kTLS pair (470.53ms)
[583/873] PASS: Outbox: fresh outbox is not write-blocked (470.53ms)
[584/873] PASS: Outbox: send drains fully and completes write once (470.54ms)
[585/873] PASS: Outbox: partial send stays blocked and does not complete write (470.55ms)
[586/873] PASS: Outbox: zero-byte progress stays blocked (470.55ms)
[587/873] PASS: Outbox: idle flush is drained without completing write (470.56ms)
[588/873] PASS: Outbox: partial drain resumes across flush calls (470.56ms)
[589/873] PASS: Outbox: queue while blocked returns PendingWrite (470.57ms)
[590/873] PASS: Outbox: writer error leaves pending tail and does not complete write (470.57ms)
[591/873] PASS: Outbox: writer over-reporting bytes returns WriteOverflow (470.58ms)
[592/873] PASS: Outbox: sequential records complete once each (470.58ms)
[593/873] PASS: next: two records coalesced in one fill (470.60ms)
[594/873] PASS: next: record split across two fills (470.61ms)
[595/873] PASS: next: truncated records return null (470.63ms)
[596/873] PASS: next: in-place mutation of a returned record survives across next() (470.64ms)
[597/873] PASS: next: oversized length is rejected (470.65ms)
[598/873] PASS: isEmpty distinguishes drained, partial, and complete records (470.66ms)
[599/873] PASS: parse: rejects oversized legacy_session_id_echo without overflow (470.66ms)
[600/873] PASS: encode: round trips through parse (470.67ms)
[601/873] PASS: parse: accepts secp256r1 key_share (470.68ms)
[602/873] PASS: parse: rejects compressed secp256r1 key_share (470.69ms)
[603/873] PASS: parse: accepts secp384r1 key_share (470.70ms)
[604/873] PASS: parse: rejects compressed secp384r1 key_share (470.71ms)
[605/873] PASS: encode: echoes session id (470.71ms)
[606/873] PASS: parse: RFC 8448 §3 ServerHello (470.72ms)
[607/873] PASS: parse: wrong handshake type (470.73ms)
[608/873] PASS: parse: truncated message (470.73ms)
[609/873] PASS: parse: rejects HelloRetryRequest (470.74ms)
[610/873] PASS: parse: missing extensions / no supported_versions yields UnsupportedTlsVersion (470.74ms)
[611/873] PASS: parse: rejects mismatched handshake length (470.75ms)
[612/873] PASS: parse: rejects unknown cipher suite (470.76ms)
[613/873] PASS: parse: rejects oversized extensions block (470.76ms)
[614/873] PASS: parse: rejects duplicate supported_versions (470.77ms)
[615/873] PASS: parse: rejects duplicate key_share (470.77ms)
[616/873] PASS: parse: rejects unknown unsolicited extension (470.78ms)
[617/873] PASS: parse: rejects GREASE ServerHello extension (470.79ms)
[618/873] PASS: parse: rejects forbidden signature_algorithms extension (470.79ms)
[619/873] PASS: parse: rejects forbidden heartbeat extension (470.80ms)
[620/873] PASS: parse: rejects record_size_limit in ServerHello (470.81ms)
[621/873] PASS: parse: rejects key_share for unsupported group (470.81ms)
[622/873] PASS: parse: unsupported TLS version in supported_versions is illegal_parameter (470.82ms)
[623/873] PASS: parse: rejects TLS 1.2 downgrade sentinel (470.83ms)
[624/873] PASS: parse: rejects TLS 1.1 downgrade sentinel (470.83ms)
[625/873] PASS: parse: rejects downgrade sentinel when supported_versions selects TLS 1.3 (470.84ms)
[626/873] PASS: parse: accepts non-0x0303 legacy_version when supported_versions selects TLS 1.3 (470.85ms)
[627/873] PASS: parse: no supported_versions + downgrade sentinel yields IllegalParameter (470.86ms)
[628/873] PASS: parse: rejects ServerHello without supported_versions as legacy (470.86ms)
[629/873] PASS: parse: rejects SSLv3-or-lower legacy version (470.87ms)
[630/873] PASS: parse: rejects mismatched session id echo (470.88ms)
[631/873] PASS: parse: rejects non-zero compression method (470.88ms)
[632/873] PASS: fuzz: parse handles arbitrary input (470.95ms)
[633/873] PASS: encodeHelloRetryRequest: parse round-trip (470.96ms)
[634/873] PASS: parseHelloRetryRequest: rejects mismatched session id echo (470.96ms)
[635/873] PASS: parseHelloRetryRequest: RFC 8448 §5 (470.97ms)
[636/873] PASS: parseHelloRetryRequest: no cookie (470.97ms)
[637/873] PASS: parseHelloRetryRequest: rejects non-HRR Random (470.98ms)
[638/873] PASS: parseHelloRetryRequest: rejects wrong type (470.98ms)
[639/873] PASS: parseHelloRetryRequest: rejects TLS 1.2 in supported_versions (470.99ms)
[640/873] PASS: parseHelloRetryRequest: ignores non-0x0303 legacy_version (471.00ms)
[641/873] PASS: parseHelloRetryRequest: rejects SSLv3-or-lower legacy version (471.00ms)
[642/873] PASS: parseHelloRetryRequest: rejects non-zero compression method (471.01ms)
[643/873] PASS: parseHelloRetryRequest: rejects unknown cipher suite (471.01ms)
[644/873] PASS: parseHelloRetryRequest: rejects trailing bytes after extensions (471.02ms)
[645/873] PASS: parseHelloRetryRequest: rejects cookie extension trailing bytes (471.02ms)
[646/873] PASS: parseHelloRetryRequest: rejects missing supported_versions (471.03ms)
[647/873] PASS: parseHelloRetryRequest: rejects unknown unsolicited extension (471.04ms)
[648/873] PASS: parseHelloRetryRequest: rejects record_size_limit (471.04ms)
[649/873] PASS: KEM key_share round-trip: ServerHello encode → parse preserves 1120-byte ciphertext (471.07ms)
[650/873] PASS: fuzz: parseHelloRetryRequest handles arbitrary input (471.13ms)
[651/873] PASS: Config.validate reports invalid lists and missing P-384 material (471.20ms)
[652/873] PASS: sendAlert: plaintext fatal alert before ClientHello (471.27ms)
[653/873] PASS: sendAlert: encrypted close_notify after handshake (471.53ms)
[654/873] PASS: handleRecord: rejects ChangeCipherSpec before ClientHello (471.60ms)
[655/873] PASS: handleRecord: drops valid ChangeCipherSpec while waiting for client Finished (471.77ms)
[656/873] PASS: handleRecord: rejects malformed ChangeCipherSpec payload (471.95ms)
[657/873] PASS: handleRecord: ClientHello returns ServerHello write and enforces pending write (472.14ms)
[658/873] PASS: handleRecord: zero-length plaintext handshake is rejected (472.21ms)
[659/873] PASS: handleRecord: rejects application_data before connected (472.27ms)
[660/873] PASS: acceptClientHello: emits ServerHello and installs handshake keys (472.58ms)
[661/873] PASS: acceptClientHello: negotiates secp256r1 key share (472.83ms)
[662/873] PASS: acceptClientHello: negotiates secp384r1 key share (478.74ms)
[663/873] PASS: acceptClientHello: emits HelloRetryRequest for missing secp256r1 key share (478.86ms)
[664/873] PASS: acceptClientHello: rejects ClientHello2 with changed SNI or ALPN after HRR (479.05ms)
[665/873] PASS: acceptClientHello: rejects early_data in ClientHello2 after HRR (479.16ms)
[666/873] PASS: acceptClientHello: rejects replaced PSK identity in ClientHello2 despite valid binder (479.28ms)
[667/873] PASS: acceptClientHello: rejects added, reordered, or dropped PSK identities in CH2 (479.59ms)
[668/873] PASS: acceptClientHello: accepts permitted ClientHello2 PSK updates after HRR (480.20ms)
[669/873] PASS: acceptClientHello: bounded PSK identity admission before HelloRetryRequest (480.45ms)
[670/873] PASS: acceptClientHello: rejects removal of an unknown identity whose binder claims the HRR hash (480.58ms)
[671/873] PASS: acceptClientHello: HRR path rejects a slack-byte identities vector in CH1 (480.67ms)
[672/873] PASS: acceptClientHello: HRR path rejects a slack-byte identities vector in CH2 (480.77ms)
[673/873] PASS: acceptClientHello: PSK selection rejects a slack-byte identities vector (480.86ms)
[674/873] PASS: acceptClientHello: rejects ClientHello2 that ignores HRR selected group (480.98ms)
[675/873] PASS: acceptClientHello: rejects ClientHello2 with extra key share (481.11ms)
[676/873] PASS: acceptClientHello: HRR sends at most one compatibility ChangeCipherSpec (481.29ms)
[677/873] PASS: acceptClientHello: emits compatibility ChangeCipherSpec for non-empty legacy_session_id (481.46ms)
[678/873] PASS: sendAnonymousFlightForTest: client decrypts EncryptedExtensions and Finished (481.77ms)
[679/873] PASS: sendPreparedServerFlight: credentials and pending write are enforced (482.17ms)
[680/873] PASS: sendPreparedServerFlight: encryption failure preserves handshake write epoch (482.54ms)
[681/873] PASS: sendAuthenticatedFlight: client decrypts authenticated server flight (482.90ms)
[682/873] PASS: sendAuthenticatedFlight: optional client auth sends CertificateRequest (483.26ms)
[683/873] PASS: NewSessionTicket emission derives matching client and server PSKs (483.80ms)
[684/873] PASS: NewSessionTicket emission rejects stale prepared PSK objects (484.34ms)
[685/873] PASS: server-issued NewSessionTicket resumes and can be renewed (485.33ms)
[686/873] PASS: NewSessionTicket emission owns unique bounded nonces (485.96ms)
[687/873] PASS: NewSessionTicket emission enforces write and kTLS ordering (486.46ms)
[688/873] PASS: NewSessionTicket emission preserves state on encoding failure (486.98ms)
[689/873] PASS: discardTicketPsk burns nonce and erases key material (487.49ms)
[690/873] PASS: processClientFinished: optional client auth accepts empty Certificate (487.99ms)
[691/873] PASS: processClientFinished: required client auth rejects empty Certificate (488.51ms)
[692/873] PASS: processClientFinished: required client auth verifies real client Certificate + CV (489.17ms)
[693/873] PASS: processClientFinished: bad client Finished does not retain identity (489.80ms)
[694/873] PASS: processClientFinished: client identity requires caller-owned storage (490.43ms)
[695/873] PASS: processClientFinished: required client auth rejects forged CertificateVerify (491.05ms)
[696/873] PASS: sendAuthenticatedFlight: client processes CertificateVerify and Finished (491.50ms)
[697/873] PASS: processClientFinished: verifies Finished and installs app keys (491.71ms)
[698/873] PASS: public Finished paths reject trailing and non-Finished handshake messages (492.47ms)
[699/873] PASS: handleRecord: rejects disjoint ALPN offers with the required alert (492.58ms)
[700/873] PASS: processClientFinished: rejects a client key above retention capacity (520.48ms)
[701/873] PASS: processClientFinished: rejects bad verify_data (520.71ms)
[702/873] PASS: processClientFinished: rejects EndOfEarlyData when 0-RTT was not accepted (520.90ms)
[703/873] PASS: handleRecord: rejects second plaintext ClientHello before Finished (521.09ms)
[704/873] PASS: handleRecord: rejects protected ClientHello after connected (521.31ms)
[705/873] PASS: handleRecord: rejects client KeyUpdate before Finished (521.50ms)
[706/873] PASS: receiveRecord: RX progresses while a server TX record is pending (521.73ms)
[707/873] PASS: receiveKtlsRecord: server processes kernel-decrypted records (521.97ms)
[708/873] PASS: ratchetKtlsTx: server advances only an idle TX epoch (522.19ms)
[709/873] PASS: handleRecord: client KeyUpdate(update_requested) ratchets rx and responds (522.43ms)
[710/873] PASS: handleRecord: client KeyUpdate(update_not_requested) ratchets rx only (522.65ms)
[711/873] PASS: sendKeyUpdate: server-initiated KeyUpdate encrypts under old key then ratchets tx (522.87ms)
[712/873] PASS: handleRecord: self-initiated sendKeyUpdate response surfaces rx only (523.10ms)
[713/873] PASS: handleRecord: KeyUpdate not at record boundary is rejected (523.31ms)
[714/873] PASS: handleRecord: invalid client KeyUpdate request is rejected (523.52ms)
[715/873] PASS: handleRecord: zero-length encrypted handshake is rejected (523.73ms)
[716/873] PASS: handleRecord: all-zero inner plaintext maps to unexpected_message (523.95ms)
[717/873] PASS: handleRecord: illegal post-handshake inner content type is rejected (524.17ms)
[718/873] PASS: handleRecord: empty application data does not reset post-handshake flood counter (524.39ms)
[719/873] PASS: handleRecord: KeyUpdate flood is rejected (524.88ms)
[720/873] PASS: handleRecord: KeyUpdate flood cap fires despite empty app-data interleaving (525.27ms)
[721/873] PASS: EstablishedSession: struct stays compact against the handshake engine (525.28ms)
[722/873] PASS: extractEstablished: connected events match the handshake engine (525.74ms)
[723/873] PASS: extractEstablished: engine is consumed and immediate deinit is safe (525.96ms)
[724/873] PASS: extractEstablished: moved-from rx/tx are wiped, the session's copies stay live (526.17ms)
[725/873] PASS: extractEstablished: deferred KeyUpdate obligation blocks application writes (526.40ms)
[726/873] PASS: extractEstablished: KeyUpdate flood cap survives extraction and resets on app data (526.78ms)
[727/873] PASS: extractEstablished: KeyUpdate fragment carries across extraction (527.00ms)
[728/873] PASS: extractEstablished: KeyUpdate record-boundary and fragment rules hold (527.21ms)
[729/873] PASS: extractEstablished: close_notify and fatal alerts keep server semantics (527.43ms)
[730/873] PASS: extractEstablished: sendAlert latches and ratchetTx advances the TX epoch (527.65ms)
[731/873] PASS: extractEstablished: SHA-384 suite ratchets and exchanges app data (528.27ms)
[732/873] PASS: extractEstablished: NewSessionTicket is issued before extraction (528.83ms)
[733/873] PASS: key update: simultaneous update_requested remains connected (529.41ms)
[734/873] PASS: fuzz: ServerHandshake.handleRecord rejects arbitrary input (529.54ms)
[735/873] PASS: fuzz: connected ServerHandshake.handleRecord rejects arbitrary input (530.93ms)
[736/873] PASS: application data: server sends and receives (531.14ms)
[737/873] PASS: in-memory authenticated client-server handshake reaches app data (531.66ms)
[738/873] PASS: in-memory authenticated client-server handshake suite matrix (533.78ms)
[739/873] PASS: in-memory KeyUpdate round trip across all cipher suites (536.10ms)
[740/873] PASS: selectPsk: verifies the binder for a matching PSK identity (536.20ms)
[741/873] PASS: selectPsk: returns null when the PSK binder does not verify (536.29ms)
[742/873] PASS: selectPsk: oversized binders_len does not overflow (536.37ms)
[743/873] PASS: PSK offer without psk_key_exchange_modes aborts (536.54ms)
[744/873] PASS: PSK offer with only psk_ke disables resumption and ticket issuance (536.77ms)
[745/873] PASS: client authentication policy declines PSK resumption (537.43ms)
[746/873] PASS: PSK selection skips cipher suites with an incompatible hash (538.06ms)
[747/873] PASS: in-memory PSK resumption reaches app data (538.49ms)
[748/873] PASS: in-memory RFC 10024 PSK resumption matrix reaches app data (545.94ms)
[749/873] PASS: in-memory RFC 10024 PSK resumption survives HRR (553.39ms)
[750/873] PASS: in-memory RFC 10024 SHA-384 PSK resumption survives HRR (563.61ms)
[751/873] PASS: PSK fast-path rejects bare Finished when server did NOT select PSK (563.92ms)
[752/873] PASS: in-memory 0-RTT early data is decrypted by the server (564.39ms)
[753/873] PASS: 0-RTT: accepted early data distinguishes authentication and handshake errors (565.24ms)
[754/873] PASS: 0-RTT: server rejects early data exceeding max_early_data_size (565.50ms)
[755/873] PASS: 0-RTT: max u32 early-data limit rejects bytes beyond remaining budget (565.56ms)
[756/873] PASS: 0-RTT: no PSK selected means early data is skipped and 1-RTT completes (566.10ms)
[757/873] PASS: 0-RTT: declined early records in flight are skipped and 1-RTT completes (566.54ms)
[758/873] PASS: 0-RTT: required client auth declines PSK, skips early data, completes 1-RTT (567.22ms)
[759/873] PASS: 0-RTT: decline skip budget exhaustion aborts the handshake (567.46ms)
[760/873] PASS: 0-RTT: corrupted record after the skip window aborts (567.78ms)
[761/873] PASS: 0-RTT: HRR decline skips in-flight early data and the retry handshake completes (568.36ms)
[762/873] PASS: 0-RTT: default decline-skip budget covers a full max-size early record (568.94ms)
[763/873] PASS: 0-RTT: HRR decline skip budget exhaustion aborts the handshake (569.10ms)
[764/873] PASS: 0-RTT: HRR decline skip rejects malformed application_data records (569.26ms)
[765/873] PASS: 0-RTT: HRR skip window closes at ClientHello2 (569.60ms)
[766/873] PASS: 0-RTT: server declines, client sends no EndOfEarlyData (570.03ms)
[767/873] PASS: 0-RTT: client rejects server-sent EndOfEarlyData (570.09ms)
[768/873] PASS: 0-RTT: processClientFinished rejects Finished before EndOfEarlyData (570.39ms)
[769/873] PASS: preferredHybridShare follows server preference (570.46ms)
[770/873] PASS: in-memory RFC 10024 hybrid group matrix reaches app data (578.10ms)
[771/873] PASS: RFC 10024 hybrid group matrix negotiates through HRR (585.06ms)
[772/873] PASS: hybrid share requires explicit server policy (585.30ms)
[773/873] PASS: in-memory HRR round trip reaches app data (585.82ms)
[774/873] PASS: acceptClientHello: server suite preference (585.99ms)
[775/873] PASS: acceptClientHello: exposes SNI via clientServerName (586.17ms)
[776/873] PASS: acceptClientHello: clientServerName is null when SNI absent (586.34ms)
[777/873] PASS: acceptClientHello: rejects unsupported suite (586.42ms)
[778/873] PASS: acceptClientHello: ignores unknown cipher suites in mixed list (586.74ms)
[779/873] PASS: acceptClientHello: rejects ClientHello with no shared group (586.82ms)
[780/873] PASS: handleRecord: reassembles ClientHello split across records (587.00ms)
[781/873] PASS: handleRecord: reassembles ClientHello with header and body in separate records (587.17ms)
[782/873] PASS: handleRecord: rejects CCS while ClientHello fragment pending (587.25ms)
[783/873] PASS: handleRecord: processes alert while ClientHello fragment pending (587.34ms)
[784/873] PASS: handleRecord: plaintext fatal alert in wait_ch records detail (587.46ms)
[785/873] PASS: handleRecord: unknown alert codes are preserved (587.52ms)
[786/873] PASS: handleRecord: lastPeerAlert replaced by later alert, preserved by close/malformed (587.59ms)
[787/873] PASS: handleRecord: rejects fragmented ClientHello without reassembly buffer (587.67ms)
[788/873] PASS: handleRecord: state reset after invalid fragmented ClientHello (587.85ms)
[789/873] PASS: handleRecord: rejects trailing bytes after fragmented ClientHello (588.03ms)
[790/873] PASS: handleRecord: reassembles ClientHello2 split across records after HRR (588.21ms)
[791/873] PASS: handleRecord: reassembles fragmented client Finished across encrypted records (588.42ms)
[792/873] PASS: handleRecord: rejects interleaved alert during Finished fragment reassembly (588.63ms)
[793/873] PASS: handleRecord: rejects plaintext alert during Finished fragment reassembly (588.82ms)
[794/873] PASS: handleRecord: encrypted fatal alert while waiting for Finished records detail (589.01ms)
[795/873] PASS: handleRecord: rejects plaintext alert while waiting for Finished (589.20ms)
[796/873] PASS: handleRecord: rejects zero-length encrypted handshake while waiting for Finished (589.38ms)
[797/873] PASS: handleRecord: reassembles ClientHello when handshake header is split after 1 byte (589.56ms)
[798/873] PASS: handleRecord: server reassembles 1-byte fragmented KeyUpdate(update_requested) (589.79ms)
[799/873] PASS: handleRecord: fragmented KeyUpdate(update_not_requested) works (590.02ms)
[800/873] PASS: handleRecord: non-KeyUpdate fragment starts are rejected (590.23ms)
[801/873] PASS: handleRecord: KeyUpdate with trailing record bytes is rejected before ratchet (590.45ms)
[802/873] PASS: handleRecord: app-data interleaving during KeyUpdate reassembly is rejected (590.66ms)
[803/873] PASS: receiveApplicationData: app-data interleaving during KeyUpdate reassembly is rejected (590.87ms)
[804/873] PASS: handleRecord: alert interleaving during KeyUpdate reassembly is rejected (591.08ms)
[805/873] PASS: handleRecord: connected close_notify is clean, fatal alert records detail (591.30ms)
[806/873] PASS: handleRecord: zero-length handshake during KeyUpdate reassembly is rejected (591.51ms)
[807/873] PASS: handleRecord: ClientHello body_len 0xFFFFFF rejected without overflow (fast path) (591.57ms)
[808/873] PASS: handleRecord: split-header reassembly body_len 0xFFFFFF rejected without overflow (591.64ms)
[809/873] PASS: deinit leaves caller-owned buffers to the caller (591.81ms)
[810/873] PASS: fill writes caller buffer (591.82ms)
[811/873] PASS: encode: empty EncryptedExtensions (591.83ms)
[812/873] PASS: encode: ALPN EncryptedExtensions (591.83ms)
[813/873] PASS: encode: early_data accepted in EncryptedExtensions (591.84ms)
[814/873] PASS: encode: early_data omitted when not accepted (591.84ms)
[815/873] PASS: parse: valid EncryptedExtensions (591.85ms)
[816/873] PASS: parse: ALPN selection (591.85ms)
[817/873] PASS: parse: rejects unsolicited ALPN (591.86ms)
[818/873] PASS: parse: rejects unoffered ALPN (591.86ms)
[819/873] PASS: parse: rejects duplicate ALPN extension (591.87ms)
[820/873] PASS: parse: rejects multiple ALPN protocols (591.87ms)
[821/873] PASS: parse: rejects forbidden supported_versions extension (591.88ms)
[822/873] PASS: parse: rejects forbidden key_share extension (591.89ms)
[823/873] PASS: parse: rejects forbidden heartbeat extension (591.89ms)
[824/873] PASS: parse: rejects GREASE EncryptedExtensions extension (591.90ms)
[825/873] PASS: parse: rejects unknown unsolicited extension (591.90ms)
[826/873] PASS: parse: accepts server_name acknowledgment when SNI offered (591.91ms)
[827/873] PASS: parse: rejects server_name when SNI not offered (591.91ms)
[828/873] PASS: parse: rejects server_name acknowledgment with non-empty extension_data (591.92ms)
[829/873] PASS: parse: rejects unoffered record_size_limit in EncryptedExtensions (591.92ms)
[830/873] PASS: parse: accepts offered record_size_limit in EncryptedExtensions (591.93ms)
[831/873] PASS: parse: rejects malformed record_size_limit in EncryptedExtensions (591.94ms)
[832/873] PASS: parse: ignores supported_groups extension (591.94ms)
[833/873] PASS: parse: wrong handshake type (591.95ms)
[834/873] PASS: parse: truncated (591.95ms)
[835/873] PASS: fuzz: EncryptedExtensions parser with empty and populated offers (592.09ms)
[836/873] PASS: EncryptedExtensions: bounded single-byte mutation sweep (596.23ms)
[837/873] PASS: encode round-trips via parse (596.24ms)
[838/873] PASS: parse rejects wrong handshake type (596.25ms)
[839/873] PASS: parse rejects missing signature_algorithms (596.25ms)
[840/873] PASS: parse rejects duplicate signature_algorithms (596.26ms)
[841/873] PASS: encodedLen is accurate (596.27ms)
[842/873] PASS: verify: wrong verify_data (596.27ms)
[843/873] PASS: verify: wrong handshake type (596.28ms)
[844/873] PASS: encode then verify round-trip (596.29ms)
[845/873] PASS: encode and parse NewSessionTicket round trip (596.29ms)
[846/873] PASS: encode validates NewSessionTicket bounds before writing (596.30ms)
[847/873] PASS: parse: valid NewSessionTicket (596.31ms)
[848/873] PASS: parse: captures early_data max_early_data_size (596.31ms)
[849/873] PASS: parse: skips unknown ticket extension (596.32ms)
[850/873] PASS: parse: skips GREASE ticket extension (596.32ms)
[851/873] PASS: parse: rejects duplicate early_data extension (596.33ms)
[852/873] PASS: parse: rejects malformed early_data length (596.33ms)
[853/873] PASS: parse: wrong handshake type (596.34ms)
[854/873] PASS: parse: rejects length mismatch (596.34ms)
[855/873] PASS: parse: rejects empty ticket (596.35ms)
[856/873] PASS: parse: rejects malformed extensions length (596.35ms)
[857/873] PASS: fuzz: parse handles arbitrary input (596.40ms)
[858/873] PASS: Writer.append: u8 (596.40ms)
[859/873] PASS: Writer.append: u16 big-endian (596.41ms)
[860/873] PASS: Writer.append: u24 big-endian (596.41ms)
[861/873] PASS: Writer.appendSlice (596.42ms)
[862/873] PASS: Writer.append: enum (596.42ms)
[863/873] PASS: Reader.read: u8 (596.43ms)
[864/873] PASS: Reader.read: u16 big-endian (596.43ms)
[865/873] PASS: Reader.read: enum (596.44ms)
[866/873] PASS: Reader.readSlice: zero-copy (596.44ms)
[867/873] PASS: Reader.read: UnexpectedEof (596.45ms)
[868/873] PASS: Reader assume methods skip bounds checks after caller validation (596.45ms)
[869/873] PASS: Writer.reserve: write directly into buffer (596.46ms)
[870/873] PASS: Writer: sequential appends (596.46ms)
[871/873] PASS: messageHashSynthetic: SHA-256 header (596.47ms)
[872/873] PASS: messageHashSynthetic: SHA-384 header (596.47ms)
[873/873] PASS: messageHashSynthetic: RFC 8448 §5 ClientHello1 SHA-256 (596.49ms)

ztest: 872 passed, 0 failed, 1 skipped (of 873 total) in 1596ms
ALL TESTS PASSED
Build Summary: 8/8 steps succeeded
test success
+- run test success 1s
|  +- compile test Debug native-native success 18s MaxRSS:717M
|     +- options cached
+- run exe errq-alloc-check success 74ms
|  +- compile exe errq-alloc-check Debug native-native success 4s MaxRSS:435M
|     +- options (reused)
+- run exe encrypted-pem-check success 2ms
   +- compile exe encrypted-pem-check Debug native-native success 2s MaxRSS:292M
      +- options (reused)

libcrypto family: aws-lc (/nix/store/dqas6llmc0w6gf922rcb6ncqmjjm5g1z-aws-lc-5.5.0-dev/include)
encrypted-pem-check: ok (pipe, terminal)
errq-alloc-check: early client abort
errq-alloc-check: early server abort
errq-alloc-check: client Finished abort
errq-alloc-check: ok (allocs 8140, frees 8140, live 0)
ztest: Running 873 tests...
[1/873] PASS: test_0 (689.90ms)
[2/873] PASS: Wycheproof: X25519 shared secret tcId 1 (689.96ms)
[3/873] PASS: Wycheproof boundary: X25519 identity element is rejected (689.99ms)
[4/873] PASS: Wycheproof boundary: X25519 small-order public key is rejected (690.02ms)
[5/873] PASS: Wycheproof: AES-128-GCM AAD/tag handling tcId 2 (690.05ms)
[6/873] PASS: Wycheproof boundary: AES-256-GCM AAD/tag handling (690.06ms)
[7/873] PASS: Wycheproof: ChaCha20-Poly1305 one-byte message tcId 4 (690.08ms)
[8/873] PASS: Wycheproof boundary: ChaCha20-Poly1305 AAD handling (690.09ms)
[9/873] PASS: OpenSSL s_server interoperates with ztls client (769.38ms)
[10/873] PASS: OpenSSL s_server interoperates with ztls P-384 client (796.75ms)
[11/873] PASS: OpenSSL s_server interoperates with ztls RFC 10024 client groups (893.71ms)
[12/873] PASS: ztls client resumes with OpenSSL s_server (PSK resumption) (921.91ms)
[13/873] PASS: ztls client sends 0-RTT early data to OpenSSL s_server (948.26ms)
[14/873] PASS: OpenSSL s_client interoperates with ztls server (987.14ms)
[15/873] PASS: OpenSSL s_client resumes with ztls server-issued ticket (1012.52ms)
[16/873] PASS: OpenSSL s_client interoperates with ztls P-384 server (26.73ms)
[17/873] PASS: OpenSSL s_client interoperates with ztls RFC 10024 server groups (66.72ms)
[18/873] PASS: OpenSSL s_client with -cert interoperates with ztls server (required client auth) (83.55ms)
[19/873] PASS: ztls client with credentials interoperates with OpenSSL s_server -Verify (109.96ms)
[20/873] PASS: ztls-to-ztls TCP KeyUpdate round trip with ChaCha20-Poly1305 (152.08ms)
[21/873] PASS: backend.x25519: RFC 7748 §5.2 shared secret (152.12ms)
[22/873] PASS: backend.x25519: RFC 7748 §6.1 mutual key agreement (152.19ms)
[23/873] PASS: backend.x25519: Wycheproof tcId 1 shared secret (152.22ms)
[24/873] PASS: backend.x25519: all-zero public key is rejected (IdentityElement) (152.25ms)
[25/873] PASS: backend.x25519: small-order public key is rejected (IdentityElement) (152.28ms)
[26/873] PASS: backend.aead: round-trip for every advertised cipher suite (152.29ms)
[27/873] PASS: backend.aead: tag corruption is rejected for every advertised cipher suite (152.30ms)
[28/873] PASS: backend.aead: ciphertext corruption is rejected for every advertised cipher suite (152.31ms)
[29/873] PASS: backend.aead: Wycheproof AES-128-GCM tcId 2 (152.32ms)
[30/873] PASS: backend.aead: Wycheproof AES-256-GCM AAD boundary (152.34ms)
[31/873] PASS: backend.aead: Wycheproof ChaCha20-Poly1305 AAD boundary (152.35ms)
[32/873] PASS: backend.aead: ChaCha20-Poly1305 RFC 8439 §2.8.2 known-answer vector (152.36ms)
[33/873] PASS: backend.p256: mutual key agreement with fixed scalars (152.50ms)
[34/873] PASS: backend.p256: non-04 SEC1 prefix is rejected (152.52ms)
[35/873] PASS: backend.p256: off-curve point is rejected (152.53ms)
[36/873] PASS: backend.p256: zero scalar private key is rejected (152.53ms)
[37/873] PASS: backend.p256: Wycheproof tcId 1 shared secret (152.59ms)
[38/873] PASS: backend.p384: mutual key agreement with fixed scalars (153.06ms)
[39/873] PASS: backend.p384: non-04 SEC1 prefix is rejected (153.16ms)
[40/873] PASS: backend.p384: off-curve point is rejected (153.16ms)
[41/873] PASS: backend.p384: zero scalar private key is rejected (153.17ms)
[42/873] PASS: backend.p384: Wycheproof tcId 1 shared secret (153.40ms)
[43/873] PASS: backend.sign: RSA-PSS SHA-256 sign/verify round-trip (154.27ms)
[44/873] PASS: backend.sign: RSA-PSS SHA-256 rejects tampered signature (155.10ms)
[45/873] PASS: backend.sign: RSA-PSS SHA-384 sign/verify round-trip and tamper rejection (155.94ms)
[46/873] PASS: backend.sign: ECDSA P-256 SHA-256 sign/verify round-trip (156.03ms)
[47/873] PASS: backend.sign: ECDSA P-256 SHA-256 rejects tampered signature (156.07ms)
[48/873] PASS: backend.sign: ECDSA P-384 SHA-384 sign/verify round-trip and tamper rejection (156.43ms)
[49/873] PASS: backend.sign: BufferTooShort on undersized output (156.57ms)
[50/873] PASS: backend.sign: key/scheme mismatch is a libcrypto failure (156.59ms)
[51/873] PASS: backend.sign: Wycheproof RSA-PSS tcId 3 verify (156.63ms)
[52/873] PASS: backend.sign: Wycheproof RSA-PSS tcId 62 invalid signature (156.66ms)
[53/873] PASS: backend.sign: Wycheproof ECDSA P-256 tcId 1 verify (156.71ms)
[54/873] PASS: backend.sign: Wycheproof ECDSA P-256 tcId 6 invalid signature (156.72ms)
[55/873] PASS: backend.sign: Wycheproof ECDSA P-384 tcId 1 verify (156.91ms)
[56/873] PASS: backend.sign: Wycheproof ECDSA P-384 tcId 6 invalid signature (156.93ms)
[57/873] PASS: backend error-queue hygiene: malformed EC public key leaves no residue (#88) (156.93ms)
[58/873] PASS: backend error-queue hygiene: caller queue entries survive a failing wrapper (#88) (156.94ms)
[59/873] PASS: backend error-queue hygiene: scalar key load does not nest guards (#88) (156.95ms)
[60/873] PASS: backend error-queue hygiene: repeated failures leave the queue empty each round (#88) (156.96ms)
[61/873] PASS: backend error-queue hygiene: successful key load preserves caller entries (#88) (156.98ms)
[62/873] PASS: backend error-queue hygiene: failed signature verification leaves no residue (#88) (157.00ms)
[63/873] PASS: backend error-queue hygiene: failed record decrypt leaves no residue (#88) (157.01ms)
[64/873] PASS: backend error-queue hygiene: failed decrypt preserves caller entries exactly (#88) (157.02ms)
[65/873] PASS: backend error-queue hygiene: DER key load preservation is lane-dependent (#88) (157.03ms)
[66/873] PASS: backend error-queue hygiene: scheme inference preserves caller entries (#112) (157.05ms)
[67/873] PASS: backend error-queue hygiene: declined encrypted PEM loads leave no residue (#114) (157.07ms)
[68/873] PASS: backend error-queue hygiene: cert/key mismatch preservation is lane-dependent (#113) (157.11ms)
[69/873] PASS: RFC 5280 §4.2.1.10 name-constraint verdicts vs OpenSSL 3.6.3 ground truth (157.61ms)
[70/873] PASS: fuzz: verifyNameConstraints handles arbitrary NameConstraints and SAN DER (157.83ms)
[71/873] PASS: capi: ztls_version returns a non-empty string (157.83ms)
[72/873] PASS: capi: insecure client init is explicitly named (157.84ms)
[73/873] PASS: capi: size and alignment are non-zero and sane (157.84ms)
[74/873] PASS: capi: NULL parameters are rejected (157.85ms)
[75/873] PASS: capi: full client handshake through the C ABI (158.29ms)
[76/873] PASS: capi: send_application_data before connected fails (158.33ms)
[77/873] PASS: capi: KeyUpdate response is surfaced as a write event (158.73ms)
[78/873] PASS: capi: KeyUpdate without response maps to none without pending write (159.12ms)
[79/873] PASS: capi: NewSessionTicket maps to none without pending write (159.49ms)
[80/873] PASS: encrypt: rejects mismatched plaintext and ciphertext lengths (159.50ms)
[81/873] PASS: decrypt: rejects mismatched plaintext and ciphertext lengths (159.50ms)
[82/873] PASS: Aes128Gcm: encrypt/decrypt round-trip (159.51ms)
[83/873] PASS: Aes256Gcm: encrypt/decrypt round-trip (159.52ms)
[84/873] PASS: ChaCha20Poly1305: encrypt/decrypt round-trip (159.52ms)
[85/873] PASS: ChaCha20Poly1305: RFC 8439 known-answer vector (159.54ms)
[86/873] PASS: ChaCha20Poly1305: empty plaintext known-answer vector (159.55ms)
[87/873] PASS: ChaCha20Poly1305: authentication failure on tampered ciphertext (159.55ms)
[88/873] PASS: ChaCha20Poly1305: authentication failure on tampered tag (159.56ms)
[89/873] PASS: ChaCha20Poly1305: authentication failure on tampered ad (159.57ms)
[90/873] PASS: decrypt: authentication failure on tampered ciphertext (159.57ms)
[91/873] PASS: decrypt: authentication failure on tampered tag (159.58ms)
[92/873] PASS: decrypt: authentication failure on tampered ad (159.59ms)
[93/873] PASS: construct: seq 0 is just the IV (159.59ms)
[94/873] PASS: construct: seq increments flip the right bytes (159.60ms)
[95/873] PASS: construct: XOR with non-zero IV (159.61ms)
[96/873] PASS: construct: seq max u64 produces expected nonce (159.61ms)
[97/873] PASS: parse: close_notify (159.62ms)
[98/873] PASS: parse: warning-level error alert is fatal (159.62ms)
[99/873] PASS: parse: unknown alert description is fatal (159.62ms)
[100/873] PASS: parse: user_canceled is not fatal (159.63ms)
[101/873] PASS: parse: truncated (159.63ms)
[102/873] PASS: parse: rejects coalesced alert bytes (159.64ms)
[103/873] PASS: encode (159.64ms)
[104/873] PASS: fuzz: parse handles arbitrary input (159.80ms)
[105/873] PASS: alertForError: certificate failures map to certificate alerts (159.80ms)
[106/873] PASS: alertForError: parser and semantic failures map to protocol alerts (159.81ms)
[107/873] PASS: alertForError: provider failure maps to internal_error (159.81ms)
[108/873] PASS: alertForError: unknown error maps to internal_error (159.82ms)
[109/873] PASS: parse: oversized cert_len does not overflow bounds check (159.83ms)
[110/873] PASS: parseClientCertificate: oversized ctx_len does not overflow (159.83ms)
[111/873] PASS: parse: extracts public key from ECDSA P-256 certificate (159.85ms)
[112/873] PASS: parse: wrong handshake type (159.85ms)
[113/873] PASS: parse: rejects mismatched Certificate handshake body length (159.86ms)
[114/873] PASS: encodeWithRequestContext: encodes empty client certificate list (159.87ms)
[115/873] PASS: encodeWithRequestContext: rejects oversized request context (159.87ms)
[116/873] PASS: parseClientCertificate: accepts empty certificate with matching context (159.88ms)
[117/873] PASS: parseClientCertificate: rejects mismatched request context (159.89ms)
[118/873] PASS: parse: rejects non-empty server certificate request context (159.89ms)
[119/873] PASS: parse: rejects empty certificate list (159.90ms)
[120/873] PASS: parse: rejects certificate list length shorter than entries (159.90ms)
[121/873] PASS: encode: round trips certificate chain (166.80ms)
[122/873] PASS: parse: rejects unsupported CertificateEntry status_request (166.81ms)
[123/873] PASS: parse: rejects unsupported CertificateEntry SCT (166.82ms)
[124/873] PASS: parse: rejects forbidden CertificateEntry status_request_v2 (166.82ms)
[125/873] PASS: parse: rejects duplicate CertificateEntry status_request (166.83ms)
[126/873] PASS: parse: rejects malformed CertificateEntry extension length (166.84ms)
[127/873] PASS: parse: ignores unknown CertificateEntry extension (166.85ms)
[128/873] PASS: parse: validates hostname (166.86ms)
[129/873] PASS: parse: rejects hostname mismatch (166.87ms)
[130/873] PASS: parse: rejects missing trust anchor by default (166.88ms)
[131/873] PASS: parse: validates leaf against trust bundle (174.02ms)
[132/873] PASS: parse: validates leaf-intermediate-root chain (187.86ms)
[133/873] PASS: parse: rejects end-entity certificate used as issuer (187.96ms)
[134/873] PASS: parse: rejects chain with intermediate before leaf (188.05ms)
[135/873] PASS: parse: anchors chain below a cross-signed root (208.65ms)
[136/873] PASS: parse: rejects cross-signed root without a bundle anchor below it (222.25ms)
[137/873] PASS: parse: rejects chain with missing intermediate (222.34ms)
[138/873] PASS: parse: rejects chain hostname mismatch (222.43ms)
[139/873] PASS: parse: rejects untrusted leaf when bundle misses issuer (222.44ms)
[140/873] PASS: parse: accepts chain with matching DNS name constraints (236.19ms)
[141/873] PASS: parse: rejects chain with excluded DNS name constraints (250.00ms)
[142/873] PASS: parse: rejects chain outside permitted DNS name constraints (263.86ms)
[143/873] PASS: parse: insecure no-anchor path still enforces name constraints (270.71ms)
[144/873] PASS: parse: rejects signed unprocessed critical extension for both roles (270.81ms)
[145/873] PASS: parse: accepts signed noncritical extension and supported critical extensions (298.39ms)
[146/873] PASS: parse: rejects signed SAN with an invalid wrapper (298.50ms)
[147/873] PASS: parse: rejects chain exceeding pathLenConstraint zero (319.22ms)
[148/873] PASS: parse: accepts pathLenConstraint zero with a CA target (333.02ms)
[149/873] PASS: parse: rejects chain exceeding pathLenConstraint one (360.53ms)
[150/873] PASS: parse: accepts chain at pathLenConstraint one (381.06ms)
[151/873] PASS: parse: imposes no path-length limit when pathLenConstraint is absent (401.70ms)
[152/873] PASS: parse: enforces the tightest of multiple pathLenConstraints (429.28ms)
[153/873] PASS: parse: accepts multiple satisfied pathLenConstraints (449.85ms)
[154/873] PASS: parse: self-issued intermediate does not consume path length (470.50ms)
[155/873] PASS: parse: intermediate below a self-issued certificate still counts (498.19ms)
[156/873] PASS: parse: trust anchor pathLenConstraint limits intermediates below it (518.94ms)
[157/873] PASS: parse: trust anchor pathLenConstraint satisfied (532.67ms)
[158/873] PASS: parse: certificates above the anchored path are outside the path (560.17ms)
[159/873] PASS: parse: cross-signed root constraint binds inside the anchored path (587.79ms)
[160/873] PASS: parseClientChain: rejects client chain exceeding pathLenConstraint zero (608.57ms)
[161/873] PASS: parseClientChain: accepts client chain at pathLenConstraint zero (622.40ms)
[162/873] PASS: parse: insecure no-anchor path still enforces pathLenConstraint (636.09ms)
[163/873] PASS: parse: insecure no-anchor path accepts constrained chain with self-issued steps (649.93ms)
[164/873] PASS: parse: malformed DER length is rejected, not crashed (649.94ms)
[165/873] PASS: certificate_policy.verifyServerAuth: non-v3 certificates are rejected (649.95ms)
[166/873] PASS: certificate_policy.verifyServerAuth: KeyUsage without digitalSignature is rejected (649.95ms)
[167/873] PASS: certificate_policy.verifyServerAuth: EKU without serverAuth is rejected (649.96ms)
[168/873] PASS: certificate_policy.verifyClientAuth: EKU without clientAuth is rejected (649.97ms)
[169/873] PASS: certificate_policy.verifyClientAuth: KeyUsage without digitalSignature is rejected (649.97ms)
[170/873] PASS: certificate_policy.verifyClientAuth: clientAuth EKU is accepted (649.98ms)
[171/873] PASS: certificate_policy.verifyServerAuth: legacy certificate signatures are rejected (649.98ms)
[172/873] PASS: certificate_policy.verifyServerAuth: RSA PKCS1 SHA-256 certificate signature is accepted (649.99ms)
[173/873] PASS: certificate_policy: Ed25519 chain signature algorithm accepted when advertised (649.99ms)
[174/873] PASS: certificate_policy: Ed25519 chain signature algorithm rejected when not advertised (650.00ms)
[175/873] PASS: parse: Ed25519 self-signed certificate verified via std.crypto (650.01ms)
[176/873] PASS: certificate_policy.verifyServerAuth: rejects certificate signature outside policy (650.01ms)
[177/873] PASS: certificate signature policy checks non-self-signed chain certificates (650.02ms)
[178/873] PASS: certificate signature policy skips self-signed chain certificates (650.03ms)
[179/873] PASS: certificate_policy.verifyServerAuth: unrestricted supported leaf is accepted (650.03ms)
[180/873] PASS: encodeCertificateVerify: wraps signature (650.04ms)
[181/873] PASS: verifySignature: valid ECDSA P-256 signature (650.11ms)
[182/873] PASS: verifySignature: valid RSA-PSS SHA-256 signature (650.15ms)
[183/873] PASS: verifySignature: rejects RSA-PSS signature with wrong salt length (650.18ms)
[184/873] PASS: verifySignature: wrong transcript hash (650.23ms)
[185/873] PASS: verifySignature: rejects scheme absent from offered list (650.24ms)
[186/873] PASS: verifySignature: client CV rejects scheme absent from offered list (650.25ms)
[187/873] PASS: verifySignature: rejects RSA PKCS1 CertificateVerify scheme (650.26ms)
[188/873] PASS: verifySignature: rejects certificate key and scheme mismatch (650.27ms)
[189/873] PASS: verifySignature: server signature is not valid for client context (650.32ms)
[190/873] PASS: verifySignature: wrong handshake type (650.33ms)
[191/873] PASS: parse: extracts critical name constraints (650.35ms)
[192/873] PASS: parse: extracts non-critical name constraints (650.36ms)
[193/873] PASS: fuzz: parse handles arbitrary input (650.45ms)
[194/873] PASS: CertificateChain: single certificate view (650.45ms)
[195/873] PASS: CertificateChain.fromPem: decodes a certificate chain (650.47ms)
[196/873] PASS: CertificateChain.fromPem: rejects malformed input (650.48ms)
[197/873] PASS: CertificateChain.fromPem: rejects exhausted caller storage (650.49ms)
[198/873] PASS: fuzz: CertificateChain.fromPem handles arbitrary input (650.57ms)
[199/873] PASS: active backend identity matches the private provider facade (650.58ms)
[200/873] PASS: hybrid capability queries match the active backend (650.58ms)
[201/873] PASS: validateHybridGroups reports local policy faults (650.59ms)
[202/873] PASS: requiresP384 identifies only P-384 hybrid policy (650.60ms)
[203/873] PASS: CipherSuite wire values (650.60ms)
[204/873] PASS: PskOfferIter: walks identity/binder pairs in offer order (650.61ms)
[205/873] PASS: PskOfferIter: rejects oversized lengths (650.62ms)
[206/873] PASS: PskOfferIter: rejects a slack-byte identities vector (650.62ms)
[207/873] PASS: PskOfferIter: rejects more binders than identities (650.63ms)
[208/873] PASS: parse: preserves boundary SNI names as borrowed slices (650.65ms)
[209/873] PASS: parse: rejects an empty SNI name list (650.65ms)
[210/873] PASS: parse: rejects an empty SNI host name (650.66ms)
[211/873] PASS: parse: rejects an SNI name beyond the DNS length limit (650.67ms)
[212/873] PASS: encode: rejects an empty SNI host name (650.68ms)
[213/873] PASS: encodedLen: rejects an SNI name beyond the DNS length limit (650.68ms)
[214/873] PASS: encode: size matches encodedLen (650.69ms)
[215/873] PASS: encodeWithPsk: pre_shared_key is last, binder prefix and offset are correct (650.70ms)
[216/873] PASS: encodeWithPsk: rejects unsupported binder length (650.70ms)
[217/873] PASS: parse: ClientHello with pre_shared_key round-trips (650.71ms)
[218/873] PASS: encodeWithP256: size matches encodedLenWithP256 (650.72ms)
[219/873] PASS: encode: handshake type and legacy version (650.72ms)
[220/873] PASS: encode: cipher suites match backend capabilities (650.73ms)
[221/873] PASS: encode: legacy_session_id is empty (650.74ms)
[222/873] PASS: encode: supported_groups contains X25519 (650.74ms)
[223/873] PASS: encode: key_share contains public key (650.75ms)
[224/873] PASS: encodeWithP256: includes X25519 and secp256r1 key shares (650.76ms)
[225/873] PASS: encodeWithP256P384: includes X25519, secp256r1, and secp384r1 key shares (650.77ms)
[226/873] PASS: encodeWithP256P384: size matches encodedLenWithP256P384 (650.77ms)
[227/873] PASS: parse: accepts secp384r1 key share (650.88ms)
[228/873] PASS: parse: rejects compressed secp384r1 key share (650.89ms)
[229/873] PASS: encodeRetryAfterHrr: secp384r1 selected, no cookie (650.90ms)
[230/873] PASS: encode: SNI present when server_name set (650.91ms)
[231/873] PASS: encode: SNI absent when server_name is null (650.92ms)
[232/873] PASS: encode: supported_versions contains TLS 1.3 (650.92ms)
[233/873] PASS: encode: signature_algorithms match backend capabilities (650.93ms)
[234/873] PASS: encode: signature_algorithms_cert match backend capabilities (650.93ms)
[235/873] PASS: encode: ALPN present when protocols set (650.94ms)
[236/873] PASS: encode: rejects invalid ALPN protocols (650.95ms)
[237/873] PASS: parse: encoded ClientHello (650.96ms)
[238/873] PASS: parse: tracks offered SNI extension presence (650.96ms)
[239/873] PASS: parse: tracks offered record_size_limit extension presence (650.97ms)
[240/873] PASS: parse: accepts secp256r1 supported group and key share (651.00ms)
[241/873] PASS: parseSupportedGroups: records RFC 10024 groups (651.01ms)
[242/873] PASS: parse: rejects malformed X25519 key share (651.02ms)
[243/873] PASS: parse: rejects key share outside supported_groups (651.05ms)
[244/873] PASS: parse: rejects oversized legacy_session_id (651.05ms)
[245/873] PASS: parse: rejects SSLv3-or-lower legacy_version (651.06ms)
[246/873] PASS: parse: rejects missing supported_versions (651.07ms)
[247/873] PASS: parse: rejects supported_versions without TLS 1.3 (651.08ms)
[248/873] PASS: parse: rejects missing supported_groups (651.08ms)
[249/873] PASS: parse: rejects missing signature_algorithms (651.09ms)
[250/873] PASS: parse: rejects malformed signature_algorithms (651.10ms)
[251/873] PASS: parse: rejects signature_algorithms without TLS 1.3 handshake scheme (651.11ms)
[252/873] PASS: parse: rejects malformed ClientHello (651.12ms)
[253/873] PASS: parse: rejects malformed compression methods (651.12ms)
[254/873] PASS: parse: no shared supported group is rejected (651.13ms)
[255/873] PASS: parse: rejects duplicate x25519 key share entries (651.14ms)
[256/873] PASS: parseKeyShare: retains all RFC 10024 hybrid entries (651.15ms)
[257/873] PASS: encode: buffer too short (651.16ms)
[258/873] PASS: encode: server_name too long (651.16ms)
[259/873] PASS: parse: rejects duplicate supported_groups (651.17ms)
[260/873] PASS: parse: missing X25519 key share leaves public key null (651.18ms)
[261/873] PASS: parse: rejects duplicate signature_algorithms (651.18ms)
[262/873] PASS: parse: rejects duplicate signature_algorithms_cert (651.19ms)
[263/873] PASS: parse: rejects duplicate SNI (651.20ms)
[264/873] PASS: parse: rejects duplicate ALPN (651.21ms)
[265/873] PASS: parse: rejects duplicate supported_versions (651.22ms)
[266/873] PASS: parse: rejects duplicate key_share extensions (651.23ms)
[267/873] PASS: parse: rejects duplicate psk_key_exchange_modes (651.24ms)
[268/873] PASS: parse: ignores unknown extension (651.24ms)
[269/873] PASS: parse: ignores unknown supported_groups entries (651.25ms)
[270/873] PASS: fuzz: parse handles arbitrary input (651.32ms)
[271/873] PASS: encodeRetryAfterHrr: X25519 selected, no cookie (651.33ms)
[272/873] PASS: encodeRetryAfterHrr: preserves PSK key exchange mode (651.34ms)
[273/873] PASS: encodeRetryAfterHrr: secp256r1 selected, no cookie (651.35ms)
[274/873] PASS: encodeRetryAfterHrr: includes cookie when provided (651.35ms)
[275/873] PASS: encodeRetryAfterHrr: preserves SNI and ALPN from ClientHello1 (651.36ms)
[276/873] PASS: encodeRetryAfterHrr: rejects unsupported group (651.37ms)
[277/873] PASS: encodeRetryAfterHrr: missing configured hybrid share is a policy error (651.37ms)
[278/873] PASS: encodeWithHybridGroups: rejects unknown share group without panic (651.38ms)
[279/873] PASS: KEM key_share round-trip: ClientHello encode → parse preserves 1216-byte public key (651.40ms)
[280/873] PASS: parse: psk_key_exchange_modes list_len 0xFF rejected without overflow (651.41ms)
[281/873] PASS: SessionTicket.secureZero erases identity, PSK, and metadata (651.41ms)
[282/873] PASS: HybridPolicy.validate rejects an initial share outside its group list (651.42ms)
[283/873] PASS: Config.validate reports unavailable groups and missing P-384 material (651.45ms)
[284/873] PASS: start validates hybrid policy before key generation and output (651.54ms)
[285/873] PASS: transcript hash: RFC 8448 §3 ClientHello || ServerHello (651.58ms)
[286/873] PASS: deriveHandshakeKeys: RFC 8448 §3 server handshake key/iv/finished (651.64ms)
[287/873] PASS: processServerHello: RFC 8448 §3 installs server handshake keys (651.73ms)
[288/873] PASS: processServerHello: accepts secp256r1 key_share (651.86ms)
[289/873] PASS: processServerHello: rejects invalid secp256r1 point (651.91ms)
[290/873] PASS: processServerHello: rejects unoffered secp256r1 key_share (651.95ms)
[291/873] PASS: processServerHello: rejects mismatched session id echo (651.99ms)
[292/873] PASS: processServerHello: rejects a missing key_share after TLS 1.3 selection (652.04ms)
[293/873] PASS: processServerHello: rejects unoffered cipher suite (652.08ms)
[294/873] PASS: processFlight: stores selected ALPN (652.17ms)
[295/873] PASS: processFlight: rejects unoffered ALPN (652.25ms)
[296/873] PASS: processFlight: rejects unanchored Certificate by default (652.87ms)
[297/873] PASS: processFlight: rejects non-empty server Certificate request context (653.32ms)
[298/873] PASS: processFlight: rejects empty server Certificate list (653.76ms)
[299/873] PASS: processFlight: rejects unsolicited EncryptedExtensions ALPN (653.84ms)
[300/873] PASS: processFlight: rejects unrequested server CertificateEntry status_request (654.28ms)
[301/873] PASS: handleRecord: rejects a server key above retention capacity (682.07ms)
[302/873] PASS: processFlight: RFC 8448 §3 full server flight to connected (682.55ms)
[303/873] PASS: processFlight: rejects handshake message after server Finished (683.01ms)
[304/873] PASS: processFlight: handshake message spanning records needs buffer (683.44ms)
[305/873] PASS: processFlight: reassembles handshake message split across records (683.89ms)
[306/873] PASS: processFlight: buffered path rejects handshake message after server Finished (684.36ms)
[307/873] PASS: processFlight: RFC 8448 §3 flight split one message per record (684.84ms)
[308/873] PASS: handleRecord: malformed ServerHello is rejected (684.88ms)
[309/873] PASS: processFlight: rejects Finished before EncryptedExtensions (684.97ms)
[310/873] PASS: processFlight: rejects CertificateVerify before Certificate (685.41ms)
[311/873] PASS: processFlight: rejects Finished before CertificateVerify (685.85ms)
[312/873] PASS: processFlight: rejects unoffered CertificateVerify scheme (686.29ms)
[313/873] PASS: processFlight: rejects wrong CertificateVerify signature (686.75ms)
[314/873] PASS: processFlight: rejects wrong server Finished verify_data (687.20ms)
[315/873] PASS: handleRecord: plaintext fatal alert in wait_sh (687.25ms)
[316/873] PASS: handleRecord: malformed alert record does not set or replace lastPeerAlert (687.29ms)
[317/873] PASS: handleRecord: unknown alert codes are preserved (687.32ms)
[318/873] PASS: handleRecord: lastPeerAlert replaced by later alert, preserved by close/malformed (687.36ms)
[319/873] PASS: handleRecord: rejects ChangeCipherSpec before ClientHello (687.38ms)
[320/873] PASS: handleRecord: drops valid ChangeCipherSpec after ClientHello (687.41ms)
[321/873] PASS: handleRecord: rejects malformed ChangeCipherSpec payload (687.44ms)
[322/873] PASS: handleRecord: encrypted fatal alert during server flight (687.53ms)
[323/873] PASS: handleRecord: rejects server KeyUpdate before Finished (687.61ms)
[324/873] PASS: handleRecord: truncated encrypted flight is rejected (688.06ms)
[325/873] PASS: handleRecord: corrupted encrypted flight is rejected (688.54ms)
[326/873] PASS: handleRecord: post-handshake unexpected inner content type is rejected (689.06ms)
[327/873] PASS: handleRecord: encrypted application data during server flight is rejected (689.15ms)
[328/873] PASS: clientFinished: RFC 8448 §3 emits Finished and upgrades to app keys (689.65ms)
[329/873] PASS: processFlight: accepts CertificateRequest before server Certificate (690.10ms)
[330/873] PASS: processFlight: rejects non-empty handshake CertificateRequest context (690.53ms)
[331/873] PASS: clientFinished: sends empty Certificate before Finished for CertificateRequest (691.03ms)
[332/873] PASS: clientFinished: empty CertificateRequest with no credentials still finishes (691.53ms)
[333/873] PASS: client auth: setCredentials stores client credentials (691.56ms)
[334/873] PASS: ratchetClientKey: RFC 8446 §7.2 next application write key (692.07ms)
[335/873] PASS: handleRecord: application data resets both post-handshake flood counters (692.60ms)
[336/873] PASS: receiveRecord: RX progresses while a client TX record is pending (693.11ms)
[337/873] PASS: receiveKtlsRecord: client processes kernel-decrypted records (693.63ms)
[338/873] PASS: receiveKtlsRecord: client finds KeyUpdate after NewSessionTicket (694.14ms)
[339/873] PASS: ratchetKtlsTx: client advances only an idle TX epoch (694.64ms)
[340/873] PASS: handleRecord: server KeyUpdate(update_requested) ratchets rx and responds (695.17ms)
[341/873] PASS: handleRecord: KeyUpdate not at record boundary is rejected (695.67ms)
[342/873] PASS: handleRecord: invalid server KeyUpdate request is rejected (696.18ms)
[343/873] PASS: handleRecord: server KeyUpdate(update_not_requested) surfaces key_update rx only (696.71ms)
[344/873] PASS: handleRecord: self-initiated sendKeyUpdate response surfaces rx only (697.22ms)
[345/873] PASS: sendAlert: plaintext fatal alert before ServerHello (697.25ms)
[346/873] PASS: sendAlert: encrypted close_notify after handshake (697.74ms)
[347/873] PASS: handleRecord: close_notify returns closed (698.25ms)
[348/873] PASS: handleRecord: fatal alert returns PeerAlert (698.75ms)
[349/873] PASS: handleRecord: NewSessionTicket is surfaced as an event (699.26ms)
[350/873] PASS: clientFinished: RFC 8448 §4 resumption_master_secret over the live transcript (699.76ms)
[351/873] PASS: startWithPsk: binder matches an independent HMAC over the prefix (699.83ms)
[352/873] PASS: startWithPsk: advertises configured RFC 10024 key share (699.95ms)
[353/873] PASS: startWithPsk: ticket without early-data permission omits early_data (700.04ms)
[354/873] PASS: EncryptedExtensions: rejects early_data when server declined PSK (700.15ms)
[355/873] PASS: EncryptedExtensions: rejects early_data without early traffic keys (700.26ms)
[356/873] PASS: EncryptedExtensions: rejects early_data after HelloRetryRequest (700.37ms)
[357/873] PASS: processServerHello rejects selected PSK with incompatible cipher suite hash (700.52ms)
[358/873] PASS: handleRecord: PSK-offering client rejects bare Finished unless server selected PSK (700.82ms)
[359/873] PASS: handleRecord: accepts 17 consecutive NewSessionTickets (701.38ms)
[360/873] PASS: handleRecord: NewSessionTicket flood is rejected with ticket-specific error (701.91ms)
[361/873] PASS: handleRecord: malformed NewSessionTicket is rejected (702.42ms)
[362/873] PASS: handleRecord: KeyUpdate flood is rejected (703.18ms)
[363/873] PASS: handleRecord: empty application data does not reset flood counters (703.69ms)
[364/873] PASS: handleRecord: KeyUpdate flood cap fires despite empty app-data interleaving (704.51ms)
[365/873] PASS: start: uses Config host_name for SNI and policy (704.55ms)
[366/873] PASS: handleRecord: drives RFC 8448 §3 handshake to connected (705.07ms)
[367/873] PASS: 0.5-RTT: coalesced server data precedes client Finished delivery (706.05ms)
[368/873] PASS: handleRecord: unacknowledged write blocks further calls (706.57ms)
[369/873] PASS: sendEarlyData: unacknowledged write blocks further early data (706.64ms)
[370/873] PASS: handleRecord: zero-length plaintext handshake is rejected (706.67ms)
[371/873] PASS: handleRecord: zero-length encrypted handshake is rejected (706.75ms)
[372/873] PASS: handleRecord: all-zero inner plaintext maps to unexpected_message (707.25ms)
[373/873] PASS: handleRecord: application_data before ServerHello is rejected (707.28ms)
[374/873] PASS: HandshakeReader: splits coalesced messages (707.29ms)
[375/873] PASS: HandshakeReader: truncated body is UnexpectedEof (707.30ms)
[376/873] PASS: fuzz: HandshakeReader handles arbitrary input (707.34ms)
[377/873] PASS: fuzz: processFlight handles arbitrary decrypted bytes (707.76ms)
[378/873] PASS: fuzz: 0-RTT client state machine handles arbitrary inbound records (707.99ms)
[379/873] PASS: processHelloRetryRequest: rejects already-offered key_share group (708.06ms)
[380/873] PASS: processHelloRetryRequest: secp256r1 selected produces ClientHello2 (708.10ms)
[381/873] PASS: processHelloRetryRequest: transcript collapse matches §4.4.1 (708.14ms)
[382/873] PASS: processHelloRetryRequest: removes PSK with incompatible hash (708.27ms)
[383/873] PASS: processHelloRetryRequest: rejects second HRR (708.30ms)
[384/873] PASS: processHelloRetryRequest: rejects unoffered selected_group (708.33ms)
[385/873] PASS: processServerHello: post-HRR rejects mismatched cipher suite (708.37ms)
[386/873] PASS: processServerHello: post-HRR rejects mismatched key_share group (708.41ms)
[387/873] PASS: processServerHello: post-HRR accepts matching ServerHello (708.56ms)
[388/873] PASS: handleRecord: HRR returns ClientHello2 as write event (708.59ms)
[389/873] PASS: processHelloRetryRequest: returns null for normal ServerHello (708.63ms)
[390/873] PASS: processHelloRetryRequest: HRR with cookie echoes cookie in CH2 (708.66ms)
[391/873] PASS: deinit leaves caller-owned buffers to the caller (709.14ms)
[392/873] PASS: secureZero zeroes all secret material (709.27ms)
[393/873] PASS: Array.secureZero clears contents (709.27ms)
[394/873] PASS: lastIndexOfNonZero: last byte non-zero (fast path) (709.28ms)
[395/873] PASS: lastIndexOfNonZero: all zeros (709.28ms)
[396/873] PASS: lastIndexOfNonZero: single non-zero byte at start (709.29ms)
[397/873] PASS: lastIndexOfNonZero: single byte, non-zero (709.29ms)
[398/873] PASS: lastIndexOfNonZero: single byte, zero (709.30ms)
[399/873] PASS: lastIndexOfNonZero: non-zero in scalar tail (709.30ms)
[400/873] PASS: lastIndexOfNonZero: exactly chunk_len bytes, non-zero at start (709.31ms)
[401/873] PASS: lastIndexOfNonZero: exactly chunk_len bytes, all zeros (709.31ms)
[402/873] PASS: lastIndexOfNonZero: large buffer, non-zero in first chunk (709.32ms)
[403/873] PASS: lastIndexOfNonZero: large buffer, non-zero in middle chunk (709.32ms)
[404/873] PASS: lastIndexOfNonZero: large buffer, all zeros (709.33ms)
[405/873] PASS: encrypt: buffer too short (709.34ms)
[406/873] PASS: encrypt: sequence number overflow (709.34ms)
[407/873] PASS: deinit: clears caller-visible traffic key material (709.35ms)
[408/873] PASS: ktlsInfo: AES-GCM salt and IV reconstruct RFC 8446 nonce (709.36ms)
[409/873] PASS: ktlsInfo: cipher type uses Linux UAPI values (709.36ms)
[410/873] PASS: ktlsInfo: exported key material survives RecordLayer deinit (709.37ms)
[411/873] PASS: KtlsInfo.secureZero erases exported traffic material (709.38ms)
[412/873] PASS: encrypt/decrypt: key update required at AEAD usage limit (709.39ms)
[413/873] PASS: encryptPrepared/decrypt: round-trip (709.39ms)
[414/873] PASS: encrypt/decrypt: round-trip (709.41ms)
[415/873] PASS: encrypt/decrypt: sequence numbers advance (709.41ms)
[416/873] PASS: decrypt: failed auth exposes backend failure buffer behavior (709.42ms)
[417/873] PASS: decrypt: replayed record is rejected (709.43ms)
[418/873] PASS: encrypt/decrypt: zero-length application data (709.44ms)
[419/873] PASS: decrypt: rejects all-zero inner plaintext (709.45ms)
[420/873] PASS: encrypt/decrypt: maximum plaintext fragment length (709.54ms)
[421/873] PASS: decrypt: wrong content type (709.55ms)
[422/873] PASS: decrypt: payload shorter than tag (709.55ms)
[423/873] PASS: decrypt: truncated ciphertext record (709.56ms)
[424/873] PASS: decrypt: sequence number overflow (709.56ms)
[425/873] PASS: fuzz: decrypt handles arbitrary input (709.77ms)
[426/873] PASS: PendingWrite: mark and clear (709.77ms)
[427/873] PASS: SliceBuffer: append and retain (709.78ms)
[428/873] PASS: append and slice (709.78ms)
[429/873] PASS: appendAssumeCapacity (709.79ms)
[430/873] PASS: secureZero clears full storage and length (709.79ms)
[431/873] PASS: append returns error on overflow (709.80ms)
[432/873] PASS: clear resets length (709.80ms)
[433/873] PASS: Reader iterates coalesced messages (709.81ms)
[434/873] PASS: parseKeyUpdate (709.81ms)
[435/873] PASS: rejectDuplicateExtensions: rejects more than the extension count cap (709.82ms)
[436/873] PASS: rejectDuplicateExtensions: rejects duplicate unknown type (709.83ms)
[437/873] PASS: rejectDuplicateExtensions: accepts distinct extension types (709.83ms)
[438/873] PASS: ExtensionType.isGrease: detects reserved GREASE extension code points (709.84ms)
[439/873] PASS: rejectDuplicateExtensions: rejects malformed block (709.84ms)
[440/873] PASS: RFC 10024 hybrid groups round-trip (710.79ms)
[441/873] PASS: hybrid decapsulation rejects wrong server share length (710.83ms)
[442/873] PASS: NamedGroup wire identifiers (710.84ms)
[443/873] PASS: RFC 10024 hybrid group sizes (710.84ms)
[444/873] PASS: secret lifecycle preserves live epochs and clears owned secret fields (710.86ms)
[445/873] PASS: HkdfSha256.trafficKey: RFC 8448 §3 server handshake (710.87ms)
[446/873] PASS: HkdfSha384: traffic key/iv, finished key, traffic-upd (independent vector) (710.93ms)
[447/873] PASS: HkdfSha256.trafficIv: RFC 8448 §3 server handshake (710.94ms)
[448/873] PASS: HkdfSha256.earlySecret: RFC 8448 §3 (710.94ms)
[449/873] PASS: HkdfSha256: RFC 8448 §3/§4 PSK and resumption secrets (710.97ms)
[450/873] PASS: HkdfSha256.handshakeSecret: RFC 8448 §3 (710.98ms)
[451/873] PASS: HkdfSha256.masterSecret: RFC 8448 §3 (711.00ms)
[452/873] PASS: HkdfSha256.clientHandshakeTrafficSecret: RFC 8448 §3 (711.01ms)
[453/873] PASS: HkdfSha256.finishedKey: RFC 8448 §3 server (711.01ms)
[454/873] PASS: HkdfSha256.nextTrafficSecret: RFC 8446 §7.2 (711.02ms)
[455/873] PASS: HkdfSha256.serverHandshakeTrafficSecret: RFC 8448 §3 (711.03ms)
[456/873] PASS: sharedSecret: RFC 7748 X25519 vector (711.07ms)
[457/873] PASS: KeyPair.generateDeterministic: RFC 7748 public keys (711.09ms)
[458/873] PASS: KeyPair.generateDeterministic emits uncompressed SEC1 public key (711.11ms)
[459/873] PASS: sharedSecret: P-256 deterministic peers agree (711.25ms)
[460/873] PASS: KeyPair.generate: healthy entropy path (711.28ms)
[461/873] PASS: KeyPair.secureZero erases secret and public material (711.31ms)
[462/873] PASS: generateRetry: a LibcryptoFailed attempt is terminal, not retried (711.31ms)
[463/873] PASS: generateRetry: an invalid scalar retries exactly to the bound (711.32ms)
[464/873] PASS: generateRetry: retries a bad draw and succeeds (711.34ms)
[465/873] PASS: KeyPair.generateDeterministic enforces the scalar range [1, n-1] (711.36ms)
[466/873] PASS: sharedSecret: rejects compressed P-256 point (711.40ms)
[467/873] PASS: KeyPair.generateDeterministic emits uncompressed SEC1 public key (711.49ms)
[468/873] PASS: KeyPair.secureZero erases secret and public material (711.59ms)
[469/873] PASS: sharedSecret: P-384 deterministic peers agree (712.23ms)
[470/873] PASS: generateRetry: a LibcryptoFailed attempt is terminal, not retried (712.24ms)
[471/873] PASS: generateRetry: an invalid scalar retries exactly to the bound (712.24ms)
[472/873] PASS: generateRetry: retries a bad draw and succeeds (712.34ms)
[473/873] PASS: KeyPair.generateDeterministic enforces the scalar range [1, n-1] (712.44ms)
[474/873] PASS: sharedSecret: rejects compressed P-384 point (712.64ms)
[475/873] PASS: active backend matches the selected libcrypto headers (712.65ms)
[476/873] PASS: capabilities are non-empty for the active backend (712.65ms)
[477/873] PASS: x25519 handle shape matches active backend (712.66ms)
[478/873] PASS: client group capabilities match implemented client key-share plumbing (712.66ms)
[479/873] PASS: aead context shape matches active backend (712.67ms)
[480/873] PASS: aws-lc aead deinit clears inline context (712.68ms)
[481/873] PASS: capability helpers recognize advertised algorithms (712.68ms)
[482/873] PASS: fips: chacha20_poly1305_sha256 excluded from FIPS cipher_suites (712.69ms)
[483/873] PASS: fips: rsa_pkcs1_sha* excluded from FIPS certificate_signature_schemes (712.69ms)
[484/873] PASS: fips: ed25519 excluded from FIPS certificate_signature_schemes (712.70ms)
[485/873] PASS: fips: ML-KEM disabled in FIPS capability table (712.70ms)
[486/873] PASS: fips: FIPS capabilities are a subset of non-FIPS capabilities (712.71ms)
[487/873] PASS: fips: active capabilities follow FIPS identity (712.71ms)
[488/873] PASS: Parsed.verifyHostName rejects universal tag 2 as dNSName (712.72ms)
[489/873] PASS: Parsed.verifyHostName requires dNSName SAN (712.73ms)
[490/873] PASS: Parsed.verifyHostName accepts caller-converted A-labels (712.73ms)
[491/873] PASS: Parsed.verifyHostName rejects U-label references under a wildcard (712.74ms)
[492/873] PASS: Parsed.verifyHostName rejects matching non-ASCII DNS identities (712.74ms)
[493/873] PASS: Parsed.checkHostName rejects public suffix wildcard (712.75ms)
[494/873] PASS: Parsed.checkHostName RFC 6125 compliance (712.76ms)
[495/873] PASS: Parsed.allowsKeyUsage reads digitalSignature (712.76ms)
[496/873] PASS: Parsed.allowsKeyUsage rejects malformed empty bit payload (712.77ms)
[497/873] PASS: Parsed.allowsExtKeyUsage finds serverAuth (712.78ms)
[498/873] PASS: Parsed.allowsExtKeyUsage rejects non-SEQUENCE wrapper (712.78ms)
[499/873] PASS: Parsed.nameConstraints extracts extension value (712.79ms)
[500/873] PASS: Parsed.nameConstraints absent returns empty (712.79ms)
[501/873] PASS: Parsed.verifyNameConstraints: DNS permitted subtree (712.80ms)
[502/873] PASS: Parsed.verifyNameConstraints: DNS permitted subtree mismatch (712.80ms)
[503/873] PASS: Parsed.verifyNameConstraints: DNS excluded subtree (712.81ms)
[504/873] PASS: Parsed.verifyNameConstraints: mixed DNS SAN violation is rejected (712.82ms)
[505/873] PASS: Parsed.verifyNameConstraints: DNS common name fallback (712.82ms)
[506/873] PASS: Parsed.verifyNameConstraints: IP permitted subnet (712.83ms)
[507/873] PASS: Parsed.verifyNameConstraints: permitted subtrees are type-specific (712.83ms)
[508/873] PASS: Parsed.verifyNameConstraints: email permitted subtree (712.84ms)
[509/873] PASS: Parsed.verifyNameConstraints: email mailbox local part is case-sensitive (712.85ms)
[510/873] PASS: Parsed.verifyNameConstraints: URI excluded subtree (712.85ms)
[511/873] PASS: Parsed.verifyNameConstraints: URI strips userinfo before host matching (712.86ms)
[512/873] PASS: Parsed.verifyNameConstraints: explicit minimum zero is accepted (712.87ms)
[513/873] PASS: Parsed.verifyNameConstraints: critical unsupported subtree is rejected (712.87ms)
[514/873] PASS: Parsed.verifyNameConstraints: non-critical unsupported subtree is ignored (712.88ms)
[515/873] PASS: parseBasicConstraints rejects pathLenConstraint without cA (712.88ms)
[516/873] PASS: parse rejects unknown critical extension (712.89ms)
[517/873] PASS: parse rejects duplicate recognized extensions (712.90ms)
[518/873] PASS: parse accepts old and new authority key identifier OIDs (712.91ms)
[519/873] PASS: parseBitString rejects empty bit string content (712.91ms)
[520/873] PASS: parseTime maps UTCTime centuries and expires 1999 certificates (712.92ms)
[521/873] PASS: parseTime enforces GeneralizedTime certificate grammar (712.93ms)
[522/873] PASS: parseTime rejects impossible dates and accepts leap day (712.93ms)
[523/873] PASS: certificate_parser.decltest.parseTimeDigits (712.94ms)
[524/873] PASS: certificate_parser.decltest.parseYear4 (712.95ms)
[525/873] PASS: certificate_parser.test_0 (712.95ms)
[526/873] PASS: PrivateKey.sign: RSA-PSS SHA-256 uses TLS parameters (713.77ms)
[527/873] PASS: PrivateKey.sign: short RSA-PSS output buffer is rejected (713.90ms)
[528/873] PASS: PrivateKey.sign: key and scheme mismatch is a libcrypto failure (713.92ms)
[529/873] PASS: PrivateKey.sign: deterministic ECDSA matches the RFC 6979 vector (713.94ms)
[530/873] PASS: PrivateKey.sign: deterministic ECDSA P-384 matches the RFC 6979 A.2.6 vector (714.03ms)
[531/873] PASS: PrivateKey.sign: deterministic nonce with RSA-PSS is rejected (714.15ms)
[532/873] PASS: PrivateKey.fromPemAuto: RSA PKCS#8 and PKCS#1 both infer rsa_pss_rsae_sha256 (715.07ms)
[533/873] PASS: PrivateKey.fromPemAuto: P-256 infers ecdsa_secp256r1_sha256 and signs (715.11ms)
[534/873] PASS: PrivateKey.fromPemAuto: P-384 infers ecdsa_secp384r1_sha384 and signs (715.24ms)
[535/873] PASS: PrivateKey.fromPemAuto: P-521 is rejected at load by the capability gate (715.40ms)
[536/873] PASS: PrivateKey.fromPemAuto: Ed25519 is rejected at load by the capability gate (715.43ms)
[537/873] PASS: PrivateKey.fromPemAuto: secp224r1 has no CertificateVerify scheme (715.45ms)
[538/873] PASS: PrivateKey.fromPemAuto: garbage PEM fails at load (715.46ms)
[539/873] PASS: PrivateKey.fromPem: encrypted PEM fails at load (715.60ms)
[540/873] PASS: PrivateKey.fromPemAuto: encrypted PEM fails at load (715.62ms)
[541/873] PASS: PrivateKey.pairsWith: P-256 scalar key pairs with its leaf certificate (715.66ms)
[542/873] PASS: PrivateKey.pairsWith: auto-inferred RSA and P-256 keys pair with their leaves (715.81ms)
[543/873] PASS: PrivateKey.pairsWith: same-algorithm mismatch is a named error (715.84ms)
[544/873] PASS: PrivateKey.pairsWith: cross-algorithm mismatch is a named error (715.87ms)
[545/873] PASS: PrivateKey.pairsWith: garbage leaf DER is not a certificate (715.89ms)
[546/873] PASS: PrivateKey.pairsWith: trailing bytes make leaf DER invalid (716.03ms)
[547/873] PASS: OpenSSL AEAD initialization rejects wrong key length (716.03ms)
[548/873] PASS: ML-KEM-768 encapsulate/decapsulate round-trip (716.08ms)
[549/873] PASS: ML-KEM-1024 encapsulate/decapsulate round-trip (716.13ms)
[550/873] PASS: ML-KEM encapsulation-key modulus boundary (716.16ms)
[551/873] PASS: ML-KEM rejects non-canonical encapsulation keys (716.16ms)
[552/873] PASS: ML-KEM rejects a wrong-length ciphertext (716.18ms)
[553/873] PASS: classify: bounded PSK identity admission is a buffer-class limit (716.18ms)
[554/873] PASS: classify: certificate failures never fall into a generic bucket (716.19ms)
[555/873] PASS: classify: authentication failures are their own class (716.19ms)
[556/873] PASS: classify: remaining buckets (716.20ms)
[557/873] PASS: parseHeader: valid plaintext record (716.20ms)
[558/873] PASS: parseHeader: application_data record (TLSCiphertext) (716.21ms)
[559/873] PASS: parseHeader: ignores legacy_record_version (716.21ms)
[560/873] PASS: parseHeader: buffer too short (716.22ms)
[561/873] PASS: parseHeader: exactly 5 bytes (header only, no fragment) (716.22ms)
[562/873] PASS: parseHeader: max valid length (716.23ms)
[563/873] PASS: parseHeader: length exceeds max (716.23ms)
[564/873] PASS: Header.init round-trips with parseHeader (716.24ms)
[565/873] PASS: Header.write: emits TLS 1.2 legacy_record_version (716.24ms)
[566/873] PASS: fuzz: parseHeader handles arbitrary input (716.50ms)
[567/873] PASS: kernel cipher_type values match KtlsCipherType (716.51ms)
[568/873] PASS: kernel socket option constants (716.52ms)
[569/873] PASS: packed kTLS info secureZero methods erase every byte (716.52ms)
[570/873] PASS: packAesGcm128 splits the 12-byte IV and copies key/seq (716.53ms)
[571/873] PASS: packAesGcm128 rejects a non-AES-GCM-128 info (716.53ms)
[572/873] PASS: packChaCha20Poly1305 uses the full 12-byte IV (716.54ms)
[573/873] PASS: packAesGcm256 copies the 32-byte key and splits the IV (716.55ms)
[574/873] PASS: install errno decode maps onto InstallError (716.55ms)
[575/873] PASS: a record-type cmsg occupies the kernel's CMSG_LEN and CMSG_SPACE (716.56ms)
[576/873] PASS: ControlBuffer.init writes one cmsg and zeroes the padding (716.56ms)
[577/873] PASS: parseRecordType rejects control data off the kTLS contract (716.57ms)
[578/873] PASS: ulpInstall attaches once, and only to an established TCP socket (716.68ms)
[579/873] PASS: txInstall and rxInstall accept a synthetic TLS 1.3 AES-128-GCM key (716.73ms)
[580/873] PASS: installs without the ULP are typed Unavailable errors, not panics (716.76ms)
[581/873] PASS: a crypto_info the kernel cannot use is a typed EINVAL failure (716.79ms)
[582/873] PASS: record-type cmsg round-trips through a live kTLS pair (716.85ms)
[583/873] PASS: Outbox: fresh outbox is not write-blocked (716.85ms)
[584/873] PASS: Outbox: send drains fully and completes write once (716.86ms)
[585/873] PASS: Outbox: partial send stays blocked and does not complete write (716.86ms)
[586/873] PASS: Outbox: zero-byte progress stays blocked (716.87ms)
[587/873] PASS: Outbox: idle flush is drained without completing write (716.87ms)
[588/873] PASS: Outbox: partial drain resumes across flush calls (716.88ms)
[589/873] PASS: Outbox: queue while blocked returns PendingWrite (716.89ms)
[590/873] PASS: Outbox: writer error leaves pending tail and does not complete write (716.89ms)
[591/873] PASS: Outbox: writer over-reporting bytes returns WriteOverflow (716.90ms)
[592/873] PASS: Outbox: sequential records complete once each (716.90ms)
[593/873] PASS: next: two records coalesced in one fill (716.91ms)
[594/873] PASS: next: record split across two fills (716.92ms)
[595/873] PASS: next: truncated records return null (716.94ms)
[596/873] PASS: next: in-place mutation of a returned record survives across next() (716.95ms)
[597/873] PASS: next: oversized length is rejected (716.96ms)
[598/873] PASS: isEmpty distinguishes drained, partial, and complete records (716.97ms)
[599/873] PASS: parse: rejects oversized legacy_session_id_echo without overflow (716.98ms)
[600/873] PASS: encode: round trips through parse (716.99ms)
[601/873] PASS: parse: accepts secp256r1 key_share (717.00ms)
[602/873] PASS: parse: rejects compressed secp256r1 key_share (717.01ms)
[603/873] PASS: parse: accepts secp384r1 key_share (717.01ms)
[604/873] PASS: parse: rejects compressed secp384r1 key_share (717.02ms)
[605/873] PASS: encode: echoes session id (717.03ms)
[606/873] PASS: parse: RFC 8448 §3 ServerHello (717.03ms)
[607/873] PASS: parse: wrong handshake type (717.04ms)
[608/873] PASS: parse: truncated message (717.05ms)
[609/873] PASS: parse: rejects HelloRetryRequest (717.05ms)
[610/873] PASS: parse: missing extensions / no supported_versions yields UnsupportedTlsVersion (717.06ms)
[611/873] PASS: parse: rejects mismatched handshake length (717.06ms)
[612/873] PASS: parse: rejects unknown cipher suite (717.07ms)
[613/873] PASS: parse: rejects oversized extensions block (717.07ms)
[614/873] PASS: parse: rejects duplicate supported_versions (717.08ms)
[615/873] PASS: parse: rejects duplicate key_share (717.09ms)
[616/873] PASS: parse: rejects unknown unsolicited extension (717.09ms)
[617/873] PASS: parse: rejects GREASE ServerHello extension (717.10ms)
[618/873] PASS: parse: rejects forbidden signature_algorithms extension (717.11ms)
[619/873] PASS: parse: rejects forbidden heartbeat extension (717.11ms)
[620/873] PASS: parse: rejects record_size_limit in ServerHello (717.12ms)
[621/873] PASS: parse: rejects key_share for unsupported group (717.13ms)
[622/873] PASS: parse: unsupported TLS version in supported_versions is illegal_parameter (717.13ms)
[623/873] PASS: parse: rejects TLS 1.2 downgrade sentinel (717.14ms)
[624/873] PASS: parse: rejects TLS 1.1 downgrade sentinel (717.15ms)
[625/873] PASS: parse: rejects downgrade sentinel when supported_versions selects TLS 1.3 (717.16ms)
[626/873] PASS: parse: accepts non-0x0303 legacy_version when supported_versions selects TLS 1.3 (717.16ms)
[627/873] PASS: parse: no supported_versions + downgrade sentinel yields IllegalParameter (717.17ms)
[628/873] PASS: parse: rejects ServerHello without supported_versions as legacy (717.18ms)
[629/873] PASS: parse: rejects SSLv3-or-lower legacy version (717.18ms)
[630/873] PASS: parse: rejects mismatched session id echo (717.19ms)
[631/873] PASS: parse: rejects non-zero compression method (717.20ms)
[632/873] PASS: fuzz: parse handles arbitrary input (717.27ms)
[633/873] PASS: encodeHelloRetryRequest: parse round-trip (717.27ms)
[634/873] PASS: parseHelloRetryRequest: rejects mismatched session id echo (717.28ms)
[635/873] PASS: parseHelloRetryRequest: RFC 8448 §5 (717.28ms)
[636/873] PASS: parseHelloRetryRequest: no cookie (717.29ms)
[637/873] PASS: parseHelloRetryRequest: rejects non-HRR Random (717.29ms)
[638/873] PASS: parseHelloRetryRequest: rejects wrong type (717.30ms)
[639/873] PASS: parseHelloRetryRequest: rejects TLS 1.2 in supported_versions (717.30ms)
[640/873] PASS: parseHelloRetryRequest: ignores non-0x0303 legacy_version (717.31ms)
[641/873] PASS: parseHelloRetryRequest: rejects SSLv3-or-lower legacy version (717.32ms)
[642/873] PASS: parseHelloRetryRequest: rejects non-zero compression method (717.32ms)
[643/873] PASS: parseHelloRetryRequest: rejects unknown cipher suite (717.33ms)
[644/873] PASS: parseHelloRetryRequest: rejects trailing bytes after extensions (717.33ms)
[645/873] PASS: parseHelloRetryRequest: rejects cookie extension trailing bytes (717.34ms)
[646/873] PASS: parseHelloRetryRequest: rejects missing supported_versions (717.34ms)
[647/873] PASS: parseHelloRetryRequest: rejects unknown unsolicited extension (717.35ms)
[648/873] PASS: parseHelloRetryRequest: rejects record_size_limit (717.36ms)
[649/873] PASS: KEM key_share round-trip: ServerHello encode → parse preserves 1120-byte ciphertext (717.38ms)
[650/873] PASS: fuzz: parseHelloRetryRequest handles arbitrary input (717.45ms)
[651/873] PASS: Config.validate reports invalid lists and missing P-384 material (717.48ms)
[652/873] PASS: sendAlert: plaintext fatal alert before ClientHello (717.53ms)
[653/873] PASS: sendAlert: encrypted close_notify after handshake (717.71ms)
[654/873] PASS: handleRecord: rejects ChangeCipherSpec before ClientHello (717.76ms)
[655/873] PASS: handleRecord: drops valid ChangeCipherSpec while waiting for client Finished (717.86ms)
[656/873] PASS: handleRecord: rejects malformed ChangeCipherSpec payload (717.97ms)
[657/873] PASS: handleRecord: ClientHello returns ServerHello write and enforces pending write (718.08ms)
[658/873] PASS: handleRecord: zero-length plaintext handshake is rejected (718.12ms)
[659/873] PASS: handleRecord: rejects application_data before connected (718.16ms)
[660/873] PASS: acceptClientHello: emits ServerHello and installs handshake keys (718.35ms)
[661/873] PASS: acceptClientHello: negotiates secp256r1 key share (718.51ms)
[662/873] PASS: acceptClientHello: negotiates secp384r1 key share (719.27ms)
[663/873] PASS: acceptClientHello: emits HelloRetryRequest for missing secp256r1 key share (719.35ms)
[664/873] PASS: acceptClientHello: rejects ClientHello2 with changed SNI or ALPN after HRR (719.46ms)
[665/873] PASS: acceptClientHello: rejects early_data in ClientHello2 after HRR (719.53ms)
[666/873] PASS: acceptClientHello: rejects replaced PSK identity in ClientHello2 despite valid binder (719.62ms)
[667/873] PASS: acceptClientHello: rejects added, reordered, or dropped PSK identities in CH2 (719.84ms)
[668/873] PASS: acceptClientHello: accepts permitted ClientHello2 PSK updates after HRR (720.29ms)
[669/873] PASS: acceptClientHello: bounded PSK identity admission before HelloRetryRequest (720.46ms)
[670/873] PASS: acceptClientHello: rejects removal of an unknown identity whose binder claims the HRR hash (720.55ms)
[671/873] PASS: acceptClientHello: HRR path rejects a slack-byte identities vector in CH1 (720.61ms)
[672/873] PASS: acceptClientHello: HRR path rejects a slack-byte identities vector in CH2 (720.67ms)
[673/873] PASS: acceptClientHello: PSK selection rejects a slack-byte identities vector (720.73ms)
[674/873] PASS: acceptClientHello: rejects ClientHello2 that ignores HRR selected group (720.81ms)
[675/873] PASS: acceptClientHello: rejects ClientHello2 with extra key share (720.88ms)
[676/873] PASS: acceptClientHello: HRR sends at most one compatibility ChangeCipherSpec (721.00ms)
[677/873] PASS: acceptClientHello: emits compatibility ChangeCipherSpec for non-empty legacy_session_id (721.11ms)
[678/873] PASS: sendAnonymousFlightForTest: client decrypts EncryptedExtensions and Finished (721.31ms)
[679/873] PASS: sendPreparedServerFlight: credentials and pending write are enforced (721.56ms)
[680/873] PASS: sendPreparedServerFlight: encryption failure preserves handshake write epoch (721.80ms)
[681/873] PASS: sendAuthenticatedFlight: client decrypts authenticated server flight (722.03ms)
[682/873] PASS: sendAuthenticatedFlight: optional client auth sends CertificateRequest (722.26ms)
[683/873] PASS: NewSessionTicket emission derives matching client and server PSKs (722.64ms)
[684/873] PASS: NewSessionTicket emission rejects stale prepared PSK objects (722.99ms)
[685/873] PASS: server-issued NewSessionTicket resumes and can be renewed (723.68ms)
[686/873] PASS: NewSessionTicket emission owns unique bounded nonces (724.18ms)
[687/873] PASS: NewSessionTicket emission enforces write and kTLS ordering (724.56ms)
[688/873] PASS: NewSessionTicket emission preserves state on encoding failure (724.92ms)
[689/873] PASS: discardTicketPsk burns nonce and erases key material (725.27ms)
[690/873] PASS: processClientFinished: optional client auth accepts empty Certificate (725.62ms)
[691/873] PASS: processClientFinished: required client auth rejects empty Certificate (725.94ms)
[692/873] PASS: processClientFinished: required client auth verifies real client Certificate + CV (726.39ms)
[693/873] PASS: processClientFinished: bad client Finished does not retain identity (726.80ms)
[694/873] PASS: processClientFinished: client identity requires caller-owned storage (727.22ms)
[695/873] PASS: processClientFinished: required client auth rejects forged CertificateVerify (727.63ms)
[696/873] PASS: sendAuthenticatedFlight: client processes CertificateVerify and Finished (727.91ms)
[697/873] PASS: processClientFinished: verifies Finished and installs app keys (728.07ms)
[698/873] PASS: public Finished paths reject trailing and non-Finished handshake messages (728.57ms)
[699/873] PASS: handleRecord: rejects disjoint ALPN offers with the required alert (728.63ms)
[700/873] PASS: processClientFinished: rejects a client key above retention capacity (756.45ms)
[701/873] PASS: processClientFinished: rejects bad verify_data (756.62ms)
[702/873] PASS: processClientFinished: rejects EndOfEarlyData when 0-RTT was not accepted (756.74ms)
[703/873] PASS: handleRecord: rejects second plaintext ClientHello before Finished (756.87ms)
[704/873] PASS: handleRecord: rejects protected ClientHello after connected (757.03ms)
[705/873] PASS: handleRecord: rejects client KeyUpdate before Finished (757.15ms)
[706/873] PASS: receiveRecord: RX progresses while a server TX record is pending (757.32ms)
[707/873] PASS: receiveKtlsRecord: server processes kernel-decrypted records (757.49ms)
[708/873] PASS: ratchetKtlsTx: server advances only an idle TX epoch (757.65ms)
[709/873] PASS: handleRecord: client KeyUpdate(update_requested) ratchets rx and responds (757.82ms)
[710/873] PASS: handleRecord: client KeyUpdate(update_not_requested) ratchets rx only (757.98ms)
[711/873] PASS: sendKeyUpdate: server-initiated KeyUpdate encrypts under old key then ratchets tx (758.14ms)
[712/873] PASS: handleRecord: self-initiated sendKeyUpdate response surfaces rx only (758.31ms)
[713/873] PASS: handleRecord: KeyUpdate not at record boundary is rejected (758.46ms)
[714/873] PASS: handleRecord: invalid client KeyUpdate request is rejected (758.61ms)
[715/873] PASS: handleRecord: zero-length encrypted handshake is rejected (758.76ms)
[716/873] PASS: handleRecord: all-zero inner plaintext maps to unexpected_message (758.91ms)
[717/873] PASS: handleRecord: illegal post-handshake inner content type is rejected (759.06ms)
[718/873] PASS: handleRecord: empty application data does not reset post-handshake flood counter (759.21ms)
[719/873] PASS: handleRecord: KeyUpdate flood is rejected (759.63ms)
[720/873] PASS: handleRecord: KeyUpdate flood cap fires despite empty app-data interleaving (759.96ms)
[721/873] PASS: EstablishedSession: struct stays compact against the handshake engine (759.97ms)
[722/873] PASS: extractEstablished: connected events match the handshake engine (760.31ms)
[723/873] PASS: extractEstablished: engine is consumed and immediate deinit is safe (760.47ms)
[724/873] PASS: extractEstablished: moved-from rx/tx are wiped, the session's copies stay live (760.65ms)
[725/873] PASS: extractEstablished: deferred KeyUpdate obligation blocks application writes (760.81ms)
[726/873] PASS: extractEstablished: KeyUpdate flood cap survives extraction and resets on app data (761.13ms)
[727/873] PASS: extractEstablished: KeyUpdate fragment carries across extraction (761.29ms)
[728/873] PASS: extractEstablished: KeyUpdate record-boundary and fragment rules hold (761.44ms)
[729/873] PASS: extractEstablished: close_notify and fatal alerts keep server semantics (761.59ms)
[730/873] PASS: extractEstablished: sendAlert latches and ratchetTx advances the TX epoch (761.76ms)
[731/873] PASS: extractEstablished: SHA-384 suite ratchets and exchanges app data (762.30ms)
[732/873] PASS: extractEstablished: NewSessionTicket is issued before extraction (762.67ms)
[733/873] PASS: key update: simultaneous update_requested remains connected (763.09ms)
[734/873] PASS: fuzz: ServerHandshake.handleRecord rejects arbitrary input (763.19ms)
[735/873] PASS: fuzz: connected ServerHandshake.handleRecord rejects arbitrary input (764.28ms)
[736/873] PASS: application data: server sends and receives (764.44ms)
[737/873] PASS: in-memory authenticated client-server handshake reaches app data (764.81ms)
[738/873] PASS: in-memory authenticated client-server handshake suite matrix (766.41ms)
[739/873] PASS: in-memory KeyUpdate round trip across all cipher suites (768.25ms)
[740/873] PASS: selectPsk: verifies the binder for a matching PSK identity (768.32ms)
[741/873] PASS: selectPsk: returns null when the PSK binder does not verify (768.39ms)
[742/873] PASS: selectPsk: oversized binders_len does not overflow (768.45ms)
[743/873] PASS: PSK offer without psk_key_exchange_modes aborts (768.57ms)
[744/873] PASS: PSK offer with only psk_ke disables resumption and ticket issuance (768.73ms)
[745/873] PASS: client authentication policy declines PSK resumption (769.18ms)
[746/873] PASS: PSK selection skips cipher suites with an incompatible hash (769.66ms)
[747/873] PASS: in-memory PSK resumption reaches app data (769.98ms)
[748/873] PASS: in-memory RFC 10024 PSK resumption matrix reaches app data (771.87ms)
[749/873] PASS: in-memory RFC 10024 PSK resumption survives HRR (773.79ms)
[750/873] PASS: in-memory RFC 10024 SHA-384 PSK resumption survives HRR (778.46ms)
[751/873] PASS: PSK fast-path rejects bare Finished when server did NOT select PSK (778.67ms)
[752/873] PASS: in-memory 0-RTT early data is decrypted by the server (779.01ms)
[753/873] PASS: 0-RTT: accepted early data distinguishes authentication and handshake errors (779.63ms)
[754/873] PASS: 0-RTT: server rejects early data exceeding max_early_data_size (779.82ms)
[755/873] PASS: 0-RTT: max u32 early-data limit rejects bytes beyond remaining budget (779.86ms)
[756/873] PASS: 0-RTT: no PSK selected means early data is skipped and 1-RTT completes (780.25ms)
[757/873] PASS: 0-RTT: declined early records in flight are skipped and 1-RTT completes (780.60ms)
[758/873] PASS: 0-RTT: required client auth declines PSK, skips early data, completes 1-RTT (781.07ms)
[759/873] PASS: 0-RTT: decline skip budget exhaustion aborts the handshake (781.23ms)
[760/873] PASS: 0-RTT: corrupted record after the skip window aborts (781.45ms)
[761/873] PASS: 0-RTT: HRR decline skips in-flight early data and the retry handshake completes (781.89ms)
[762/873] PASS: 0-RTT: default decline-skip budget covers a full max-size early record (782.28ms)
[763/873] PASS: 0-RTT: HRR decline skip budget exhaustion aborts the handshake (782.40ms)
[764/873] PASS: 0-RTT: HRR decline skip rejects malformed application_data records (782.51ms)
[765/873] PASS: 0-RTT: HRR skip window closes at ClientHello2 (782.74ms)
[766/873] PASS: 0-RTT: server declines, client sends no EndOfEarlyData (783.07ms)
[767/873] PASS: 0-RTT: client rejects server-sent EndOfEarlyData (783.11ms)
[768/873] PASS: 0-RTT: processClientFinished rejects Finished before EndOfEarlyData (783.32ms)
[769/873] PASS: preferredHybridShare follows server preference (783.37ms)
[770/873] PASS: in-memory RFC 10024 hybrid group matrix reaches app data (785.36ms)
[771/873] PASS: RFC 10024 hybrid group matrix negotiates through HRR (786.78ms)
[772/873] PASS: hybrid share requires explicit server policy (786.93ms)
[773/873] PASS: in-memory HRR round trip reaches app data (787.29ms)
[774/873] PASS: acceptClientHello: server suite preference (787.40ms)
[775/873] PASS: acceptClientHello: exposes SNI via clientServerName (787.51ms)
[776/873] PASS: acceptClientHello: clientServerName is null when SNI absent (787.62ms)
[777/873] PASS: acceptClientHello: rejects unsupported suite (787.67ms)
[778/873] PASS: acceptClientHello: ignores unknown cipher suites in mixed list (787.92ms)
[779/873] PASS: acceptClientHello: rejects ClientHello with no shared group (787.97ms)
[780/873] PASS: handleRecord: reassembles ClientHello split across records (788.09ms)
[781/873] PASS: handleRecord: reassembles ClientHello with header and body in separate records (788.20ms)
[782/873] PASS: handleRecord: rejects CCS while ClientHello fragment pending (788.26ms)
[783/873] PASS: handleRecord: processes alert while ClientHello fragment pending (788.31ms)
[784/873] PASS: handleRecord: plaintext fatal alert in wait_ch records detail (788.39ms)
[785/873] PASS: handleRecord: unknown alert codes are preserved (788.44ms)
[786/873] PASS: handleRecord: lastPeerAlert replaced by later alert, preserved by close/malformed (788.50ms)
[787/873] PASS: handleRecord: rejects fragmented ClientHello without reassembly buffer (788.55ms)
[788/873] PASS: handleRecord: state reset after invalid fragmented ClientHello (788.66ms)
[789/873] PASS: handleRecord: rejects trailing bytes after fragmented ClientHello (788.77ms)
[790/873] PASS: handleRecord: reassembles ClientHello2 split across records after HRR (788.89ms)
[791/873] PASS: handleRecord: reassembles fragmented client Finished across encrypted records (789.03ms)
[792/873] PASS: handleRecord: rejects interleaved alert during Finished fragment reassembly (789.16ms)
[793/873] PASS: handleRecord: rejects plaintext alert during Finished fragment reassembly (789.29ms)
[794/873] PASS: handleRecord: encrypted fatal alert while waiting for Finished records detail (789.42ms)
[795/873] PASS: handleRecord: rejects plaintext alert while waiting for Finished (789.54ms)
[796/873] PASS: handleRecord: rejects zero-length encrypted handshake while waiting for Finished (789.66ms)
[797/873] PASS: handleRecord: reassembles ClientHello when handshake header is split after 1 byte (789.77ms)
[798/873] PASS: handleRecord: server reassembles 1-byte fragmented KeyUpdate(update_requested) (789.95ms)
[799/873] PASS: handleRecord: fragmented KeyUpdate(update_not_requested) works (790.11ms)
[800/873] PASS: handleRecord: non-KeyUpdate fragment starts are rejected (790.26ms)
[801/873] PASS: handleRecord: KeyUpdate with trailing record bytes is rejected before ratchet (790.41ms)
[802/873] PASS: handleRecord: app-data interleaving during KeyUpdate reassembly is rejected (790.56ms)
[803/873] PASS: receiveApplicationData: app-data interleaving during KeyUpdate reassembly is rejected (790.71ms)
[804/873] PASS: handleRecord: alert interleaving during KeyUpdate reassembly is rejected (790.86ms)
[805/873] PASS: handleRecord: connected close_notify is clean, fatal alert records detail (791.01ms)
[806/873] PASS: handleRecord: zero-length handshake during KeyUpdate reassembly is rejected (791.17ms)
[807/873] PASS: handleRecord: ClientHello body_len 0xFFFFFF rejected without overflow (fast path) (791.21ms)
[808/873] PASS: handleRecord: split-header reassembly body_len 0xFFFFFF rejected without overflow (791.26ms)
[809/873] PASS: deinit leaves caller-owned buffers to the caller (791.41ms)
[810/873] PASS: fill writes caller buffer (791.42ms)
[811/873] PASS: encode: empty EncryptedExtensions (791.42ms)
[812/873] PASS: encode: ALPN EncryptedExtensions (791.43ms)
[813/873] PASS: encode: early_data accepted in EncryptedExtensions (791.44ms)
[814/873] PASS: encode: early_data omitted when not accepted (791.44ms)
[815/873] PASS: parse: valid EncryptedExtensions (791.45ms)
[816/873] PASS: parse: ALPN selection (791.45ms)
[817/873] PASS: parse: rejects unsolicited ALPN (791.46ms)
[818/873] PASS: parse: rejects unoffered ALPN (791.46ms)
[819/873] PASS: parse: rejects duplicate ALPN extension (791.47ms)
[820/873] PASS: parse: rejects multiple ALPN protocols (791.47ms)
[821/873] PASS: parse: rejects forbidden supported_versions extension (791.48ms)
[822/873] PASS: parse: rejects forbidden key_share extension (791.48ms)
[823/873] PASS: parse: rejects forbidden heartbeat extension (791.49ms)
[824/873] PASS: parse: rejects GREASE EncryptedExtensions extension (791.49ms)
[825/873] PASS: parse: rejects unknown unsolicited extension (791.50ms)
[826/873] PASS: parse: accepts server_name acknowledgment when SNI offered (791.50ms)
[827/873] PASS: parse: rejects server_name when SNI not offered (791.51ms)
[828/873] PASS: parse: rejects server_name acknowledgment with non-empty extension_data (791.51ms)
[829/873] PASS: parse: rejects unoffered record_size_limit in EncryptedExtensions (791.52ms)
[830/873] PASS: parse: accepts offered record_size_limit in EncryptedExtensions (791.53ms)
[831/873] PASS: parse: rejects malformed record_size_limit in EncryptedExtensions (791.53ms)
[832/873] PASS: parse: ignores supported_groups extension (791.54ms)
[833/873] PASS: parse: wrong handshake type (791.54ms)
[834/873] PASS: parse: truncated (791.55ms)
[835/873] PASS: fuzz: EncryptedExtensions parser with empty and populated offers (791.70ms)
[836/873] PASS: EncryptedExtensions: bounded single-byte mutation sweep (795.89ms)
[837/873] PASS: encode round-trips via parse (795.90ms)
[838/873] PASS: parse rejects wrong handshake type (795.90ms)
[839/873] PASS: parse rejects missing signature_algorithms (795.91ms)
[840/873] PASS: parse rejects duplicate signature_algorithms (795.91ms)
[841/873] PASS: encodedLen is accurate (795.92ms)
[842/873] PASS: verify: wrong verify_data (795.93ms)
[843/873] PASS: verify: wrong handshake type (795.93ms)
[844/873] PASS: encode then verify round-trip (795.94ms)
[845/873] PASS: encode and parse NewSessionTicket round trip (795.95ms)
[846/873] PASS: encode validates NewSessionTicket bounds before writing (795.95ms)
[847/873] PASS: parse: valid NewSessionTicket (795.96ms)
[848/873] PASS: parse: captures early_data max_early_data_size (795.97ms)
[849/873] PASS: parse: skips unknown ticket extension (795.97ms)
[850/873] PASS: parse: skips GREASE ticket extension (795.98ms)
[851/873] PASS: parse: rejects duplicate early_data extension (795.98ms)
[852/873] PASS: parse: rejects malformed early_data length (795.99ms)
[853/873] PASS: parse: wrong handshake type (795.99ms)
[854/873] PASS: parse: rejects length mismatch (796.00ms)
[855/873] PASS: parse: rejects empty ticket (796.01ms)
[856/873] PASS: parse: rejects malformed extensions length (796.01ms)
[857/873] PASS: fuzz: parse handles arbitrary input (796.06ms)
[858/873] PASS: Writer.append: u8 (796.06ms)
[859/873] PASS: Writer.append: u16 big-endian (796.07ms)
[860/873] PASS: Writer.append: u24 big-endian (796.07ms)
[861/873] PASS: Writer.appendSlice (796.08ms)
[862/873] PASS: Writer.append: enum (796.08ms)
[863/873] PASS: Reader.read: u8 (796.09ms)
[864/873] PASS: Reader.read: u16 big-endian (796.09ms)
[865/873] PASS: Reader.read: enum (796.10ms)
[866/873] PASS: Reader.readSlice: zero-copy (796.10ms)
[867/873] PASS: Reader.read: UnexpectedEof (796.11ms)
[868/873] PASS: Reader assume methods skip bounds checks after caller validation (796.11ms)
[869/873] PASS: Writer.reserve: write directly into buffer (796.12ms)
[870/873] PASS: Writer: sequential appends (796.12ms)
[871/873] PASS: messageHashSynthetic: SHA-256 header (796.13ms)
[872/873] PASS: messageHashSynthetic: SHA-384 header (796.13ms)
[873/873] PASS: messageHashSynthetic: RFC 8448 §5 ClientHello1 SHA-256 (796.14ms)

ztest: 873 passed, 0 failed, 0 skipped (of 873 total) in 1796ms
ALL TESTS PASSED
Build Summary: 8/8 steps succeeded
test success
+- run test success 1s
|  +- compile test Debug native-native success 47s MaxRSS:723M
|     +- options success
+- run exe errq-alloc-check success 50ms
|  +- compile exe errq-alloc-check Debug native-native success 32s MaxRSS:437M
|     +- options (reused)
+- run exe encrypted-pem-check success 1ms
   +- compile exe encrypted-pem-check Debug native-native success 30s MaxRSS:864M
      +- options (reused)

libcrypto family: boringssl (/nix/store/i7ci2wsgajn60hdg1r0hfb6rd628c80y-boringssl-0.20260803.0-dev/include)
errq-alloc-check: skipped for boringssl
encrypted-pem-check: ok (pipe, terminal)
ztest: Running 873 tests...
[1/873] PASS: test_0 (226.04ms)
[2/873] PASS: Wycheproof: X25519 shared secret tcId 1 (226.11ms)
[3/873] PASS: Wycheproof boundary: X25519 identity element is rejected (226.15ms)
[4/873] PASS: Wycheproof boundary: X25519 small-order public key is rejected (226.18ms)
[5/873] PASS: Wycheproof: AES-128-GCM AAD/tag handling tcId 2 (226.21ms)
[6/873] PASS: Wycheproof boundary: AES-256-GCM AAD/tag handling (226.23ms)
[7/873] PASS: Wycheproof: ChaCha20-Poly1305 one-byte message tcId 4 (226.25ms)
[8/873] PASS: Wycheproof boundary: ChaCha20-Poly1305 AAD handling (226.26ms)
[9/873] PASS: OpenSSL s_server interoperates with ztls client (305.76ms)
[10/873] PASS: OpenSSL s_server interoperates with ztls P-384 client (334.45ms)
[11/873] PASS: OpenSSL s_server interoperates with ztls RFC 10024 client groups (407.10ms)
[12/873] PASS: ztls client resumes with OpenSSL s_server (PSK resumption) (433.46ms)
[13/873] PASS: ztls client sends 0-RTT early data to OpenSSL s_server (459.91ms)
[14/873] PASS: OpenSSL s_client interoperates with ztls server (498.70ms)
[15/873] PASS: OpenSSL s_client resumes with ztls server-issued ticket (524.29ms)
[16/873] PASS: OpenSSL s_client interoperates with ztls P-384 server (539.26ms)
[17/873] PASS: OpenSSL s_client interoperates with ztls RFC 10024 server groups (579.57ms)
[18/873] PASS: OpenSSL s_client with -cert interoperates with ztls server (required client auth) (596.25ms)
[19/873] PASS: ztls client with credentials interoperates with OpenSSL s_server -Verify (622.76ms)
[20/873] PASS: ztls-to-ztls TCP KeyUpdate round trip with ChaCha20-Poly1305 (668.07ms)
[21/873] PASS: backend.x25519: RFC 7748 §5.2 shared secret (668.12ms)
[22/873] PASS: backend.x25519: RFC 7748 §6.1 mutual key agreement (668.22ms)
[23/873] PASS: backend.x25519: Wycheproof tcId 1 shared secret (668.26ms)
[24/873] PASS: backend.x25519: all-zero public key is rejected (IdentityElement) (668.29ms)
[25/873] PASS: backend.x25519: small-order public key is rejected (IdentityElement) (668.33ms)
[26/873] PASS: backend.aead: round-trip for every advertised cipher suite (668.35ms)
[27/873] PASS: backend.aead: tag corruption is rejected for every advertised cipher suite (668.36ms)
[28/873] PASS: backend.aead: ciphertext corruption is rejected for every advertised cipher suite (668.37ms)
[29/873] PASS: backend.aead: Wycheproof AES-128-GCM tcId 2 (668.38ms)
[30/873] PASS: backend.aead: Wycheproof AES-256-GCM AAD boundary (668.39ms)
[31/873] PASS: backend.aead: Wycheproof ChaCha20-Poly1305 AAD boundary (668.40ms)
[32/873] PASS: backend.aead: ChaCha20-Poly1305 RFC 8439 §2.8.2 known-answer vector (668.42ms)
[33/873] PASS: backend.p256: mutual key agreement with fixed scalars (668.56ms)
[34/873] PASS: backend.p256: non-04 SEC1 prefix is rejected (668.59ms)
[35/873] PASS: backend.p256: off-curve point is rejected (668.60ms)
[36/873] PASS: backend.p256: zero scalar private key is rejected (668.61ms)
[37/873] PASS: backend.p256: Wycheproof tcId 1 shared secret (668.67ms)
[38/873] PASS: backend.p384: mutual key agreement with fixed scalars (670.60ms)
[39/873] PASS: backend.p384: non-04 SEC1 prefix is rejected (671.24ms)
[40/873] PASS: backend.p384: off-curve point is rejected (671.25ms)
[41/873] PASS: backend.p384: zero scalar private key is rejected (671.25ms)
[42/873] PASS: backend.p384: Wycheproof tcId 1 shared secret (672.19ms)
[43/873] PASS: backend.sign: RSA-PSS SHA-256 sign/verify round-trip (673.00ms)
[44/873] PASS: backend.sign: RSA-PSS SHA-256 rejects tampered signature (673.76ms)
[45/873] PASS: backend.sign: RSA-PSS SHA-384 sign/verify round-trip and tamper rejection (674.54ms)
[46/873] PASS: backend.sign: ECDSA P-256 SHA-256 sign/verify round-trip (674.62ms)
[47/873] PASS: backend.sign: ECDSA P-256 SHA-256 rejects tampered signature (674.67ms)
[48/873] PASS: backend.sign: ECDSA P-384 SHA-384 sign/verify round-trip and tamper rejection (676.00ms)
[49/873] PASS: backend.sign: BufferTooShort on undersized output (676.09ms)
[50/873] PASS: backend.sign: key/scheme mismatch is a libcrypto failure (676.12ms)
[51/873] PASS: backend.sign: Wycheproof RSA-PSS tcId 3 verify (676.15ms)
[52/873] PASS: backend.sign: Wycheproof RSA-PSS tcId 62 invalid signature (676.19ms)
[53/873] PASS: backend.sign: Wycheproof ECDSA P-256 tcId 1 verify (676.24ms)
[54/873] PASS: backend.sign: Wycheproof ECDSA P-256 tcId 6 invalid signature (676.25ms)
[55/873] PASS: backend.sign: Wycheproof ECDSA P-384 tcId 1 verify (676.62ms)
[56/873] PASS: backend.sign: Wycheproof ECDSA P-384 tcId 6 invalid signature (676.63ms)
[57/873] PASS: backend error-queue hygiene: malformed EC public key leaves no residue (#88) (676.64ms)
[58/873] PASS: backend error-queue hygiene: caller queue entries survive a failing wrapper (#88) (676.64ms)
[59/873] PASS: backend error-queue hygiene: scalar key load does not nest guards (#88) (676.65ms)
[60/873] PASS: backend error-queue hygiene: repeated failures leave the queue empty each round (#88) (676.66ms)
[61/873] PASS: backend error-queue hygiene: successful key load preserves caller entries (#88) (676.68ms)
[62/873] PASS: backend error-queue hygiene: failed signature verification leaves no residue (#88) (676.70ms)
[63/873] PASS: backend error-queue hygiene: failed record decrypt leaves no residue (#88) (676.71ms)
[64/873] PASS: backend error-queue hygiene: failed decrypt preserves caller entries exactly (#88) (676.72ms)
[65/873] PASS: backend error-queue hygiene: DER key load preservation is lane-dependent (#88) (676.72ms)
[66/873] PASS: backend error-queue hygiene: scheme inference preserves caller entries (#112) (676.74ms)
[67/873] PASS: backend error-queue hygiene: declined encrypted PEM loads leave no residue (#114) (676.77ms)
[68/873] PASS: backend error-queue hygiene: cert/key mismatch preservation is lane-dependent (#113) (676.81ms)
[69/873] PASS: RFC 5280 §4.2.1.10 name-constraint verdicts vs OpenSSL 3.6.3 ground truth (677.31ms)
[70/873] PASS: fuzz: verifyNameConstraints handles arbitrary NameConstraints and SAN DER (677.53ms)
[71/873] PASS: capi: ztls_version returns a non-empty string (677.54ms)
[72/873] PASS: capi: insecure client init is explicitly named (677.54ms)
[73/873] PASS: capi: size and alignment are non-zero and sane (677.55ms)
[74/873] PASS: capi: NULL parameters are rejected (677.56ms)
[75/873] PASS: capi: full client handshake through the C ABI (678.05ms)
[76/873] PASS: capi: send_application_data before connected fails (678.10ms)
[77/873] PASS: capi: KeyUpdate response is surfaced as a write event (678.55ms)
[78/873] PASS: capi: KeyUpdate without response maps to none without pending write (678.97ms)
[79/873] PASS: capi: NewSessionTicket maps to none without pending write (679.39ms)
[80/873] PASS: encrypt: rejects mismatched plaintext and ciphertext lengths (679.39ms)
[81/873] PASS: decrypt: rejects mismatched plaintext and ciphertext lengths (679.40ms)
[82/873] PASS: Aes128Gcm: encrypt/decrypt round-trip (679.41ms)
[83/873] PASS: Aes256Gcm: encrypt/decrypt round-trip (679.42ms)
[84/873] PASS: ChaCha20Poly1305: encrypt/decrypt round-trip (679.42ms)
[85/873] PASS: ChaCha20Poly1305: RFC 8439 known-answer vector (679.44ms)
[86/873] PASS: ChaCha20Poly1305: empty plaintext known-answer vector (679.45ms)
[87/873] PASS: ChaCha20Poly1305: authentication failure on tampered ciphertext (679.46ms)
[88/873] PASS: ChaCha20Poly1305: authentication failure on tampered tag (679.46ms)
[89/873] PASS: ChaCha20Poly1305: authentication failure on tampered ad (679.47ms)
[90/873] PASS: decrypt: authentication failure on tampered ciphertext (679.48ms)
[91/873] PASS: decrypt: authentication failure on tampered tag (679.48ms)
[92/873] PASS: decrypt: authentication failure on tampered ad (679.49ms)
[93/873] PASS: construct: seq 0 is just the IV (679.50ms)
[94/873] PASS: construct: seq increments flip the right bytes (679.50ms)
[95/873] PASS: construct: XOR with non-zero IV (679.51ms)
[96/873] PASS: construct: seq max u64 produces expected nonce (679.51ms)
[97/873] PASS: parse: close_notify (679.52ms)
[98/873] PASS: parse: warning-level error alert is fatal (679.52ms)
[99/873] PASS: parse: unknown alert description is fatal (679.53ms)
[100/873] PASS: parse: user_canceled is not fatal (679.53ms)
[101/873] PASS: parse: truncated (679.54ms)
[102/873] PASS: parse: rejects coalesced alert bytes (679.54ms)
[103/873] PASS: encode (679.55ms)
[104/873] PASS: fuzz: parse handles arbitrary input (679.70ms)
[105/873] PASS: alertForError: certificate failures map to certificate alerts (679.71ms)
[106/873] PASS: alertForError: parser and semantic failures map to protocol alerts (679.71ms)
[107/873] PASS: alertForError: provider failure maps to internal_error (679.72ms)
[108/873] PASS: alertForError: unknown error maps to internal_error (679.72ms)
[109/873] PASS: parse: oversized cert_len does not overflow bounds check (679.73ms)
[110/873] PASS: parseClientCertificate: oversized ctx_len does not overflow (679.73ms)
[111/873] PASS: parse: extracts public key from ECDSA P-256 certificate (679.75ms)
[112/873] PASS: parse: wrong handshake type (679.76ms)
[113/873] PASS: parse: rejects mismatched Certificate handshake body length (679.76ms)
[114/873] PASS: encodeWithRequestContext: encodes empty client certificate list (679.77ms)
[115/873] PASS: encodeWithRequestContext: rejects oversized request context (679.77ms)
[116/873] PASS: parseClientCertificate: accepts empty certificate with matching context (679.78ms)
[117/873] PASS: parseClientCertificate: rejects mismatched request context (679.78ms)
[118/873] PASS: parse: rejects non-empty server certificate request context (679.79ms)
[119/873] PASS: parse: rejects empty certificate list (679.80ms)
[120/873] PASS: parse: rejects certificate list length shorter than entries (679.80ms)
[121/873] PASS: encode: round trips certificate chain (686.70ms)
[122/873] PASS: parse: rejects unsupported CertificateEntry status_request (686.71ms)
[123/873] PASS: parse: rejects unsupported CertificateEntry SCT (686.72ms)
[124/873] PASS: parse: rejects forbidden CertificateEntry status_request_v2 (686.73ms)
[125/873] PASS: parse: rejects duplicate CertificateEntry status_request (686.73ms)
[126/873] PASS: parse: rejects malformed CertificateEntry extension length (686.74ms)
[127/873] PASS: parse: ignores unknown CertificateEntry extension (686.75ms)
[128/873] PASS: parse: validates hostname (686.76ms)
[129/873] PASS: parse: rejects hostname mismatch (686.77ms)
[130/873] PASS: parse: rejects missing trust anchor by default (686.78ms)
[131/873] PASS: parse: validates leaf against trust bundle (693.94ms)
[132/873] PASS: parse: validates leaf-intermediate-root chain (707.81ms)
[133/873] PASS: parse: rejects end-entity certificate used as issuer (707.91ms)
[134/873] PASS: parse: rejects chain with intermediate before leaf (708.00ms)
[135/873] PASS: parse: anchors chain below a cross-signed root (728.66ms)
[136/873] PASS: parse: rejects cross-signed root without a bundle anchor below it (742.29ms)
[137/873] PASS: parse: rejects chain with missing intermediate (742.39ms)
[138/873] PASS: parse: rejects chain hostname mismatch (742.49ms)
[139/873] PASS: parse: rejects untrusted leaf when bundle misses issuer (742.50ms)
[140/873] PASS: parse: accepts chain with matching DNS name constraints (756.29ms)
[141/873] PASS: parse: rejects chain with excluded DNS name constraints (770.11ms)
[142/873] PASS: parse: rejects chain outside permitted DNS name constraints (783.99ms)
[143/873] PASS: parse: insecure no-anchor path still enforces name constraints (790.87ms)
[144/873] PASS: parse: rejects signed unprocessed critical extension for both roles (790.97ms)
[145/873] PASS: parse: accepts signed noncritical extension and supported critical extensions (818.57ms)
[146/873] PASS: parse: rejects signed SAN with an invalid wrapper (818.69ms)
[147/873] PASS: parse: rejects chain exceeding pathLenConstraint zero (839.44ms)
[148/873] PASS: parse: accepts pathLenConstraint zero with a CA target (853.27ms)
[149/873] PASS: parse: rejects chain exceeding pathLenConstraint one (880.84ms)
[150/873] PASS: parse: accepts chain at pathLenConstraint one (901.40ms)
[151/873] PASS: parse: imposes no path-length limit when pathLenConstraint is absent (922.09ms)
[152/873] PASS: parse: enforces the tightest of multiple pathLenConstraints (949.67ms)
[153/873] PASS: parse: accepts multiple satisfied pathLenConstraints (970.28ms)
[154/873] PASS: parse: self-issued intermediate does not consume path length (990.98ms)
[155/873] PASS: parse: intermediate below a self-issued certificate still counts (1018.76ms)
[156/873] PASS: parse: trust anchor pathLenConstraint limits intermediates below it (39.54ms)
[157/873] PASS: parse: trust anchor pathLenConstraint satisfied (53.29ms)
[158/873] PASS: parse: certificates above the anchored path are outside the path (80.83ms)
[159/873] PASS: parse: cross-signed root constraint binds inside the anchored path (108.48ms)
[160/873] PASS: parseClientChain: rejects client chain exceeding pathLenConstraint zero (129.28ms)
[161/873] PASS: parseClientChain: accepts client chain at pathLenConstraint zero (143.13ms)
[162/873] PASS: parse: insecure no-anchor path still enforces pathLenConstraint (156.86ms)
[163/873] PASS: parse: insecure no-anchor path accepts constrained chain with self-issued steps (170.68ms)
[164/873] PASS: parse: malformed DER length is rejected, not crashed (170.69ms)
[165/873] PASS: certificate_policy.verifyServerAuth: non-v3 certificates are rejected (170.69ms)
[166/873] PASS: certificate_policy.verifyServerAuth: KeyUsage without digitalSignature is rejected (170.70ms)
[167/873] PASS: certificate_policy.verifyServerAuth: EKU without serverAuth is rejected (170.71ms)
[168/873] PASS: certificate_policy.verifyClientAuth: EKU without clientAuth is rejected (170.71ms)
[169/873] PASS: certificate_policy.verifyClientAuth: KeyUsage without digitalSignature is rejected (170.72ms)
[170/873] PASS: certificate_policy.verifyClientAuth: clientAuth EKU is accepted (170.72ms)
[171/873] PASS: certificate_policy.verifyServerAuth: legacy certificate signatures are rejected (170.73ms)
[172/873] PASS: certificate_policy.verifyServerAuth: RSA PKCS1 SHA-256 certificate signature is accepted (170.73ms)
[173/873] PASS: certificate_policy: Ed25519 chain signature algorithm accepted when advertised (170.74ms)
[174/873] PASS: certificate_policy: Ed25519 chain signature algorithm rejected when not advertised (170.74ms)
[175/873] PASS: parse: Ed25519 self-signed certificate verified via std.crypto (170.75ms)
[176/873] PASS: certificate_policy.verifyServerAuth: rejects certificate signature outside policy (170.76ms)
[177/873] PASS: certificate signature policy checks non-self-signed chain certificates (170.77ms)
[178/873] PASS: certificate signature policy skips self-signed chain certificates (170.77ms)
[179/873] PASS: certificate_policy.verifyServerAuth: unrestricted supported leaf is accepted (170.78ms)
[180/873] PASS: encodeCertificateVerify: wraps signature (170.78ms)
[181/873] PASS: verifySignature: valid ECDSA P-256 signature (170.85ms)
[182/873] PASS: verifySignature: valid RSA-PSS SHA-256 signature (170.90ms)
[183/873] PASS: verifySignature: rejects RSA-PSS signature with wrong salt length (170.92ms)
[184/873] PASS: verifySignature: wrong transcript hash (170.98ms)
[185/873] PASS: verifySignature: rejects scheme absent from offered list (170.99ms)
[186/873] PASS: verifySignature: client CV rejects scheme absent from offered list (171.00ms)
[187/873] PASS: verifySignature: rejects RSA PKCS1 CertificateVerify scheme (171.01ms)
[188/873] PASS: verifySignature: rejects certificate key and scheme mismatch (171.02ms)
[189/873] PASS: verifySignature: server signature is not valid for client context (171.07ms)
[190/873] PASS: verifySignature: wrong handshake type (171.08ms)
[191/873] PASS: parse: extracts critical name constraints (171.09ms)
[192/873] PASS: parse: extracts non-critical name constraints (171.10ms)
[193/873] PASS: fuzz: parse handles arbitrary input (171.18ms)
[194/873] PASS: CertificateChain: single certificate view (171.18ms)
[195/873] PASS: CertificateChain.fromPem: decodes a certificate chain (171.20ms)
[196/873] PASS: CertificateChain.fromPem: rejects malformed input (171.21ms)
[197/873] PASS: CertificateChain.fromPem: rejects exhausted caller storage (171.22ms)
[198/873] PASS: fuzz: CertificateChain.fromPem handles arbitrary input (171.29ms)
[199/873] PASS: active backend identity matches the private provider facade (171.29ms)
[200/873] PASS: hybrid capability queries match the active backend (171.30ms)
[201/873] PASS: validateHybridGroups reports local policy faults (171.31ms)
[202/873] PASS: requiresP384 identifies only P-384 hybrid policy (171.31ms)
[203/873] PASS: CipherSuite wire values (171.32ms)
[204/873] PASS: PskOfferIter: walks identity/binder pairs in offer order (171.33ms)
[205/873] PASS: PskOfferIter: rejects oversized lengths (171.33ms)
[206/873] PASS: PskOfferIter: rejects a slack-byte identities vector (171.34ms)
[207/873] PASS: PskOfferIter: rejects more binders than identities (171.34ms)
[208/873] PASS: parse: preserves boundary SNI names as borrowed slices (171.36ms)
[209/873] PASS: parse: rejects an empty SNI name list (171.37ms)
[210/873] PASS: parse: rejects an empty SNI host name (171.38ms)
[211/873] PASS: parse: rejects an SNI name beyond the DNS length limit (171.39ms)
[212/873] PASS: encode: rejects an empty SNI host name (171.39ms)
[213/873] PASS: encodedLen: rejects an SNI name beyond the DNS length limit (171.40ms)
[214/873] PASS: encode: size matches encodedLen (171.40ms)
[215/873] PASS: encodeWithPsk: pre_shared_key is last, binder prefix and offset are correct (171.41ms)
[216/873] PASS: encodeWithPsk: rejects unsupported binder length (171.42ms)
[217/873] PASS: parse: ClientHello with pre_shared_key round-trips (171.43ms)
[218/873] PASS: encodeWithP256: size matches encodedLenWithP256 (171.43ms)
[219/873] PASS: encode: handshake type and legacy version (171.44ms)
[220/873] PASS: encode: cipher suites match backend capabilities (171.44ms)
[221/873] PASS: encode: legacy_session_id is empty (171.45ms)
[222/873] PASS: encode: supported_groups contains X25519 (171.46ms)
[223/873] PASS: encode: key_share contains public key (171.46ms)
[224/873] PASS: encodeWithP256: includes X25519 and secp256r1 key shares (171.47ms)
[225/873] PASS: encodeWithP256P384: includes X25519, secp256r1, and secp384r1 key shares (171.48ms)
[226/873] PASS: encodeWithP256P384: size matches encodedLenWithP256P384 (171.49ms)
[227/873] PASS: parse: accepts secp384r1 key share (172.15ms)
[228/873] PASS: parse: rejects compressed secp384r1 key share (172.16ms)
[229/873] PASS: encodeRetryAfterHrr: secp384r1 selected, no cookie (172.17ms)
[230/873] PASS: encode: SNI present when server_name set (172.18ms)
[231/873] PASS: encode: SNI absent when server_name is null (172.18ms)
[232/873] PASS: encode: supported_versions contains TLS 1.3 (172.19ms)
[233/873] PASS: encode: signature_algorithms match backend capabilities (172.20ms)
[234/873] PASS: encode: signature_algorithms_cert match backend capabilities (172.20ms)
[235/873] PASS: encode: ALPN present when protocols set (172.21ms)
[236/873] PASS: encode: rejects invalid ALPN protocols (172.22ms)
[237/873] PASS: parse: encoded ClientHello (172.23ms)
[238/873] PASS: parse: tracks offered SNI extension presence (172.23ms)
[239/873] PASS: parse: tracks offered record_size_limit extension presence (172.24ms)
[240/873] PASS: parse: accepts secp256r1 supported group and key share (172.28ms)
[241/873] PASS: parseSupportedGroups: records RFC 10024 groups (172.29ms)
[242/873] PASS: parse: rejects malformed X25519 key share (172.29ms)
[243/873] PASS: parse: rejects key share outside supported_groups (172.32ms)
[244/873] PASS: parse: rejects oversized legacy_session_id (172.33ms)
[245/873] PASS: parse: rejects SSLv3-or-lower legacy_version (172.34ms)
[246/873] PASS: parse: rejects missing supported_versions (172.35ms)
[247/873] PASS: parse: rejects supported_versions without TLS 1.3 (172.35ms)
[248/873] PASS: parse: rejects missing supported_groups (172.36ms)
[249/873] PASS: parse: rejects missing signature_algorithms (172.37ms)
[250/873] PASS: parse: rejects malformed signature_algorithms (172.38ms)
[251/873] PASS: parse: rejects signature_algorithms without TLS 1.3 handshake scheme (172.38ms)
[252/873] PASS: parse: rejects malformed ClientHello (172.39ms)
[253/873] PASS: parse: rejects malformed compression methods (172.40ms)
[254/873] PASS: parse: no shared supported group is rejected (172.41ms)
[255/873] PASS: parse: rejects duplicate x25519 key share entries (172.41ms)
[256/873] PASS: parseKeyShare: retains all RFC 10024 hybrid entries (172.43ms)
[257/873] PASS: encode: buffer too short (172.43ms)
[258/873] PASS: encode: server_name too long (172.44ms)
[259/873] PASS: parse: rejects duplicate supported_groups (172.44ms)
[260/873] PASS: parse: missing X25519 key share leaves public key null (172.45ms)
[261/873] PASS: parse: rejects duplicate signature_algorithms (172.46ms)
[262/873] PASS: parse: rejects duplicate signature_algorithms_cert (172.46ms)
[263/873] PASS: parse: rejects duplicate SNI (172.47ms)
[264/873] PASS: parse: rejects duplicate ALPN (172.50ms)
[265/873] PASS: parse: rejects duplicate supported_versions (172.51ms)
[266/873] PASS: parse: rejects duplicate key_share extensions (172.52ms)
[267/873] PASS: parse: rejects duplicate psk_key_exchange_modes (172.53ms)
[268/873] PASS: parse: ignores unknown extension (172.54ms)
[269/873] PASS: parse: ignores unknown supported_groups entries (172.54ms)
[270/873] PASS: fuzz: parse handles arbitrary input (172.61ms)
[271/873] PASS: encodeRetryAfterHrr: X25519 selected, no cookie (172.62ms)
[272/873] PASS: encodeRetryAfterHrr: preserves PSK key exchange mode (172.63ms)
[273/873] PASS: encodeRetryAfterHrr: secp256r1 selected, no cookie (172.64ms)
[274/873] PASS: encodeRetryAfterHrr: includes cookie when provided (172.64ms)
[275/873] PASS: encodeRetryAfterHrr: preserves SNI and ALPN from ClientHello1 (172.65ms)
[276/873] PASS: encodeRetryAfterHrr: rejects unsupported group (172.66ms)
[277/873] PASS: encodeRetryAfterHrr: missing configured hybrid share is a policy error (172.66ms)
[278/873] PASS: encodeWithHybridGroups: rejects unknown share group without panic (172.67ms)
[279/873] PASS: KEM key_share round-trip: ClientHello encode → parse preserves 1216-byte public key (172.69ms)
[280/873] PASS: parse: psk_key_exchange_modes list_len 0xFF rejected without overflow (172.70ms)
[281/873] PASS: SessionTicket.secureZero erases identity, PSK, and metadata (172.70ms)
[282/873] PASS: HybridPolicy.validate rejects an initial share outside its group list (172.71ms)
[283/873] PASS: Config.validate reports unavailable groups and missing P-384 material (172.76ms)
[284/873] PASS: start validates hybrid policy before key generation and output (172.86ms)
[285/873] PASS: transcript hash: RFC 8448 §3 ClientHello || ServerHello (172.90ms)
[286/873] PASS: deriveHandshakeKeys: RFC 8448 §3 server handshake key/iv/finished (172.96ms)
[287/873] PASS: processServerHello: RFC 8448 §3 installs server handshake keys (173.06ms)
[288/873] PASS: processServerHello: accepts secp256r1 key_share (173.20ms)
[289/873] PASS: processServerHello: rejects invalid secp256r1 point (173.25ms)
[290/873] PASS: processServerHello: rejects unoffered secp256r1 key_share (173.31ms)
[291/873] PASS: processServerHello: rejects mismatched session id echo (173.34ms)
[292/873] PASS: processServerHello: rejects a missing key_share after TLS 1.3 selection (173.39ms)
[293/873] PASS: processServerHello: rejects unoffered cipher suite (173.44ms)
[294/873] PASS: processFlight: stores selected ALPN (173.53ms)
[295/873] PASS: processFlight: rejects unoffered ALPN (173.63ms)
[296/873] PASS: processFlight: rejects unanchored Certificate by default (174.19ms)
[297/873] PASS: processFlight: rejects non-empty server Certificate request context (174.58ms)
[298/873] PASS: processFlight: rejects empty server Certificate list (174.95ms)
[299/873] PASS: processFlight: rejects unsolicited EncryptedExtensions ALPN (175.05ms)
[300/873] PASS: processFlight: rejects unrequested server CertificateEntry status_request (175.43ms)
[301/873] PASS: handleRecord: rejects a server key above retention capacity (203.16ms)
[302/873] PASS: processFlight: RFC 8448 §3 full server flight to connected (203.59ms)
[303/873] PASS: processFlight: rejects handshake message after server Finished (203.98ms)
[304/873] PASS: processFlight: handshake message spanning records needs buffer (204.38ms)
[305/873] PASS: processFlight: reassembles handshake message split across records (204.79ms)
[306/873] PASS: processFlight: buffered path rejects handshake message after server Finished (205.19ms)
[307/873] PASS: processFlight: RFC 8448 §3 flight split one message per record (205.58ms)
[308/873] PASS: handleRecord: malformed ServerHello is rejected (205.62ms)
[309/873] PASS: processFlight: rejects Finished before EncryptedExtensions (205.72ms)
[310/873] PASS: processFlight: rejects CertificateVerify before Certificate (206.09ms)
[311/873] PASS: processFlight: rejects Finished before CertificateVerify (206.47ms)
[312/873] PASS: processFlight: rejects unoffered CertificateVerify scheme (206.85ms)
[313/873] PASS: processFlight: rejects wrong CertificateVerify signature (207.24ms)
[314/873] PASS: processFlight: rejects wrong server Finished verify_data (207.64ms)
[315/873] PASS: handleRecord: plaintext fatal alert in wait_sh (207.70ms)
[316/873] PASS: handleRecord: malformed alert record does not set or replace lastPeerAlert (207.74ms)
[317/873] PASS: handleRecord: unknown alert codes are preserved (207.77ms)
[318/873] PASS: handleRecord: lastPeerAlert replaced by later alert, preserved by close/malformed (207.81ms)
[319/873] PASS: handleRecord: rejects ChangeCipherSpec before ClientHello (207.84ms)
[320/873] PASS: handleRecord: drops valid ChangeCipherSpec after ClientHello (207.87ms)
[321/873] PASS: handleRecord: rejects malformed ChangeCipherSpec payload (207.91ms)
[322/873] PASS: handleRecord: encrypted fatal alert during server flight (208.02ms)
[323/873] PASS: handleRecord: rejects server KeyUpdate before Finished (208.11ms)
[324/873] PASS: handleRecord: truncated encrypted flight is rejected (208.51ms)
[325/873] PASS: handleRecord: corrupted encrypted flight is rejected (208.89ms)
[326/873] PASS: handleRecord: post-handshake unexpected inner content type is rejected (209.33ms)
[327/873] PASS: handleRecord: encrypted application data during server flight is rejected (209.43ms)
[328/873] PASS: clientFinished: RFC 8448 §3 emits Finished and upgrades to app keys (209.87ms)
[329/873] PASS: processFlight: accepts CertificateRequest before server Certificate (210.25ms)
[330/873] PASS: processFlight: rejects non-empty handshake CertificateRequest context (210.62ms)
[331/873] PASS: clientFinished: sends empty Certificate before Finished for CertificateRequest (211.06ms)
[332/873] PASS: clientFinished: empty CertificateRequest with no credentials still finishes (211.49ms)
[333/873] PASS: client auth: setCredentials stores client credentials (211.53ms)
[334/873] PASS: ratchetClientKey: RFC 8446 §7.2 next application write key (211.97ms)
[335/873] PASS: handleRecord: application data resets both post-handshake flood counters (212.42ms)
[336/873] PASS: receiveRecord: RX progresses while a client TX record is pending (212.89ms)
[337/873] PASS: receiveKtlsRecord: client processes kernel-decrypted records (213.35ms)
[338/873] PASS: receiveKtlsRecord: client finds KeyUpdate after NewSessionTicket (213.79ms)
[339/873] PASS: ratchetKtlsTx: client advances only an idle TX epoch (214.24ms)
[340/873] PASS: handleRecord: server KeyUpdate(update_requested) ratchets rx and responds (214.70ms)
[341/873] PASS: handleRecord: KeyUpdate not at record boundary is rejected (215.13ms)
[342/873] PASS: handleRecord: invalid server KeyUpdate request is rejected (215.57ms)
[343/873] PASS: handleRecord: server KeyUpdate(update_not_requested) surfaces key_update rx only (216.02ms)
[344/873] PASS: handleRecord: self-initiated sendKeyUpdate response surfaces rx only (216.50ms)
[345/873] PASS: sendAlert: plaintext fatal alert before ServerHello (216.54ms)
[346/873] PASS: sendAlert: encrypted close_notify after handshake (216.97ms)
[347/873] PASS: handleRecord: close_notify returns closed (217.41ms)
[348/873] PASS: handleRecord: fatal alert returns PeerAlert (217.84ms)
[349/873] PASS: handleRecord: NewSessionTicket is surfaced as an event (218.29ms)
[350/873] PASS: clientFinished: RFC 8448 §4 resumption_master_secret over the live transcript (218.72ms)
[351/873] PASS: startWithPsk: binder matches an independent HMAC over the prefix (218.81ms)
[352/873] PASS: startWithPsk: advertises configured RFC 10024 key share (218.95ms)
[353/873] PASS: startWithPsk: ticket without early-data permission omits early_data (219.02ms)
[354/873] PASS: EncryptedExtensions: rejects early_data when server declined PSK (219.15ms)
[355/873] PASS: EncryptedExtensions: rejects early_data without early traffic keys (219.28ms)
[356/873] PASS: EncryptedExtensions: rejects early_data after HelloRetryRequest (219.41ms)
[357/873] PASS: processServerHello rejects selected PSK with incompatible cipher suite hash (219.58ms)
[358/873] PASS: handleRecord: PSK-offering client rejects bare Finished unless server selected PSK (219.91ms)
[359/873] PASS: handleRecord: accepts 17 consecutive NewSessionTickets (220.41ms)
[360/873] PASS: handleRecord: NewSessionTicket flood is rejected with ticket-specific error (220.90ms)
[361/873] PASS: handleRecord: malformed NewSessionTicket is rejected (221.35ms)
[362/873] PASS: handleRecord: KeyUpdate flood is rejected (222.04ms)
[363/873] PASS: handleRecord: empty application data does not reset flood counters (222.47ms)
[364/873] PASS: handleRecord: KeyUpdate flood cap fires despite empty app-data interleaving (223.20ms)
[365/873] PASS: start: uses Config host_name for SNI and policy (223.24ms)
[366/873] PASS: handleRecord: drives RFC 8448 §3 handshake to connected (223.68ms)
[367/873] PASS: 0.5-RTT: coalesced server data precedes client Finished delivery (224.57ms)
[368/873] PASS: handleRecord: unacknowledged write blocks further calls (225.01ms)
[369/873] PASS: sendEarlyData: unacknowledged write blocks further early data (225.09ms)
[370/873] PASS: handleRecord: zero-length plaintext handshake is rejected (225.13ms)
[371/873] PASS: handleRecord: zero-length encrypted handshake is rejected (225.22ms)
[372/873] PASS: handleRecord: all-zero inner plaintext maps to unexpected_message (225.66ms)
[373/873] PASS: handleRecord: application_data before ServerHello is rejected (225.70ms)
[374/873] PASS: HandshakeReader: splits coalesced messages (225.71ms)
[375/873] PASS: HandshakeReader: truncated body is UnexpectedEof (225.71ms)
[376/873] PASS: fuzz: HandshakeReader handles arbitrary input (225.76ms)
[377/873] PASS: fuzz: processFlight handles arbitrary decrypted bytes (226.21ms)
[378/873] PASS: fuzz: 0-RTT client state machine handles arbitrary inbound records (226.45ms)
[379/873] PASS: processHelloRetryRequest: rejects already-offered key_share group (226.48ms)
[380/873] PASS: processHelloRetryRequest: secp256r1 selected produces ClientHello2 (226.53ms)
[381/873] PASS: processHelloRetryRequest: transcript collapse matches §4.4.1 (226.57ms)
[382/873] PASS: processHelloRetryRequest: removes PSK with incompatible hash (226.71ms)
[383/873] PASS: processHelloRetryRequest: rejects second HRR (226.75ms)
[384/873] PASS: processHelloRetryRequest: rejects unoffered selected_group (226.79ms)
[385/873] PASS: processServerHello: post-HRR rejects mismatched cipher suite (226.83ms)
[386/873] PASS: processServerHello: post-HRR rejects mismatched key_share group (226.87ms)
[387/873] PASS: processServerHello: post-HRR accepts matching ServerHello (227.01ms)
[388/873] PASS: handleRecord: HRR returns ClientHello2 as write event (227.05ms)
[389/873] PASS: processHelloRetryRequest: returns null for normal ServerHello (227.08ms)
[390/873] PASS: processHelloRetryRequest: HRR with cookie echoes cookie in CH2 (227.13ms)
[391/873] PASS: deinit leaves caller-owned buffers to the caller (227.62ms)
[392/873] PASS: secureZero zeroes all secret material (228.35ms)
[393/873] PASS: Array.secureZero clears contents (228.35ms)
[394/873] PASS: lastIndexOfNonZero: last byte non-zero (fast path) (228.36ms)
[395/873] PASS: lastIndexOfNonZero: all zeros (228.36ms)
[396/873] PASS: lastIndexOfNonZero: single non-zero byte at start (228.37ms)
[397/873] PASS: lastIndexOfNonZero: single byte, non-zero (228.37ms)
[398/873] PASS: lastIndexOfNonZero: single byte, zero (228.38ms)
[399/873] PASS: lastIndexOfNonZero: non-zero in scalar tail (228.38ms)
[400/873] PASS: lastIndexOfNonZero: exactly chunk_len bytes, non-zero at start (228.39ms)
[401/873] PASS: lastIndexOfNonZero: exactly chunk_len bytes, all zeros (228.40ms)
[402/873] PASS: lastIndexOfNonZero: large buffer, non-zero in first chunk (228.40ms)
[403/873] PASS: lastIndexOfNonZero: large buffer, non-zero in middle chunk (228.41ms)
[404/873] PASS: lastIndexOfNonZero: large buffer, all zeros (228.41ms)
[405/873] PASS: encrypt: buffer too short (228.42ms)
[406/873] PASS: encrypt: sequence number overflow (228.42ms)
[407/873] PASS: deinit: clears caller-visible traffic key material (228.43ms)
[408/873] PASS: ktlsInfo: AES-GCM salt and IV reconstruct RFC 8446 nonce (228.44ms)
[409/873] PASS: ktlsInfo: cipher type uses Linux UAPI values (228.45ms)
[410/873] PASS: ktlsInfo: exported key material survives RecordLayer deinit (228.45ms)
[411/873] PASS: KtlsInfo.secureZero erases exported traffic material (228.46ms)
[412/873] PASS: encrypt/decrypt: key update required at AEAD usage limit (228.47ms)
[413/873] PASS: encryptPrepared/decrypt: round-trip (228.48ms)
[414/873] PASS: encrypt/decrypt: round-trip (228.50ms)
[415/873] PASS: encrypt/decrypt: sequence numbers advance (228.51ms)
[416/873] PASS: decrypt: failed auth exposes backend failure buffer behavior (228.52ms)
[417/873] PASS: decrypt: replayed record is rejected (228.53ms)
[418/873] PASS: encrypt/decrypt: zero-length application data (228.54ms)
[419/873] PASS: decrypt: rejects all-zero inner plaintext (228.55ms)
[420/873] PASS: encrypt/decrypt: maximum plaintext fragment length (228.65ms)
[421/873] PASS: decrypt: wrong content type (228.65ms)
[422/873] PASS: decrypt: payload shorter than tag (228.66ms)
[423/873] PASS: decrypt: truncated ciphertext record (228.66ms)
[424/873] PASS: decrypt: sequence number overflow (228.67ms)
[425/873] PASS: fuzz: decrypt handles arbitrary input (228.87ms)
[426/873] PASS: PendingWrite: mark and clear (228.88ms)
[427/873] PASS: SliceBuffer: append and retain (228.88ms)
[428/873] PASS: append and slice (228.89ms)
[429/873] PASS: appendAssumeCapacity (228.89ms)
[430/873] PASS: secureZero clears full storage and length (228.90ms)
[431/873] PASS: append returns error on overflow (228.91ms)
[432/873] PASS: clear resets length (228.91ms)
[433/873] PASS: Reader iterates coalesced messages (228.92ms)
[434/873] PASS: parseKeyUpdate (228.92ms)
[435/873] PASS: rejectDuplicateExtensions: rejects more than the extension count cap (228.93ms)
[436/873] PASS: rejectDuplicateExtensions: rejects duplicate unknown type (228.93ms)
[437/873] PASS: rejectDuplicateExtensions: accepts distinct extension types (228.94ms)
[438/873] PASS: ExtensionType.isGrease: detects reserved GREASE extension code points (228.94ms)
[439/873] PASS: rejectDuplicateExtensions: rejects malformed block (228.95ms)
[440/873] PASS: RFC 10024 hybrid groups round-trip (232.55ms)
[441/873] PASS: hybrid decapsulation rejects wrong server share length (232.61ms)
[442/873] PASS: NamedGroup wire identifiers (232.62ms)
[443/873] PASS: RFC 10024 hybrid group sizes (232.62ms)
[444/873] PASS: secret lifecycle preserves live epochs and clears owned secret fields (232.64ms)
[445/873] PASS: HkdfSha256.trafficKey: RFC 8448 §3 server handshake (232.65ms)
[446/873] PASS: HkdfSha384: traffic key/iv, finished key, traffic-upd (independent vector) (232.71ms)
[447/873] PASS: HkdfSha256.trafficIv: RFC 8448 §3 server handshake (232.72ms)
[448/873] PASS: HkdfSha256.earlySecret: RFC 8448 §3 (232.72ms)
[449/873] PASS: HkdfSha256: RFC 8448 §3/§4 PSK and resumption secrets (232.75ms)
[450/873] PASS: HkdfSha256.handshakeSecret: RFC 8448 §3 (232.76ms)
[451/873] PASS: HkdfSha256.masterSecret: RFC 8448 §3 (232.77ms)
[452/873] PASS: HkdfSha256.clientHandshakeTrafficSecret: RFC 8448 §3 (232.79ms)
[453/873] PASS: HkdfSha256.finishedKey: RFC 8448 §3 server (232.79ms)
[454/873] PASS: HkdfSha256.nextTrafficSecret: RFC 8446 §7.2 (232.80ms)
[455/873] PASS: HkdfSha256.serverHandshakeTrafficSecret: RFC 8448 §3 (232.81ms)
[456/873] PASS: sharedSecret: RFC 7748 X25519 vector (232.85ms)
[457/873] PASS: KeyPair.generateDeterministic: RFC 7748 public keys (232.89ms)
[458/873] PASS: KeyPair.generateDeterministic emits uncompressed SEC1 public key (232.92ms)
[459/873] PASS: sharedSecret: P-256 deterministic peers agree (233.06ms)
[460/873] PASS: KeyPair.generate: healthy entropy path (233.11ms)
[461/873] PASS: KeyPair.secureZero erases secret and public material (233.13ms)
[462/873] PASS: generateRetry: a LibcryptoFailed attempt is terminal, not retried (233.14ms)
[463/873] PASS: generateRetry: an invalid scalar retries exactly to the bound (233.15ms)
[464/873] PASS: generateRetry: retries a bad draw and succeeds (233.17ms)
[465/873] PASS: KeyPair.generateDeterministic enforces the scalar range [1, n-1] (233.20ms)
[466/873] PASS: sharedSecret: rejects compressed P-256 point (233.24ms)
[467/873] PASS: KeyPair.generateDeterministic emits uncompressed SEC1 public key (233.88ms)
[468/873] PASS: KeyPair.secureZero erases secret and public material (234.53ms)
[469/873] PASS: sharedSecret: P-384 deterministic peers agree (237.66ms)
[470/873] PASS: generateRetry: a LibcryptoFailed attempt is terminal, not retried (237.66ms)
[471/873] PASS: generateRetry: an invalid scalar retries exactly to the bound (237.67ms)
[472/873] PASS: generateRetry: retries a bad draw and succeeds (238.32ms)
[473/873] PASS: KeyPair.generateDeterministic enforces the scalar range [1, n-1] (238.96ms)
[474/873] PASS: sharedSecret: rejects compressed P-384 point (240.23ms)
[475/873] PASS: active backend matches the selected libcrypto headers (240.24ms)
[476/873] PASS: capabilities are non-empty for the active backend (240.24ms)
[477/873] PASS: x25519 handle shape matches active backend (240.25ms)
[478/873] PASS: client group capabilities match implemented client key-share plumbing (240.25ms)
[479/873] PASS: aead context shape matches active backend (240.26ms)
[480/873] SKIP: aws-lc aead deinit clears inline context (240.26ms)
[481/873] PASS: capability helpers recognize advertised algorithms (240.27ms)
[482/873] SKIP: fips: chacha20_poly1305_sha256 excluded from FIPS cipher_suites (240.27ms)
[483/873] SKIP: fips: rsa_pkcs1_sha* excluded from FIPS certificate_signature_schemes (240.28ms)
[484/873] SKIP: fips: ed25519 excluded from FIPS certificate_signature_schemes (240.28ms)
[485/873] SKIP: fips: ML-KEM disabled in FIPS capability table (240.29ms)
[486/873] SKIP: fips: FIPS capabilities are a subset of non-FIPS capabilities (240.29ms)
[487/873] PASS: fips: active capabilities follow FIPS identity (240.30ms)
[488/873] PASS: Parsed.verifyHostName rejects universal tag 2 as dNSName (240.30ms)
[489/873] PASS: Parsed.verifyHostName requires dNSName SAN (240.31ms)
[490/873] PASS: Parsed.verifyHostName accepts caller-converted A-labels (240.32ms)
[491/873] PASS: Parsed.verifyHostName rejects U-label references under a wildcard (240.33ms)
[492/873] PASS: Parsed.verifyHostName rejects matching non-ASCII DNS identities (240.33ms)
[493/873] PASS: Parsed.checkHostName rejects public suffix wildcard (240.34ms)
[494/873] PASS: Parsed.checkHostName RFC 6125 compliance (240.35ms)
[495/873] PASS: Parsed.allowsKeyUsage reads digitalSignature (240.35ms)
[496/873] PASS: Parsed.allowsKeyUsage rejects malformed empty bit payload (240.36ms)
[497/873] PASS: Parsed.allowsExtKeyUsage finds serverAuth (240.36ms)
[498/873] PASS: Parsed.allowsExtKeyUsage rejects non-SEQUENCE wrapper (240.37ms)
[499/873] PASS: Parsed.nameConstraints extracts extension value (240.37ms)
[500/873] PASS: Parsed.nameConstraints absent returns empty (240.38ms)
[501/873] PASS: Parsed.verifyNameConstraints: DNS permitted subtree (240.39ms)
[502/873] PASS: Parsed.verifyNameConstraints: DNS permitted subtree mismatch (240.39ms)
[503/873] PASS: Parsed.verifyNameConstraints: DNS excluded subtree (240.40ms)
[504/873] PASS: Parsed.verifyNameConstraints: mixed DNS SAN violation is rejected (240.40ms)
[505/873] PASS: Parsed.verifyNameConstraints: DNS common name fallback (240.41ms)
[506/873] PASS: Parsed.verifyNameConstraints: IP permitted subnet (240.42ms)
[507/873] PASS: Parsed.verifyNameConstraints: permitted subtrees are type-specific (240.42ms)
[508/873] PASS: Parsed.verifyNameConstraints: email permitted subtree (240.43ms)
[509/873] PASS: Parsed.verifyNameConstraints: email mailbox local part is case-sensitive (240.43ms)
[510/873] PASS: Parsed.verifyNameConstraints: URI excluded subtree (240.44ms)
[511/873] PASS: Parsed.verifyNameConstraints: URI strips userinfo before host matching (240.45ms)
[512/873] PASS: Parsed.verifyNameConstraints: explicit minimum zero is accepted (240.45ms)
[513/873] PASS: Parsed.verifyNameConstraints: critical unsupported subtree is rejected (240.46ms)
[514/873] PASS: Parsed.verifyNameConstraints: non-critical unsupported subtree is ignored (240.47ms)
[515/873] PASS: parseBasicConstraints rejects pathLenConstraint without cA (240.47ms)
[516/873] PASS: parse rejects unknown critical extension (240.48ms)
[517/873] PASS: parse rejects duplicate recognized extensions (240.50ms)
[518/873] PASS: parse accepts old and new authority key identifier OIDs (240.51ms)
[519/873] PASS: parseBitString rejects empty bit string content (240.52ms)
[520/873] PASS: parseTime maps UTCTime centuries and expires 1999 certificates (240.52ms)
[521/873] PASS: parseTime enforces GeneralizedTime certificate grammar (240.53ms)
[522/873] PASS: parseTime rejects impossible dates and accepts leap day (240.54ms)
[523/873] PASS: certificate_parser.decltest.parseTimeDigits (240.54ms)
[524/873] PASS: certificate_parser.decltest.parseYear4 (240.55ms)
[525/873] PASS: certificate_parser.test_0 (240.55ms)
[526/873] PASS: PrivateKey.sign: RSA-PSS SHA-256 uses TLS parameters (241.31ms)
[527/873] PASS: PrivateKey.sign: short RSA-PSS output buffer is rejected (241.40ms)
[528/873] PASS: PrivateKey.sign: key and scheme mismatch is a libcrypto failure (241.42ms)
[529/873] PASS: PrivateKey.sign: deterministic ECDSA matches the RFC 6979 vector (241.44ms)
[530/873] PASS: PrivateKey.sign: deterministic ECDSA P-384 matches the RFC 6979 A.2.6 vector (242.04ms)
[531/873] PASS: PrivateKey.sign: deterministic nonce with RSA-PSS is rejected (242.12ms)
[532/873] PASS: PrivateKey.fromPemAuto: RSA PKCS#8 and PKCS#1 both infer rsa_pss_rsae_sha256 (242.94ms)
[533/873] PASS: PrivateKey.fromPemAuto: P-256 infers ecdsa_secp256r1_sha256 and signs (242.98ms)
[534/873] PASS: PrivateKey.fromPemAuto: P-384 infers ecdsa_secp384r1_sha384 and signs (243.63ms)
[535/873] PASS: PrivateKey.fromPemAuto: P-521 is rejected at load by the capability gate (245.22ms)
[536/873] PASS: PrivateKey.fromPemAuto: Ed25519 is rejected at load by the capability gate (245.26ms)
[537/873] PASS: PrivateKey.fromPemAuto: secp224r1 has no CertificateVerify scheme (245.36ms)
[538/873] PASS: PrivateKey.fromPemAuto: garbage PEM fails at load (245.36ms)
[539/873] PASS: PrivateKey.fromPem: encrypted PEM fails at load (245.47ms)
[540/873] PASS: PrivateKey.fromPemAuto: encrypted PEM fails at load (245.49ms)
[541/873] PASS: PrivateKey.pairsWith: P-256 scalar key pairs with its leaf certificate (245.53ms)
[542/873] PASS: PrivateKey.pairsWith: auto-inferred RSA and P-256 keys pair with their leaves (245.63ms)
[543/873] PASS: PrivateKey.pairsWith: same-algorithm mismatch is a named error (245.66ms)
[544/873] PASS: PrivateKey.pairsWith: cross-algorithm mismatch is a named error (245.68ms)
[545/873] PASS: PrivateKey.pairsWith: garbage leaf DER is not a certificate (245.70ms)
[546/873] PASS: PrivateKey.pairsWith: trailing bytes make leaf DER invalid (245.79ms)
[547/873] SKIP: OpenSSL AEAD initialization rejects wrong key length (245.80ms)
[548/873] PASS: ML-KEM-768 encapsulate/decapsulate round-trip (245.87ms)
[549/873] PASS: ML-KEM-1024 encapsulate/decapsulate round-trip (245.97ms)
[550/873] PASS: ML-KEM encapsulation-key modulus boundary (246.00ms)
[551/873] PASS: ML-KEM rejects non-canonical encapsulation keys (246.00ms)
[552/873] PASS: ML-KEM rejects a wrong-length ciphertext (246.03ms)
[553/873] PASS: classify: bounded PSK identity admission is a buffer-class limit (246.03ms)
[554/873] PASS: classify: certificate failures never fall into a generic bucket (246.04ms)
[555/873] PASS: classify: authentication failures are their own class (246.04ms)
[556/873] PASS: classify: remaining buckets (246.05ms)
[557/873] PASS: parseHeader: valid plaintext record (246.06ms)
[558/873] PASS: parseHeader: application_data record (TLSCiphertext) (246.06ms)
[559/873] PASS: parseHeader: ignores legacy_record_version (246.07ms)
[560/873] PASS: parseHeader: buffer too short (246.07ms)
[561/873] PASS: parseHeader: exactly 5 bytes (header only, no fragment) (246.08ms)
[562/873] PASS: parseHeader: max valid length (246.08ms)
[563/873] PASS: parseHeader: length exceeds max (246.09ms)
[564/873] PASS: Header.init round-trips with parseHeader (246.09ms)
[565/873] PASS: Header.write: emits TLS 1.2 legacy_record_version (246.09ms)
[566/873] PASS: fuzz: parseHeader handles arbitrary input (246.34ms)
[567/873] PASS: kernel cipher_type values match KtlsCipherType (246.35ms)
[568/873] PASS: kernel socket option constants (246.35ms)
[569/873] PASS: packed kTLS info secureZero methods erase every byte (246.36ms)
[570/873] PASS: packAesGcm128 splits the 12-byte IV and copies key/seq (246.36ms)
[571/873] PASS: packAesGcm128 rejects a non-AES-GCM-128 info (246.37ms)
[572/873] PASS: packChaCha20Poly1305 uses the full 12-byte IV (246.37ms)
[573/873] PASS: packAesGcm256 copies the 32-byte key and splits the IV (246.38ms)
[574/873] PASS: install errno decode maps onto InstallError (246.39ms)
[575/873] PASS: a record-type cmsg occupies the kernel's CMSG_LEN and CMSG_SPACE (246.39ms)
[576/873] PASS: ControlBuffer.init writes one cmsg and zeroes the padding (246.40ms)
[577/873] PASS: parseRecordType rejects control data off the kTLS contract (246.40ms)
[578/873] PASS: ulpInstall attaches once, and only to an established TCP socket (246.51ms)
[579/873] PASS: txInstall and rxInstall accept a synthetic TLS 1.3 AES-128-GCM key (246.56ms)
[580/873] PASS: installs without the ULP are typed Unavailable errors, not panics (246.59ms)
[581/873] PASS: a crypto_info the kernel cannot use is a typed EINVAL failure (246.62ms)
[582/873] PASS: record-type cmsg round-trips through a live kTLS pair (246.67ms)
[583/873] PASS: Outbox: fresh outbox is not write-blocked (246.68ms)
[584/873] PASS: Outbox: send drains fully and completes write once (246.69ms)
[585/873] PASS: Outbox: partial send stays blocked and does not complete write (246.69ms)
[586/873] PASS: Outbox: zero-byte progress stays blocked (246.70ms)
[587/873] PASS: Outbox: idle flush is drained without completing write (246.70ms)
[588/873] PASS: Outbox: partial drain resumes across flush calls (246.71ms)
[589/873] PASS: Outbox: queue while blocked returns PendingWrite (246.71ms)
[590/873] PASS: Outbox: writer error leaves pending tail and does not complete write (246.72ms)
[591/873] PASS: Outbox: writer over-reporting bytes returns WriteOverflow (246.73ms)
[592/873] PASS: Outbox: sequential records complete once each (246.73ms)
[593/873] PASS: next: two records coalesced in one fill (246.74ms)
[594/873] PASS: next: record split across two fills (246.75ms)
[595/873] PASS: next: truncated records return null (246.77ms)
[596/873] PASS: next: in-place mutation of a returned record survives across next() (246.78ms)
[597/873] PASS: next: oversized length is rejected (246.79ms)
[598/873] PASS: isEmpty distinguishes drained, partial, and complete records (246.80ms)
[599/873] PASS: parse: rejects oversized legacy_session_id_echo without overflow (246.81ms)
[600/873] PASS: encode: round trips through parse (246.82ms)
[601/873] PASS: parse: accepts secp256r1 key_share (246.83ms)
[602/873] PASS: parse: rejects compressed secp256r1 key_share (246.83ms)
[603/873] PASS: parse: accepts secp384r1 key_share (246.84ms)
[604/873] PASS: parse: rejects compressed secp384r1 key_share (246.85ms)
[605/873] PASS: encode: echoes session id (246.86ms)
[606/873] PASS: parse: RFC 8448 §3 ServerHello (246.86ms)
[607/873] PASS: parse: wrong handshake type (246.87ms)
[608/873] PASS: parse: truncated message (246.87ms)
[609/873] PASS: parse: rejects HelloRetryRequest (246.88ms)
[610/873] PASS: parse: missing extensions / no supported_versions yields UnsupportedTlsVersion (246.89ms)
[611/873] PASS: parse: rejects mismatched handshake length (246.89ms)
[612/873] PASS: parse: rejects unknown cipher suite (246.90ms)
[613/873] PASS: parse: rejects oversized extensions block (246.90ms)
[614/873] PASS: parse: rejects duplicate supported_versions (246.91ms)
[615/873] PASS: parse: rejects duplicate key_share (246.92ms)
[616/873] PASS: parse: rejects unknown unsolicited extension (246.92ms)
[617/873] PASS: parse: rejects GREASE ServerHello extension (246.93ms)
[618/873] PASS: parse: rejects forbidden signature_algorithms extension (246.94ms)
[619/873] PASS: parse: rejects forbidden heartbeat extension (246.94ms)
[620/873] PASS: parse: rejects record_size_limit in ServerHello (246.95ms)
[621/873] PASS: parse: rejects key_share for unsupported group (246.96ms)
[622/873] PASS: parse: unsupported TLS version in supported_versions is illegal_parameter (246.96ms)
[623/873] PASS: parse: rejects TLS 1.2 downgrade sentinel (246.97ms)
[624/873] PASS: parse: rejects TLS 1.1 downgrade sentinel (246.98ms)
[625/873] PASS: parse: rejects downgrade sentinel when supported_versions selects TLS 1.3 (246.98ms)
[626/873] PASS: parse: accepts non-0x0303 legacy_version when supported_versions selects TLS 1.3 (246.99ms)
[627/873] PASS: parse: no supported_versions + downgrade sentinel yields IllegalParameter (247.00ms)
[628/873] PASS: parse: rejects ServerHello without supported_versions as legacy (247.00ms)
[629/873] PASS: parse: rejects SSLv3-or-lower legacy version (247.01ms)
[630/873] PASS: parse: rejects mismatched session id echo (247.02ms)
[631/873] PASS: parse: rejects non-zero compression method (247.02ms)
[632/873] PASS: fuzz: parse handles arbitrary input (247.09ms)
[633/873] PASS: encodeHelloRetryRequest: parse round-trip (247.10ms)
[634/873] PASS: parseHelloRetryRequest: rejects mismatched session id echo (247.10ms)
[635/873] PASS: parseHelloRetryRequest: RFC 8448 §5 (247.11ms)
[636/873] PASS: parseHelloRetryRequest: no cookie (247.12ms)
[637/873] PASS: parseHelloRetryRequest: rejects non-HRR Random (247.12ms)
[638/873] PASS: parseHelloRetryRequest: rejects wrong type (247.13ms)
[639/873] PASS: parseHelloRetryRequest: rejects TLS 1.2 in supported_versions (247.13ms)
[640/873] PASS: parseHelloRetryRequest: ignores non-0x0303 legacy_version (247.14ms)
[641/873] PASS: parseHelloRetryRequest: rejects SSLv3-or-lower legacy version (247.14ms)
[642/873] PASS: parseHelloRetryRequest: rejects non-zero compression method (247.15ms)
[643/873] PASS: parseHelloRetryRequest: rejects unknown cipher suite (247.15ms)
[644/873] PASS: parseHelloRetryRequest: rejects trailing bytes after extensions (247.16ms)
[645/873] PASS: parseHelloRetryRequest: rejects cookie extension trailing bytes (247.16ms)
[646/873] PASS: parseHelloRetryRequest: rejects missing supported_versions (247.17ms)
[647/873] PASS: parseHelloRetryRequest: rejects unknown unsolicited extension (247.18ms)
[648/873] PASS: parseHelloRetryRequest: rejects record_size_limit (247.18ms)
[649/873] PASS: KEM key_share round-trip: ServerHello encode → parse preserves 1120-byte ciphertext (247.21ms)
[650/873] PASS: fuzz: parseHelloRetryRequest handles arbitrary input (247.27ms)
[651/873] PASS: Config.validate reports invalid lists and missing P-384 material (247.32ms)
[652/873] PASS: sendAlert: plaintext fatal alert before ClientHello (247.38ms)
[653/873] PASS: sendAlert: encrypted close_notify after handshake (247.60ms)
[654/873] PASS: handleRecord: rejects ChangeCipherSpec before ClientHello (247.66ms)
[655/873] PASS: handleRecord: drops valid ChangeCipherSpec while waiting for client Finished (247.79ms)
[656/873] PASS: handleRecord: rejects malformed ChangeCipherSpec payload (247.93ms)
[657/873] PASS: handleRecord: ClientHello returns ServerHello write and enforces pending write (248.09ms)
[658/873] PASS: handleRecord: zero-length plaintext handshake is rejected (248.15ms)
[659/873] PASS: handleRecord: rejects application_data before connected (248.21ms)
[660/873] PASS: acceptClientHello: emits ServerHello and installs handshake keys (248.44ms)
[661/873] PASS: acceptClientHello: negotiates secp256r1 key share (248.63ms)
[662/873] PASS: acceptClientHello: negotiates secp384r1 key share (251.91ms)
[663/873] PASS: acceptClientHello: emits HelloRetryRequest for missing secp256r1 key share (252.02ms)
[664/873] PASS: acceptClientHello: rejects ClientHello2 with changed SNI or ALPN after HRR (252.18ms)
[665/873] PASS: acceptClientHello: rejects early_data in ClientHello2 after HRR (252.27ms)
[666/873] PASS: acceptClientHello: rejects replaced PSK identity in ClientHello2 despite valid binder (252.39ms)
[667/873] PASS: acceptClientHello: rejects added, reordered, or dropped PSK identities in CH2 (252.67ms)
[668/873] PASS: acceptClientHello: accepts permitted ClientHello2 PSK updates after HRR (253.17ms)
[669/873] PASS: acceptClientHello: bounded PSK identity admission before HelloRetryRequest (253.38ms)
[670/873] PASS: acceptClientHello: rejects removal of an unknown identity whose binder claims the HRR hash (253.48ms)
[671/873] PASS: acceptClientHello: HRR path rejects a slack-byte identities vector in CH1 (253.56ms)
[672/873] PASS: acceptClientHello: HRR path rejects a slack-byte identities vector in CH2 (253.64ms)
[673/873] PASS: acceptClientHello: PSK selection rejects a slack-byte identities vector (253.72ms)
[674/873] PASS: acceptClientHello: rejects ClientHello2 that ignores HRR selected group (253.82ms)
[675/873] PASS: acceptClientHello: rejects ClientHello2 with extra key share (253.92ms)
[676/873] PASS: acceptClientHello: HRR sends at most one compatibility ChangeCipherSpec (254.07ms)
[677/873] PASS: acceptClientHello: emits compatibility ChangeCipherSpec for non-empty legacy_session_id (254.20ms)
[678/873] PASS: sendAnonymousFlightForTest: client decrypts EncryptedExtensions and Finished (254.45ms)
[679/873] PASS: sendPreparedServerFlight: credentials and pending write are enforced (254.75ms)
[680/873] PASS: sendPreparedServerFlight: encryption failure preserves handshake write epoch (255.03ms)
[681/873] PASS: sendAuthenticatedFlight: client decrypts authenticated server flight (255.30ms)
[682/873] PASS: sendAuthenticatedFlight: optional client auth sends CertificateRequest (255.58ms)
[683/873] PASS: NewSessionTicket emission derives matching client and server PSKs (256.00ms)
[684/873] PASS: NewSessionTicket emission rejects stale prepared PSK objects (256.41ms)
[685/873] PASS: server-issued NewSessionTicket resumes and can be renewed (257.19ms)
[686/873] PASS: NewSessionTicket emission owns unique bounded nonces (257.69ms)
[687/873] PASS: NewSessionTicket emission enforces write and kTLS ordering (258.08ms)
[688/873] PASS: NewSessionTicket emission preserves state on encoding failure (258.48ms)
[689/873] PASS: discardTicketPsk burns nonce and erases key material (258.88ms)
[690/873] PASS: processClientFinished: optional client auth accepts empty Certificate (259.26ms)
[691/873] PASS: processClientFinished: required client auth rejects empty Certificate (259.63ms)
[692/873] PASS: processClientFinished: required client auth verifies real client Certificate + CV (260.13ms)
[693/873] PASS: processClientFinished: bad client Finished does not retain identity (260.61ms)
[694/873] PASS: processClientFinished: client identity requires caller-owned storage (261.08ms)
[695/873] PASS: processClientFinished: required client auth rejects forged CertificateVerify (261.53ms)
[696/873] PASS: sendAuthenticatedFlight: client processes CertificateVerify and Finished (261.86ms)
[697/873] PASS: processClientFinished: verifies Finished and installs app keys (262.03ms)
[698/873] PASS: public Finished paths reject trailing and non-Finished handshake messages (262.64ms)
[699/873] PASS: handleRecord: rejects disjoint ALPN offers with the required alert (262.71ms)
[700/873] PASS: processClientFinished: rejects a client key above retention capacity (290.59ms)
[701/873] PASS: processClientFinished: rejects bad verify_data (290.76ms)
[702/873] PASS: processClientFinished: rejects EndOfEarlyData when 0-RTT was not accepted (290.91ms)
[703/873] PASS: handleRecord: rejects second plaintext ClientHello before Finished (291.07ms)
[704/873] PASS: handleRecord: rejects protected ClientHello after connected (291.25ms)
[705/873] PASS: handleRecord: rejects client KeyUpdate before Finished (291.40ms)
[706/873] PASS: receiveRecord: RX progresses while a server TX record is pending (291.59ms)
[707/873] PASS: receiveKtlsRecord: server processes kernel-decrypted records (291.79ms)
[708/873] PASS: ratchetKtlsTx: server advances only an idle TX epoch (291.97ms)
[709/873] PASS: handleRecord: client KeyUpdate(update_requested) ratchets rx and responds (292.18ms)
[710/873] PASS: handleRecord: client KeyUpdate(update_not_requested) ratchets rx only (292.37ms)
[711/873] PASS: sendKeyUpdate: server-initiated KeyUpdate encrypts under old key then ratchets tx (292.57ms)
[712/873] PASS: handleRecord: self-initiated sendKeyUpdate response surfaces rx only (292.77ms)
[713/873] PASS: handleRecord: KeyUpdate not at record boundary is rejected (292.94ms)
[714/873] PASS: handleRecord: invalid client KeyUpdate request is rejected (293.12ms)
[715/873] PASS: handleRecord: zero-length encrypted handshake is rejected (293.29ms)
[716/873] PASS: handleRecord: all-zero inner plaintext maps to unexpected_message (293.47ms)
[717/873] PASS: handleRecord: illegal post-handshake inner content type is rejected (293.65ms)
[718/873] PASS: handleRecord: empty application data does not reset post-handshake flood counter (293.82ms)
[719/873] PASS: handleRecord: KeyUpdate flood is rejected (294.26ms)
[720/873] PASS: handleRecord: KeyUpdate flood cap fires despite empty app-data interleaving (294.62ms)
[721/873] PASS: EstablishedSession: struct stays compact against the handshake engine (294.63ms)
[722/873] PASS: extractEstablished: connected events match the handshake engine (295.01ms)
[723/873] PASS: extractEstablished: engine is consumed and immediate deinit is safe (295.19ms)
[724/873] PASS: extractEstablished: moved-from rx/tx are wiped, the session's copies stay live (295.37ms)
[725/873] PASS: extractEstablished: deferred KeyUpdate obligation blocks application writes (295.56ms)
[726/873] PASS: extractEstablished: KeyUpdate flood cap survives extraction and resets on app data (295.90ms)
[727/873] PASS: extractEstablished: KeyUpdate fragment carries across extraction (296.10ms)
[728/873] PASS: extractEstablished: KeyUpdate record-boundary and fragment rules hold (296.28ms)
[729/873] PASS: extractEstablished: close_notify and fatal alerts keep server semantics (296.46ms)
[730/873] PASS: extractEstablished: sendAlert latches and ratchetTx advances the TX epoch (296.66ms)
[731/873] PASS: extractEstablished: SHA-384 suite ratchets and exchanges app data (297.24ms)
[732/873] PASS: extractEstablished: NewSessionTicket is issued before extraction (297.65ms)
[733/873] PASS: key update: simultaneous update_requested remains connected (298.10ms)
[734/873] PASS: fuzz: ServerHandshake.handleRecord rejects arbitrary input (298.21ms)
[735/873] PASS: fuzz: connected ServerHandshake.handleRecord rejects arbitrary input (299.36ms)
[736/873] PASS: application data: server sends and receives (299.54ms)
[737/873] PASS: in-memory authenticated client-server handshake reaches app data (299.93ms)
[738/873] PASS: in-memory authenticated client-server handshake suite matrix (301.68ms)
[739/873] PASS: in-memory KeyUpdate round trip across all cipher suites (303.63ms)
[740/873] PASS: selectPsk: verifies the binder for a matching PSK identity (303.72ms)
[741/873] PASS: selectPsk: returns null when the PSK binder does not verify (303.80ms)
[742/873] PASS: selectPsk: oversized binders_len does not overflow (303.87ms)
[743/873] PASS: PSK offer without psk_key_exchange_modes aborts (303.99ms)
[744/873] PASS: PSK offer with only psk_ke disables resumption and ticket issuance (304.20ms)
[745/873] PASS: client authentication policy declines PSK resumption (304.71ms)
[746/873] PASS: PSK selection skips cipher suites with an incompatible hash (305.25ms)
[747/873] PASS: in-memory PSK resumption reaches app data (305.60ms)
[748/873] PASS: in-memory RFC 10024 PSK resumption matrix reaches app data (310.15ms)
[749/873] PASS: in-memory RFC 10024 PSK resumption survives HRR (314.72ms)
[750/873] PASS: in-memory RFC 10024 SHA-384 PSK resumption survives HRR (322.04ms)
[751/873] PASS: PSK fast-path rejects bare Finished when server did NOT select PSK (322.29ms)
[752/873] PASS: in-memory 0-RTT early data is decrypted by the server (322.66ms)
[753/873] PASS: 0-RTT: accepted early data distinguishes authentication and handshake errors (323.35ms)
[754/873] PASS: 0-RTT: server rejects early data exceeding max_early_data_size (323.57ms)
[755/873] PASS: 0-RTT: max u32 early-data limit rejects bytes beyond remaining budget (323.62ms)
[756/873] PASS: 0-RTT: no PSK selected means early data is skipped and 1-RTT completes (324.05ms)
[757/873] PASS: 0-RTT: declined early records in flight are skipped and 1-RTT completes (324.41ms)
[758/873] PASS: 0-RTT: required client auth declines PSK, skips early data, completes 1-RTT (324.93ms)
[759/873] PASS: 0-RTT: decline skip budget exhaustion aborts the handshake (325.12ms)
[760/873] PASS: 0-RTT: corrupted record after the skip window aborts (325.38ms)
[761/873] PASS: 0-RTT: HRR decline skips in-flight early data and the retry handshake completes (325.86ms)
[762/873] PASS: 0-RTT: default decline-skip budget covers a full max-size early record (326.29ms)
[763/873] PASS: 0-RTT: HRR decline skip budget exhaustion aborts the handshake (326.43ms)
[764/873] PASS: 0-RTT: HRR decline skip rejects malformed application_data records (326.57ms)
[765/873] PASS: 0-RTT: HRR skip window closes at ClientHello2 (326.86ms)
[766/873] PASS: 0-RTT: server declines, client sends no EndOfEarlyData (327.22ms)
[767/873] PASS: 0-RTT: client rejects server-sent EndOfEarlyData (327.27ms)
[768/873] PASS: 0-RTT: processClientFinished rejects Finished before EndOfEarlyData (327.52ms)
[769/873] PASS: preferredHybridShare follows server preference (327.58ms)
[770/873] PASS: in-memory RFC 10024 hybrid group matrix reaches app data (332.23ms)
[771/873] PASS: RFC 10024 hybrid group matrix negotiates through HRR (336.34ms)
[772/873] PASS: hybrid share requires explicit server policy (336.55ms)
[773/873] PASS: in-memory HRR round trip reaches app data (336.95ms)
[774/873] PASS: acceptClientHello: server suite preference (337.09ms)
[775/873] PASS: acceptClientHello: exposes SNI via clientServerName (337.22ms)
[776/873] PASS: acceptClientHello: clientServerName is null when SNI absent (337.36ms)
[777/873] PASS: acceptClientHello: rejects unsupported suite (337.43ms)
[778/873] PASS: acceptClientHello: ignores unknown cipher suites in mixed list (337.71ms)
[779/873] PASS: acceptClientHello: rejects ClientHello with no shared group (337.78ms)
[780/873] PASS: handleRecord: reassembles ClientHello split across records (337.92ms)
[781/873] PASS: handleRecord: reassembles ClientHello with header and body in separate records (338.06ms)
[782/873] PASS: handleRecord: rejects CCS while ClientHello fragment pending (338.13ms)
[783/873] PASS: handleRecord: processes alert while ClientHello fragment pending (338.21ms)
[784/873] PASS: handleRecord: plaintext fatal alert in wait_ch records detail (338.31ms)
[785/873] PASS: handleRecord: unknown alert codes are preserved (338.37ms)
[786/873] PASS: handleRecord: lastPeerAlert replaced by later alert, preserved by close/malformed (338.42ms)
[787/873] PASS: handleRecord: rejects fragmented ClientHello without reassembly buffer (338.49ms)
[788/873] PASS: handleRecord: state reset after invalid fragmented ClientHello (338.63ms)
[789/873] PASS: handleRecord: rejects trailing bytes after fragmented ClientHello (338.77ms)
[790/873] PASS: handleRecord: reassembles ClientHello2 split across records after HRR (338.91ms)
[791/873] PASS: handleRecord: reassembles fragmented client Finished across encrypted records (339.08ms)
[792/873] PASS: handleRecord: rejects interleaved alert during Finished fragment reassembly (339.24ms)
[793/873] PASS: handleRecord: rejects plaintext alert during Finished fragment reassembly (339.39ms)
[794/873] PASS: handleRecord: encrypted fatal alert while waiting for Finished records detail (339.55ms)
[795/873] PASS: handleRecord: rejects plaintext alert while waiting for Finished (339.70ms)
[796/873] PASS: handleRecord: rejects zero-length encrypted handshake while waiting for Finished (339.85ms)
[797/873] PASS: handleRecord: reassembles ClientHello when handshake header is split after 1 byte (339.98ms)
[798/873] PASS: handleRecord: server reassembles 1-byte fragmented KeyUpdate(update_requested) (340.19ms)
[799/873] PASS: handleRecord: fragmented KeyUpdate(update_not_requested) works (340.39ms)
[800/873] PASS: handleRecord: non-KeyUpdate fragment starts are rejected (340.58ms)
[801/873] PASS: handleRecord: KeyUpdate with trailing record bytes is rejected before ratchet (340.76ms)
[802/873] PASS: handleRecord: app-data interleaving during KeyUpdate reassembly is rejected (340.94ms)
[803/873] PASS: receiveApplicationData: app-data interleaving during KeyUpdate reassembly is rejected (341.11ms)
[804/873] PASS: handleRecord: alert interleaving during KeyUpdate reassembly is rejected (341.29ms)
[805/873] PASS: handleRecord: connected close_notify is clean, fatal alert records detail (341.47ms)
[806/873] PASS: handleRecord: zero-length handshake during KeyUpdate reassembly is rejected (341.64ms)
[807/873] PASS: handleRecord: ClientHello body_len 0xFFFFFF rejected without overflow (fast path) (341.70ms)
[808/873] PASS: handleRecord: split-header reassembly body_len 0xFFFFFF rejected without overflow (341.76ms)
[809/873] PASS: deinit leaves caller-owned buffers to the caller (341.92ms)
[810/873] PASS: fill writes caller buffer (341.93ms)
[811/873] PASS: encode: empty EncryptedExtensions (341.93ms)
[812/873] PASS: encode: ALPN EncryptedExtensions (341.94ms)
[813/873] PASS: encode: early_data accepted in EncryptedExtensions (341.94ms)
[814/873] PASS: encode: early_data omitted when not accepted (341.95ms)
[815/873] PASS: parse: valid EncryptedExtensions (341.95ms)
[816/873] PASS: parse: ALPN selection (341.96ms)
[817/873] PASS: parse: rejects unsolicited ALPN (341.97ms)
[818/873] PASS: parse: rejects unoffered ALPN (341.97ms)
[819/873] PASS: parse: rejects duplicate ALPN extension (341.97ms)
[820/873] PASS: parse: rejects multiple ALPN protocols (341.98ms)
[821/873] PASS: parse: rejects forbidden supported_versions extension (341.98ms)
[822/873] PASS: parse: rejects forbidden key_share extension (341.99ms)
[823/873] PASS: parse: rejects forbidden heartbeat extension (342.00ms)
[824/873] PASS: parse: rejects GREASE EncryptedExtensions extension (342.00ms)
[825/873] PASS: parse: rejects unknown unsolicited extension (342.01ms)
[826/873] PASS: parse: accepts server_name acknowledgment when SNI offered (342.01ms)
[827/873] PASS: parse: rejects server_name when SNI not offered (342.02ms)
[828/873] PASS: parse: rejects server_name acknowledgment with non-empty extension_data (342.03ms)
[829/873] PASS: parse: rejects unoffered record_size_limit in EncryptedExtensions (342.03ms)
[830/873] PASS: parse: accepts offered record_size_limit in EncryptedExtensions (342.04ms)
[831/873] PASS: parse: rejects malformed record_size_limit in EncryptedExtensions (342.04ms)
[832/873] PASS: parse: ignores supported_groups extension (342.05ms)
[833/873] PASS: parse: wrong handshake type (342.05ms)
[834/873] PASS: parse: truncated (342.06ms)
[835/873] PASS: fuzz: EncryptedExtensions parser with empty and populated offers (342.19ms)
[836/873] PASS: EncryptedExtensions: bounded single-byte mutation sweep (346.37ms)
[837/873] PASS: encode round-trips via parse (346.37ms)
[838/873] PASS: parse rejects wrong handshake type (346.38ms)
[839/873] PASS: parse rejects missing signature_algorithms (346.38ms)
[840/873] PASS: parse rejects duplicate signature_algorithms (346.39ms)
[841/873] PASS: encodedLen is accurate (346.40ms)
[842/873] PASS: verify: wrong verify_data (346.40ms)
[843/873] PASS: verify: wrong handshake type (346.41ms)
[844/873] PASS: encode then verify round-trip (346.42ms)
[845/873] PASS: encode and parse NewSessionTicket round trip (346.42ms)
[846/873] PASS: encode validates NewSessionTicket bounds before writing (346.43ms)
[847/873] PASS: parse: valid NewSessionTicket (346.44ms)
[848/873] PASS: parse: captures early_data max_early_data_size (346.44ms)
[849/873] PASS: parse: skips unknown ticket extension (346.45ms)
[850/873] PASS: parse: skips GREASE ticket extension (346.45ms)
[851/873] PASS: parse: rejects duplicate early_data extension (346.46ms)
[852/873] PASS: parse: rejects malformed early_data length (346.46ms)
[853/873] PASS: parse: wrong handshake type (346.47ms)
[854/873] PASS: parse: rejects length mismatch (346.47ms)
[855/873] PASS: parse: rejects empty ticket (346.48ms)
[856/873] PASS: parse: rejects malformed extensions length (346.48ms)
[857/873] PASS: fuzz: parse handles arbitrary input (346.53ms)
[858/873] PASS: Writer.append: u8 (346.53ms)
[859/873] PASS: Writer.append: u16 big-endian (346.54ms)
[860/873] PASS: Writer.append: u24 big-endian (346.54ms)
[861/873] PASS: Writer.appendSlice (346.55ms)
[862/873] PASS: Writer.append: enum (346.55ms)
[863/873] PASS: Reader.read: u8 (346.56ms)
[864/873] PASS: Reader.read: u16 big-endian (346.56ms)
[865/873] PASS: Reader.read: enum (346.57ms)
[866/873] PASS: Reader.readSlice: zero-copy (346.57ms)
[867/873] PASS: Reader.read: UnexpectedEof (346.58ms)
[868/873] PASS: Reader assume methods skip bounds checks after caller validation (346.58ms)
[869/873] PASS: Writer.reserve: write directly into buffer (346.59ms)
[870/873] PASS: Writer: sequential appends (346.59ms)
[871/873] PASS: messageHashSynthetic: SHA-256 header (346.60ms)
[872/873] PASS: messageHashSynthetic: SHA-384 header (346.60ms)
[873/873] PASS: messageHashSynthetic: RFC 8448 §5 ClientHello1 SHA-256 (346.61ms)

ztest: 866 passed, 0 failed, 7 skipped (of 873 total) in 1347ms
ALL TESTS PASSED
Build Summary: 8/8 steps succeeded
test success
+- run test success 1s
|  +- compile test Debug native-native success 18s MaxRSS:722M
|     +- options success
+- run exe errq-alloc-check success 1ms
|  +- compile exe errq-alloc-check Debug native-native success 1s MaxRSS:275M
|     +- options (reused)
+- run exe encrypted-pem-check success 2ms
   +- compile exe encrypted-pem-check Debug native-native success 2s MaxRSS:297M
      +- options (reused)

zig fmt --check src/ examples/ bench/ shared/ tests/distribution-consumer/ build.zig
ziglint build.zig examples bench shared tests/distribution-consumer $(fd --extension zig --exclude certificate_parser.zig . src)
ast-grep scan --rule rules/no-ztls-owned-allocations.yml src --globs '*.zig' --globs '!src/test/**' --globs '!src/bench/**' --globs '!src/interop.zig' --report-style short
ast-grep scan --rule rules/no-c-pointer-types.yml src --globs '*.zig' --report-style short
# std-alias rules: enforce the aliases we always want. certificate_parser.zig
# is an upstream-derived std fork kept close to upstream, so it is excluded
# like ziglint does.
rc=0; for rule in rules/std-alias-*.yml; do ast-grep scan --rule "$rule" src examples bench shared --globs '*.zig' --globs '!src/certificate_parser.zig' --report-style short || rc=1; done; exit $rc
shellcheck --severity=warning scripts/*.sh infra/bench/*.sh infra/iam/*.sh
pinact run --fix=false --no-api .github/workflows/*.yml
zizmor .github
 INFO zizmor: 🌈 zizmor v1.30.1
 WARN audit: zizmor: zizmor is running in offline mode by default; some audits and auto-fixes will not be available. see https://docs.zizmor.sh/usage/#operating-modes for details
 INFO audit: zizmor: 🌈 completed .github/dependabot.yml
 INFO audit: zizmor: 🌈 completed .github/workflows/ci.yml
 INFO audit: zizmor: 🌈 completed .github/workflows/tls-anvil-client.yml
 INFO audit: zizmor: 🌈 completed .github/workflows/tls-anvil-server.yml
 INFO audit: zizmor: 🌈 completed .github/workflows/update-flake-lock.yml
 INFO audit: zizmor: 🌈 completed .github/workflows/zizmor.yml
No findings to report. Good job! (21 suppressed)
no status-language drift
no active-work headings referencing issues
README index matches research files
no closed-issue citations in research doc headings
no tracked binary fixture files
cargo fmt --check --manifest-path bench/rustls/Cargo.toml
cargo clippy --all-targets --release --manifest-path bench/rustls/Cargo.toml -- -D warnings
    Finished `release` profile [optimized] target(s) in 0.03s
just conformance/lint
uv run ruff format --check .
12 files already formatted
uv run ruff check .
All checks passed!
uv run ty check .
All checks passed!
zig fmt --check build.zig src/
ziglint build.zig src/
just --check --fmt --unstable --justfile justfile
./scripts/consumer-gate.sh --selftest
consumer-gate selftest: 23 checks passed
zig build example-tcp_loopback --summary all
[tcp]    server listening on 127.0.0.1:42677
[client] connected to 127.0.0.1:42677
[server] accepted connection
[client] ClientHello sent → state=wait_sh
[client] handshake complete (ALPN=h2)
[client] sent: GET / HTTP/1.0

[server] handshake complete (ALPN=h2)
[client] received: HTTP/1.0 200 OK
Content-Length: 5

hello

=== TCP loopback OK ===
Build Summary: 4/4 steps succeeded
example-tcp_loopback success
+- run exe tcp_loopback success 44ms
   +- compile exe tcp_loopback Debug native-native success 4s MaxRSS:439M
      +- options cached

zig build example-in_memory_handshake --summary all
[client] ClientHello sent → state=wait_sh
[server] ServerHello sent → state=wait_client_finished
[client] handshake keys installed → state=wait_ee
[server] authenticated flight sent → state=wait_client_finished
[client] Finished sent → state=connected
[server] client Finished verified → state=connected

=== handshake complete (ALPN=h2) ===

[app]    client → server: ping
[app]    server → client: pong

=== in-memory handshake OK ===
Build Summary: 4/4 steps succeeded
example-in_memory_handshake success
+- run exe in_memory_handshake success 3ms
   +- compile exe in_memory_handshake Debug native-native success 4s MaxRSS:434M
      +- options cached

zig build example-epoll_pingpong --summary all
[server] listening on 127.0.0.1:46009
[client] connected to 127.0.0.1:46009
[server] accepted connection
[client] ClientHello sent → state=wait_sh
[client] handshake complete (ALPN=pingpong)
[server] handshake complete (ALPN=pingpong)
[client] received: pong 1
[client] received: pong 2
[client] received: pong 3
[client] received: pong 4

=== epoll ping-pong OK ===
Build Summary: 4/4 steps succeeded
example-epoll_pingpong success
+- run exe epoll_pingpong success 62ms
   +- compile exe epoll_pingpong Debug native-native success 4s MaxRSS:459M
      +- options cached

zig build example-iouring_pingpong --summary all
[iouring] server listening on 127.0.0.1:42515
[client] connected to 127.0.0.1:42515
[server] accepted connection
[client] ClientHello sent → state=wait_sh
[client] handshake complete (ALPN=pingpong)
[server] handshake complete (ALPN=pingpong)
[client] received: pong 1
[client] received: pong 2
[client] received: pong 3
[client] received: pong 4

=== io_uring ping-pong OK ===
Build Summary: 4/4 steps succeeded
example-iouring_pingpong success
+- run exe iouring_pingpong success 46ms
   +- compile exe iouring_pingpong Debug native-native success 4s MaxRSS:441M
      +- options cached

just integrations/ztls-std/ci
zig fmt --check build.zig src/ examples/
ziglint build.zig src/ examples/
rc=0; for rule in ../../rules/std-alias-*.yml; do ast-grep scan --rule "$rule" src examples --globs '*.zig' --report-style short || rc=1; done; exit $rc
just --check --fmt --unstable --justfile justfile
zig build test --summary all
ztest: Running 1 test...
[1/1] PASS: smoke: ztls_std import resolves (398.37ms)

ztest: 1 passed, 0 failed, 0 skipped (of 1 total) in 398ms
ALL TESTS PASSED
ztest: Running 2 tests...
[1/2] PASS: crlfTranslate: bare LF becomes CRLF, existing CRLF is untouched (437.36ms)
[2/2] PASS: crlfTranslate: carries CR state across chunks (437.37ms)

ztest: 2 passed, 0 failed, 0 skipped (of 2 total) in 437ms
ALL TESTS PASSED
ztest: Running 5 tests...
[1/5] PASS: public error mapping: a cert failure never degrades to a protocol error (532.28ms)
[2/5] PASS: public error mapping: client-credential faults are InvalidOptions (532.29ms)
[3/5] PASS: public error mapping: undersized client-identity storage is HandshakeBufferTooShort (532.29ms)
[4/5] PASS: alert fidelity: specific descriptions, silence after a peer alert (532.30ms)
[5/5] PASS: Config: buffer sizing is the whole story of the Stream footprint (532.31ms)

ztest: 5 passed, 0 failed, 0 skipped (of 5 total) in 532ms
ALL TESTS PASSED
ztest: Running 6 tests...
[1/6] PASS: ztls_std.Client interoperates with openssl s_server (84.25ms)
[2/6] PASS: openssl s_client interoperates with ztls_std.Server (91.69ms)
[3/6] PASS: ztls_std.Client credentials interoperate with openssl s_server -Verify (121.51ms)
[4/6] PASS: ztls_std.Client without credentials is rejected by openssl s_server -Verify (150.26ms)
[5/6] PASS: openssl s_client credentials interoperate with a requiring ztls_std.Server (203.41ms)
[6/6] PASS: openssl s_client without credentials receives certificate_required from ztls_std.Server (210.59ms)

ztest: 6 passed, 0 failed, 0 skipped (of 6 total) in 211ms
ALL TESTS PASSED
no tests found
ztest: Running 36 tests...
[1/36] PASS: option preflight reports hybrid policy faults without a socket (828.09ms)
[2/36] PASS: round-trip: handshake, both directions, ALPN, close_notify (829.96ms)
[3/36] PASS: split halves: blocked read permits write progress (830.76ms)
[4/36] PASS: split halves: KeyUpdate response precedes concurrent application data (831.50ms)
[5/36] PASS: split halves: writer drains a published KeyUpdate request (832.10ms)
[6/36] PASS: split halves: closeWrite drains a published KeyUpdate request (832.72ms)
[7/36] PASS: split halves: KeyUpdate response precedes concurrent close_notify (833.41ms)
[8/36] PASS: split halves: torn TX poisons later writes (833.94ms)
[9/36] PASS: split halves: abort wakes blocked read before teardown (834.45ms)
[10/36] PASS: split halves: abort wakes blocked write before teardown (834.97ms)
[11/36] PASS: info: peer_chain is empty without peer_chain_storage (835.47ms)
[12/36] PASS: deinit zeroes the wrapper's own buffers, including the retained chain (836.63ms)
[13/36] PASS: reader: peek past the current record keeps the unconsumed tail (887.26ms)
[14/36] PASS: reader: takeDelimiterInclusive spans a record boundary (937.93ms)
[15/36] PASS: reader: a line longer than read_buffer reports StreamTooLong (938.56ms)
[16/36] PASS: reader: stream to a writer drains the connection (939.14ms)
[17/36] PASS: closeWrite: preserves the peer's response (939.71ms)
[18/36] PASS: closeWrite: reads through a later KeyUpdate request (940.28ms)
[19/36] PASS: close: flushes staged plaintext before close_notify (940.83ms)
[20/36] PASS: writer: a large write spans multiple records (941.50ms)
[21/36] PASS: writer: rejects writes after closeWrite (942.02ms)
[22/36] PASS: accept: empty cert_chain fails and cleans up after itself (942.09ms)
[23/36] PASS: abortBeforeInit: peer sees EOF and deinit stays a no-op (942.12ms)
[24/36] PASS: connect: hostname mismatch surfaces as CertificateVerificationFailed (942.50ms)
[25/36] PASS: alpn: no overlap fails both sides with a reason (942.69ms)
[26/36] PASS: readError: a forged record is reported as TlsDecryptError (943.20ms)
[27/36] PASS: readError: a peer fatal alert is reported as TlsAlertReceived (943.71ms)
[28/36] PASS: readError: null on a healthy connection (944.23ms)
[29/36] PASS: reader: a flood of empty records is bounded, not an infinite read (944.86ms)
[30/36] PASS: reader: a few empty records are skipped, then real data arrives (945.38ms)
[31/36] PASS: hasBuffered: drains coalesced records without a transport read (953.38ms)
[32/36] PASS: client auth: required insecure mTLS retains the exact client leaf DER (954.09ms)
[33/36] PASS: client auth: optional with no client certificate succeeds, identity null (954.64ms)
[34/36] PASS: client auth: required with no client certificate is rejected (955.19ms)
[35/36] PASS: client credentials: empty chain is InvalidOptions before wire I/O (955.38ms)
[36/36] PASS: client auth: undersized identity storage surfaces HandshakeBufferTooShort (956.04ms)

ztest: 36 passed, 0 failed, 0 skipped (of 36 total) in 956ms
ALL TESTS PASSED
Build Summary: 15/15 steps succeeded
test success
+- run test success 1ms
|  +- compile test Debug native success 2s MaxRSS:300M
|     +- options cached
+- run test success 130ms
|  +- compile test Debug native success 4s MaxRSS:488M
|     +- options (reused)
+- run test success 165ms
|  +- compile test Debug native success 4s MaxRSS:475M
|     +- options (reused)
+- run test success 1ms
|  +- compile test Debug native success 1s MaxRSS:285M
|     +- options (reused)
+- run test success 1ms
|  +- compile test Debug native success 1s MaxRSS:290M
|     +- options (reused)
+- run test success 1ms
   +- compile test Debug native success 1s MaxRSS:291M
      +- options (reused)
      +- options cached

zig build build-examples
just integrations/ztls-xev/ci
zig fmt --check build.zig src/ examples/
ziglint build.zig src/ examples/
rc=0; for rule in ../../rules/std-alias-*.yml; do ast-grep scan --rule "$rule" src examples --globs '*.zig' --report-style short || rc=1; done; exit $rc
just --check --fmt --unstable --justfile justfile
zig build test --summary all
ztest: Running 1 test...
[1/1] PASS: resolve: an IP literal needs no DNS (651.74ms)

ztest: 1 passed, 0 failed, 0 skipped (of 1 total) in 652ms
ALL TESTS PASSED
ztest: Running 17 tests...
[1/17] PASS: State.isShuttingDown: classifies every state, and only the closing pair (893.06ms)
[2/17] PASS: isTls: only the TLS Handshake ContentType qualifies (893.07ms)
[3/17] PASS: fromCore: projections that matter (893.07ms)
[4/17] PASS: root.test_0 (893.08ms)
[5/17] PASS: init: insecure config needs no allocator and anchors nothing (893.09ms)
[6/17] PASS: init: a borrowed bundle is anchored and not owned (893.09ms)
[7/17] PASS: init: local policy faults are explicit (893.10ms)
[8/17] PASS: initSystemBundle: policy validation precedes trust-store allocation (893.10ms)
[9/17] PASS: config is reusable across connections: no per-connection state (893.11ms)
[10/17] PASS: init: credentials are borrowed verbatim (893.51ms)
[11/17] PASS: init: local policy faults are explicit (893.54ms)
[12/17] PASS: config is reusable across connections: no per-connection state (893.54ms)
[13/17] PASS: TestConn.Storage: every field owns its bytes inline, so a whole-struct wipe is sound (893.55ms)
[14/17] PASS: TestConn.Storage: secureZero clears all three buffers in one pass (894.02ms)
[15/17] PASS: Buffers: documented minimums match what init asserts (894.02ms)
[16/17] PASS: TestConn.alertFor: every error is classified, and peer-fault errors get an alert (894.03ms)
[17/17] PASS: Slot: take clears before invoking so a callback may re-arm (894.03ms)

ztest: 17 passed, 0 failed, 0 skipped (of 17 total) in 894ms
ALL TESTS PASSED
ztest: Running 9 tests...
[1/9] PASS: libxev backend matches the platform (566.84ms)
[2/9] PASS: the close thread-pool guard is active exactly where close needs a pool (566.85ms)
[3/9] PASS: xev client: handshake, write, read, close_notify (577.12ms)
[4/9] PASS: xev server: handshake, echo, and close against an xev client (577.90ms)
[5/9] PASS: xev server: a client that handshakes then leaves without speaking (578.52ms)
[6/9] PASS: close: closeReset with a read in flight cancels it, then closes (584.81ms)
[7/9] PASS: close: orderly close with a read in flight still sends close_notify (590.84ms)
[8/9] PASS: close: closeReset with a write in flight cancels it, then closes (597.45ms)
[9/9] PASS: close: orderly close with a write in flight abandons close_notify (603.92ms)

ztest: 9 passed, 0 failed, 0 skipped (of 9 total) in 604ms
ALL TESTS PASSED
ztest: Running 1 test...
[1/1] PASS: credentials build from the embedded fixture (474.04ms)

ztest: 1 passed, 0 failed, 0 skipped (of 1 total) in 474ms
ALL TESTS PASSED
Build Summary: 10/10 steps succeeded
test success
+- run test success 2ms
|  +- compile test Debug native success 2s MaxRSS:325M
|     +- options cached
+- run test success 39ms
|  +- compile test Debug native success 4s MaxRSS:495M
|     +- options (reused)
+- run test success 1ms
|  +- compile test Debug native success 1s MaxRSS:288M
|     +- options (reused)
+- run test success 2ms
   +- compile test Debug native success 1s MaxRSS:302M
      +- options (reused)

zig build build-examples
if [ "$(uname -s)" = Linux ]; then just integrations/ztls-ktls/ci; else echo "ztls-ktls: Linux-only, skipped"; fi
zig fmt --check build.zig src/ examples/
ziglint build.zig src/ examples/
rc=0; for rule in ../../rules/std-alias-*.yml; do ast-grep scan --rule "$rule" src examples --globs '*.zig' --report-style short || rc=1; done; exit $rc
just --check --fmt --unstable --justfile justfile
zig build test --summary all
ztest: Running 5 tests...
[1/5] PASS: empty application data is not a clean TLS close (890.17ms)
[2/5] PASS: received bytes require kTLS record metadata (890.18ms)
[3/5] PASS: root.test_0 (890.19ms)
[4/5] PASS: record reports require MSG_EOR in this integration (890.19ms)
[5/5] PASS: client and server connection types share the core KeyUpdate enum (890.20ms)

ztest: 5 passed, 0 failed, 0 skipped (of 5 total) in 890ms
ALL TESTS PASSED
ztest: Running 11 tests...
[1/11] PASS: Linux kTLS AES-128-GCM handoff, rekey, and clean closure (680.23ms)
[2/11] PASS: Linux kTLS AES-256-GCM handoff, rekey, and clean closure (724.39ms)
[3/11] PASS: Linux kTLS ChaCha20-Poly1305 handoff, rekey, and clean closure (772.19ms)
[4/11] PASS: Linux kTLS client and server roles interoperate (816.21ms)
[5/11] PASS: Linux kTLS handles empty data then coalesced ticket and KeyUpdate (904.13ms)
[6/11] PASS: Linux kTLS drains forced read-ahead before handoff (904.88ms)
[7/11] PASS: Linux kTLS pending-write handoff drains existing read-ahead (905.62ms)
[8/11] PASS: Linux kTLS rejects handoff until NewSessionTicket is flushed (906.30ms)
[9/11] PASS: Linux kTLS rejects handoff with a KeyUpdate response owed (948.24ms)
[10/11] PASS: Linux kTLS rejects a bare FIN as truncated TLS (992.09ms)
[11/11] PASS: Linux kTLS rejects fragmented KeyUpdate without hanging (1036.10ms)

ztest: 11 passed, 0 failed, 0 skipped (of 11 total) in 1036ms
ALL TESTS PASSED
Build Summary: 6/6 steps succeeded
test success
+- run test success 1ms
|  +- compile test Debug native success 1s MaxRSS:288M
|     +- options cached
+- run test success 402ms
   +- compile test Debug native success 4s MaxRSS:484M
      +- options (reused)

zig build build-examples
./scripts/distribution-smoke.sh integrations
Build Summary: 5/5 steps succeeded
install success
+- install ztls-distribution-consumer success
   +- compile exe ztls-distribution-consumer Debug native success 3s MaxRSS:379M
      +- options success
      +- options success

Build Summary: 5/5 steps succeeded
install success
+- install ztls-distribution-consumer success
   +- compile exe ztls-distribution-consumer Debug native success 1s MaxRSS:271M
      +- options success
      +- options cached

Build Summary: 5/5 steps succeeded
install success
+- install ztls-distribution-consumer success
   +- compile exe ztls-distribution-consumer Debug native success 1s MaxRSS:276M
      +- options success
      +- options cached

ztls integrations distribution smoke passed from an isolated fetched package
if [ "$(uname -s)" = Linux ]; then just check-memory-units; fi
Memory evidence: /Users/matt/code/ztls/zig-out/memory.whI0mV
warning: Git tree '/Users/matt/code/ztls' is dirty
test: zero Memcheck errors
Memory evidence retained: /Users/matt/code/ztls/zig-out/memory.whI0mV
just conformance/ci
zig build test
just tlsfuzzer -v
zig build
patched X509CertificateChainProvider (basicConstraints cA) into /Users/matt/code/ztls/conformance/zig-out/tools/lib/tls-test-framework-1.5.0.jar
patched DateTimeAdapter (JAXB validity serialization) into /Users/matt/code/ztls/conformance/zig-out/tools/lib/x509-attacker-4.3.10.jar
uv run pytest -v
============================= test session starts ==============================
platform linux -- Python 3.14.7, pytest-9.0.3, pluggy-1.6.0 -- /Users/matt/code/ztls/conformance/.venv/bin/python
cachedir: .pytest_cache
rootdir: /Users/matt/code/ztls/conformance
configfile: pyproject.toml
collecting ... collected 102 items

tests/test_anvil_adapter.py::test_extract_feature_from_tls_anvil_class_id PASSED [  0%]
tests/test_anvil_adapter.py::test_extract_feature_unknown_when_id_shape_is_not_tls_anvil PASSED [  1%]
tests/test_anvil_adapter.py::test_adapter_normalizes_per_test_json_directory PASSED [  2%]
tests/test_anvil_adapter.py::test_adapter_prefers_class_method_over_opaque_test_id PASSED [  3%]
tests/test_anvil_adapter.py::test_adapter_accepts_report_json_with_normalized_tests PASSED [  4%]
tests/test_anvil_adapter.py::test_adapter_falls_back_to_per_test_files_when_report_json_is_not_normalized PASSED [  5%]
tests/test_anvil_adapter.py::test_adapter_to_report_matches_skip_patterns_by_stable_id PASSED [  6%]
tests/test_anvil_adapter.py::test_adapter_rejects_raw_tls_anvil_report_that_is_still_running PASSED [  7%]
tests/test_anvil_adapter.py::test_adapter_rejects_still_running_report_zip PASSED [  8%]
tests/test_anvil_adapter.py::test_adapter_allow_partial_accepts_still_running_report PASSED [  9%]
tests/test_anvil_adapter.py::test_adapter_allow_partial_accepts_still_running_report_zip PASSED [ 10%]
tests/test_anvil_adapter.py::test_adapter_rejects_directory_without_result_json PASSED [ 11%]
tests/test_anvil_adapter.py::test_adapter_marks_unknown_results_as_not_specified PASSED [ 12%]
tests/test_anvil_adapter.py::test_adapter_carries_failure_inducing_combinations PASSED [ 13%]
tests/test_anvil_adapter.py::test_adapter_carries_failure_combinations_from_normalized_report_json PASSED [ 14%]
tests/test_anvil_client.py::test_write_run_metadata_records_command_git_and_client_fields PASSED [ 15%]
tests/test_anvil_client.py::test_main_writes_run_metadata_before_launching_tls_anvil PASSED [ 16%]
tests/test_anvil_client.py::test_main_uses_tls_anvil_client_mode_with_trigger_script PASSED [ 17%]
tests/test_anvil_client.py::test_trigger_script_is_executable_stdlib_python_without_shell_helpers PASSED [ 18%]
tests/test_anvil_client.py::test_trigger_script_reads_the_clock_once_and_only_via_time_ns PASSED [ 19%]
tests/test_anvil_client.py::test_start_record_has_subsecond_utc_and_single_snapshot_identity PASSED [ 20%]
tests/test_anvil_client.py::test_each_invocation_is_attributable_via_ledger_not_filename_order PASSED [ 21%]
tests/test_anvil_client.py::test_trigger_script_quotes_paths_with_spaces_and_quotes PASSED [ 22%]
tests/test_anvil_client.py::test_trigger_fails_loudly_when_invocation_file_cannot_be_created PASSED [ 23%]
tests/test_anvil_client.py::test_trigger_script_preserves_client_signal_death PASSED [ 24%]
tests/test_anvil_client.py::test_invocation_header_constant_matches_generated_script PASSED [ 25%]
tests/test_anvil_report.py::test_skip_list_loaded PASSED                 [ 26%]
tests/test_anvil_report.py::test_synthetic_fixture_loads PASSED          [ 27%]
tests/test_anvil_report.py::test_pattern_hello_retry_request_reason_matches PASSED [ 28%]
tests/test_anvil_report.py::test_pattern_psk_disabled_reason_matches PASSED [ 29%]
tests/test_anvil_report.py::test_pattern_tls12_lowercase_id_matches PASSED [ 30%]
tests/test_anvil_report.py::test_named_group_disabled_cases_use_exact_ids PASSED [ 31%]
tests/test_anvil_report.py::test_end_of_early_data_pass_not_hidden_by_skip_list PASSED [ 32%]
tests/test_anvil_report.py::test_server_early_data_disabled_still_caught_by_skip_list PASSED [ 33%]
tests/test_anvil_report.py::test_end_of_early_data_pass_is_clean_pass_in_pipeline PASSED [ 34%]
tests/test_anvil_report.py::test_skip_pattern_falsification_caught PASSED [ 35%]
tests/test_anvil_report.py::test_skip_pattern_matches_disabled_reason_when_name_and_id_are_generic PASSED [ 36%]
tests/test_anvil_report.py::test_skip_pattern_matches_stable_test_id_when_name_is_generic PASSED [ 37%]
tests/test_anvil_report.py::test_report_on_synthetic_fixture PASSED      [ 38%]
tests/test_anvil_report.py::test_summary_json_structure PASSED           [ 39%]
tests/test_anvil_report.py::test_summary_json_counts_match_expected PASSED [ 40%]
tests/test_anvil_report.py::test_committed_skip_list_reports_unmatched_patterns_for_synthetic_fixture PASSED [ 41%]
tests/test_anvil_report.py::test_summary_json_unexpected_count_match_expected PASSED [ 42%]
tests/test_anvil_report.py::test_summary_json_feature_breakdown_size PASSED [ 43%]
tests/test_anvil_report.py::test_summary_json_unexpected_pass_has_rationale PASSED [ 44%]
tests/test_anvil_report.py::test_skip_pattern_does_not_hide_failed_test PASSED [ 45%]
tests/test_anvil_report.py::test_summary_json_unexpected_fail_has_rationale PASSED [ 46%]
tests/test_anvil_report.py::test_summary_json_and_txt_carry_provenance PASSED [ 47%]
tests/test_anvil_report.py::test_report_rejects_allow_partial_provenance PASSED [ 48%]
tests/test_anvil_report.py::test_report_rejects_incomplete_tls_anvil_provenance PASSED [ 49%]
tests/test_anvil_report.py::test_summary_txt_contains_counts PASSED      [ 50%]
tests/test_anvil_report.py::test_summary_txt_contains_per_feature PASSED [ 50%]
tests/test_anvil_report.py::test_unmatched_skip_patterns_reported PASSED [ 51%]
tests/test_anvil_report.py::test_failed_test_with_matching_disabled_reason_still_fails PASSED [ 52%]
tests/test_anvil_report.py::test_endpoint_mode_disabled_is_not_attempted PASSED [ 53%]
tests/test_anvil_report.py::test_disabled_reason_skip_pattern_counts_as_expected_skip PASSED [ 54%]
tests/test_anvil_report.py::test_unexpected_skipped_has_rationale PASSED [ 55%]
tests/test_anvil_report.py::test_all_passing_report_exits_zero PASSED    [ 56%]
tests/test_anvil_report.py::test_parser_rejects_missing_input PASSED     [ 57%]
tests/test_anvil_report.py::test_parser_rejects_missing_skip_list PASSED [ 58%]
tests/test_anvil_report.py::test_dsa_root_failure_classified_as_expected_failed PASSED [ 59%]
tests/test_anvil_report.py::test_dsa_root_failure_all_six_gated_ids PASSED [ 60%]
tests/test_anvil_report.py::test_non_dsa_root_failure_stays_unexpected PASSED [ 61%]
tests/test_anvil_report.py::test_dsa_root_failure_with_wrong_test_id_stays_unexpected PASSED [ 62%]
tests/test_anvil_report.py::test_dsa_root_failure_without_combinations_stays_unexpected PASSED [ 63%]
tests/test_anvil_report.py::test_mixed_combinations_with_non_dsa_stays_unexpected PASSED [ 64%]
tests/test_anvil_report.py::test_dsa_root_all_three_rsa_leaf_sizes PASSED [ 65%]
tests/test_anvil_report.py::test_dsa_root_non_rsa_leaf_stays_unexpected PASSED [ 66%]
tests/test_anvil_report.py::test_expected_failed_not_counted_as_unexpected_for_exit_code PASSED [ 67%]
tests/test_anvil_report.py::test_expected_failed_feature_breakdown PASSED [ 68%]
tests/test_anvil_report.py::test_expected_failed_not_in_expected_skipped PASSED [ 69%]
tests/test_anvil_server.py::test_write_run_metadata_records_command_and_git PASSED [ 70%]
tests/test_anvil_server.py::test_main_writes_run_metadata_before_launching_tls_anvil PASSED [ 71%]
tests/test_anvil_server.py::test_snapshot_logs_returns_empty_for_missing_or_empty_dir PASSED [ 72%]
tests/test_anvil_server.py::test_copy_new_logs_copies_only_new_or_changed_files PASSED [ 73%]
tests/test_anvil_server.py::test_copy_new_logs_ignores_missing_source PASSED [ 74%]
tests/test_anvil_server.py::test_copy_new_logs_ignores_unchanged_files PASSED [ 75%]
tests/test_anvil_server.py::test_chain_provider_provenance_detects_patched_artifact PASSED [ 76%]
tests/test_anvil_server.py::test_chain_provider_provenance_detects_unpatched_and_stale_artifacts PASSED [ 77%]
tests/test_anvil_server.py::test_write_run_metadata_records_chain_provider_provenance PASSED [ 78%]
tests/test_anvil_server.py::test_validity_adapter_provenance_detects_patched_artifact PASSED [ 79%]
tests/test_anvil_server.py::test_validity_adapter_provenance_detects_unpatched_tampered_and_stale PASSED [ 80%]
tests/test_anvil_server.py::test_write_run_metadata_records_validity_adapter_provenance PASSED [ 81%]
tests/test_tls13.py::test_tls13_handshake_and_application_echo PASSED    [ 82%]
tests/test_tls13.py::test_tls13_aes256_gcm_echo PASSED                   [ 83%]
tests/test_tls13.py::test_tls13_chacha20_poly1305_echo PASSED            [ 84%]
tests/test_tls13.py::test_tls13_keyupdate_update_requested PASSED        [ 85%]
tests/test_tls13.py::test_tls13_corrupted_app_data_record_is_rejected PASSED [ 86%]
tests/test_tls13.py::test_tls13_rejects_truncated_keyupdate PASSED       [ 87%]
tests/test_tls13.py::test_tls13_rejects_invalid_keyupdate_request PASSED [ 88%]
tests/test_tls13.py::test_tls13_oversized_record_is_rejected PASSED      [ 89%]
tests/test_tls13.py::test_tls13_close_notify_before_handshake PASSED     [ 90%]
tests/test_tls13.py::test_tls13_rejects_garbage_pre_handshake PASSED     [ 91%]
tests/test_tls13.py::test_tls13_rejects_finished_before_handshake PASSED [ 92%]
tests/test_tls13.py::test_tls13_rejects_truncated_client_hello_record PASSED [ 93%]
tests/test_tls13.py::test_tls13_rejects_empty_client_hello_record PASSED [ 94%]
tests/test_tls13.py::test_tls13_rejects_truncated_key_share_extension PASSED [ 95%]
tests/test_tls13.py::test_tls13_rejects_unshared_alpn PASSED             [ 96%]
tests/test_tls13.py::test_tls13_rejects_unsupported_cipher_suite PASSED  [ 97%]
tests/test_tls13_mlkem.py::test_upstream_tls13_mlkem_matrix PASSED       [ 98%]
tests/test_tlsanvil.py::test_tls_anvil_cli_dependencies_are_installed PASSED [ 99%]
tests/test_tlsanvil.py::test_tls_anvil_skip_list_uses_github_issue_refs PASSED [100%]

============================= 102 passed in 4.17s ==============================
just anvil-report-test
uv run pytest -q tests/test_anvil_report.py
.............................................                            [100%]
45 passed in 1.66s
just anvil-adapter-test
uv run pytest -q tests/test_anvil_adapter.py
...............                                                          [100%]
15 passed in 0.71s
just anvil-server-test
uv run pytest -q tests/test_anvil_server.py
............                                                             [100%]
12 passed in 0.05s
just anvil-client-test
uv run pytest -q tests/test_anvil_client.py
...........                                                              [100%]
11 passed in 0.22s
just anvil-chain-patch-test
zig build
patched X509CertificateChainProvider (basicConstraints cA) into /Users/matt/code/ztls/conformance/zig-out/tools/lib/tls-test-framework-1.5.0.jar
patched DateTimeAdapter (JAXB validity serialization) into /Users/matt/code/ztls/conformance/zig-out/tools/lib/x509-attacker-4.3.10.jar
bash scripts/anvil-chain-provider-patch/probe.sh
Note: /Users/matt/code/ztls/conformance/scripts/anvil-chain-provider-patch/ValidityRoundTripProbe.java uses or overrides a deprecated API.
Note: Recompile with -Xlint:deprecation for details.
code_source=file:/Users/matt/code/ztls/conformance/zig-out/tools/lib/tls-test-framework-1.5.0.jar
leaf_public_key_types=[dsa, ecdh_ecdsa, rsa, rsaes_oaep, rsassa_pss]
leaf_rsa_modulus_bits=[1024, 2048, 4096]
PROBE_OK signing-cert configs carry critical basicConstraints cA=true
config_code_source=file:/Users/matt/code/ztls/conformance/zig-out/tools/lib/x509-attacker-4.3.10.jar
ok   X509CertificateConfig loaded from installed x509-attacker-4.3.10.jar
adapter_code_source=file:/Users/matt/code/ztls/conformance/zig-out/tools/lib/x509-attacker-4.3.10.jar
ok   DateTimeAdapter loaded from installed x509-attacker-4.3.10.jar
ok   package-level @XmlJavaTypeAdapter(DateTimeAdapter) is effective
ok   unmarshal(null) returns null
ok   marshal(null) returns null
ok   adapter round trip preserves millis and +03:00 offset: 2019-07-06T05:06:07.891+03:00
ok   unmarshal(malformed string) throws IllegalArgumentException
ok   provider chain has leaf and signing configs
ok   baseline cert 0 notBefore is 2026: 2026-01-01T00:00:00.000Z
ok   baseline cert 0 notAfter is 2028: 2028-01-01T00:00:00.000Z
ok   baseline cert 1 notBefore is 2026: 2026-01-01T00:00:00.000Z
ok   baseline cert 1 notAfter is 2028: 2028-01-01T00:00:00.000Z
ok   createCopy x3 default window: all chain configs survive
ok   createCopy x3 default window: cert 0 notBefore preserved: 2026-01-01T00:00:00.000Z
ok   createCopy x3 default window: cert 0 notAfter preserved: 2028-01-01T00:00:00.000Z
ok   createCopy x3 default window: cert 1 notBefore preserved: 2026-01-01T00:00:00.000Z
ok   createCopy x3 default window: cert 1 notAfter preserved: 2028-01-01T00:00:00.000Z
ok   createCopy default window: built both chain certificates
ok   createCopy default window: DER cert 0 notBefore=Wed Dec 31 16:00:00 PST 2025 matches config 2026-01-01T00:00:00.000Z
ok   createCopy default window: DER cert 0 notAfter=Fri Dec 31 16:00:00 PST 2027 matches config 2028-01-01T00:00:00.000Z
ok   createCopy default window: DER cert 1 notBefore=Wed Dec 31 16:00:00 PST 2025 matches config 2026-01-01T00:00:00.000Z
ok   createCopy default window: DER cert 1 notAfter=Fri Dec 31 16:00:00 PST 2027 matches config 2028-01-01T00:00:00.000Z
ok   ConfigIO default window: all chain configs survive
ok   ConfigIO default window: cert 0 notBefore preserved: 2026-01-01T00:00:00.000Z
ok   ConfigIO default window: cert 0 notAfter preserved: 2028-01-01T00:00:00.000Z
ok   ConfigIO default window: cert 1 notBefore preserved: 2026-01-01T00:00:00.000Z
ok   ConfigIO default window: cert 1 notAfter preserved: 2028-01-01T00:00:00.000Z
ok   ConfigIO default window: built both chain certificates
ok   ConfigIO default window: DER cert 0 notBefore=Wed Dec 31 16:00:00 PST 2025 matches config 2026-01-01T00:00:00.000Z
ok   ConfigIO default window: DER cert 0 notAfter=Fri Dec 31 16:00:00 PST 2027 matches config 2028-01-01T00:00:00.000Z
ok   ConfigIO default window: DER cert 1 notBefore=Wed Dec 31 16:00:00 PST 2025 matches config 2026-01-01T00:00:00.000Z
ok   ConfigIO default window: DER cert 1 notAfter=Fri Dec 31 16:00:00 PST 2027 matches config 2028-01-01T00:00:00.000Z
ok   createCopy x3 custom windows: all chain configs survive
ok   createCopy x3 custom windows: cert 0 notBefore preserved: 2019-07-06T05:06:07.891+03:00
ok   createCopy x3 custom windows: cert 0 notAfter preserved: 2031-02-03T04:05:06.789-09:30
ok   createCopy x3 custom windows: cert 1 notBefore preserved: 2018-03-04T05:06:07.000Z
ok   createCopy x3 custom windows: cert 1 notAfter preserved: 2019-12-31T23:59:59.000Z
ok   createCopy custom windows: built both chain certificates
ok   createCopy custom windows: DER cert 0 notBefore=Fri Jul 05 19:06:07 PDT 2019 matches config 2019-07-06T05:06:07.891+03:00
ok   createCopy custom windows: DER cert 0 notAfter=Mon Feb 03 05:35:06 PST 2031 matches config 2031-02-03T04:05:06.789-09:30
ok   createCopy custom windows: DER cert 1 notBefore=Sat Mar 03 21:06:07 PST 2018 matches config 2018-03-04T05:06:07.000Z
ok   createCopy custom windows: DER cert 1 notAfter=Tue Dec 31 15:59:59 PST 2019 matches config 2019-12-31T23:59:59.000Z
ok   ConfigIO custom windows: all chain configs survive
ok   ConfigIO custom windows: cert 0 notBefore preserved: 2019-07-06T05:06:07.891+03:00
ok   ConfigIO custom windows: cert 0 notAfter preserved: 2031-02-03T04:05:06.789-09:30
ok   ConfigIO custom windows: cert 1 notBefore preserved: 2018-03-04T05:06:07.000Z
ok   ConfigIO custom windows: cert 1 notAfter preserved: 2019-12-31T23:59:59.000Z
ok   ConfigIO custom windows: built both chain certificates
ok   ConfigIO custom windows: DER cert 0 notBefore=Fri Jul 05 19:06:07 PDT 2019 matches config 2019-07-06T05:06:07.891+03:00
ok   ConfigIO custom windows: DER cert 0 notAfter=Mon Feb 03 05:35:06 PST 2031 matches config 2031-02-03T04:05:06.789-09:30
ok   ConfigIO custom windows: DER cert 1 notBefore=Sat Mar 03 21:06:07 PST 2018 matches config 2018-03-04T05:06:07.000Z
ok   ConfigIO custom windows: DER cert 1 notAfter=Tue Dec 31 15:59:59 PST 2019 matches config 2019-12-31T23:59:59.000Z
ok   future window: all chain configs survive
ok   future window: cert 0 notBefore preserved: 2040-01-01T00:00:00.000Z
ok   future window: cert 0 notAfter preserved: 2041-01-01T00:00:00.000Z
ok   future window: cert 1 notBefore preserved: 2018-03-04T05:06:07.000Z
ok   future window: cert 1 notAfter preserved: 2019-12-31T23:59:59.000Z
ok   future window: built both chain certificates
ok   future window: DER cert 0 notBefore=Sat Dec 31 16:00:00 PST 2039 matches config 2040-01-01T00:00:00.000Z
ok   future window: DER cert 0 notAfter=Mon Dec 31 16:00:00 PST 2040 matches config 2041-01-01T00:00:00.000Z
ok   future window: DER cert 1 notBefore=Sat Mar 03 21:06:07 PST 2018 matches config 2018-03-04T05:06:07.000Z
ok   future window: DER cert 1 notAfter=Tue Dec 31 15:59:59 PST 2019 matches config 2019-12-31T23:59:59.000Z
PASS validity round trip
