BenchmarkRecordEncryptPrepared/TLS_AES_128_GCM_SHA256/1350	       1	       298.0 ns/op	4530.20 MB/s
O_COLOR=1 pkg-config libcrypto --cflags --libs
NO_COLOR=1 pkg-config libcrypto --cflags --libs
NO_COLOR=1 pkg-config libcrypto --cflags --libs
/nix/store/4x0z07w3mxafc59b5dirkmllvqhav1i6-zig-0.15.2/bin/zig build-exe -I/nix/store/i7ci2wsgajn60hdg1r0hfb6rd628c80y-boringssl-0.20260803.0-dev/include -L/nix/store/wl1laf72imm7l5hljdhqrq9gaflx8lhj-boringssl-0.20260803.0/lib -lcrypto -ODebug -target native-native -mcpu apple_m1 --dep ztls --dep fixtures -Mroot=/Users/matt/code/ztls/src/test/errq_alloc_check.zig -I/nix/store/i7ci2wsgajn60hdg1r0hfb6rd628c80y-boringssl-0.20260803.0-dev/include -ODebug -target native-native -mcpu apple_m1 --dep build_options -Mztls=/Users/matt/code/ztls/src/root.zig -ODebug -target native-native -mcpu apple_m1 -Mfixtures=/Users/matt/code/ztls/tests/fixtures/fixtures.zig -Mbuild_options=/tmp/tmp.3tpjAzECiz/c/5f561f0723d3bca47c7861e3338782bd/options.zig -lc --cache-dir /tmp/tmp.3tpjAzECiz --global-cache-dir /tmp/ztls-plc-cache/global --name errq-alloc-check --zig-lib-dir /nix/store/4x0z07w3mxafc59b5dirkmllvqhav1i6-zig-0.15.2/lib/zig/ --listen=-
/nix/store/4x0z07w3mxafc59b5dirkmllvqhav1i6-zig-0.15.2/bin/zig build-exe -I/nix/store/i7ci2wsgajn60hdg1r0hfb6rd628c80y-boringssl-0.20260803.0-dev/include -L/nix/store/wl1laf72imm7l5hljdhqrq9gaflx8lhj-boringssl-0.20260803.0/lib -lcrypto -ODebug -target native-native -mcpu apple_m1 --dep ztls --dep fixtures -Mroot=/Users/matt/code/ztls/src/test/encrypted_pem_check.zig -I/nix/store/i7ci2wsgajn60hdg1r0hfb6rd628c80y-boringssl-0.20260803.0-dev/include -ODebug -target native-native -mcpu apple_m1 --dep build_options -Mztls=/Users/matt/code/ztls/src/root.zig -ODebug -target native-native -mcpu apple_m1 -Mfixtures=/Users/matt/code/ztls/tests/fixtures/fixtures.zig -Mbuild_options=/tmp/tmp.3tpjAzECiz/c/5f561f0723d3bca47c7861e3338782bd/options.zig -lc --cache-dir /tmp/tmp.3tpjAzECiz --global-cache-dir /tmp/ztls-plc-cache/global --name encrypted-pem-check --zig-lib-dir /nix/store/4x0z07w3mxafc59b5dirkmllvqhav1i6-zig-0.15.2/lib/zig/ --listen=-
/nix/store/4x0z07w3mxafc59b5dirkmllvqhav1i6-zig-0.15.2/bin/zig test -I/nix/store/i7ci2wsgajn60hdg1r0hfb6rd628c80y-boringssl-0.20260803.0-dev/include -L/nix/store/wl1laf72imm7l5hljdhqrq9gaflx8lhj-boringssl-0.20260803.0/lib -lcrypto -ODebug -target native-native -mcpu apple_m1 --dep build_options --dep txtar --dep fixtures -Mroot=/Users/matt/code/ztls/src/test.zig -Mbuild_options=/tmp/tmp.3tpjAzECiz/c/5f561f0723d3bca47c7861e3338782bd/options.zig -ODebug -target native-native -mcpu apple_m1 -Mtxtar=/tmp/ztls-plc-cache/global/p/txtar-0.1.0-RyJLBJ5rAABCV5lD0YSt048wd3l9Nk9a4_TnEnm0MZ9P/src/root.zig -ODebug -target native-native -mcpu apple_m1 -Mfixtures=/Users/matt/code/ztls/tests/fixtures/fixtures.zig -lc --test-runner /tmp/ztls-plc-cache/global/p/ztest-0.2.0-h6PBzyKEAAC49mtm1NO2CTeniItVuL0l06TpBDMDTe19/src/test_runner.zig --cache-dir /tmp/tmp.3tpjAzECiz --global-cache-dir /tmp/ztls-plc-cache/global --name test --zig-lib-dir /nix/store/4x0z07w3mxafc59b5dirkmllvqhav1i6-zig-0.15.2/lib/zig/ --listen=-
/tmp/tmp.3tpjAzECiz/o/ba3ab50d4c6f3cf999900076e3c55fe4/errq-alloc-check
errq-alloc-check: skipped for boringssl
/tmp/tmp.3tpjAzECiz/o/fa35a2cea15f4a1168205114e8c39119/encrypted-pem-check
encrypted-pem-check: ok (pipe, terminal)
/tmp/tmp.3tpjAzECiz/o/e74bdae50d6484dbc2229b53a77ba69f/test
ztest: Running 873 tests...
[1/873] PASS: test_0 (162.99ms)
[2/873] PASS: Wycheproof: X25519 shared secret tcId 1 (163.06ms)
[3/873] PASS: Wycheproof boundary: X25519 identity element is rejected (163.10ms)
[4/873] PASS: Wycheproof boundary: X25519 small-order public key is rejected (163.13ms)
[5/873] PASS: Wycheproof: AES-128-GCM AAD/tag handling tcId 2 (163.16ms)
[6/873] PASS: Wycheproof boundary: AES-256-GCM AAD/tag handling (163.17ms)
[7/873] PASS: Wycheproof: ChaCha20-Poly1305 one-byte message tcId 4 (163.20ms)
[8/873] PASS: Wycheproof boundary: ChaCha20-Poly1305 AAD handling (163.21ms)
[9/873] PASS: OpenSSL s_server interoperates with ztls client (231.84ms)
[10/873] PASS: OpenSSL s_server interoperates with ztls P-384 client (259.65ms)
[11/873] PASS: OpenSSL s_server interoperates with ztls RFC 10024 client groups (330.66ms)
[12/873] PASS: ztls client resumes with OpenSSL s_server (PSK resumption) (356.28ms)
[13/873] PASS: ztls client sends 0-RTT early data to OpenSSL s_server (381.86ms)
[14/873] PASS: OpenSSL s_client interoperates with ztls server (419.05ms)
[15/873] PASS: OpenSSL s_client resumes with ztls server-issued ticket (443.42ms)
[16/873] PASS: OpenSSL s_client interoperates with ztls P-384 server (457.83ms)
[17/873] PASS: OpenSSL s_client interoperates with ztls RFC 10024 server groups (496.21ms)
[18/873] PASS: OpenSSL s_client with -cert interoperates with ztls server (required client auth) (512.29ms)
[19/873] PASS: ztls client with credentials interoperates with OpenSSL s_server -Verify (537.85ms)
[20/873] PASS: ztls-to-ztls TCP KeyUpdate round trip with ChaCha20-Poly1305 (580.05ms)
[21/873] PASS: backend.x25519: RFC 7748 §5.2 shared secret (580.10ms)
[22/873] PASS: backend.x25519: RFC 7748 §6.1 mutual key agreement (580.19ms)
[23/873] PASS: backend.x25519: Wycheproof tcId 1 shared secret (580.23ms)
[24/873] PASS: backend.x25519: all-zero public key is rejected (IdentityElement) (580.26ms)
[25/873] PASS: backend.x25519: small-order public key is rejected (IdentityElement) (580.30ms)
[26/873] PASS: backend.aead: round-trip for every advertised cipher suite (580.30ms)
[27/873] PASS: backend.aead: tag corruption is rejected for every advertised cipher suite (580.31ms)
[28/873] PASS: backend.aead: ciphertext corruption is rejected for every advertised cipher suite (580.31ms)
[29/873] PASS: backend.aead: Wycheproof AES-128-GCM tcId 2 (580.32ms)
[30/873] PASS: backend.aead: Wycheproof AES-256-GCM AAD boundary (580.33ms)
[31/873] PASS: backend.aead: Wycheproof ChaCha20-Poly1305 AAD boundary (580.34ms)
[32/873] PASS: backend.aead: ChaCha20-Poly1305 RFC 8439 §2.8.2 known-answer vector (580.35ms)
[33/873] PASS: backend.p256: mutual key agreement with fixed scalars (580.47ms)
[34/873] PASS: backend.p256: non-04 SEC1 prefix is rejected (580.52ms)
[35/873] PASS: backend.p256: off-curve point is rejected (580.53ms)
[36/873] PASS: backend.p256: zero scalar private key is rejected (580.53ms)
[37/873] PASS: backend.p256: Wycheproof tcId 1 shared secret (580.58ms)
[38/873] PASS: backend.p384: mutual key agreement with fixed scalars (582.51ms)
[39/873] PASS: backend.p384: non-04 SEC1 prefix is rejected (583.15ms)
[40/873] PASS: backend.p384: off-curve point is rejected (583.15ms)
[41/873] PASS: backend.p384: zero scalar private key is rejected (583.16ms)
[42/873] PASS: backend.p384: Wycheproof tcId 1 shared secret (584.08ms)
[43/873] PASS: backend.sign: RSA-PSS SHA-256 sign/verify round-trip (584.89ms)
[44/873] PASS: backend.sign: RSA-PSS SHA-256 rejects tampered signature (585.65ms)
[45/873] PASS: backend.sign: RSA-PSS SHA-384 sign/verify round-trip and tamper rejection (586.42ms)
[46/873] PASS: backend.sign: ECDSA P-256 SHA-256 sign/verify round-trip (586.51ms)
[47/873] PASS: backend.sign: ECDSA P-256 SHA-256 rejects tampered signature (586.55ms)
[48/873] PASS: backend.sign: ECDSA P-384 SHA-384 sign/verify round-trip and tamper rejection (587.87ms)
[49/873] PASS: backend.sign: BufferTooShort on undersized output (587.95ms)
[50/873] PASS: backend.sign: key/scheme mismatch is a libcrypto failure (587.97ms)
[51/873] PASS: backend.sign: Wycheproof RSA-PSS tcId 3 verify (588.01ms)
[52/873] PASS: backend.sign: Wycheproof RSA-PSS tcId 62 invalid signature (588.04ms)
[53/873] PASS: backend.sign: Wycheproof ECDSA P-256 tcId 1 verify (588.09ms)
[54/873] PASS: backend.sign: Wycheproof ECDSA P-256 tcId 6 invalid signature (588.09ms)
[55/873] PASS: backend.sign: Wycheproof ECDSA P-384 tcId 1 verify (588.44ms)
[56/873] PASS: backend.sign: Wycheproof ECDSA P-384 tcId 6 invalid signature (588.45ms)
[57/873] PASS: backend error-queue hygiene: malformed EC public key leaves no residue (#88) (588.45ms)
[58/873] PASS: backend error-queue hygiene: caller queue entries survive a failing wrapper (#88) (588.46ms)
[59/873] PASS: backend error-queue hygiene: scalar key load does not nest guards (#88) (588.46ms)
[60/873] PASS: backend error-queue hygiene: repeated failures leave the queue empty each round (#88) (588.47ms)
[61/873] PASS: backend error-queue hygiene: successful key load preserves caller entries (#88) (588.49ms)
[62/873] PASS: backend error-queue hygiene: failed signature verification leaves no residue (#88) (588.51ms)
[63/873] PASS: backend error-queue hygiene: failed record decrypt leaves no residue (#88) (588.52ms)
[64/873] PASS: backend error-queue hygiene: failed decrypt preserves caller entries exactly (#88) (588.52ms)
[65/873] PASS: backend error-queue hygiene: DER key load preservation is lane-dependent (#88) (588.52ms)
[66/873] PASS: backend error-queue hygiene: scheme inference preserves caller entries (#112) (588.54ms)
[67/873] PASS: backend error-queue hygiene: declined encrypted PEM loads leave no residue (#114) (588.56ms)
[68/873] PASS: backend error-queue hygiene: cert/key mismatch preservation is lane-dependent (#113) (588.60ms)
[69/873] PASS: RFC 5280 §4.2.1.10 name-constraint verdicts vs OpenSSL 3.6.3 ground truth (589.07ms)
[70/873] PASS: fuzz: verifyNameConstraints handles arbitrary NameConstraints and SAN DER (589.07ms)
[71/873] PASS: capi: ztls_version returns a non-empty string (589.07ms)
[72/873] PASS: capi: insecure client init is explicitly named (589.08ms)
[73/873] PASS: capi: size and alignment are non-zero and sane (589.08ms)
[74/873] PASS: capi: NULL parameters are rejected (589.08ms)
[75/873] PASS: capi: full client handshake through the C ABI (589.46ms)
[76/873] PASS: capi: send_application_data before connected fails (589.50ms)
[77/873] PASS: capi: KeyUpdate response is surfaced as a write event (589.85ms)
[78/873] PASS: capi: KeyUpdate without response maps to none without pending write (590.18ms)
[79/873] PASS: capi: NewSessionTicket maps to none without pending write (590.49ms)
[80/873] PASS: encrypt: rejects mismatched plaintext and ciphertext lengths (590.50ms)
[81/873] PASS: decrypt: rejects mismatched plaintext and ciphertext lengths (590.50ms)
[82/873] PASS: Aes128Gcm: encrypt/decrypt round-trip (590.50ms)
[83/873] PASS: Aes256Gcm: encrypt/decrypt round-trip (590.51ms)
[84/873] PASS: ChaCha20Poly1305: encrypt/decrypt round-trip (590.51ms)
[85/873] PASS: ChaCha20Poly1305: RFC 8439 known-answer vector (590.52ms)
[86/873] PASS: ChaCha20Poly1305: empty plaintext known-answer vector (590.53ms)
[87/873] PASS: ChaCha20Poly1305: authentication failure on tampered ciphertext (590.53ms)
[88/873] PASS: ChaCha20Poly1305: authentication failure on tampered tag (590.53ms)
[89/873] PASS: ChaCha20Poly1305: authentication failure on tampered ad (590.54ms)
[90/873] PASS: decrypt: authentication failure on tampered ciphertext (590.54ms)
[91/873] PASS: decrypt: authentication failure on tampered tag (590.54ms)
[92/873] PASS: decrypt: authentication failure on tampered ad (590.55ms)
[93/873] PASS: construct: seq 0 is just the IV (590.55ms)
[94/873] PASS: construct: seq increments flip the right bytes (590.55ms)
[95/873] PASS: construct: XOR with non-zero IV (590.56ms)
[96/873] PASS: construct: seq max u64 produces expected nonce (590.56ms)
[97/873] PASS: parse: close_notify (590.56ms)
[98/873] PASS: parse: warning-level error alert is fatal (590.56ms)
[99/873] PASS: parse: unknown alert description is fatal (590.56ms)
[100/873] PASS: parse: user_canceled is not fatal (590.57ms)
[101/873] PASS: parse: truncated (590.57ms)
[102/873] PASS: parse: rejects coalesced alert bytes (590.57ms)
[103/873] PASS: encode (590.57ms)
[104/873] PASS: fuzz: parse handles arbitrary input (590.58ms)
[105/873] PASS: alertForError: certificate failures map to certificate alerts (590.58ms)
[106/873] PASS: alertForError: parser and semantic failures map to protocol alerts (590.58ms)
[107/873] PASS: alertForError: provider failure maps to internal_error (590.58ms)
[108/873] PASS: alertForError: unknown error maps to internal_error (590.58ms)
[109/873] PASS: parse: oversized cert_len does not overflow bounds check (590.59ms)
[110/873] PASS: parseClientCertificate: oversized ctx_len does not overflow (590.59ms)
[111/873] PASS: parse: extracts public key from ECDSA P-256 certificate (590.60ms)
[112/873] PASS: parse: wrong handshake type (590.61ms)
[113/873] PASS: parse: rejects mismatched Certificate handshake body length (590.61ms)
[114/873] PASS: encodeWithRequestContext: encodes empty client certificate list (590.61ms)
[115/873] PASS: encodeWithRequestContext: rejects oversized request context (590.61ms)
[116/873] PASS: parseClientCertificate: accepts empty certificate with matching context (590.62ms)
[117/873] PASS: parseClientCertificate: rejects mismatched request context (590.62ms)
[118/873] PASS: parse: rejects non-empty server certificate request context (590.62ms)
[119/873] PASS: parse: rejects empty certificate list (590.62ms)
[120/873] PASS: parse: rejects certificate list length shorter than entries (590.63ms)
[121/873] PASS: encode: round trips certificate chain (597.39ms)
[122/873] PASS: parse: rejects unsupported CertificateEntry status_request (597.39ms)
[123/873] PASS: parse: rejects unsupported CertificateEntry SCT (597.40ms)
[124/873] PASS: parse: rejects forbidden CertificateEntry status_request_v2 (597.40ms)
[125/873] PASS: parse: rejects duplicate CertificateEntry status_request (597.40ms)
[126/873] PASS: parse: rejects malformed CertificateEntry extension length (597.41ms)
[127/873] PASS: parse: ignores unknown CertificateEntry extension (597.41ms)
[128/873] PASS: parse: validates hostname (597.42ms)
[129/873] PASS: parse: rejects hostname mismatch (597.43ms)
[130/873] PASS: parse: rejects missing trust anchor by default (597.43ms)
[131/873] PASS: parse: validates leaf against trust bundle (604.26ms)
[132/873] PASS: parse: validates leaf-intermediate-root chain (617.73ms)
[133/873] PASS: parse: rejects end-entity certificate used as issuer (617.82ms)
[134/873] PASS: parse: rejects chain with intermediate before leaf (617.91ms)
[135/873] PASS: parse: anchors chain below a cross-signed root (637.98ms)
[136/873] PASS: parse: rejects cross-signed root without a bundle anchor below it (651.25ms)
[137/873] PASS: parse: rejects chain with missing intermediate (651.35ms)
[138/873] PASS: parse: rejects chain hostname mismatch (651.44ms)
[139/873] PASS: parse: rejects untrusted leaf when bundle misses issuer (651.44ms)
[140/873] PASS: parse: accepts chain with matching DNS name constraints (664.48ms)
[141/873] PASS: parse: rejects chain with excluded DNS name constraints (677.50ms)
[142/873] PASS: parse: rejects chain outside permitted DNS name constraints (690.55ms)
[143/873] PASS: parse: insecure no-anchor path still enforces name constraints (697.27ms)
[144/873] PASS: parse: rejects signed unprocessed critical extension for both roles (697.36ms)
[145/873] PASS: parse: accepts signed noncritical extension and supported critical extensions (724.15ms)
[146/873] PASS: parse: rejects signed SAN with an invalid wrapper (724.26ms)
[147/873] PASS: parse: rejects chain exceeding pathLenConstraint zero (743.84ms)
[148/873] PASS: parse: accepts pathLenConstraint zero with a CA target (756.95ms)
[149/873] PASS: parse: rejects chain exceeding pathLenConstraint one (782.83ms)
[150/873] PASS: parse: accepts chain at pathLenConstraint one (802.28ms)
[151/873] PASS: parse: imposes no path-length limit when pathLenConstraint is absent (821.85ms)
[152/873] PASS: parse: enforces the tightest of multiple pathLenConstraints (848.02ms)
[153/873] PASS: parse: accepts multiple satisfied pathLenConstraints (867.54ms)
[154/873] PASS: parse: self-issued intermediate does not consume path length (887.15ms)
[155/873] PASS: parse: intermediate below a self-issued certificate still counts (913.28ms)
[156/873] PASS: parse: trust anchor pathLenConstraint limits intermediates below it (932.85ms)
[157/873] PASS: parse: trust anchor pathLenConstraint satisfied (945.84ms)
[158/873] PASS: parse: certificates above the anchored path are outside the path (971.85ms)
[159/873] PASS: parse: cross-signed root constraint binds inside the anchored path (997.85ms)
[160/873] PASS: parseClientChain: rejects client chain exceeding pathLenConstraint zero (1018.04ms)
[161/873] PASS: parseClientChain: accepts client chain at pathLenConstraint zero (31.53ms)
[162/873] PASS: parse: insecure no-anchor path still enforces pathLenConstraint (44.91ms)
[163/873] PASS: parse: insecure no-anchor path accepts constrained chain with self-issued steps (58.35ms)
[164/873] PASS: parse: malformed DER length is rejected, not crashed (58.35ms)
[165/873] PASS: certificate_policy.verifyServerAuth: non-v3 certificates are rejected (58.36ms)
[166/873] PASS: certificate_policy.verifyServerAuth: KeyUsage without digitalSignature is rejected (58.36ms)
[167/873] PASS: certificate_policy.verifyServerAuth: EKU without serverAuth is rejected (58.36ms)
[168/873] PASS: certificate_policy.verifyClientAuth: EKU without clientAuth is rejected (58.36ms)
[169/873] PASS: certificate_policy.verifyClientAuth: KeyUsage without digitalSignature is rejected (58.37ms)
[170/873] PASS: certificate_policy.verifyClientAuth: clientAuth EKU is accepted (58.37ms)
[171/873] PASS: certificate_policy.verifyServerAuth: legacy certificate signatures are rejected (58.37ms)
[172/873] PASS: certificate_policy.verifyServerAuth: RSA PKCS1 SHA-256 certificate signature is accepted (58.38ms)
[173/873] PASS: certificate_policy: Ed25519 chain signature algorithm accepted when advertised (58.38ms)
[174/873] PASS: certificate_policy: Ed25519 chain signature algorithm rejected when not advertised (58.38ms)
[175/873] PASS: parse: Ed25519 self-signed certificate verified via std.crypto (58.39ms)
[176/873] PASS: certificate_policy.verifyServerAuth: rejects certificate signature outside policy (58.39ms)
[177/873] PASS: certificate signature policy checks non-self-signed chain certificates (58.39ms)
[178/873] PASS: certificate signature policy skips self-signed chain certificates (58.40ms)
[179/873] PASS: certificate_policy.verifyServerAuth: unrestricted supported leaf is accepted (58.40ms)
[180/873] PASS: encodeCertificateVerify: wraps signature (58.40ms)
[181/873] PASS: verifySignature: valid ECDSA P-256 signature (58.47ms)
[182/873] PASS: verifySignature: valid RSA-PSS SHA-256 signature (58.51ms)
[183/873] PASS: verifySignature: rejects RSA-PSS signature with wrong salt length (58.53ms)
[184/873] PASS: verifySignature: wrong transcript hash (58.58ms)
[185/873] PASS: verifySignature: rejects scheme absent from offered list (58.59ms)
[186/873] PASS: verifySignature: client CV rejects scheme absent from offered list (58.59ms)
[187/873] PASS: verifySignature: rejects RSA PKCS1 CertificateVerify scheme (58.60ms)
[188/873] PASS: verifySignature: rejects certificate key and scheme mismatch (58.61ms)
[189/873] PASS: verifySignature: server signature is not valid for client context (58.65ms)
[190/873] PASS: verifySignature: wrong handshake type (58.66ms)
[191/873] PASS: parse: extracts critical name constraints (58.67ms)
[192/873] PASS: parse: extracts non-critical name constraints (58.68ms)
[193/873] PASS: fuzz: parse handles arbitrary input (58.68ms)
[194/873] PASS: CertificateChain: single certificate view (58.69ms)
[195/873] PASS: CertificateChain.fromPem: decodes a certificate chain (58.70ms)
[196/873] PASS: CertificateChain.fromPem: rejects malformed input (58.70ms)
[197/873] PASS: CertificateChain.fromPem: rejects exhausted caller storage (58.71ms)
[198/873] PASS: fuzz: CertificateChain.fromPem handles arbitrary input (58.72ms)
[199/873] PASS: active backend identity matches the private provider facade (58.72ms)
[200/873] PASS: hybrid capability queries match the active backend (58.72ms)
[201/873] PASS: validateHybridGroups reports local policy faults (58.73ms)
[202/873] PASS: requiresP384 identifies only P-384 hybrid policy (58.73ms)
[203/873] PASS: CipherSuite wire values (58.73ms)
[204/873] PASS: PskOfferIter: walks identity/binder pairs in offer order (58.73ms)
[205/873] PASS: PskOfferIter: rejects oversized lengths (58.74ms)
[206/873] PASS: PskOfferIter: rejects a slack-byte identities vector (58.74ms)
[207/873] PASS: PskOfferIter: rejects more binders than identities (58.74ms)
[208/873] PASS: parse: preserves boundary SNI names as borrowed slices (58.76ms)
[209/873] PASS: parse: rejects an empty SNI name list (58.76ms)
[210/873] PASS: parse: rejects an empty SNI host name (58.77ms)
[211/873] PASS: parse: rejects an SNI name beyond the DNS length limit (58.77ms)
[212/873] PASS: encode: rejects an empty SNI host name (58.78ms)
[213/873] PASS: encodedLen: rejects an SNI name beyond the DNS length limit (58.78ms)
[214/873] PASS: encode: size matches encodedLen (58.78ms)
[215/873] PASS: encodeWithPsk: pre_shared_key is last, binder prefix and offset are correct (58.79ms)
[216/873] PASS: encodeWithPsk: rejects unsupported binder length (58.79ms)
[217/873] PASS: parse: ClientHello with pre_shared_key round-trips (58.80ms)
[218/873] PASS: encodeWithP256: size matches encodedLenWithP256 (58.80ms)
[219/873] PASS: encode: handshake type and legacy version (58.80ms)
[220/873] PASS: encode: cipher suites match backend capabilities (58.81ms)
[221/873] PASS: encode: legacy_session_id is empty (58.81ms)
[222/873] PASS: encode: supported_groups contains X25519 (58.81ms)
[223/873] PASS: encode: key_share contains public key (58.82ms)
[224/873] PASS: encodeWithP256: includes X25519 and secp256r1 key shares (58.82ms)
[225/873] PASS: encodeWithP256P384: includes X25519, secp256r1, and secp384r1 key shares (58.83ms)
[226/873] PASS: encodeWithP256P384: size matches encodedLenWithP256P384 (58.83ms)
[227/873] PASS: parse: accepts secp384r1 key share (59.48ms)
[228/873] PASS: parse: rejects compressed secp384r1 key share (59.49ms)
[229/873] PASS: encodeRetryAfterHrr: secp384r1 selected, no cookie (59.49ms)
[230/873] PASS: encode: SNI present when server_name set (59.50ms)
[231/873] PASS: encode: SNI absent when server_name is null (59.50ms)
[232/873] PASS: encode: supported_versions contains TLS 1.3 (59.50ms)
[233/873] PASS: encode: signature_algorithms match backend capabilities (59.51ms)
[234/873] PASS: encode: signature_algorithms_cert match backend capabilities (59.51ms)
[235/873] PASS: encode: ALPN present when protocols set (59.51ms)
[236/873] PASS: encode: rejects invalid ALPN protocols (59.52ms)
[237/873] PASS: parse: encoded ClientHello (59.52ms)
[238/873] PASS: parse: tracks offered SNI extension presence (59.53ms)
[239/873] PASS: parse: tracks offered record_size_limit extension presence (59.53ms)
[240/873] PASS: parse: accepts secp256r1 supported group and key share (59.56ms)
[241/873] PASS: parseSupportedGroups: records RFC 10024 groups (59.57ms)
[242/873] PASS: parse: rejects malformed X25519 key share (59.57ms)
[243/873] PASS: parse: rejects key share outside supported_groups (59.60ms)
[244/873] PASS: parse: rejects oversized legacy_session_id (59.60ms)
[245/873] PASS: parse: rejects SSLv3-or-lower legacy_version (59.61ms)
[246/873] PASS: parse: rejects missing supported_versions (59.61ms)
[247/873] PASS: parse: rejects supported_versions without TLS 1.3 (59.62ms)
[248/873] PASS: parse: rejects missing supported_groups (59.62ms)
[249/873] PASS: parse: rejects missing signature_algorithms (59.63ms)
[250/873] PASS: parse: rejects malformed signature_algorithms (59.63ms)
[251/873] PASS: parse: rejects signature_algorithms without TLS 1.3 handshake scheme (59.63ms)
[252/873] PASS: parse: rejects malformed ClientHello (59.64ms)
[253/873] PASS: parse: rejects malformed compression methods (59.64ms)
[254/873] PASS: parse: no shared supported group is rejected (59.65ms)
[255/873] PASS: parse: rejects duplicate x25519 key share entries (59.65ms)
[256/873] PASS: parseKeyShare: retains all RFC 10024 hybrid entries (59.66ms)
[257/873] PASS: encode: buffer too short (59.66ms)
[258/873] PASS: encode: server_name too long (59.66ms)
[259/873] PASS: parse: rejects duplicate supported_groups (59.66ms)
[260/873] PASS: parse: missing X25519 key share leaves public key null (59.67ms)
[261/873] PASS: parse: rejects duplicate signature_algorithms (59.67ms)
[262/873] PASS: parse: rejects duplicate signature_algorithms_cert (59.68ms)
[263/873] PASS: parse: rejects duplicate SNI (59.68ms)
[264/873] PASS: parse: rejects duplicate ALPN (59.69ms)
[265/873] PASS: parse: rejects duplicate supported_versions (59.69ms)
[266/873] PASS: parse: rejects duplicate key_share extensions (59.70ms)
[267/873] PASS: parse: rejects duplicate psk_key_exchange_modes (59.71ms)
[268/873] PASS: parse: ignores unknown extension (59.71ms)
[269/873] PASS: parse: ignores unknown supported_groups entries (59.71ms)
[270/873] PASS: fuzz: parse handles arbitrary input (59.72ms)
[271/873] PASS: encodeRetryAfterHrr: X25519 selected, no cookie (59.72ms)
[272/873] PASS: encodeRetryAfterHrr: preserves PSK key exchange mode (59.73ms)
[273/873] PASS: encodeRetryAfterHrr: secp256r1 selected, no cookie (59.73ms)
[274/873] PASS: encodeRetryAfterHrr: includes cookie when provided (59.74ms)
[275/873] PASS: encodeRetryAfterHrr: preserves SNI and ALPN from ClientHello1 (59.74ms)
[276/873] PASS: encodeRetryAfterHrr: rejects unsupported group (59.75ms)
[277/873] PASS: encodeRetryAfterHrr: missing configured hybrid share is a policy error (59.75ms)
[278/873] PASS: encodeWithHybridGroups: rejects unknown share group without panic (59.75ms)
[279/873] PASS: KEM key_share round-trip: ClientHello encode → parse preserves 1216-byte public key (59.77ms)
[280/873] PASS: parse: psk_key_exchange_modes list_len 0xFF rejected without overflow (59.77ms)
[281/873] PASS: SessionTicket.secureZero erases identity, PSK, and metadata (59.77ms)
[282/873] PASS: HybridPolicy.validate rejects an initial share outside its group list (59.78ms)
[283/873] PASS: Config.validate reports unavailable groups and missing P-384 material (59.82ms)
[284/873] PASS: start validates hybrid policy before key generation and output (59.92ms)
[285/873] PASS: transcript hash: RFC 8448 §3 ClientHello || ServerHello (59.96ms)
[286/873] PASS: deriveHandshakeKeys: RFC 8448 §3 server handshake key/iv/finished (60.02ms)
[287/873] PASS: processServerHello: RFC 8448 §3 installs server handshake keys (60.10ms)
[288/873] PASS: processServerHello: accepts secp256r1 key_share (60.22ms)
[289/873] PASS: processServerHello: rejects invalid secp256r1 point (60.26ms)
[290/873] PASS: processServerHello: rejects unoffered secp256r1 key_share (60.31ms)
[291/873] PASS: processServerHello: rejects mismatched session id echo (60.35ms)
[292/873] PASS: processServerHello: rejects a missing key_share after TLS 1.3 selection (60.38ms)
[293/873] PASS: processServerHello: rejects unoffered cipher suite (60.42ms)
[294/873] PASS: processFlight: stores selected ALPN (60.52ms)
[295/873] PASS: processFlight: rejects unoffered ALPN (60.60ms)
[296/873] PASS: processFlight: rejects unanchored Certificate by default (61.09ms)
[297/873] PASS: processFlight: rejects non-empty server Certificate request context (61.55ms)
[298/873] PASS: processFlight: rejects empty server Certificate list (62.01ms)
[299/873] PASS: processFlight: rejects unsolicited EncryptedExtensions ALPN (62.09ms)
[300/873] PASS: processFlight: rejects unrequested server CertificateEntry status_request (62.54ms)
[301/873] PASS: handleRecord: rejects a server key above retention capacity (89.60ms)
[302/873] PASS: processFlight: RFC 8448 §3 full server flight to connected (90.10ms)
[303/873] PASS: processFlight: rejects handshake message after server Finished (90.57ms)
[304/873] PASS: processFlight: handshake message spanning records needs buffer (91.02ms)
[305/873] PASS: processFlight: reassembles handshake message split across records (91.48ms)
[306/873] PASS: processFlight: buffered path rejects handshake message after server Finished (91.94ms)
[307/873] PASS: processFlight: RFC 8448 §3 flight split one message per record (92.42ms)
[308/873] PASS: handleRecord: malformed ServerHello is rejected (92.45ms)
[309/873] PASS: processFlight: rejects Finished before EncryptedExtensions (92.55ms)
[310/873] PASS: processFlight: rejects CertificateVerify before Certificate (93.00ms)
[311/873] PASS: processFlight: rejects Finished before CertificateVerify (93.46ms)
[312/873] PASS: processFlight: rejects unoffered CertificateVerify scheme (93.91ms)
[313/873] PASS: processFlight: rejects wrong CertificateVerify signature (94.37ms)
[314/873] PASS: processFlight: rejects wrong server Finished verify_data (94.83ms)
[315/873] PASS: handleRecord: plaintext fatal alert in wait_sh (94.89ms)
[316/873] PASS: handleRecord: malformed alert record does not set or replace lastPeerAlert (94.92ms)
[317/873] PASS: handleRecord: unknown alert codes are preserved (94.95ms)
[318/873] PASS: handleRecord: lastPeerAlert replaced by later alert, preserved by close/malformed (94.98ms)
[319/873] PASS: handleRecord: rejects ChangeCipherSpec before ClientHello (95.00ms)
[320/873] PASS: handleRecord: drops valid ChangeCipherSpec after ClientHello (95.03ms)
[321/873] PASS: handleRecord: rejects malformed ChangeCipherSpec payload (95.06ms)
[322/873] PASS: handleRecord: encrypted fatal alert during server flight (95.14ms)
[323/873] PASS: handleRecord: rejects server KeyUpdate before Finished (95.22ms)
[324/873] PASS: handleRecord: truncated encrypted flight is rejected (95.67ms)
[325/873] PASS: handleRecord: corrupted encrypted flight is rejected (96.13ms)
[326/873] PASS: handleRecord: post-handshake unexpected inner content type is rejected (96.65ms)
[327/873] PASS: handleRecord: encrypted application data during server flight is rejected (96.73ms)
[328/873] PASS: clientFinished: RFC 8448 §3 emits Finished and upgrades to app keys (97.22ms)
[329/873] PASS: processFlight: accepts CertificateRequest before server Certificate (97.67ms)
[330/873] PASS: processFlight: rejects non-empty handshake CertificateRequest context (98.11ms)
[331/873] PASS: clientFinished: sends empty Certificate before Finished for CertificateRequest (98.60ms)
[332/873] PASS: clientFinished: empty CertificateRequest with no credentials still finishes (99.08ms)
[333/873] PASS: client auth: setCredentials stores client credentials (99.12ms)
[334/873] PASS: ratchetClientKey: RFC 8446 §7.2 next application write key (99.60ms)
[335/873] PASS: handleRecord: application data resets both post-handshake flood counters (100.10ms)
[336/873] PASS: receiveRecord: RX progresses while a client TX record is pending (100.62ms)
[337/873] PASS: receiveKtlsRecord: client processes kernel-decrypted records (101.13ms)
[338/873] PASS: receiveKtlsRecord: client finds KeyUpdate after NewSessionTicket (101.62ms)
[339/873] PASS: ratchetKtlsTx: client advances only an idle TX epoch (102.12ms)
[340/873] PASS: handleRecord: server KeyUpdate(update_requested) ratchets rx and responds (102.63ms)
[341/873] PASS: handleRecord: KeyUpdate not at record boundary is rejected (103.12ms)
[342/873] PASS: handleRecord: invalid server KeyUpdate request is rejected (103.61ms)
[343/873] PASS: handleRecord: server KeyUpdate(update_not_requested) surfaces key_update rx only (104.11ms)
[344/873] PASS: handleRecord: self-initiated sendKeyUpdate response surfaces rx only (104.63ms)
[345/873] PASS: sendAlert: plaintext fatal alert before ServerHello (104.65ms)
[346/873] PASS: sendAlert: encrypted close_notify after handshake (105.14ms)
[347/873] PASS: handleRecord: close_notify returns closed (105.64ms)
[348/873] PASS: handleRecord: fatal alert returns PeerAlert (106.13ms)
[349/873] PASS: handleRecord: NewSessionTicket is surfaced as an event (106.63ms)
[350/873] PASS: clientFinished: RFC 8448 §4 resumption_master_secret over the live transcript (107.11ms)
[351/873] PASS: startWithPsk: binder matches an independent HMAC over the prefix (107.19ms)
[352/873] PASS: startWithPsk: advertises configured RFC 10024 key share (107.31ms)
[353/873] PASS: startWithPsk: ticket without early-data permission omits early_data (107.37ms)
[354/873] PASS: EncryptedExtensions: rejects early_data when server declined PSK (107.48ms)
[355/873] PASS: EncryptedExtensions: rejects early_data without early traffic keys (107.59ms)
[356/873] PASS: EncryptedExtensions: rejects early_data after HelloRetryRequest (107.70ms)
[357/873] PASS: processServerHello rejects selected PSK with incompatible cipher suite hash (107.85ms)
[358/873] PASS: handleRecord: PSK-offering client rejects bare Finished unless server selected PSK (108.13ms)
[359/873] PASS: handleRecord: accepts 17 consecutive NewSessionTickets (108.67ms)
[360/873] PASS: handleRecord: NewSessionTicket flood is rejected with ticket-specific error (109.18ms)
[361/873] PASS: handleRecord: malformed NewSessionTicket is rejected (109.68ms)
[362/873] PASS: handleRecord: KeyUpdate flood is rejected (110.35ms)
[363/873] PASS: handleRecord: empty application data does not reset flood counters (110.84ms)
[364/873] PASS: handleRecord: KeyUpdate flood cap fires despite empty app-data interleaving (111.52ms)
[365/873] PASS: start: uses Config host_name for SNI and policy (111.56ms)
[366/873] PASS: handleRecord: drives RFC 8448 §3 handshake to connected (112.08ms)
[367/873] PASS: 0.5-RTT: coalesced server data precedes client Finished delivery (113.07ms)
[368/873] PASS: handleRecord: unacknowledged write blocks further calls (113.56ms)
[369/873] PASS: sendEarlyData: unacknowledged write blocks further early data (113.63ms)
[370/873] PASS: handleRecord: zero-length plaintext handshake is rejected (113.66ms)
[371/873] PASS: handleRecord: zero-length encrypted handshake is rejected (113.74ms)
[372/873] PASS: handleRecord: all-zero inner plaintext maps to unexpected_message (114.23ms)
[373/873] PASS: handleRecord: application_data before ServerHello is rejected (114.26ms)
[374/873] PASS: HandshakeReader: splits coalesced messages (114.26ms)
[375/873] PASS: HandshakeReader: truncated body is UnexpectedEof (114.26ms)
[376/873] PASS: fuzz: HandshakeReader handles arbitrary input (114.27ms)
[377/873] PASS: fuzz: processFlight handles arbitrary decrypted bytes (114.50ms)
[378/873] PASS: fuzz: 0-RTT client state machine handles arbitrary inbound records (114.58ms)
[379/873] PASS: processHelloRetryRequest: rejects already-offered key_share group (114.61ms)
[380/873] PASS: processHelloRetryRequest: secp256r1 selected produces ClientHello2 (114.65ms)
[381/873] PASS: processHelloRetryRequest: transcript collapse matches §4.4.1 (114.69ms)
[382/873] PASS: processHelloRetryRequest: removes PSK with incompatible hash (114.81ms)
[383/873] PASS: processHelloRetryRequest: rejects second HRR (114.84ms)
[384/873] PASS: processHelloRetryRequest: rejects unoffered selected_group (114.87ms)
[385/873] PASS: processServerHello: post-HRR rejects mismatched cipher suite (114.90ms)
[386/873] PASS: processServerHello: post-HRR rejects mismatched key_share group (114.94ms)
[387/873] PASS: processServerHello: post-HRR accepts matching ServerHello (115.06ms)
[388/873] PASS: handleRecord: HRR returns ClientHello2 as write event (115.09ms)
[389/873] PASS: processHelloRetryRequest: returns null for normal ServerHello (115.12ms)
[390/873] PASS: processHelloRetryRequest: HRR with cookie echoes cookie in CH2 (115.16ms)
[391/873] PASS: deinit leaves caller-owned buffers to the caller (115.64ms)
[392/873] PASS: secureZero zeroes all secret material (116.34ms)
[393/873] PASS: Array.secureZero clears contents (116.34ms)
[394/873] PASS: lastIndexOfNonZero: last byte non-zero (fast path) (116.34ms)
[395/873] PASS: lastIndexOfNonZero: all zeros (116.34ms)
[396/873] PASS: lastIndexOfNonZero: single non-zero byte at start (116.35ms)
[397/873] PASS: lastIndexOfNonZero: single byte, non-zero (116.35ms)
[398/873] PASS: lastIndexOfNonZero: single byte, zero (116.35ms)
[399/873] PASS: lastIndexOfNonZero: non-zero in scalar tail (116.35ms)
[400/873] PASS: lastIndexOfNonZero: exactly chunk_len bytes, non-zero at start (116.35ms)
[401/873] PASS: lastIndexOfNonZero: exactly chunk_len bytes, all zeros (116.36ms)
[402/873] PASS: lastIndexOfNonZero: large buffer, non-zero in first chunk (116.36ms)
[403/873] PASS: lastIndexOfNonZero: large buffer, non-zero in middle chunk (116.36ms)
[404/873] PASS: lastIndexOfNonZero: large buffer, all zeros (116.37ms)
[405/873] PASS: encrypt: buffer too short (116.37ms)
[406/873] PASS: encrypt: sequence number overflow (116.37ms)
[407/873] PASS: deinit: clears caller-visible traffic key material (116.37ms)
[408/873] PASS: ktlsInfo: AES-GCM salt and IV reconstruct RFC 8446 nonce (116.38ms)
[409/873] PASS: ktlsInfo: cipher type uses Linux UAPI values (116.38ms)
[410/873] PASS: ktlsInfo: exported key material survives RecordLayer deinit (116.39ms)
[411/873] PASS: KtlsInfo.secureZero erases exported traffic material (116.39ms)
[412/873] PASS: encrypt/decrypt: key update required at AEAD usage limit (116.39ms)
[413/873] PASS: encryptPrepared/decrypt: round-trip (116.39ms)
[414/873] PASS: encrypt/decrypt: round-trip (116.40ms)
[415/873] PASS: encrypt/decrypt: sequence numbers advance (116.40ms)
[416/873] PASS: decrypt: failed auth exposes backend failure buffer behavior (116.41ms)
[417/873] PASS: decrypt: replayed record is rejected (116.41ms)
[418/873] PASS: encrypt/decrypt: zero-length application data (116.41ms)
[419/873] PASS: decrypt: rejects all-zero inner plaintext (116.42ms)
[420/873] PASS: encrypt/decrypt: maximum plaintext fragment length (116.51ms)
[421/873] PASS: decrypt: wrong content type (116.52ms)
[422/873] PASS: decrypt: payload shorter than tag (116.52ms)
[423/873] PASS: decrypt: truncated ciphertext record (116.52ms)
[424/873] PASS: decrypt: sequence number overflow (116.53ms)
[425/873] PASS: fuzz: decrypt handles arbitrary input (116.53ms)
[426/873] PASS: PendingWrite: mark and clear (116.53ms)
[427/873] PASS: SliceBuffer: append and retain (116.54ms)
[428/873] PASS: append and slice (116.54ms)
[429/873] PASS: appendAssumeCapacity (116.54ms)
[430/873] PASS: secureZero clears full storage and length (116.54ms)
[431/873] PASS: append returns error on overflow (116.55ms)
[432/873] PASS: clear resets length (116.55ms)
[433/873] PASS: Reader iterates coalesced messages (116.55ms)
[434/873] PASS: parseKeyUpdate (116.55ms)
[435/873] PASS: rejectDuplicateExtensions: rejects more than the extension count cap (116.56ms)
[436/873] PASS: rejectDuplicateExtensions: rejects duplicate unknown type (116.56ms)
[437/873] PASS: rejectDuplicateExtensions: accepts distinct extension types (116.56ms)
[438/873] PASS: ExtensionType.isGrease: detects reserved GREASE extension code points (116.56ms)
[439/873] PASS: rejectDuplicateExtensions: rejects malformed block (116.57ms)
[440/873] PASS: RFC 10024 hybrid groups round-trip (120.18ms)
[441/873] PASS: hybrid decapsulation rejects wrong server share length (120.24ms)
[442/873] PASS: NamedGroup wire identifiers (120.25ms)
[443/873] PASS: RFC 10024 hybrid group sizes (120.25ms)
[444/873] PASS: secret lifecycle preserves live epochs and clears owned secret fields (120.26ms)
[445/873] PASS: HkdfSha256.trafficKey: RFC 8448 §3 server handshake (120.27ms)
[446/873] PASS: HkdfSha384: traffic key/iv, finished key, traffic-upd (independent vector) (120.32ms)
[447/873] PASS: HkdfSha256.trafficIv: RFC 8448 §3 server handshake (120.32ms)
[448/873] PASS: HkdfSha256.earlySecret: RFC 8448 §3 (120.33ms)
[449/873] PASS: HkdfSha256: RFC 8448 §3/§4 PSK and resumption secrets (120.35ms)
[450/873] PASS: HkdfSha256.handshakeSecret: RFC 8448 §3 (120.35ms)
[451/873] PASS: HkdfSha256.masterSecret: RFC 8448 §3 (120.36ms)
[452/873] PASS: HkdfSha256.clientHandshakeTrafficSecret: RFC 8448 §3 (120.37ms)
[453/873] PASS: HkdfSha256.finishedKey: RFC 8448 §3 server (120.37ms)
[454/873] PASS: HkdfSha256.nextTrafficSecret: RFC 8446 §7.2 (120.38ms)
[455/873] PASS: HkdfSha256.serverHandshakeTrafficSecret: RFC 8448 §3 (120.39ms)
[456/873] PASS: sharedSecret: RFC 7748 X25519 vector (120.42ms)
[457/873] PASS: KeyPair.generateDeterministic: RFC 7748 public keys (120.46ms)
[458/873] PASS: KeyPair.generateDeterministic emits uncompressed SEC1 public key (120.50ms)
[459/873] PASS: sharedSecret: P-256 deterministic peers agree (120.64ms)
[460/873] PASS: KeyPair.generate: healthy entropy path (120.68ms)
[461/873] PASS: KeyPair.secureZero erases secret and public material (120.71ms)
[462/873] PASS: generateRetry: a LibcryptoFailed attempt is terminal, not retried (120.71ms)
[463/873] PASS: generateRetry: an invalid scalar retries exactly to the bound (120.71ms)
[464/873] PASS: generateRetry: retries a bad draw and succeeds (120.73ms)
[465/873] PASS: KeyPair.generateDeterministic enforces the scalar range [1, n-1] (120.76ms)
[466/873] PASS: sharedSecret: rejects compressed P-256 point (120.79ms)
[467/873] PASS: KeyPair.generateDeterministic emits uncompressed SEC1 public key (121.43ms)
[468/873] PASS: KeyPair.secureZero erases secret and public material (122.07ms)
[469/873] PASS: sharedSecret: P-384 deterministic peers agree (125.22ms)
[470/873] PASS: generateRetry: a LibcryptoFailed attempt is terminal, not retried (125.22ms)
[471/873] PASS: generateRetry: an invalid scalar retries exactly to the bound (125.23ms)
[472/873] PASS: generateRetry: retries a bad draw and succeeds (125.87ms)
[473/873] PASS: KeyPair.generateDeterministic enforces the scalar range [1, n-1] (126.51ms)
[474/873] PASS: sharedSecret: rejects compressed P-384 point (127.75ms)
[475/873] PASS: active backend matches the selected libcrypto headers (127.75ms)
[476/873] PASS: capabilities are non-empty for the active backend (127.75ms)
[477/873] PASS: x25519 handle shape matches active backend (127.76ms)
[478/873] PASS: client group capabilities match implemented client key-share plumbing (127.76ms)
[479/873] PASS: aead context shape matches active backend (127.76ms)
[480/873] SKIP: aws-lc aead deinit clears inline context (127.76ms)
[481/873] PASS: capability helpers recognize advertised algorithms (127.77ms)
[482/873] SKIP: fips: chacha20_poly1305_sha256 excluded from FIPS cipher_suites (127.77ms)
[483/873] SKIP: fips: rsa_pkcs1_sha* excluded from FIPS certificate_signature_schemes (127.77ms)
[484/873] SKIP: fips: ed25519 excluded from FIPS certificate_signature_schemes (127.77ms)
[485/873] SKIP: fips: ML-KEM disabled in FIPS capability table (127.78ms)
[486/873] SKIP: fips: FIPS capabilities are a subset of non-FIPS capabilities (127.78ms)
[487/873] PASS: fips: active capabilities follow FIPS identity (127.78ms)
[488/873] PASS: Parsed.verifyHostName rejects universal tag 2 as dNSName (127.78ms)
[489/873] PASS: Parsed.verifyHostName requires dNSName SAN (127.79ms)
[490/873] PASS: Parsed.verifyHostName accepts caller-converted A-labels (127.79ms)
[491/873] PASS: Parsed.verifyHostName rejects U-label references under a wildcard (127.79ms)
[492/873] PASS: Parsed.verifyHostName rejects matching non-ASCII DNS identities (127.80ms)
[493/873] PASS: Parsed.checkHostName rejects public suffix wildcard (127.80ms)
[494/873] PASS: Parsed.checkHostName RFC 6125 compliance (127.81ms)
[495/873] PASS: Parsed.allowsKeyUsage reads digitalSignature (127.81ms)
[496/873] PASS: Parsed.allowsKeyUsage rejects malformed empty bit payload (127.81ms)
[497/873] PASS: Parsed.allowsExtKeyUsage finds serverAuth (127.81ms)
[498/873] PASS: Parsed.allowsExtKeyUsage rejects non-SEQUENCE wrapper (127.82ms)
[499/873] PASS: Parsed.nameConstraints extracts extension value (127.82ms)
[500/873] PASS: Parsed.nameConstraints absent returns empty (127.82ms)
[501/873] PASS: Parsed.verifyNameConstraints: DNS permitted subtree (127.83ms)
[502/873] PASS: Parsed.verifyNameConstraints: DNS permitted subtree mismatch (127.83ms)
[503/873] PASS: Parsed.verifyNameConstraints: DNS excluded subtree (127.83ms)
[504/873] PASS: Parsed.verifyNameConstraints: mixed DNS SAN violation is rejected (127.83ms)
[505/873] PASS: Parsed.verifyNameConstraints: DNS common name fallback (127.84ms)
[506/873] PASS: Parsed.verifyNameConstraints: IP permitted subnet (127.85ms)
[507/873] PASS: Parsed.verifyNameConstraints: permitted subtrees are type-specific (127.85ms)
[508/873] PASS: Parsed.verifyNameConstraints: email permitted subtree (127.85ms)
[509/873] PASS: Parsed.verifyNameConstraints: email mailbox local part is case-sensitive (127.85ms)
[510/873] PASS: Parsed.verifyNameConstraints: URI excluded subtree (127.86ms)
[511/873] PASS: Parsed.verifyNameConstraints: URI strips userinfo before host matching (127.86ms)
[512/873] PASS: Parsed.verifyNameConstraints: explicit minimum zero is accepted (127.87ms)
[513/873] PASS: Parsed.verifyNameConstraints: critical unsupported subtree is rejected (127.87ms)
[514/873] PASS: Parsed.verifyNameConstraints: non-critical unsupported subtree is ignored (127.87ms)
[515/873] PASS: parseBasicConstraints rejects pathLenConstraint without cA (127.87ms)
[516/873] PASS: parse rejects unknown critical extension (127.88ms)
[517/873] PASS: parse rejects duplicate recognized extensions (127.88ms)
[518/873] PASS: parse accepts old and new authority key identifier OIDs (127.89ms)
[519/873] PASS: parseBitString rejects empty bit string content (127.89ms)
[520/873] PASS: parseTime maps UTCTime centuries and expires 1999 certificates (127.90ms)
[521/873] PASS: parseTime enforces GeneralizedTime certificate grammar (127.90ms)
[522/873] PASS: parseTime rejects impossible dates and accepts leap day (127.90ms)
[523/873] PASS: certificate_parser.decltest.parseTimeDigits (127.91ms)
[524/873] PASS: certificate_parser.decltest.parseYear4 (127.91ms)
[525/873] PASS: certificate_parser.test_0 (127.91ms)
[526/873] PASS: PrivateKey.sign: RSA-PSS SHA-256 uses TLS parameters (128.70ms)
[527/873] PASS: PrivateKey.sign: short RSA-PSS output buffer is rejected (128.78ms)
[528/873] PASS: PrivateKey.sign: key and scheme mismatch is a libcrypto failure (128.80ms)
[529/873] PASS: PrivateKey.sign: deterministic ECDSA matches the RFC 6979 vector (128.81ms)
[530/873] PASS: PrivateKey.sign: deterministic ECDSA P-384 matches the RFC 6979 A.2.6 vector (129.41ms)
[531/873] PASS: PrivateKey.sign: deterministic nonce with RSA-PSS is rejected (129.50ms)
[532/873] PASS: PrivateKey.fromPemAuto: RSA PKCS#8 and PKCS#1 both infer rsa_pss_rsae_sha256 (130.31ms)
[533/873] PASS: PrivateKey.fromPemAuto: P-256 infers ecdsa_secp256r1_sha256 and signs (130.35ms)
[534/873] PASS: PrivateKey.fromPemAuto: P-384 infers ecdsa_secp384r1_sha384 and signs (131.00ms)
[535/873] PASS: PrivateKey.fromPemAuto: P-521 is rejected at load by the capability gate (132.60ms)
[536/873] PASS: PrivateKey.fromPemAuto: Ed25519 is rejected at load by the capability gate (132.63ms)
[537/873] PASS: PrivateKey.fromPemAuto: secp224r1 has no CertificateVerify scheme (132.73ms)
[538/873] PASS: PrivateKey.fromPemAuto: garbage PEM fails at load (132.73ms)
[539/873] PASS: PrivateKey.fromPem: encrypted PEM fails at load (132.83ms)
[540/873] PASS: PrivateKey.fromPemAuto: encrypted PEM fails at load (132.85ms)
[541/873] PASS: PrivateKey.pairsWith: P-256 scalar key pairs with its leaf certificate (132.88ms)
[542/873] PASS: PrivateKey.pairsWith: auto-inferred RSA and P-256 keys pair with their leaves (132.99ms)
[543/873] PASS: PrivateKey.pairsWith: same-algorithm mismatch is a named error (133.01ms)
[544/873] PASS: PrivateKey.pairsWith: cross-algorithm mismatch is a named error (133.03ms)
[545/873] PASS: PrivateKey.pairsWith: garbage leaf DER is not a certificate (133.05ms)
[546/873] PASS: PrivateKey.pairsWith: trailing bytes make leaf DER invalid (133.13ms)
[547/873] SKIP: OpenSSL AEAD initialization rejects wrong key length (133.14ms)
[548/873] PASS: ML-KEM-768 encapsulate/decapsulate round-trip (133.20ms)
[549/873] PASS: ML-KEM-1024 encapsulate/decapsulate round-trip (133.30ms)
[550/873] PASS: ML-KEM encapsulation-key modulus boundary (133.32ms)
[551/873] PASS: ML-KEM rejects non-canonical encapsulation keys (133.32ms)
[552/873] PASS: ML-KEM rejects a wrong-length ciphertext (133.35ms)
[553/873] PASS: classify: bounded PSK identity admission is a buffer-class limit (133.35ms)
[554/873] PASS: classify: certificate failures never fall into a generic bucket (133.35ms)
[555/873] PASS: classify: authentication failures are their own class (133.35ms)
[556/873] PASS: classify: remaining buckets (133.36ms)
[557/873] PASS: parseHeader: valid plaintext record (133.36ms)
[558/873] PASS: parseHeader: application_data record (TLSCiphertext) (133.36ms)
[559/873] PASS: parseHeader: ignores legacy_record_version (133.37ms)
[560/873] PASS: parseHeader: buffer too short (133.37ms)
[561/873] PASS: parseHeader: exactly 5 bytes (header only, no fragment) (133.37ms)
[562/873] PASS: parseHeader: max valid length (133.37ms)
[563/873] PASS: parseHeader: length exceeds max (133.37ms)
[564/873] PASS: Header.init round-trips with parseHeader (133.38ms)
[565/873] PASS: Header.write: emits TLS 1.2 legacy_record_version (133.38ms)
[566/873] PASS: fuzz: parseHeader handles arbitrary input (133.38ms)
[567/873] PASS: kernel cipher_type values match KtlsCipherType (133.38ms)
[568/873] PASS: kernel socket option constants (133.39ms)
[569/873] PASS: packed kTLS info secureZero methods erase every byte (133.39ms)
[570/873] PASS: packAesGcm128 splits the 12-byte IV and copies key/seq (133.39ms)
[571/873] PASS: packAesGcm128 rejects a non-AES-GCM-128 info (133.39ms)
[572/873] PASS: packChaCha20Poly1305 uses the full 12-byte IV (133.40ms)
[573/873] PASS: packAesGcm256 copies the 32-byte key and splits the IV (133.40ms)
[574/873] PASS: install errno decode maps onto InstallError (133.40ms)
[575/873] PASS: a record-type cmsg occupies the kernel's CMSG_LEN and CMSG_SPACE (133.40ms)
[576/873] PASS: ControlBuffer.init writes one cmsg and zeroes the padding (133.41ms)
[577/873] PASS: parseRecordType rejects control data off the kTLS contract (133.41ms)
[578/873] PASS: ulpInstall attaches once, and only to an established TCP socket (133.49ms)
[579/873] PASS: txInstall and rxInstall accept a synthetic TLS 1.3 AES-128-GCM key (133.54ms)
[580/873] PASS: installs without the ULP are typed Unavailable errors, not panics (133.57ms)
[581/873] PASS: a crypto_info the kernel cannot use is a typed EINVAL failure (133.59ms)
[582/873] PASS: record-type cmsg round-trips through a live kTLS pair (133.65ms)
[583/873] PASS: Outbox: fresh outbox is not write-blocked (133.65ms)
[584/873] PASS: Outbox: send drains fully and completes write once (133.65ms)
[585/873] PASS: Outbox: partial send stays blocked and does not complete write (133.65ms)
[586/873] PASS: Outbox: zero-byte progress stays blocked (133.66ms)
[587/873] PASS: Outbox: idle flush is drained without completing write (133.66ms)
[588/873] PASS: Outbox: partial drain resumes across flush calls (133.66ms)
[589/873] PASS: Outbox: queue while blocked returns PendingWrite (133.66ms)
[590/873] PASS: Outbox: writer error leaves pending tail and does not complete write (133.67ms)
[591/873] PASS: Outbox: writer over-reporting bytes returns WriteOverflow (133.67ms)
[592/873] PASS: Outbox: sequential records complete once each (133.67ms)
[593/873] PASS: next: two records coalesced in one fill (133.68ms)
[594/873] PASS: next: record split across two fills (133.68ms)
[595/873] PASS: next: truncated records return null (133.68ms)
[596/873] PASS: next: in-place mutation of a returned record survives across next() (133.69ms)
[597/873] PASS: next: oversized length is rejected (133.69ms)
[598/873] PASS: isEmpty distinguishes drained, partial, and complete records (133.69ms)
[599/873] PASS: parse: rejects oversized legacy_session_id_echo without overflow (133.69ms)
[600/873] PASS: encode: round trips through parse (133.70ms)
[601/873] PASS: parse: accepts secp256r1 key_share (133.70ms)
[602/873] PASS: parse: rejects compressed secp256r1 key_share (133.71ms)
[603/873] PASS: parse: accepts secp384r1 key_share (133.71ms)
[604/873] PASS: parse: rejects compressed secp384r1 key_share (133.71ms)
[605/873] PASS: encode: echoes session id (133.72ms)
[606/873] PASS: parse: RFC 8448 §3 ServerHello (133.72ms)
[607/873] PASS: parse: wrong handshake type (133.72ms)
[608/873] PASS: parse: truncated message (133.73ms)
[609/873] PASS: parse: rejects HelloRetryRequest (133.73ms)
[610/873] PASS: parse: missing extensions / no supported_versions yields UnsupportedTlsVersion (133.73ms)
[611/873] PASS: parse: rejects mismatched handshake length (133.73ms)
[612/873] PASS: parse: rejects unknown cipher suite (133.74ms)
[613/873] PASS: parse: rejects oversized extensions block (133.74ms)
[614/873] PASS: parse: rejects duplicate supported_versions (133.74ms)
[615/873] PASS: parse: rejects duplicate key_share (133.74ms)
[616/873] PASS: parse: rejects unknown unsolicited extension (133.75ms)
[617/873] PASS: parse: rejects GREASE ServerHello extension (133.75ms)
[618/873] PASS: parse: rejects forbidden signature_algorithms extension (133.75ms)
[619/873] PASS: parse: rejects forbidden heartbeat extension (133.76ms)
[620/873] PASS: parse: rejects record_size_limit in ServerHello (133.76ms)
[621/873] PASS: parse: rejects key_share for unsupported group (133.76ms)
[622/873] PASS: parse: unsupported TLS version in supported_versions is illegal_parameter (133.77ms)
[623/873] PASS: parse: rejects TLS 1.2 downgrade sentinel (133.77ms)
[624/873] PASS: parse: rejects TLS 1.1 downgrade sentinel (133.77ms)
[625/873] PASS: parse: rejects downgrade sentinel when supported_versions selects TLS 1.3 (133.78ms)
[626/873] PASS: parse: accepts non-0x0303 legacy_version when supported_versions selects TLS 1.3 (133.78ms)
[627/873] PASS: parse: no supported_versions + downgrade sentinel yields IllegalParameter (133.78ms)
[628/873] PASS: parse: rejects ServerHello without supported_versions as legacy (133.78ms)
[629/873] PASS: parse: rejects SSLv3-or-lower legacy version (133.79ms)
[630/873] PASS: parse: rejects mismatched session id echo (133.79ms)
[631/873] PASS: parse: rejects non-zero compression method (133.79ms)
[632/873] PASS: fuzz: parse handles arbitrary input (133.80ms)
[633/873] PASS: encodeHelloRetryRequest: parse round-trip (133.80ms)
[634/873] PASS: parseHelloRetryRequest: rejects mismatched session id echo (133.80ms)
[635/873] PASS: parseHelloRetryRequest: RFC 8448 §5 (133.81ms)
[636/873] PASS: parseHelloRetryRequest: no cookie (133.81ms)
[637/873] PASS: parseHelloRetryRequest: rejects non-HRR Random (133.81ms)
[638/873] PASS: parseHelloRetryRequest: rejects wrong type (133.81ms)
[639/873] PASS: parseHelloRetryRequest: rejects TLS 1.2 in supported_versions (133.82ms)
[640/873] PASS: parseHelloRetryRequest: ignores non-0x0303 legacy_version (133.82ms)
[641/873] PASS: parseHelloRetryRequest: rejects SSLv3-or-lower legacy version (133.82ms)
[642/873] PASS: parseHelloRetryRequest: rejects non-zero compression method (133.83ms)
[643/873] PASS: parseHelloRetryRequest: rejects unknown cipher suite (133.83ms)
[644/873] PASS: parseHelloRetryRequest: rejects trailing bytes after extensions (133.83ms)
[645/873] PASS: parseHelloRetryRequest: rejects cookie extension trailing bytes (133.83ms)
[646/873] PASS: parseHelloRetryRequest: rejects missing supported_versions (133.84ms)
[647/873] PASS: parseHelloRetryRequest: rejects unknown unsolicited extension (133.84ms)
[648/873] PASS: parseHelloRetryRequest: rejects record_size_limit (133.84ms)
[649/873] PASS: KEM key_share round-trip: ServerHello encode → parse preserves 1120-byte ciphertext (133.86ms)
[650/873] PASS: fuzz: parseHelloRetryRequest handles arbitrary input (133.87ms)
[651/873] PASS: Config.validate reports invalid lists and missing P-384 material (133.91ms)
[652/873] PASS: sendAlert: plaintext fatal alert before ClientHello (133.95ms)
[653/873] PASS: sendAlert: encrypted close_notify after handshake (134.13ms)
[654/873] PASS: handleRecord: rejects ChangeCipherSpec before ClientHello (134.17ms)
[655/873] PASS: handleRecord: drops valid ChangeCipherSpec while waiting for client Finished (134.28ms)
[656/873] PASS: handleRecord: rejects malformed ChangeCipherSpec payload (134.39ms)
[657/873] PASS: handleRecord: ClientHello returns ServerHello write and enforces pending write (134.50ms)
[658/873] PASS: handleRecord: zero-length plaintext handshake is rejected (134.54ms)
[659/873] PASS: handleRecord: rejects application_data before connected (134.58ms)
[660/873] PASS: acceptClientHello: emits ServerHello and installs handshake keys (134.77ms)
[661/873] PASS: acceptClientHello: negotiates secp256r1 key share (134.93ms)
[662/873] PASS: acceptClientHello: negotiates secp384r1 key share (138.20ms)
[663/873] PASS: acceptClientHello: emits HelloRetryRequest for missing secp256r1 key share (138.29ms)
[664/873] PASS: acceptClientHello: rejects ClientHello2 with changed SNI or ALPN after HRR (138.41ms)
[665/873] PASS: acceptClientHello: rejects early_data in ClientHello2 after HRR (138.49ms)
[666/873] PASS: acceptClientHello: rejects replaced PSK identity in ClientHello2 despite valid binder (138.58ms)
[667/873] PASS: acceptClientHello: rejects added, reordered, or dropped PSK identities in CH2 (138.79ms)
[668/873] PASS: acceptClientHello: accepts permitted ClientHello2 PSK updates after HRR (139.20ms)
[669/873] PASS: acceptClientHello: bounded PSK identity admission before HelloRetryRequest (139.37ms)
[670/873] PASS: acceptClientHello: rejects removal of an unknown identity whose binder claims the HRR hash (139.45ms)
[671/873] PASS: acceptClientHello: HRR path rejects a slack-byte identities vector in CH1 (139.51ms)
[672/873] PASS: acceptClientHello: HRR path rejects a slack-byte identities vector in CH2 (139.58ms)
[673/873] PASS: acceptClientHello: PSK selection rejects a slack-byte identities vector (139.64ms)
[674/873] PASS: acceptClientHello: rejects ClientHello2 that ignores HRR selected group (139.73ms)
[675/873] PASS: acceptClientHello: rejects ClientHello2 with extra key share (139.81ms)
[676/873] PASS: acceptClientHello: HRR sends at most one compatibility ChangeCipherSpec (139.93ms)
[677/873] PASS: acceptClientHello: emits compatibility ChangeCipherSpec for non-empty legacy_session_id (140.05ms)
[678/873] PASS: sendAnonymousFlightForTest: client decrypts EncryptedExtensions and Finished (140.26ms)
[679/873] PASS: sendPreparedServerFlight: credentials and pending write are enforced (140.52ms)
[680/873] PASS: sendPreparedServerFlight: encryption failure preserves handshake write epoch (140.76ms)
[681/873] PASS: sendAuthenticatedFlight: client decrypts authenticated server flight (140.99ms)
[682/873] PASS: sendAuthenticatedFlight: optional client auth sends CertificateRequest (141.22ms)
[683/873] PASS: NewSessionTicket emission derives matching client and server PSKs (141.56ms)
[684/873] PASS: NewSessionTicket emission rejects stale prepared PSK objects (141.88ms)
[685/873] PASS: server-issued NewSessionTicket resumes and can be renewed (142.49ms)
[686/873] PASS: NewSessionTicket emission owns unique bounded nonces (142.90ms)
[687/873] PASS: NewSessionTicket emission enforces write and kTLS ordering (143.22ms)
[688/873] PASS: NewSessionTicket emission preserves state on encoding failure (143.54ms)
[689/873] PASS: discardTicketPsk burns nonce and erases key material (143.85ms)
[690/873] PASS: processClientFinished: optional client auth accepts empty Certificate (144.18ms)
[691/873] PASS: processClientFinished: required client auth rejects empty Certificate (144.50ms)
[692/873] PASS: processClientFinished: required client auth verifies real client Certificate + CV (144.91ms)
[693/873] PASS: processClientFinished: bad client Finished does not retain identity (145.30ms)
[694/873] PASS: processClientFinished: client identity requires caller-owned storage (145.69ms)
[695/873] PASS: processClientFinished: required client auth rejects forged CertificateVerify (146.07ms)
[696/873] PASS: sendAuthenticatedFlight: client processes CertificateVerify and Finished (146.36ms)
[697/873] PASS: processClientFinished: verifies Finished and installs app keys (146.49ms)
[698/873] PASS: public Finished paths reject trailing and non-Finished handshake messages (146.98ms)
[699/873] PASS: handleRecord: rejects disjoint ALPN offers with the required alert (147.04ms)
[700/873] PASS: processClientFinished: rejects a client key above retention capacity (173.76ms)
[701/873] PASS: processClientFinished: rejects bad verify_data (173.90ms)
[702/873] PASS: processClientFinished: rejects EndOfEarlyData when 0-RTT was not accepted (174.02ms)
[703/873] PASS: handleRecord: rejects second plaintext ClientHello before Finished (174.14ms)
[704/873] PASS: handleRecord: rejects protected ClientHello after connected (174.29ms)
[705/873] PASS: handleRecord: rejects client KeyUpdate before Finished (174.41ms)
[706/873] PASS: receiveRecord: RX progresses while a server TX record is pending (174.56ms)
[707/873] PASS: receiveKtlsRecord: server processes kernel-decrypted records (174.71ms)
[708/873] PASS: ratchetKtlsTx: server advances only an idle TX epoch (174.86ms)
[709/873] PASS: handleRecord: client KeyUpdate(update_requested) ratchets rx and responds (175.01ms)
[710/873] PASS: handleRecord: client KeyUpdate(update_not_requested) ratchets rx only (175.15ms)
[711/873] PASS: sendKeyUpdate: server-initiated KeyUpdate encrypts under old key then ratchets tx (175.30ms)
[712/873] PASS: handleRecord: self-initiated sendKeyUpdate response surfaces rx only (175.45ms)
[713/873] PASS: handleRecord: KeyUpdate not at record boundary is rejected (175.58ms)
[714/873] PASS: handleRecord: invalid client KeyUpdate request is rejected (175.72ms)
[715/873] PASS: handleRecord: zero-length encrypted handshake is rejected (175.86ms)
[716/873] PASS: handleRecord: all-zero inner plaintext maps to unexpected_message (176.01ms)
[717/873] PASS: handleRecord: illegal post-handshake inner content type is rejected (176.15ms)
[718/873] PASS: handleRecord: empty application data does not reset post-handshake flood counter (176.29ms)
[719/873] PASS: handleRecord: KeyUpdate flood is rejected (176.62ms)
[720/873] PASS: handleRecord: KeyUpdate flood cap fires despite empty app-data interleaving (176.86ms)
[721/873] PASS: EstablishedSession: struct stays compact against the handshake engine (176.87ms)
[722/873] PASS: extractEstablished: connected events match the handshake engine (177.17ms)
[723/873] PASS: extractEstablished: engine is consumed and immediate deinit is safe (177.30ms)
[724/873] PASS: extractEstablished: moved-from rx/tx are wiped, the session's copies stay live (177.45ms)
[725/873] PASS: extractEstablished: deferred KeyUpdate obligation blocks application writes (177.60ms)
[726/873] PASS: extractEstablished: KeyUpdate flood cap survives extraction and resets on app data (177.84ms)
[727/873] PASS: extractEstablished: KeyUpdate fragment carries across extraction (177.98ms)
[728/873] PASS: extractEstablished: KeyUpdate record-boundary and fragment rules hold (178.12ms)
[729/873] PASS: extractEstablished: close_notify and fatal alerts keep server semantics (178.26ms)
[730/873] PASS: extractEstablished: sendAlert latches and ratchetTx advances the TX epoch (178.41ms)
[731/873] PASS: extractEstablished: SHA-384 suite ratchets and exchanges app data (178.92ms)
[732/873] PASS: extractEstablished: NewSessionTicket is issued before extraction (179.25ms)
[733/873] PASS: key update: simultaneous update_requested remains connected (179.61ms)
[734/873] PASS: fuzz: ServerHandshake.handleRecord rejects arbitrary input (179.65ms)
[735/873] PASS: fuzz: connected ServerHandshake.handleRecord rejects arbitrary input (180.36ms)
[736/873] PASS: application data: server sends and receives (180.52ms)
[737/873] PASS: in-memory authenticated client-server handshake reaches app data (180.84ms)
[738/873] PASS: in-memory authenticated client-server handshake suite matrix (182.32ms)
[739/873] PASS: in-memory KeyUpdate round trip across all cipher suites (183.98ms)
[740/873] PASS: selectPsk: verifies the binder for a matching PSK identity (184.05ms)
[741/873] PASS: selectPsk: returns null when the PSK binder does not verify (184.12ms)
[742/873] PASS: selectPsk: oversized binders_len does not overflow (184.18ms)
[743/873] PASS: PSK offer without psk_key_exchange_modes aborts (184.28ms)
[744/873] PASS: PSK offer with only psk_ke disables resumption and ticket issuance (184.44ms)
[745/873] PASS: client authentication policy declines PSK resumption (184.86ms)
[746/873] PASS: PSK selection skips cipher suites with an incompatible hash (185.34ms)
[747/873] PASS: in-memory PSK resumption reaches app data (185.61ms)
[748/873] PASS: in-memory RFC 10024 PSK resumption matrix reaches app data (189.91ms)
[749/873] PASS: in-memory RFC 10024 PSK resumption survives HRR (194.19ms)
[750/873] PASS: in-memory RFC 10024 SHA-384 PSK resumption survives HRR (201.12ms)
[751/873] PASS: PSK fast-path rejects bare Finished when server did NOT select PSK (201.32ms)
[752/873] PASS: in-memory 0-RTT early data is decrypted by the server (201.61ms)
[753/873] PASS: 0-RTT: accepted early data distinguishes authentication and handshake errors (202.14ms)
[754/873] PASS: 0-RTT: server rejects early data exceeding max_early_data_size (202.32ms)
[755/873] PASS: 0-RTT: max u32 early-data limit rejects bytes beyond remaining budget (202.36ms)
[756/873] PASS: 0-RTT: no PSK selected means early data is skipped and 1-RTT completes (202.70ms)
[757/873] PASS: 0-RTT: declined early records in flight are skipped and 1-RTT completes (202.98ms)
[758/873] PASS: 0-RTT: required client auth declines PSK, skips early data, completes 1-RTT (203.40ms)
[759/873] PASS: 0-RTT: decline skip budget exhaustion aborts the handshake (203.56ms)
[760/873] PASS: 0-RTT: corrupted record after the skip window aborts (203.77ms)
[761/873] PASS: 0-RTT: HRR decline skips in-flight early data and the retry handshake completes (204.17ms)
[762/873] PASS: 0-RTT: default decline-skip budget covers a full max-size early record (204.53ms)
[763/873] PASS: 0-RTT: HRR decline skip budget exhaustion aborts the handshake (204.64ms)
[764/873] PASS: 0-RTT: HRR decline skip rejects malformed application_data records (204.74ms)
[765/873] PASS: 0-RTT: HRR skip window closes at ClientHello2 (204.98ms)
[766/873] PASS: 0-RTT: server declines, client sends no EndOfEarlyData (205.26ms)
[767/873] PASS: 0-RTT: client rejects server-sent EndOfEarlyData (205.31ms)
[768/873] PASS: 0-RTT: processClientFinished rejects Finished before EndOfEarlyData (205.50ms)
[769/873] PASS: preferredHybridShare follows server preference (205.55ms)
[770/873] PASS: in-memory RFC 10024 hybrid group matrix reaches app data (209.94ms)
[771/873] PASS: RFC 10024 hybrid group matrix negotiates through HRR (213.90ms)
[772/873] PASS: hybrid share requires explicit server policy (214.06ms)
[773/873] PASS: in-memory HRR round trip reaches app data (214.39ms)
[774/873] PASS: acceptClientHello: server suite preference (214.50ms)
[775/873] PASS: acceptClientHello: exposes SNI via clientServerName (214.61ms)
[776/873] PASS: acceptClientHello: clientServerName is null when SNI absent (214.72ms)
[777/873] PASS: acceptClientHello: rejects unsupported suite (214.78ms)
[778/873] PASS: acceptClientHello: ignores unknown cipher suites in mixed list (215.02ms)
[779/873] PASS: acceptClientHello: rejects ClientHello with no shared group (215.08ms)
[780/873] PASS: handleRecord: reassembles ClientHello split across records (215.19ms)
[781/873] PASS: handleRecord: reassembles ClientHello with header and body in separate records (215.30ms)
[782/873] PASS: handleRecord: rejects CCS while ClientHello fragment pending (215.36ms)
[783/873] PASS: handleRecord: processes alert while ClientHello fragment pending (215.42ms)
[784/873] PASS: handleRecord: plaintext fatal alert in wait_ch records detail (215.49ms)
[785/873] PASS: handleRecord: unknown alert codes are preserved (215.53ms)
[786/873] PASS: handleRecord: lastPeerAlert replaced by later alert, preserved by close/malformed (215.57ms)
[787/873] PASS: handleRecord: rejects fragmented ClientHello without reassembly buffer (215.63ms)
[788/873] PASS: handleRecord: state reset after invalid fragmented ClientHello (215.74ms)
[789/873] PASS: handleRecord: rejects trailing bytes after fragmented ClientHello (215.85ms)
[790/873] PASS: handleRecord: reassembles ClientHello2 split across records after HRR (215.97ms)
[791/873] PASS: handleRecord: reassembles fragmented client Finished across encrypted records (216.11ms)
[792/873] PASS: handleRecord: rejects interleaved alert during Finished fragment reassembly (216.24ms)
[793/873] PASS: handleRecord: rejects plaintext alert during Finished fragment reassembly (216.36ms)
[794/873] PASS: handleRecord: encrypted fatal alert while waiting for Finished records detail (216.48ms)
[795/873] PASS: handleRecord: rejects plaintext alert while waiting for Finished (216.62ms)
[796/873] PASS: handleRecord: rejects zero-length encrypted handshake while waiting for Finished (216.74ms)
[797/873] PASS: handleRecord: reassembles ClientHello when handshake header is split after 1 byte (216.85ms)
[798/873] PASS: handleRecord: server reassembles 1-byte fragmented KeyUpdate(update_requested) (217.00ms)
[799/873] PASS: handleRecord: fragmented KeyUpdate(update_not_requested) works (217.15ms)
[800/873] PASS: handleRecord: non-KeyUpdate fragment starts are rejected (217.29ms)
[801/873] PASS: handleRecord: KeyUpdate with trailing record bytes is rejected before ratchet (217.43ms)
[802/873] PASS: handleRecord: app-data interleaving during KeyUpdate reassembly is rejected (217.57ms)
[803/873] PASS: receiveApplicationData: app-data interleaving during KeyUpdate reassembly is rejected (217.71ms)
[804/873] PASS: handleRecord: alert interleaving during KeyUpdate reassembly is rejected (217.84ms)
[805/873] PASS: handleRecord: connected close_notify is clean, fatal alert records detail (217.98ms)
[806/873] PASS: handleRecord: zero-length handshake during KeyUpdate reassembly is rejected (218.12ms)
[807/873] PASS: handleRecord: ClientHello body_len 0xFFFFFF rejected without overflow (fast path) (218.16ms)
[808/873] PASS: handleRecord: split-header reassembly body_len 0xFFFFFF rejected without overflow (218.20ms)
[809/873] PASS: deinit leaves caller-owned buffers to the caller (218.36ms)
[810/873] PASS: Writer.append: u8 (218.36ms)
[811/873] PASS: Writer.append: u16 big-endian (218.36ms)
[812/873] PASS: Writer.append: u24 big-endian (218.36ms)
[813/873] PASS: Writer.appendSlice (218.37ms)
[814/873] PASS: Writer.append: enum (218.37ms)
[815/873] PASS: Reader.read: u8 (218.37ms)
[816/873] PASS: Reader.read: u16 big-endian (218.37ms)
[817/873] PASS: Reader.read: enum (218.38ms)
[818/873] PASS: Reader.readSlice: zero-copy (218.38ms)
[819/873] PASS: Reader.read: UnexpectedEof (218.38ms)
[820/873] PASS: Reader assume methods skip bounds checks after caller validation (218.38ms)
[821/873] PASS: Writer.reserve: write directly into buffer (218.38ms)
[822/873] PASS: Writer: sequential appends (218.39ms)
[823/873] PASS: encode and parse NewSessionTicket round trip (218.39ms)
[824/873] PASS: encode validates NewSessionTicket bounds before writing (218.39ms)
[825/873] PASS: parse: valid NewSessionTicket (218.40ms)
[826/873] PASS: parse: captures early_data max_early_data_size (218.40ms)
[827/873] PASS: parse: skips unknown ticket extension (218.40ms)
[828/873] PASS: parse: skips GREASE ticket extension (218.41ms)
[829/873] PASS: parse: rejects duplicate early_data extension (218.41ms)
[830/873] PASS: parse: rejects malformed early_data length (218.41ms)
[831/873] PASS: parse: wrong handshake type (218.41ms)
[832/873] PASS: parse: rejects length mismatch (218.42ms)
[833/873] PASS: parse: rejects empty ticket (218.42ms)
[834/873] PASS: parse: rejects malformed extensions length (218.42ms)
[835/873] PASS: fuzz: parse handles arbitrary input (218.42ms)
[836/873] PASS: encode: empty EncryptedExtensions (218.43ms)
[837/873] PASS: encode: ALPN EncryptedExtensions (218.43ms)
[838/873] PASS: encode: early_data accepted in EncryptedExtensions (218.43ms)
[839/873] PASS: encode: early_data omitted when not accepted (218.43ms)
[840/873] PASS: parse: valid EncryptedExtensions (218.44ms)
[841/873] PASS: parse: ALPN selection (218.44ms)
[842/873] PASS: parse: rejects unsolicited ALPN (218.44ms)
[843/873] PASS: parse: rejects unoffered ALPN (218.44ms)
[844/873] PASS: parse: rejects duplicate ALPN extension (218.45ms)
[845/873] PASS: parse: rejects multiple ALPN protocols (218.45ms)
[846/873] PASS: parse: rejects forbidden supported_versions extension (218.45ms)
[847/873] PASS: parse: rejects forbidden key_share extension (218.45ms)
[848/873] PASS: parse: rejects forbidden heartbeat extension (218.46ms)
[849/873] PASS: parse: rejects GREASE EncryptedExtensions extension (218.46ms)
[850/873] PASS: parse: rejects unknown unsolicited extension (218.46ms)
[851/873] PASS: parse: accepts server_name acknowledgment when SNI offered (218.46ms)
[852/873] PASS: parse: rejects server_name when SNI not offered (218.47ms)
[853/873] PASS: parse: rejects server_name acknowledgment with non-empty extension_data (218.47ms)
[854/873] PASS: parse: rejects unoffered record_size_limit in EncryptedExtensions (218.47ms)
[855/873] PASS: parse: accepts offered record_size_limit in EncryptedExtensions (218.47ms)
[856/873] PASS: parse: rejects malformed record_size_limit in EncryptedExtensions (218.48ms)
[857/873] PASS: parse: ignores supported_groups extension (218.48ms)
[858/873] PASS: parse: wrong handshake type (218.48ms)
[859/873] PASS: parse: truncated (218.48ms)
[860/873] PASS: fuzz: EncryptedExtensions parser with empty and populated offers (218.49ms)
[861/873] PASS: EncryptedExtensions: bounded single-byte mutation sweep (222.43ms)
[862/873] PASS: encode round-trips via parse (222.43ms)
[863/873] PASS: parse rejects wrong handshake type (222.44ms)
[864/873] PASS: parse rejects missing signature_algorithms (222.44ms)
[865/873] PASS: parse rejects duplicate signature_algorithms (222.44ms)
[866/873] PASS: encodedLen is accurate (222.44ms)
[867/873] PASS: verify: wrong verify_data (222.45ms)
[868/873] PASS: verify: wrong handshake type (222.45ms)
[869/873] PASS: encode then verify round-trip (222.45ms)
[870/873] PASS: messageHashSynthetic: SHA-256 header (222.46ms)
[871/873] PASS: messageHashSynthetic: SHA-384 header (222.46ms)
[872/873] PASS: messageHashSynthetic: RFC 8448 §5 ClientHello1 SHA-256 (222.46ms)
[873/873] PASS: fill writes caller buffer (222.47ms)

ztest: 866 passed, 0 failed, 7 skipped (of 873 total) in 1222ms
ALL TESTS PASSED

Build Summary: 8/8 steps succeeded
test success
+- run test success 1s MaxRSS:11M
|  +- compile test Debug native-native success 17s MaxRSS:752M
|     +- options success
+- run exe errq-alloc-check success 241us MaxRSS:2M
|  +- compile exe errq-alloc-check Debug native-native success 1s MaxRSS:247M
|     +- options (reused)
+- run exe encrypted-pem-check success 1ms MaxRSS:5M
   +- compile exe encrypted-pem-check Debug native-native success 1s MaxRSS:267M
      +- options (reused)

NO_COLOR=1 pkg-config --list-all
NO_COLOR=1 pkg-config libcrypto --cflags --libs
/nix/store/4x0z07w3mxafc59b5dirkmllvqhav1i6-zig-0.15.2/bin/zig build-exe -OReleaseFast -target native-native -mcpu apple_m1 --dep benchmark --dep benchmark_root -Mroot=/tmp/ztls-plc-cache/global/p/benchmark-0.1.0-JS72VvXxAACo8j9BYddbkivgNHXIeD1V27013BuCtW-_/src/benchmark_main.zig -OReleaseFast -target native-native -mcpu apple_m1 --dep benchmark_filter -Mbenchmark=/tmp/ztls-plc-cache/global/p/benchmark-0.1.0-JS72VvXxAACo8j9BYddbkivgNHXIeD1V27013BuCtW-_/src/benchmark.zig -I/nix/store/i7ci2wsgajn60hdg1r0hfb6rd628c80y-boringssl-0.20260803.0-dev/include -L/nix/store/wl1laf72imm7l5hljdhqrq9gaflx8lhj-boringssl-0.20260803.0/lib -lcrypto -OReleaseFast -target native-native -mcpu apple_m1 --dep ztls --dep txtar --dep build_options --dep fixtures --dep benchmark -Mbenchmark_root=/Users/matt/code/ztls/src/bench.zig -OReleaseFast -target native-native -mcpu apple_m1 -Mbenchmark_filter=/tmp/ztls-plc-cache/global/p/benchmark-0.1.0-JS72VvXxAACo8j9BYddbkivgNHXIeD1V27013BuCtW-_/src/filter.zig -I/nix/store/i7ci2wsgajn60hdg1r0hfb6rd628c80y-boringssl-0.20260803.0-dev/include -ODebug -target native-native -mcpu apple_m1 --dep build_options=build_options0 -Mztls=/Users/matt/code/ztls/src/root.zig -ODebug -target native-native -mcpu apple_m1 -Mtxtar=/tmp/ztls-plc-cache/global/p/txtar-0.1.0-RyJLBJ5rAABCV5lD0YSt048wd3l9Nk9a4_TnEnm0MZ9P/src/root.zig -Mbuild_options=/tmp/tmp.3tpjAzECiz/c/5f561f0723d3bca47c7861e3338782bd/options.zig -ODebug -target native-native -mcpu apple_m1 -Mfixtures=/Users/matt/code/ztls/tests/fixtures/fixtures.zig -Mbuild_options0=/tmp/tmp.3tpjAzECiz/c/5f561f0723d3bca47c7861e3338782bd/options.zig -lc --cache-dir /tmp/tmp.3tpjAzECiz --global-cache-dir /tmp/ztls-plc-cache/global --name benchmark --zig-lib-dir /nix/store/4x0z07w3mxafc59b5dirkmllvqhav1i6-zig-0.15.2/lib/zig/ --listen=-
install -C /tmp/tmp.3tpjAzECiz/o/ff07e429cdaaf5f7bf62b6a2afd50d92/benchmark /Users/matt/code/ztls/zig-out/bin/benchmark

Build Summary: 4/4 steps succeeded
bench-bin success
+- install benchmark success
   +- compile exe benchmark ReleaseFast native-native success 15s MaxRSS:529M
      +- options cached
      +- options (reused)

[client] ClientHello sent → state=wait_sh
[server] ServerHello sent → state=wait_client_finished
[client] handshake keys installed → state=wait_ee
[server] authenticated flight sent → state=wait_client_finished
[client] Finished sent → state=connected
[server] client Finished verified → state=connected

=== handshake complete (ALPN=h2) ===

[app]    client → server: ping
[app]    server → client: pong

=== in-memory handshake OK ===

Build Summary: 4/4 steps succeeded
example-in_memory_handshake success
+- run exe in_memory_handshake success 1ms MaxRSS:7M
   +- compile exe in_memory_handshake Debug native-native success 3s MaxRSS:429M
      +- options cached

install -C /tmp/ztls-plc-cache/global/p/N-V-__8AAACiugX9TDNHS4gUMmDdAre7aDQZEvrSeorGViEk/TLS-Anvil.jar /Users/matt/code/ztls/conformance/zig-out/tools/TLS-Anvil.jar
install -C /tmp/ztls-plc-cache/global/p/N-V-__8AAACiugX9TDNHS4gUMmDdAre7aDQZEvrSeorGViEk/lib/tls-test-framework-1.5.0.jar /Users/matt/code/ztls/conformance/zig-out/tools/lib/tls-test-framework-1.5.0.jar
install -C /tmp/ztls-plc-cache/global/p/N-V-__8AAACiugX9TDNHS4gUMmDdAre7aDQZEvrSeorGViEk/lib/junit-jupiter-engine-5.13.4.jar /Users/matt/code/ztls/conformance/zig-out/tools/lib/junit-jupiter-engine-5.13.4.jar
install -C /tmp/ztls-plc-cache/global/p/N-V-__8AAACiugX9TDNHS4gUMmDdAre7aDQZEvrSeorGViEk/lib/netty-codec-http-4.2.4.Final.jar /Users/matt/code/ztls/conformance/zig-out/tools/lib/netty-codec-http-4.2.4.Final.jar
install -C /tmp/ztls-plc-cache/global/p/N-V-__8AAACiugX9TDNHS4gUMmDdAre7aDQZEvrSeorGViEk/lib/netty-transport-4.2.4.Final.jar /Users/matt/code/ztls/conformance/zig-out/tools/lib/netty-transport-4.2.4.Final.jar
install -C /tmp/ztls-plc-cache/global/p/N-V-__8AAACiugX9TDNHS4gUMmDdAre7aDQZEvrSeorGViEk/lib/joda-time-2.14.0.jar /Users/matt/code/ztls/conformance/zig-out/tools/lib/joda-time-2.14.0.jar
install -C /tmp/ztls-plc-cache/global/p/N-V-__8AAACiugX9TDNHS4gUMmDdAre7aDQZEvrSeorGViEk/lib/automaton-1.11-8.jar /Users/matt/code/ztls/conformance/zig-out/tools/lib/automaton-1.11-8.jar
install -C /tmp/ztls-plc-cache/global/p/N-V-__8AAACiugX9TDNHS4gUMmDdAre7aDQZEvrSeorGViEk/lib/junit-platform-engine-1.13.4.jar /Users/matt/code/ztls/conformance/zig-out/tools/lib/junit-platform-engine-1.13.4.jar
install -C /tmp/ztls-plc-cache/global/p/N-V-__8AAACiugX9TDNHS4gUMmDdAre7aDQZEvrSeorGViEk/lib/commons-compress-1.28.0.jar /Users/matt/code/ztls/conformance/zig-out/tools/lib/commons-compress-1.28.0.jar
install -C /tmp/ztls-plc-cache/global/p/N-V-__8AAACiugX9TDNHS4gUMmDdAre7aDQZEvrSeorGViEk/lib/guava-33.4.8-jre.jar /Users/matt/code/ztls/conformance/zig-out/tools/lib/guava-33.4.8-jre.jar
NO_COLOR=1 pkg-config --list-all
install -C /tmp/ztls-plc-cache/global/p/N-V-__8AAACiugX9TDNHS4gUMmDdAre7aDQZEvrSeorGViEk/lib/netty-transport-native-kqueue-4.2.4.Final-osx-x86_64.jar /Users/matt/code/ztls/conformance/zig-out/tools/lib/netty-transport-native-kqueue-4.2.4.Final-osx-x86_64.jar
install -C /tmp/ztls-plc-cache/global/p/N-V-__8AAACiugX9TDNHS4gUMmDdAre7aDQZEvrSeorGViEk/lib/bcutil-jdk18on-1.81.1.jar /Users/matt/code/ztls/conformance/zig-out/tools/lib/bcutil-jdk18on-1.81.1.jar
install -C /tmp/ztls-plc-cache/global/p/N-V-__8AAACiugX9TDNHS4gUMmDdAre7aDQZEvrSeorGViEk/lib/netty-handler-4.2.4.Final.jar /Users/matt/code/ztls/conformance/zig-out/tools/lib/netty-handler-4.2.4.Final.jar
NO_COLOR=1 pkg-config --list-all
install -C /tmp/ztls-plc-cache/global/p/N-V-__8AAACiugX9TDNHS4gUMmDdAre7aDQZEvrSeorGViEk/lib/netty-common-4.2.4.Final.jar /Users/matt/code/ztls/conformance/zig-out/tools/lib/netty-common-4.2.4.Final.jar
install -C /tmp/ztls-plc-cache/global/p/N-V-__8AAACiugX9TDNHS4gUMmDdAre7aDQZEvrSeorGViEk/lib/jackson-dataformat-yaml-2.20.0.jar /Users/matt/code/ztls/conformance/zig-out/tools/lib/jackson-dataformat-yaml-2.20.0.jar
install -C /tmp/ztls-plc-cache/global/p/N-V-__8AAACiugX9TDNHS4gUMmDdAre7aDQZEvrSeorGViEk/lib/jheaps-0.11.jar /Users/matt/code/ztls/conformance/zig-out/tools/lib/jheaps-0.11.jar
install -C /tmp/ztls-plc-cache/global/p/N-V-__8AAACiugX9TDNHS4gUMmDdAre7aDQZEvrSeorGViEk/lib/netty-transport-native-unix-common-4.2.4.Final.jar /Users/matt/code/ztls/conformance/zig-out/tools/lib/netty-transport-native-unix-common-4.2.4.Final.jar
install -C /tmp/ztls-plc-cache/global/p/N-V-__8AAACiugX9TDNHS4gUMmDdAre7aDQZEvrSeorGViEk/lib/docker-java-transport-3.6.0.jar /Users/matt/code/ztls/conformance/zig-out/tools/lib/docker-java-transport-3.6.0.jar
install -C /tmp/ztls-plc-cache/global/p/N-V-__8AAACiugX9TDNHS4gUMmDdAre7aDQZEvrSeorGViEk/lib/error_prone_annotations-2.36.0.jar /Users/matt/code/ztls/conformance/zig-out/tools/lib/error_prone_annotations-2.36.0.jar
install -C /tmp/ztls-plc-cache/global/p/N-V-__8AAACiugX9TDNHS4gUMmDdAre7aDQZEvrSeorGViEk/lib/jackson-databind-2.20.0.jar /Users/matt/code/ztls/conformance/zig-out/tools/lib/jackson-databind-2.20.0.jar
install -C /tmp/ztls-plc-cache/global/p/N-V-__8AAACiugX9TDNHS4gUMmDdAre7aDQZEvrSeorGViEk/lib/jersey-apache-connector-2.47.jar /Users/matt/code/ztls/conformance/zig-out/tools/lib/jersey-apache-connector-2.47.jar
install -C /tmp/ztls-plc-cache/global/p/N-V-__8AAACiugX9TDNHS4gUMmDdAre7aDQZEvrSeorGViEk/lib/jackson-datatype-joda-2.20.0.jar /Users/matt/code/ztls/conformance/zig-out/tools/lib/jackson-datatype-joda-2.20.0.jar
install -C /tmp/ztls-plc-cache/global/p/N-V-__8AAACiugX9TDNHS4gUMmDdAre7aDQZEvrSeorGViEk/lib/javassist-3.28.0-GA.jar /Users/matt/code/ztls/conformance/zig-out/tools/lib/javassist-3.28.0-GA.jar
install -C /tmp/ztls-plc-cache/global/p/N-V-__8AAACiugX9TDNHS4gUMmDdAre7aDQZEvrSeorGViEk/lib/tls-docker-library-3.2.2.jar /Users/matt/code/ztls/conformance/zig-out/tools/lib/tls-docker-library-3.2.2.jar
install -C /tmp/ztls-plc-cache/global/p/N-V-__8AAACiugX9TDNHS4gUMmDdAre7aDQZEvrSeorGViEk/lib/osgi-resource-locator-1.0.3.jar /Users/matt/code/ztls/conformance/zig-out/tools/lib/osgi-resource-locator-1.0.3.jar
install -C /tmp/ztls-plc-cache/global/p/N-V-__8AAACiugX9TDNHS4gUMmDdAre7aDQZEvrSeorGViEk/lib/log4j-bom-2.24.3.pom /Users/matt/code/ztls/conformance/zig-out/tools/lib/log4j-bom-2.24.3.pom
install -C /tmp/ztls-plc-cache/global/p/N-V-__8AAACiugX9TDNHS4gUMmDdAre7aDQZEvrSeorGViEk/lib/asn1-attacker-4.2.3.jar /Users/matt/code/ztls/conformance/zig-out/tools/lib/asn1-attacker-4.2.3.jar
install -C /tmp/ztls-plc-cache/global/p/N-V-__8AAACiugX9TDNHS4gUMmDdAre7aDQZEvrSeorGViEk/lib/jackson-core-2.20.0.jar /Users/matt/code/ztls/conformance/zig-out/tools/lib/jackson-core-2.20.0.jar
install -C /tmp/ztls-plc-cache/global/p/N-V-__8AAACiugX9TDNHS4gUMmDdAre7aDQZEvrSeorGViEk/lib/dnsjava-3.6.3.jar /Users/matt/code/ztls/conformance/zig-out/tools/lib/dnsjava-3.6.3.jar
install -C /tmp/ztls-plc-cache/global/p/N-V-__8AAACiugX9TDNHS4gUMmDdAre7aDQZEvrSeorGViEk/lib/jaxb-runtime-4.0.5.jar /Users/matt/code/ztls/conformance/zig-out/tools/lib/jaxb-runtime-4.0.5.jar
install -C /tmp/ztls-plc-cache/global/p/N-V-__8AAACiugX9TDNHS4gUMmDdAre7aDQZEvrSeorGViEk/lib/listenablefuture-9999.0-empty-to-avoid-conflict-with-guava.jar /Users/matt/code/ztls/conformance/zig-out/tools/lib/listenablefuture-9999.0-empty-to-avoid-conflict-with-guava.jar
install -C /tmp/ztls-plc-cache/global/p/N-V-__8AAACiugX9TDNHS4gUMmDdAre7aDQZEvrSeorGViEk/lib/docker-java-3.6.0.jar /Users/matt/code/ztls/conformance/zig-out/tools/lib/docker-java-3.6.0.jar
install -C /tmp/ztls-plc-cache/global/p/N-V-__8AAACiugX9TDNHS4gUMmDdAre7aDQZEvrSeorGViEk/lib/siv-mode-1.6.1.jar /Users/matt/code/ztls/conformance/zig-out/tools/lib/siv-mode-1.6.1.jar
install -C /tmp/ztls-plc-cache/global/p/N-V-__8AAACiugX9TDNHS4gUMmDdAre7aDQZEvrSeorGViEk/lib/bctls-jdk18on-1.81.jar /Users/matt/code/ztls/conformance/zig-out/tools/lib/bctls-jdk18on-1.81.jar
install -C /tmp/ztls-plc-cache/global/p/N-V-__8AAACiugX9TDNHS4gUMmDdAre7aDQZEvrSeorGViEk/lib/log4j-slf4j-impl-2.25.1.jar /Users/matt/code/ztls/conformance/zig-out/tools/lib/log4j-slf4j-impl-2.25.1.jar
install -C /tmp/ztls-plc-cache/global/p/N-V-__8AAACiugX9TDNHS4gUMmDdAre7aDQZEvrSeorGViEk/lib/j2objc-annotations-3.0.0.jar /Users/matt/code/ztls/conformance/zig-out/tools/lib/j2objc-annotations-3.0.0.jar
install -C /tmp/ztls-plc-cache/global/p/N-V-__8AAACiugX9TDNHS4gUMmDdAre7aDQZEvrSeorGViEk/lib/netty-codec-base-4.2.4.Final.jar /Users/matt/code/ztls/conformance/zig-out/tools/lib/netty-codec-base-4.2.4.Final.jar
install -C /tmp/ztls-plc-cache/global/p/N-V-__8AAACiugX9TDNHS4gUMmDdAre7aDQZEvrSeorGViEk/lib/tls-server-scanner-7.4.0.jar /Users/matt/code/ztls/conformance/zig-out/tools/lib/tls-server-scanner-7.4.0.jar
install -C /tmp/ztls-plc-cache/global/p/N-V-__8AAACiugX9TDNHS4gUMmDdAre7aDQZEvrSeorGViEk/lib/commons-math3-3.6.1.jar /Users/matt/code/ztls/conformance/zig-out/tools/lib/commons-math3-3.6.1.jar
install -C /tmp/ztls-plc-cache/global/p/N-V-__8AAACiugX9TDNHS4gUMmDdAre7aDQZEvrSeorGViEk/lib/jna-5.18.1.jar /Users/matt/code/ztls/conformance/zig-out/tools/lib/jna-5.18.1.jar
install -C /tmp/ztls-plc-cache/global/p/N-V-__8AAACiugX9TDNHS4gUMmDdAre7aDQZEvrSeorGViEk/lib/tls-client-scanner-7.4.0.jar /Users/matt/code/ztls/conformance/zig-out/tools/lib/tls-client-scanner-7.4.0.jar
install -C /tmp/ztls-plc-cache/global/p/N-V-__8AAACiugX9TDNHS4gUMmDdAre7aDQZEvrSeorGViEk/lib/docker-java-transport-jersey-3.6.0.jar /Users/matt/code/ztls/conformance/zig-out/tools/lib/docker-java-transport-jersey-3.6.0.jar
install -C /tmp/ztls-plc-cache/global/p/N-V-__8AAACiugX9TDNHS4gUMmDdAre7aDQZEvrSeorGViEk/lib/log4j-api-2.25.1.jar /Users/matt/code/ztls/conformance/zig-out/tools/lib/log4j-api-2.25.1.jar
install -C /tmp/ztls-plc-cache/global/p/N-V-__8AAACiugX9TDNHS4gUMmDdAre7aDQZEvrSeorGViEk/lib/JLargeArrays-1.5.jar /Users/matt/code/ztls/conformance/zig-out/tools/lib/JLargeArrays-1.5.jar
install -C /tmp/ztls-plc-cache/global/p/N-V-__8AAACiugX9TDNHS4gUMmDdAre7aDQZEvrSeorGViEk/lib/jsonschema-module-jackson-4.38.0.jar /Users/matt/code/ztls/conformance/zig-out/tools/lib/jsonschema-module-jackson-4.38.0.jar
install -C /tmp/ztls-plc-cache/global/p/N-V-__8AAACiugX9TDNHS4gUMmDdAre7aDQZEvrSeorGViEk/lib/jakarta.activation-api-2.1.3.jar /Users/matt/code/ztls/conformance/zig-out/tools/lib/jakarta.activation-api-2.1.3.jar
install -C /tmp/ztls-plc-cache/global/p/N-V-__8AAACiugX9TDNHS4gUMmDdAre7aDQZEvrSeorGViEk/lib/netty-buffer-4.2.4.Final.jar /Users/matt/code/ztls/conformance/zig-out/tools/lib/netty-buffer-4.2.4.Final.jar
install -C /tmp/ztls-plc-cache/global/p/N-V-__8AAACiugX9TDNHS4gUMmDdAre7aDQZEvrSeorGViEk/lib/anvil-core-2.3.4.jar /Users/matt/code/ztls/conformance/zig-out/tools/lib/anvil-core-2.3.4.jar
install -C /tmp/ztls-plc-cache/global/p/N-V-__8AAACiugX9TDNHS4gUMmDdAre7aDQZEvrSeorGViEk/lib/terminal-utils-1.0.0.jar /Users/matt/code/ztls/conformance/zig-out/tools/lib/terminal-utils-1.0.0.jar
install -C /tmp/ztls-plc-cache/global/p/N-V-__8AAACiugX9TDNHS4gUMmDdAre7aDQZEvrSeorGViEk/lib/choco-solver-4.10.18.jar /Users/matt/code/ztls/conformance/zig-out/tools/lib/choco-solver-4.10.18.jar
install -C /tmp/ztls-plc-cache/global/p/N-V-__8AAACiugX9TDNHS4gUMmDdAre7aDQZEvrSeorGViEk/lib/commons-text-1.14.0.jar /Users/matt/code/ztls/conformance/zig-out/tools/lib/commons-text-1.14.0.jar
install -C /tmp/ztls-plc-cache/global/p/N-V-__8AAACiugX9TDNHS4gUMmDdAre7aDQZEvrSeorGViEk/lib/pcap4j-core-1.8.2.jar /Users/matt/code/ztls/conformance/zig-out/tools/lib/pcap4j-core-1.8.2.jar
install -C /tmp/ztls-plc-cache/global/p/N-V-__8AAACiugX9TDNHS4gUMmDdAre7aDQZEvrSeorGViEk/lib/junit-jupiter-5.13.4.jar /Users/matt/code/ztls/conformance/zig-out/tools/lib/junit-jupiter-5.13.4.jar
install -C /tmp/ztls-plc-cache/global/p/N-V-__8AAACiugX9TDNHS4gUMmDdAre7aDQZEvrSeorGViEk/lib/netty-resolver-4.2.4.Final.jar /Users/matt/code/ztls/conformance/zig-out/tools/lib/netty-resolver-4.2.4.Final.jar
install -C /tmp/ztls-plc-cache/global/p/N-V-__8AAACiugX9TDNHS4gUMmDdAre7aDQZEvrSeorGViEk/lib/classmate-1.7.0.jar /Users/matt/code/ztls/conformance/zig-out/tools/lib/classmate-1.7.0.jar
install -C /tmp/ztls-plc-cache/global/p/N-V-__8AAACiugX9TDNHS4gUMmDdAre7aDQZEvrSeorGViEk/lib/txw2-4.0.5.jar /Users/matt/code/ztls/conformance/zig-out/tools/lib/txw2-4.0.5.jar
install -C /tmp/ztls-plc-cache/global/p/N-V-__8AAACiugX9TDNHS4gUMmDdAre7aDQZEvrSeorGViEk/lib/junixsocket-common-2.10.1.jar /Users/matt/code/ztls/conformance/zig-out/tools/lib/junixsocket-common-2.10.1.jar
install -C /tmp/ztls-plc-cache/global/p/N-V-__8AAACiugX9TDNHS4gUMmDdAre7aDQZEvrSeorGViEk/lib/scanner-core-6.3.0.jar /Users/matt/code/ztls/conformance/zig-out/tools/lib/scanner-core-6.3.0.jar
install -C /tmp/ztls-plc-cache/global/p/N-V-__8AAACiugX9TDNHS4gUMmDdAre7aDQZEvrSeorGViEk/lib/junit-4.10.jar /Users/matt/code/ztls/conformance/zig-out/tools/lib/junit-4.10.jar
install -C /tmp/ztls-plc-cache/global/p/N-V-__8AAACiugX9TDNHS4gUMmDdAre7aDQZEvrSeorGViEk/lib/log4j-jul-2.25.1.jar /Users/matt/code/ztls/conformance/zig-out/tools/lib/log4j-jul-2.25.1.jar
install -C /tmp/ztls-plc-cache/global/p/N-V-__8AAACiugX9TDNHS4gUMmDdAre7aDQZEvrSeorGViEk/lib/jersey-client-2.47.jar /Users/matt/code/ztls/conformance/zig-out/tools/lib/jersey-client-2.47.jar
install -C /tmp/ztls-plc-cache/global/p/N-V-__8AAACiugX9TDNHS4gUMmDdAre7aDQZEvrSeorGViEk/lib/commons-io-2.20.0.jar /Users/matt/code/ztls/conformance/zig-out/tools/lib/commons-io-2.20.0.jar
install -C /tmp/ztls-plc-cache/global/p/N-V-__8AAACiugX9TDNHS4gUMmDdAre7aDQZEvrSeorGViEk/lib/coffee4j-anvil-junit-jupiter-2.0.1.jar /Users/matt/code/ztls/conformance/zig-out/tools/lib/coffee4j-anvil-junit-jupiter-2.0.1.jar
install -C /tmp/ztls-plc-cache/global/p/N-V-__8AAACiugX9TDNHS4gUMmDdAre7aDQZEvrSeorGViEk/lib/jersey-hk2-2.47.jar /Users/matt/code/ztls/conformance/zig-out/tools/lib/jersey-hk2-2.47.jar
install -C /tmp/ztls-plc-cache/global/p/N-V-__8AAACiugX9TDNHS4gUMmDdAre7aDQZEvrSeorGViEk/lib/jackson-annotations-2.20.jar /Users/matt/code/ztls/conformance/zig-out/tools/lib/jackson-annotations-2.20.jar
install -C /tmp/ztls-plc-cache/global/p/N-V-__8AAACiugX9TDNHS4gUMmDdAre7aDQZEvrSeorGViEk/lib/json-simple-1.1.1.jar /Users/matt/code/ztls/conformance/zig-out/tools/lib/json-simple-1.1.1.jar
install -C /tmp/ztls-plc-cache/global/p/N-V-__8AAACiugX9TDNHS4gUMmDdAre7aDQZEvrSeorGViEk/lib/jakarta.inject-2.6.1.jar /Users/matt/code/ztls/conformance/zig-out/tools/lib/jakarta.inject-2.6.1.jar
install -C /tmp/ztls-plc-cache/global/p/N-V-__8AAACiugX9TDNHS4gUMmDdAre7aDQZEvrSeorGViEk/lib/junit-jupiter-params-5.13.4.jar /Users/matt/code/ztls/conformance/zig-out/tools/lib/junit-jupiter-params-5.13.4.jar
install -C /tmp/ztls-plc-cache/global/p/N-V-__8AAACiugX9TDNHS4gUMmDdAre7aDQZEvrSeorGViEk/lib/modifiable-variable-5.3.0.jar /Users/matt/code/ztls/conformance/zig-out/tools/lib/modifiable-variable-5.3.0.jar
install -C /tmp/ztls-plc-cache/global/p/N-V-__8AAACiugX9TDNHS4gUMmDdAre7aDQZEvrSeorGViEk/lib/jersey-common-2.47.jar /Users/matt/code/ztls/conformance/zig-out/tools/lib/jersey-common-2.47.jar
install -C /tmp/ztls-plc-cache/global/p/N-V-__8AAACiugX9TDNHS4gUMmDdAre7aDQZEvrSeorGViEk/lib/sizeof-0.4.3.jar /Users/matt/code/ztls/conformance/zig-out/tools/lib/sizeof-0.4.3.jar
install -C /tmp/ztls-plc-cache/global/p/N-V-__8AAACiugX9TDNHS4gUMmDdAre7aDQZEvrSeorGViEk/lib/jakarta.ws.rs-api-2.1.6.jar /Users/matt/code/ztls/conformance/zig-out/tools/lib/jakarta.ws.rs-api-2.1.6.jar
install -C /tmp/ztls-plc-cache/global/p/N-V-__8AAACiugX9TDNHS4gUMmDdAre7aDQZEvrSeorGViEk/lib/junit-platform-commons-1.13.4.jar /Users/matt/code/ztls/conformance/zig-out/tools/lib/junit-platform-commons-1.13.4.jar
install -C /tmp/ztls-plc-cache/global/p/N-V-__8AAACiugX9TDNHS4gUMmDdAre7aDQZEvrSeorGViEk/lib/JTransforms-3.1.jar /Users/matt/code/ztls/conformance/zig-out/tools/lib/JTransforms-3.1.jar
install -C /tmp/ztls-plc-cache/global/p/N-V-__8AAACiugX9TDNHS4gUMmDdAre7aDQZEvrSeorGViEk/lib/netty-transport-native-epoll-4.2.4.Final-linux-x86_64.jar /Users/matt/code/ztls/conformance/zig-out/tools/lib/netty-transport-native-epoll-4.2.4.Final-linux-x86_64.jar
install -C /tmp/ztls-plc-cache/global/p/N-V-__8AAACiugX9TDNHS4gUMmDdAre7aDQZEvrSeorGViEk/lib/httpcore5-5.3.4.jar /Users/matt/code/ztls/conformance/zig-out/tools/lib/httpcore5-5.3.4.jar
install -C /tmp/ztls-plc-cache/global/p/N-V-__8AAACiugX9TDNHS4gUMmDdAre7aDQZEvrSeorGViEk/lib/netty-codec-socks-4.2.4.Final.jar /Users/matt/code/ztls/conformance/zig-out/tools/lib/netty-codec-socks-4.2.4.Final.jar
install -C /tmp/ztls-plc-cache/global/p/N-V-__8AAACiugX9TDNHS4gUMmDdAre7aDQZEvrSeorGViEk/lib/netty-codec-compression-4.2.4.Final.jar /Users/matt/code/ztls/conformance/zig-out/tools/lib/netty-codec-compression-4.2.4.Final.jar
install -C /tmp/ztls-plc-cache/global/p/N-V-__8AAACiugX9TDNHS4gUMmDdAre7aDQZEvrSeorGViEk/lib/aopalliance-repackaged-2.6.1.jar /Users/matt/code/ztls/conformance/zig-out/tools/lib/aopalliance-repackaged-2.6.1.jar
install -C /tmp/ztls-plc-cache/global/p/N-V-__8AAACiugX9TDNHS4gUMmDdAre7aDQZEvrSeorGViEk/lib/docker-java-api-3.6.0.jar /Users/matt/code/ztls/conformance/zig-out/tools/lib/docker-java-api-3.6.0.jar
install -C /tmp/ztls-plc-cache/global/p/N-V-__8AAACiugX9TDNHS4gUMmDdAre7aDQZEvrSeorGViEk/lib/slf4j-api-1.7.32.jar /Users/matt/code/ztls/conformance/zig-out/tools/lib/slf4j-api-1.7.32.jar
install -C /tmp/ztls-plc-cache/global/p/N-V-__8AAACiugX9TDNHS4gUMmDdAre7aDQZEvrSeorGViEk/lib/commons-codec-1.19.0.jar /Users/matt/code/ztls/conformance/zig-out/tools/lib/commons-codec-1.19.0.jar
install -C /tmp/ztls-plc-cache/global/p/N-V-__8AAACiugX9TDNHS4gUMmDdAre7aDQZEvrSeorGViEk/lib/bcprov-jdk18on-1.81.jar /Users/matt/code/ztls/conformance/zig-out/tools/lib/bcprov-jdk18on-1.81.jar
install -C /tmp/ztls-plc-cache/global/p/N-V-__8AAACiugX9TDNHS4gUMmDdAre7aDQZEvrSeorGViEk/lib/commons-lang3-3.18.0.jar /Users/matt/code/ztls/conformance/zig-out/tools/lib/commons-lang3-3.18.0.jar
install -C /tmp/ztls-plc-cache/global/p/N-V-__8AAACiugX9TDNHS4gUMmDdAre7aDQZEvrSeorGViEk/lib/tls-core-7.7.0.jar /Users/matt/code/ztls/conformance/zig-out/tools/lib/tls-core-7.7.0.jar
install -C /tmp/ztls-plc-cache/global/p/N-V-__8AAACiugX9TDNHS4gUMmDdAre7aDQZEvrSeorGViEk/lib/failureaccess-1.0.3.jar /Users/matt/code/ztls/conformance/zig-out/tools/lib/failureaccess-1.0.3.jar
install -C /tmp/ztls-plc-cache/global/p/N-V-__8AAACiugX9TDNHS4gUMmDdAre7aDQZEvrSeorGViEk/lib/httpclient5-5.5.jar /Users/matt/code/ztls/conformance/zig-out/tools/lib/httpclient5-5.5.jar
install -C /tmp/ztls-plc-cache/global/p/N-V-__8AAACiugX9TDNHS4gUMmDdAre7aDQZEvrSeorGViEk/lib/jsoup-1.22.2.jar /Users/matt/code/ztls/conformance/zig-out/tools/lib/jsoup-1.22.2.jar
install -C /tmp/ztls-plc-cache/global/p/N-V-__8AAACiugX9TDNHS4gUMmDdAre7aDQZEvrSeorGViEk/lib/x509-attacker-4.3.10.jar /Users/matt/code/ztls/conformance/zig-out/tools/lib/x509-attacker-4.3.10.jar
install -C /tmp/ztls-plc-cache/global/p/N-V-__8AAACiugX9TDNHS4gUMmDdAre7aDQZEvrSeorGViEk/lib/httpcore5-h2-5.3.4.jar /Users/matt/code/ztls/conformance/zig-out/tools/lib/httpcore5-h2-5.3.4.jar
install -C /tmp/ztls-plc-cache/global/p/N-V-__8AAACiugX9TDNHS4gUMmDdAre7aDQZEvrSeorGViEk/lib/utils-7.7.0.jar /Users/matt/code/ztls/conformance/zig-out/tools/lib/utils-7.7.0.jar
install -C /tmp/ztls-plc-cache/global/p/N-V-__8AAACiugX9TDNHS4gUMmDdAre7aDQZEvrSeorGViEk/lib/junit-platform-launcher-1.13.4.jar /Users/matt/code/ztls/conformance/zig-out/tools/lib/junit-platform-launcher-1.13.4.jar
install -C /tmp/ztls-plc-cache/global/p/N-V-__8AAACiugX9TDNHS4gUMmDdAre7aDQZEvrSeorGViEk/lib/jakarta.xml.bind-api-4.0.2.jar /Users/matt/code/ztls/conformance/zig-out/tools/lib/jakarta.xml.bind-api-4.0.2.jar
install -C /tmp/ztls-plc-cache/global/p/N-V-__8AAACiugX9TDNHS4gUMmDdAre7aDQZEvrSeorGViEk/lib/log4j-iostreams-2.25.1.jar /Users/matt/code/ztls/conformance/zig-out/tools/lib/log4j-iostreams-2.25.1.jar
install -C /tmp/ztls-plc-cache/global/p/N-V-__8AAACiugX9TDNHS4gUMmDdAre7aDQZEvrSeorGViEk/lib/transport-7.7.0.jar /Users/matt/code/ztls/conformance/zig-out/tools/lib/transport-7.7.0.jar
install -C /tmp/ztls-plc-cache/global/p/N-V-__8AAACiugX9TDNHS4gUMmDdAre7aDQZEvrSeorGViEk/lib/bcpkix-jdk18on-1.81.jar /Users/matt/code/ztls/conformance/zig-out/tools/lib/bcpkix-jdk18on-1.81.jar
install -C /tmp/ztls-plc-cache/global/p/N-V-__8AAACiugX9TDNHS4gUMmDdAre7aDQZEvrSeorGViEk/lib/httpclient-4.5.12.jar /Users/matt/code/ztls/conformance/zig-out/tools/lib/httpclient-4.5.12.jar
install -C /tmp/ztls-plc-cache/global/p/N-V-__8AAACiugX9TDNHS4gUMmDdAre7aDQZEvrSeorGViEk/lib/jcl-over-slf4j-1.7.30.jar /Users/matt/code/ztls/conformance/zig-out/tools/lib/jcl-over-slf4j-1.7.30.jar
install -C /tmp/ztls-plc-cache/global/p/N-V-__8AAACiugX9TDNHS4gUMmDdAre7aDQZEvrSeorGViEk/lib/jsr305-3.0.2.jar /Users/matt/code/ztls/conformance/zig-out/tools/lib/jsr305-3.0.2.jar
install -C /tmp/ztls-plc-cache/global/p/N-V-__8AAACiugX9TDNHS4gUMmDdAre7aDQZEvrSeorGViEk/lib/opentest4j-1.3.0.jar /Users/matt/code/ztls/conformance/zig-out/tools/lib/opentest4j-1.3.0.jar
install -C /tmp/ztls-plc-cache/global/p/N-V-__8AAACiugX9TDNHS4gUMmDdAre7aDQZEvrSeorGViEk/lib/hk2-utils-2.6.1.jar /Users/matt/code/ztls/conformance/zig-out/tools/lib/hk2-utils-2.6.1.jar
install -C /tmp/ztls-plc-cache/global/p/N-V-__8AAACiugX9TDNHS4gUMmDdAre7aDQZEvrSeorGViEk/lib/trove4j-3.0.3.jar /Users/matt/code/ztls/conformance/zig-out/tools/lib/trove4j-3.0.3.jar
install -C /tmp/ztls-plc-cache/global/p/N-V-__8AAACiugX9TDNHS4gUMmDdAre7aDQZEvrSeorGViEk/lib/fastutil-8.5.15.jar /Users/matt/code/ztls/conformance/zig-out/tools/lib/fastutil-8.5.15.jar
install -C /tmp/ztls-plc-cache/global/p/N-V-__8AAACiugX9TDNHS4gUMmDdAre7aDQZEvrSeorGViEk/lib/jcommander-1.82.jar /Users/matt/code/ztls/conformance/zig-out/tools/lib/jcommander-1.82.jar
install -C /tmp/ztls-plc-cache/global/p/N-V-__8AAACiugX9TDNHS4gUMmDdAre7aDQZEvrSeorGViEk/lib/tls-scanner-core-7.4.0.jar /Users/matt/code/ztls/conformance/zig-out/tools/lib/tls-scanner-core-7.4.0.jar
install -C /tmp/ztls-plc-cache/global/p/N-V-__8AAACiugX9TDNHS4gUMmDdAre7aDQZEvrSeorGViEk/lib/protocol-attacker-2.2.2.jar /Users/matt/code/ztls/conformance/zig-out/tools/lib/protocol-attacker-2.2.2.jar
install -C /tmp/ztls-plc-cache/global/p/N-V-__8AAACiugX9TDNHS4gUMmDdAre7aDQZEvrSeorGViEk/lib/jsonschema-generator-4.38.0.jar /Users/matt/code/ztls/conformance/zig-out/tools/lib/jsonschema-generator-4.38.0.jar
install -C /tmp/ztls-plc-cache/global/p/N-V-__8AAACiugX9TDNHS4gUMmDdAre7aDQZEvrSeorGViEk/lib/junit-jupiter-api-5.13.4.jar /Users/matt/code/ztls/conformance/zig-out/tools/lib/junit-jupiter-api-5.13.4.jar
install -C /tmp/ztls-plc-cache/global/p/N-V-__8AAACiugX9TDNHS4gUMmDdAre7aDQZEvrSeorGViEk/lib/junixsocket-native-common-2.10.1.jar /Users/matt/code/ztls/conformance/zig-out/tools/lib/junixsocket-native-common-2.10.1.jar
install -C /tmp/ztls-plc-cache/global/p/N-V-__8AAACiugX9TDNHS4gUMmDdAre7aDQZEvrSeorGViEk/lib/apiguardian-api-1.1.2.jar /Users/matt/code/ztls/conformance/zig-out/tools/lib/apiguardian-api-1.1.2.jar
install -C /tmp/ztls-plc-cache/global/p/N-V-__8AAACiugX9TDNHS4gUMmDdAre7aDQZEvrSeorGViEk/lib/docker-java-transport-netty-3.6.0.jar /Users/matt/code/ztls/conformance/zig-out/tools/lib/docker-java-transport-netty-3.6.0.jar
install -C /tmp/ztls-plc-cache/global/p/N-V-__8AAACiugX9TDNHS4gUMmDdAre7aDQZEvrSeorGViEk/lib/hk2-api-2.6.1.jar /Users/matt/code/ztls/conformance/zig-out/tools/lib/hk2-api-2.6.1.jar
install -C /tmp/ztls-plc-cache/global/p/N-V-__8AAACiugX9TDNHS4gUMmDdAre7aDQZEvrSeorGViEk/lib/docker-java-core-3.6.0.jar /Users/matt/code/ztls/conformance/zig-out/tools/lib/docker-java-core-3.6.0.jar
install -C /tmp/ztls-plc-cache/global/p/N-V-__8AAACiugX9TDNHS4gUMmDdAre7aDQZEvrSeorGViEk/lib/jspecify-1.0.0.jar /Users/matt/code/ztls/conformance/zig-out/tools/lib/jspecify-1.0.0.jar
install -C /tmp/ztls-plc-cache/global/p/N-V-__8AAACiugX9TDNHS4gUMmDdAre7aDQZEvrSeorGViEk/lib/docker-java-transport-httpclient5-3.6.0.jar /Users/matt/code/ztls/conformance/zig-out/tools/lib/docker-java-transport-httpclient5-3.6.0.jar
install -C /tmp/ztls-plc-cache/global/p/N-V-__8AAACiugX9TDNHS4gUMmDdAre7aDQZEvrSeorGViEk/lib/coffee4j-anvil-model-2.0.1.jar /Users/matt/code/ztls/conformance/zig-out/tools/lib/coffee4j-anvil-model-2.0.1.jar
install -C /tmp/ztls-plc-cache/global/p/N-V-__8AAACiugX9TDNHS4gUMmDdAre7aDQZEvrSeorGViEk/lib/snakeyaml-2.4.jar /Users/matt/code/ztls/conformance/zig-out/tools/lib/snakeyaml-2.4.jar
install -C /tmp/ztls-plc-cache/global/p/N-V-__8AAACiugX9TDNHS4gUMmDdAre7aDQZEvrSeorGViEk/lib/hk2-locator-2.6.1.jar /Users/matt/code/ztls/conformance/zig-out/tools/lib/hk2-locator-2.6.1.jar
install -C /tmp/ztls-plc-cache/global/p/N-V-__8AAACiugX9TDNHS4gUMmDdAre7aDQZEvrSeorGViEk/lib/httpcore-4.4.16.jar /Users/matt/code/ztls/conformance/zig-out/tools/lib/httpcore-4.4.16.jar
install -C /tmp/ztls-plc-cache/global/p/N-V-__8AAACiugX9TDNHS4gUMmDdAre7aDQZEvrSeorGViEk/lib/log4j-core-2.25.1.jar /Users/matt/code/ztls/conformance/zig-out/tools/lib/log4j-core-2.25.1.jar
install -C /tmp/ztls-plc-cache/global/p/N-V-__8AAACiugX9TDNHS4gUMmDdAre7aDQZEvrSeorGViEk/lib/netty-transport-classes-kqueue-4.2.4.Final.jar /Users/matt/code/ztls/conformance/zig-out/tools/lib/netty-transport-classes-kqueue-4.2.4.Final.jar
install -C /tmp/ztls-plc-cache/global/p/N-V-__8AAACiugX9TDNHS4gUMmDdAre7aDQZEvrSeorGViEk/lib/jakarta.annotation-api-1.3.5.jar /Users/matt/code/ztls/conformance/zig-out/tools/lib/jakarta.annotation-api-1.3.5.jar
install -C /tmp/ztls-plc-cache/global/p/N-V-__8AAACiugX9TDNHS4gUMmDdAre7aDQZEvrSeorGViEk/lib/hamcrest-core-1.1.jar /Users/matt/code/ztls/conformance/zig-out/tools/lib/hamcrest-core-1.1.jar
install -C /tmp/ztls-plc-cache/global/p/N-V-__8AAACiugX9TDNHS4gUMmDdAre7aDQZEvrSeorGViEk/lib/istack-commons-runtime-4.1.2.jar /Users/matt/code/ztls/conformance/zig-out/tools/lib/istack-commons-runtime-4.1.2.jar
install -C /tmp/ztls-plc-cache/global/p/N-V-__8AAACiugX9TDNHS4gUMmDdAre7aDQZEvrSeorGViEk/lib/coffee4j-anvil-engine-2.0.1.jar /Users/matt/code/ztls/conformance/zig-out/tools/lib/coffee4j-anvil-engine-2.0.1.jar
install -C /tmp/ztls-plc-cache/global/p/N-V-__8AAACiugX9TDNHS4gUMmDdAre7aDQZEvrSeorGViEk/lib/netty-handler-proxy-4.2.4.Final.jar /Users/matt/code/ztls/conformance/zig-out/tools/lib/netty-handler-proxy-4.2.4.Final.jar
install -C /tmp/ztls-plc-cache/global/p/N-V-__8AAACiugX9TDNHS4gUMmDdAre7aDQZEvrSeorGViEk/lib/jaxb-core-4.0.5.jar /Users/matt/code/ztls/conformance/zig-out/tools/lib/jaxb-core-4.0.5.jar
install -C /tmp/ztls-plc-cache/global/p/N-V-__8AAACiugX9TDNHS4gUMmDdAre7aDQZEvrSeorGViEk/lib/netty-transport-classes-epoll-4.2.4.Final.jar /Users/matt/code/ztls/conformance/zig-out/tools/lib/netty-transport-classes-epoll-4.2.4.Final.jar
install -C /tmp/ztls-plc-cache/global/p/N-V-__8AAACiugX9TDNHS4gUMmDdAre7aDQZEvrSeorGViEk/lib/reflections-0.10.2.jar /Users/matt/code/ztls/conformance/zig-out/tools/lib/reflections-0.10.2.jar
install -C /tmp/ztls-plc-cache/global/p/N-V-__8AAACiugX9TDNHS4gUMmDdAre7aDQZEvrSeorGViEk/lib/jgrapht-core-1.4.0.jar /Users/matt/code/ztls/conformance/zig-out/tools/lib/jgrapht-core-1.4.0.jar
bash /Users/matt/code/ztls/conformance/scripts/anvil-chain-provider-patch/apply.sh /Users/matt/code/ztls/conformance/zig-out/tools/lib
patched X509CertificateChainProvider (basicConstraints cA) into /Users/matt/code/ztls/conformance/zig-out/tools/lib/tls-test-framework-1.5.0.jar
patched DateTimeAdapter (JAXB validity serialization) into /Users/matt/code/ztls/conformance/zig-out/tools/lib/x509-attacker-4.3.10.jar
NO_COLOR=1 pkg-config libcrypto --cflags --libs
NO_COLOR=1 pkg-config libcrypto --cflags --libs
/nix/store/4x0z07w3mxafc59b5dirkmllvqhav1i6-zig-0.15.2/bin/zig build-exe -ODebug --dep ztls --dep net_compat --dep fixtures -Mroot=/Users/matt/code/ztls/conformance/src/tlsfuzzer_server.zig -I/nix/store/i7ci2wsgajn60hdg1r0hfb6rd628c80y-boringssl-0.20260803.0-dev/include -L/nix/store/wl1laf72imm7l5hljdhqrq9gaflx8lhj-boringssl-0.20260803.0/lib -lcrypto -ODebug --dep build_options -Mztls=/Users/matt/code/ztls/src/root.zig -ODebug -Mnet_compat=/Users/matt/code/ztls/shared/net_compat.zig -ODebug -Mfixtures=/Users/matt/code/ztls/tests/fixtures/fixtures.zig -Mbuild_options=/tmp/tmp.3tpjAzECiz/conformance/c/5f561f0723d3bca47c7861e3338782bd/options.zig -lc --cache-dir /tmp/tmp.3tpjAzECiz/conformance --global-cache-dir /tmp/ztls-plc-cache/global --name tlsfuzzer_server --zig-lib-dir /nix/store/4x0z07w3mxafc59b5dirkmllvqhav1i6-zig-0.15.2/lib/zig/ --listen=-
/nix/store/4x0z07w3mxafc59b5dirkmllvqhav1i6-zig-0.15.2/bin/zig build-exe -ODebug --dep ztls --dep net_compat --dep fixtures -Mroot=/Users/matt/code/ztls/conformance/src/anvil_client.zig -I/nix/store/i7ci2wsgajn60hdg1r0hfb6rd628c80y-boringssl-0.20260803.0-dev/include -L/nix/store/wl1laf72imm7l5hljdhqrq9gaflx8lhj-boringssl-0.20260803.0/lib -lcrypto -ODebug --dep build_options -Mztls=/Users/matt/code/ztls/src/root.zig -ODebug -Mnet_compat=/Users/matt/code/ztls/shared/net_compat.zig -ODebug -Mfixtures=/Users/matt/code/ztls/tests/fixtures/fixtures.zig -Mbuild_options=/tmp/tmp.3tpjAzECiz/conformance/c/5f561f0723d3bca47c7861e3338782bd/options.zig -lc --cache-dir /tmp/tmp.3tpjAzECiz/conformance --global-cache-dir /tmp/ztls-plc-cache/global --name anvil_client --zig-lib-dir /nix/store/4x0z07w3mxafc59b5dirkmllvqhav1i6-zig-0.15.2/lib/zig/ --listen=-
install -C /tmp/tmp.3tpjAzECiz/conformance/o/fb320af1b5da845d7f560883bc416918/anvil_client /Users/matt/code/ztls/conformance/zig-out/bin/anvil_client
install -C /tmp/tmp.3tpjAzECiz/conformance/o/933c92dd8a6d63c464728d3bb8c05dce/tlsfuzzer_server /Users/matt/code/ztls/conformance/zig-out/bin/tlsfuzzer_server

Build Summary: 9/9 steps succeeded
install success
+- install dependency to tools/TLS-Anvil.jar cached
+- install dependency/ success
+- run bash success 1s MaxRSS:180M
|  +- install dependency to tools/TLS-Anvil.jar (reused)
|  +- install dependency/ (reused)
+- install tlsfuzzer_server success
|  +- compile exe tlsfuzzer_server Debug native success 3s MaxRSS:425M
|     +- options success
+- install anvil_client success
   +- compile exe anvil_client Debug native success 3s MaxRSS:421M
      +- options (reused)

................                                                         [100%]
16 passed in 0.33s
