BenchmarkRecordEncryptPrepared/TLS_AES_128_GCM_SHA256/1350	       1	       288.0 ns/op	4687.50 MB/s
 abort
errq-alloc-check: early server abort
errq-alloc-check: client Finished abort
errq-alloc-check: ok (allocs 154925, frees 148995, live 5930)
ztest: Running 873 tests...
[1/873] PASS: test_0 (233.70ms)
[2/873] PASS: Wycheproof: X25519 shared secret tcId 1 (234.48ms)
[3/873] PASS: Wycheproof boundary: X25519 identity element is rejected (234.54ms)
[4/873] PASS: Wycheproof boundary: X25519 small-order public key is rejected (234.60ms)
[5/873] PASS: Wycheproof: AES-128-GCM AAD/tag handling tcId 2 (234.81ms)
[6/873] PASS: Wycheproof boundary: AES-256-GCM AAD/tag handling (234.82ms)
[7/873] PASS: Wycheproof: ChaCha20-Poly1305 one-byte message tcId 4 (234.84ms)
[8/873] PASS: Wycheproof boundary: ChaCha20-Poly1305 AAD handling (234.84ms)
[9/873] PASS: OpenSSL s_server interoperates with ztls client (303.74ms)
[10/873] PASS: OpenSSL s_server interoperates with ztls P-384 client (332.84ms)
[11/873] PASS: OpenSSL s_server interoperates with ztls RFC 10024 client groups (405.20ms)
[12/873] PASS: ztls client resumes with OpenSSL s_server (PSK resumption) (430.76ms)
[13/873] PASS: ztls client sends 0-RTT early data to OpenSSL s_server (456.33ms)
[14/873] PASS: OpenSSL s_client interoperates with ztls server (492.88ms)
[15/873] PASS: OpenSSL s_client resumes with ztls server-issued ticket (517.14ms)
[16/873] PASS: OpenSSL s_client interoperates with ztls P-384 server (532.70ms)
[17/873] PASS: OpenSSL s_client interoperates with ztls RFC 10024 server groups (572.56ms)
[18/873] PASS: OpenSSL s_client with -cert interoperates with ztls server (required client auth) (588.70ms)
[19/873] PASS: ztls client with credentials interoperates with OpenSSL s_server -Verify (614.36ms)
[20/873] PASS: ztls-to-ztls TCP KeyUpdate round trip with ChaCha20-Poly1305 (660.07ms)
[21/873] PASS: backend.x25519: RFC 7748 §5.2 shared secret (660.14ms)
[22/873] PASS: backend.x25519: RFC 7748 §6.1 mutual key agreement (660.25ms)
[23/873] PASS: backend.x25519: Wycheproof tcId 1 shared secret (660.31ms)
[24/873] PASS: backend.x25519: all-zero public key is rejected (IdentityElement) (660.37ms)
[25/873] PASS: backend.x25519: small-order public key is rejected (IdentityElement) (660.42ms)
[26/873] PASS: backend.aead: round-trip for every advertised cipher suite (660.44ms)
[27/873] PASS: backend.aead: tag corruption is rejected for every advertised cipher suite (660.45ms)
[28/873] PASS: backend.aead: ciphertext corruption is rejected for every advertised cipher suite (660.46ms)
[29/873] PASS: backend.aead: Wycheproof AES-128-GCM tcId 2 (660.46ms)
[30/873] PASS: backend.aead: Wycheproof AES-256-GCM AAD boundary (660.47ms)
[31/873] PASS: backend.aead: Wycheproof ChaCha20-Poly1305 AAD boundary (660.49ms)
[32/873] PASS: backend.aead: ChaCha20-Poly1305 RFC 8439 §2.8.2 known-answer vector (660.51ms)
[33/873] PASS: backend.p256: mutual key agreement with fixed scalars (660.72ms)
[34/873] PASS: backend.p256: non-04 SEC1 prefix is rejected (660.75ms)
[35/873] PASS: backend.p256: off-curve point is rejected (660.76ms)
[36/873] PASS: backend.p256: zero scalar private key is rejected (660.77ms)
[37/873] PASS: backend.p256: Wycheproof tcId 1 shared secret (660.86ms)
[38/873] PASS: backend.p384: mutual key agreement with fixed scalars (664.37ms)
[39/873] PASS: backend.p384: non-04 SEC1 prefix is rejected (665.52ms)
[40/873] PASS: backend.p384: off-curve point is rejected (665.53ms)
[41/873] PASS: backend.p384: zero scalar private key is rejected (665.54ms)
[42/873] PASS: backend.p384: Wycheproof tcId 1 shared secret (667.27ms)
[43/873] PASS: backend.sign: RSA-PSS SHA-256 sign/verify round-trip (668.59ms)
[44/873] PASS: backend.sign: RSA-PSS SHA-256 rejects tampered signature (669.51ms)
[45/873] PASS: backend.sign: RSA-PSS SHA-384 sign/verify round-trip and tamper rejection (670.43ms)
[46/873] PASS: backend.sign: ECDSA P-256 SHA-256 sign/verify round-trip (670.57ms)
[47/873] PASS: backend.sign: ECDSA P-256 SHA-256 rejects tampered signature (670.65ms)
[48/873] PASS: backend.sign: ECDSA P-384 SHA-384 sign/verify round-trip and tamper rejection (672.92ms)
[49/873] PASS: backend.sign: BufferTooShort on undersized output (672.97ms)
[50/873] PASS: backend.sign: key/scheme mismatch is a libcrypto failure (673.01ms)
[51/873] PASS: backend.sign: Wycheproof RSA-PSS tcId 3 verify (673.06ms)
[52/873] PASS: backend.sign: Wycheproof RSA-PSS tcId 62 invalid signature (673.11ms)
[53/873] PASS: backend.sign: Wycheproof ECDSA P-256 tcId 1 verify (673.18ms)
[54/873] PASS: backend.sign: Wycheproof ECDSA P-256 tcId 6 invalid signature (673.21ms)
[55/873] PASS: backend.sign: Wycheproof ECDSA P-384 tcId 1 verify (673.73ms)
[56/873] PASS: backend.sign: Wycheproof ECDSA P-384 tcId 6 invalid signature (673.76ms)
[57/873] PASS: backend error-queue hygiene: malformed EC public key leaves no residue (#88) (673.77ms)
[58/873] PASS: backend error-queue hygiene: caller queue entries survive a failing wrapper (#88) (674.03ms)
[59/873] PASS: backend error-queue hygiene: scalar key load does not nest guards (#88) (674.11ms)
[60/873] PASS: backend error-queue hygiene: repeated failures leave the queue empty each round (#88) (674.20ms)
[61/873] PASS: backend error-queue hygiene: successful key load preserves caller entries (#88) (674.30ms)
[62/873] PASS: backend error-queue hygiene: failed signature verification leaves no residue (#88) (674.34ms)
[63/873] PASS: backend error-queue hygiene: failed record decrypt leaves no residue (#88) (674.35ms)
[64/873] PASS: backend error-queue hygiene: failed decrypt preserves caller entries exactly (#88) (674.43ms)
[65/873] PASS: backend error-queue hygiene: DER key load preservation is lane-dependent (#88) (674.54ms)
[66/873] PASS: backend error-queue hygiene: scheme inference preserves caller entries (#112) (674.64ms)
[67/873] PASS: backend error-queue hygiene: declined encrypted PEM loads leave no residue (#114) (674.71ms)
[68/873] PASS: backend error-queue hygiene: cert/key mismatch preservation is lane-dependent (#113) (674.93ms)
[69/873] PASS: RFC 5280 §4.2.1.10 name-constraint verdicts vs OpenSSL 3.6.3 ground truth (675.40ms)
[70/873] PASS: fuzz: verifyNameConstraints handles arbitrary NameConstraints and SAN DER (675.40ms)
[71/873] PASS: capi: ztls_version returns a non-empty string (675.41ms)
[72/873] PASS: capi: insecure client init is explicitly named (675.41ms)
[73/873] PASS: capi: size and alignment are non-zero and sane (675.41ms)
[74/873] PASS: capi: NULL parameters are rejected (675.42ms)
[75/873] PASS: capi: full client handshake through the C ABI (675.95ms)
[76/873] PASS: capi: send_application_data before connected fails (676.00ms)
[77/873] PASS: capi: KeyUpdate response is surfaced as a write event (676.52ms)
[78/873] PASS: capi: KeyUpdate without response maps to none without pending write (676.98ms)
[79/873] PASS: capi: NewSessionTicket maps to none without pending write (677.42ms)
[80/873] PASS: encrypt: rejects mismatched plaintext and ciphertext lengths (677.42ms)
[81/873] PASS: decrypt: rejects mismatched plaintext and ciphertext lengths (677.43ms)
[82/873] PASS: Aes128Gcm: encrypt/decrypt round-trip (677.43ms)
[83/873] PASS: Aes256Gcm: encrypt/decrypt round-trip (677.44ms)
[84/873] PASS: ChaCha20Poly1305: encrypt/decrypt round-trip (677.44ms)
[85/873] PASS: ChaCha20Poly1305: RFC 8439 known-answer vector (677.46ms)
[86/873] PASS: ChaCha20Poly1305: empty plaintext known-answer vector (677.46ms)
[87/873] PASS: ChaCha20Poly1305: authentication failure on tampered ciphertext (677.47ms)
[88/873] PASS: ChaCha20Poly1305: authentication failure on tampered tag (677.47ms)
[89/873] PASS: ChaCha20Poly1305: authentication failure on tampered ad (677.48ms)
[90/873] PASS: decrypt: authentication failure on tampered ciphertext (677.48ms)
[91/873] PASS: decrypt: authentication failure on tampered tag (677.48ms)
[92/873] PASS: decrypt: authentication failure on tampered ad (677.49ms)
[93/873] PASS: construct: seq 0 is just the IV (677.49ms)
[94/873] PASS: construct: seq increments flip the right bytes (677.49ms)
[95/873] PASS: construct: XOR with non-zero IV (677.49ms)
[96/873] PASS: construct: seq max u64 produces expected nonce (677.50ms)
[97/873] PASS: parse: close_notify (677.50ms)
[98/873] PASS: parse: warning-level error alert is fatal (677.51ms)
[99/873] PASS: parse: unknown alert description is fatal (677.51ms)
[100/873] PASS: parse: user_canceled is not fatal (677.51ms)
[101/873] PASS: parse: truncated (677.51ms)
[102/873] PASS: parse: rejects coalesced alert bytes (677.51ms)
[103/873] PASS: encode (677.52ms)
[104/873] PASS: fuzz: parse handles arbitrary input (677.52ms)
[105/873] PASS: alertForError: certificate failures map to certificate alerts (677.52ms)
[106/873] PASS: alertForError: parser and semantic failures map to protocol alerts (677.52ms)
[107/873] PASS: alertForError: provider failure maps to internal_error (677.53ms)
[108/873] PASS: alertForError: unknown error maps to internal_error (677.53ms)
[109/873] PASS: parse: oversized cert_len does not overflow bounds check (677.53ms)
[110/873] PASS: parseClientCertificate: oversized ctx_len does not overflow (677.53ms)
[111/873] PASS: parse: extracts public key from ECDSA P-256 certificate (677.55ms)
[112/873] PASS: parse: wrong handshake type (677.55ms)
[113/873] PASS: parse: rejects mismatched Certificate handshake body length (677.55ms)
[114/873] PASS: encodeWithRequestContext: encodes empty client certificate list (677.56ms)
[115/873] PASS: encodeWithRequestContext: rejects oversized request context (677.56ms)
[116/873] PASS: parseClientCertificate: accepts empty certificate with matching context (677.56ms)
[117/873] PASS: parseClientCertificate: rejects mismatched request context (677.56ms)
[118/873] PASS: parse: rejects non-empty server certificate request context (677.57ms)
[119/873] PASS: parse: rejects empty certificate list (677.57ms)
[120/873] PASS: parse: rejects certificate list length shorter than entries (677.57ms)
[121/873] PASS: encode: round trips certificate chain (684.08ms)
[122/873] PASS: parse: rejects unsupported CertificateEntry status_request (684.08ms)
[123/873] PASS: parse: rejects unsupported CertificateEntry SCT (684.09ms)
[124/873] PASS: parse: rejects forbidden CertificateEntry status_request_v2 (684.09ms)
[125/873] PASS: parse: rejects duplicate CertificateEntry status_request (684.09ms)
[126/873] PASS: parse: rejects malformed CertificateEntry extension length (684.10ms)
[127/873] PASS: parse: ignores unknown CertificateEntry extension (684.10ms)
[128/873] PASS: parse: validates hostname (684.11ms)
[129/873] PASS: parse: rejects hostname mismatch (684.12ms)
[130/873] PASS: parse: rejects missing trust anchor by default (684.12ms)
[131/873] PASS: parse: validates leaf against trust bundle (690.79ms)
[132/873] PASS: parse: validates leaf-intermediate-root chain (703.86ms)
[133/873] PASS: parse: rejects end-entity certificate used as issuer (703.96ms)
[134/873] PASS: parse: rejects chain with intermediate before leaf (704.05ms)
[135/873] PASS: parse: anchors chain below a cross-signed root (723.50ms)
[136/873] PASS: parse: rejects cross-signed root without a bundle anchor below it (736.41ms)
[137/873] PASS: parse: rejects chain with missing intermediate (736.52ms)
[138/873] PASS: parse: rejects chain hostname mismatch (736.61ms)
[139/873] PASS: parse: rejects untrusted leaf when bundle misses issuer (736.61ms)
[140/873] PASS: parse: accepts chain with matching DNS name constraints (750.05ms)
[141/873] PASS: parse: rejects chain with excluded DNS name constraints (763.49ms)
[142/873] PASS: parse: rejects chain outside permitted DNS name constraints (776.97ms)
[143/873] PASS: parse: insecure no-anchor path still enforces name constraints (783.42ms)
[144/873] PASS: parse: rejects signed unprocessed critical extension for both roles (783.51ms)
[145/873] PASS: parse: accepts signed noncritical extension and supported critical extensions (809.61ms)
[146/873] PASS: parse: rejects signed SAN with an invalid wrapper (809.71ms)
[147/873] PASS: parse: rejects chain exceeding pathLenConstraint zero (829.96ms)
[148/873] PASS: parse: accepts pathLenConstraint zero with a CA target (843.44ms)
[149/873] PASS: parse: rejects chain exceeding pathLenConstraint one (870.23ms)
[150/873] PASS: parse: accepts chain at pathLenConstraint one (890.36ms)
[151/873] PASS: parse: imposes no path-length limit when pathLenConstraint is absent (910.57ms)
[152/873] PASS: parse: enforces the tightest of multiple pathLenConstraints (937.38ms)
[153/873] PASS: parse: accepts multiple satisfied pathLenConstraints (957.59ms)
[154/873] PASS: parse: self-issued intermediate does not consume path length (977.86ms)
[155/873] PASS: parse: intermediate below a self-issued certificate still counts (1004.81ms)
[156/873] PASS: parse: trust anchor pathLenConstraint limits intermediates below it (25.07ms)
[157/873] PASS: parse: trust anchor pathLenConstraint satisfied (38.49ms)
[158/873] PASS: parse: certificates above the anchored path are outside the path (65.33ms)
[159/873] PASS: parse: cross-signed root constraint binds inside the anchored path (92.16ms)
[160/873] PASS: parseClientChain: rejects client chain exceeding pathLenConstraint zero (111.76ms)
[161/873] PASS: parseClientChain: accepts client chain at pathLenConstraint zero (124.84ms)
[162/873] PASS: parse: insecure no-anchor path still enforces pathLenConstraint (137.85ms)
[163/873] PASS: parse: insecure no-anchor path accepts constrained chain with self-issued steps (150.91ms)
[164/873] PASS: parse: malformed DER length is rejected, not crashed (150.92ms)
[165/873] PASS: certificate_policy.verifyServerAuth: non-v3 certificates are rejected (150.92ms)
[166/873] PASS: certificate_policy.verifyServerAuth: KeyUsage without digitalSignature is rejected (150.92ms)
[167/873] PASS: certificate_policy.verifyServerAuth: EKU without serverAuth is rejected (150.92ms)
[168/873] PASS: certificate_policy.verifyClientAuth: EKU without clientAuth is rejected (150.93ms)
[169/873] PASS: certificate_policy.verifyClientAuth: KeyUsage without digitalSignature is rejected (150.93ms)
[170/873] PASS: certificate_policy.verifyClientAuth: clientAuth EKU is accepted (150.93ms)
[171/873] PASS: certificate_policy.verifyServerAuth: legacy certificate signatures are rejected (150.93ms)
[172/873] PASS: certificate_policy.verifyServerAuth: RSA PKCS1 SHA-256 certificate signature is accepted (150.94ms)
[173/873] PASS: certificate_policy: Ed25519 chain signature algorithm accepted when advertised (150.94ms)
[174/873] PASS: certificate_policy: Ed25519 chain signature algorithm rejected when not advertised (150.94ms)
[175/873] PASS: parse: Ed25519 self-signed certificate verified via std.crypto (150.95ms)
[176/873] PASS: certificate_policy.verifyServerAuth: rejects certificate signature outside policy (150.95ms)
[177/873] PASS: certificate signature policy checks non-self-signed chain certificates (150.96ms)
[178/873] PASS: certificate signature policy skips self-signed chain certificates (150.96ms)
[179/873] PASS: certificate_policy.verifyServerAuth: unrestricted supported leaf is accepted (150.96ms)
[180/873] PASS: encodeCertificateVerify: wraps signature (150.96ms)
[181/873] PASS: verifySignature: valid ECDSA P-256 signature (151.08ms)
[182/873] PASS: verifySignature: valid RSA-PSS SHA-256 signature (151.14ms)
[183/873] PASS: verifySignature: rejects RSA-PSS signature with wrong salt length (151.18ms)
[184/873] PASS: verifySignature: wrong transcript hash (151.26ms)
[185/873] PASS: verifySignature: rejects scheme absent from offered list (151.26ms)
[186/873] PASS: verifySignature: client CV rejects scheme absent from offered list (151.27ms)
[187/873] PASS: verifySignature: rejects RSA PKCS1 CertificateVerify scheme (151.28ms)
[188/873] PASS: verifySignature: rejects certificate key and scheme mismatch (151.29ms)
[189/873] PASS: verifySignature: server signature is not valid for client context (151.37ms)
[190/873] PASS: verifySignature: wrong handshake type (151.38ms)
[191/873] PASS: parse: extracts critical name constraints (151.39ms)
[192/873] PASS: parse: extracts non-critical name constraints (151.40ms)
[193/873] PASS: fuzz: parse handles arbitrary input (151.41ms)
[194/873] PASS: CertificateChain: single certificate view (151.41ms)
[195/873] PASS: CertificateChain.fromPem: decodes a certificate chain (151.42ms)
[196/873] PASS: CertificateChain.fromPem: rejects malformed input (151.43ms)
[197/873] PASS: CertificateChain.fromPem: rejects exhausted caller storage (151.44ms)
[198/873] PASS: fuzz: CertificateChain.fromPem handles arbitrary input (151.44ms)
[199/873] PASS: active backend identity matches the private provider facade (151.44ms)
[200/873] PASS: hybrid capability queries match the active backend (151.45ms)
[201/873] PASS: validateHybridGroups reports local policy faults (151.45ms)
[202/873] PASS: requiresP384 identifies only P-384 hybrid policy (151.45ms)
[203/873] PASS: CipherSuite wire values (151.45ms)
[204/873] PASS: PskOfferIter: walks identity/binder pairs in offer order (151.46ms)
[205/873] PASS: PskOfferIter: rejects oversized lengths (151.46ms)
[206/873] PASS: PskOfferIter: rejects a slack-byte identities vector (151.46ms)
[207/873] PASS: PskOfferIter: rejects more binders than identities (151.46ms)
[208/873] PASS: parse: preserves boundary SNI names as borrowed slices (151.48ms)
[209/873] PASS: parse: rejects an empty SNI name list (151.49ms)
[210/873] PASS: parse: rejects an empty SNI host name (151.49ms)
[211/873] PASS: parse: rejects an SNI name beyond the DNS length limit (151.50ms)
[212/873] PASS: encode: rejects an empty SNI host name (151.50ms)
[213/873] PASS: encodedLen: rejects an SNI name beyond the DNS length limit (151.50ms)
[214/873] PASS: encode: size matches encodedLen (151.51ms)
[215/873] PASS: encodeWithPsk: pre_shared_key is last, binder prefix and offset are correct (151.51ms)
[216/873] PASS: encodeWithPsk: rejects unsupported binder length (151.52ms)
[217/873] PASS: parse: ClientHello with pre_shared_key round-trips (151.52ms)
[218/873] PASS: encodeWithP256: size matches encodedLenWithP256 (151.52ms)
[219/873] PASS: encode: handshake type and legacy version (151.53ms)
[220/873] PASS: encode: cipher suites match backend capabilities (151.53ms)
[221/873] PASS: encode: legacy_session_id is empty (151.53ms)
[222/873] PASS: encode: supported_groups contains X25519 (151.54ms)
[223/873] PASS: encode: key_share contains public key (151.54ms)
[224/873] PASS: encodeWithP256: includes X25519 and secp256r1 key shares (151.55ms)
[225/873] PASS: encodeWithP256P384: includes X25519, secp256r1, and secp384r1 key shares (151.55ms)
[226/873] PASS: encodeWithP256P384: size matches encodedLenWithP256P384 (151.56ms)
[227/873] PASS: parse: accepts secp384r1 key share (152.74ms)
[228/873] PASS: parse: rejects compressed secp384r1 key share (152.74ms)
[229/873] PASS: encodeRetryAfterHrr: secp384r1 selected, no cookie (152.75ms)
[230/873] PASS: encode: SNI present when server_name set (152.75ms)
[231/873] PASS: encode: SNI absent when server_name is null (152.76ms)
[232/873] PASS: encode: supported_versions contains TLS 1.3 (152.76ms)
[233/873] PASS: encode: signature_algorithms match backend capabilities (152.76ms)
[234/873] PASS: encode: signature_algorithms_cert match backend capabilities (152.77ms)
[235/873] PASS: encode: ALPN present when protocols set (152.77ms)
[236/873] PASS: encode: rejects invalid ALPN protocols (152.77ms)
[237/873] PASS: parse: encoded ClientHello (152.78ms)
[238/873] PASS: parse: tracks offered SNI extension presence (152.79ms)
[239/873] PASS: parse: tracks offered record_size_limit extension presence (152.79ms)
[240/873] PASS: parse: accepts secp256r1 supported group and key share (152.83ms)
[241/873] PASS: parseSupportedGroups: records RFC 10024 groups (152.83ms)
[242/873] PASS: parse: rejects malformed X25519 key share (152.83ms)
[243/873] PASS: parse: rejects key share outside supported_groups (152.87ms)
[244/873] PASS: parse: rejects oversized legacy_session_id (152.87ms)
[245/873] PASS: parse: rejects SSLv3-or-lower legacy_version (152.88ms)
[246/873] PASS: parse: rejects missing supported_versions (152.88ms)
[247/873] PASS: parse: rejects supported_versions without TLS 1.3 (152.89ms)
[248/873] PASS: parse: rejects missing supported_groups (152.89ms)
[249/873] PASS: parse: rejects missing signature_algorithms (152.89ms)
[250/873] PASS: parse: rejects malformed signature_algorithms (152.90ms)
[251/873] PASS: parse: rejects signature_algorithms without TLS 1.3 handshake scheme (152.91ms)
[252/873] PASS: parse: rejects malformed ClientHello (152.91ms)
[253/873] PASS: parse: rejects malformed compression methods (152.92ms)
[254/873] PASS: parse: no shared supported group is rejected (152.92ms)
[255/873] PASS: parse: rejects duplicate x25519 key share entries (152.92ms)
[256/873] PASS: parseKeyShare: retains all RFC 10024 hybrid entries (152.93ms)
[257/873] PASS: encode: buffer too short (152.93ms)
[258/873] PASS: encode: server_name too long (152.93ms)
[259/873] PASS: parse: rejects duplicate supported_groups (152.94ms)
[260/873] PASS: parse: missing X25519 key share leaves public key null (152.94ms)
[261/873] PASS: parse: rejects duplicate signature_algorithms (152.94ms)
[262/873] PASS: parse: rejects duplicate signature_algorithms_cert (152.95ms)
[263/873] PASS: parse: rejects duplicate SNI (152.95ms)
[264/873] PASS: parse: rejects duplicate ALPN (152.96ms)
[265/873] PASS: parse: rejects duplicate supported_versions (152.96ms)
[266/873] PASS: parse: rejects duplicate key_share extensions (152.97ms)
[267/873] PASS: parse: rejects duplicate psk_key_exchange_modes (152.98ms)
[268/873] PASS: parse: ignores unknown extension (152.98ms)
[269/873] PASS: parse: ignores unknown supported_groups entries (152.98ms)
[270/873] PASS: fuzz: parse handles arbitrary input (152.99ms)
[271/873] PASS: encodeRetryAfterHrr: X25519 selected, no cookie (152.99ms)
[272/873] PASS: encodeRetryAfterHrr: preserves PSK key exchange mode (153.00ms)
[273/873] PASS: encodeRetryAfterHrr: secp256r1 selected, no cookie (153.01ms)
[274/873] PASS: encodeRetryAfterHrr: includes cookie when provided (153.01ms)
[275/873] PASS: encodeRetryAfterHrr: preserves SNI and ALPN from ClientHello1 (153.02ms)
[276/873] PASS: encodeRetryAfterHrr: rejects unsupported group (153.02ms)
[277/873] PASS: encodeRetryAfterHrr: missing configured hybrid share is a policy error (153.02ms)
[278/873] PASS: encodeWithHybridGroups: rejects unknown share group without panic (153.02ms)
[279/873] PASS: KEM key_share round-trip: ClientHello encode → parse preserves 1216-byte public key (153.04ms)
[280/873] PASS: parse: psk_key_exchange_modes list_len 0xFF rejected without overflow (153.04ms)
[281/873] PASS: SessionTicket.secureZero erases identity, PSK, and metadata (153.05ms)
[282/873] PASS: HybridPolicy.validate rejects an initial share outside its group list (153.05ms)
[283/873] PASS: Config.validate reports unavailable groups and missing P-384 material (153.10ms)
[284/873] PASS: start validates hybrid policy before key generation and output (153.21ms)
[285/873] PASS: transcript hash: RFC 8448 §3 ClientHello || ServerHello (153.25ms)
[286/873] PASS: deriveHandshakeKeys: RFC 8448 §3 server handshake key/iv/finished (153.31ms)
[287/873] PASS: processServerHello: RFC 8448 §3 installs server handshake keys (153.43ms)
[288/873] PASS: processServerHello: accepts secp256r1 key_share (153.61ms)
[289/873] PASS: processServerHello: rejects invalid secp256r1 point (153.67ms)
[290/873] PASS: processServerHello: rejects unoffered secp256r1 key_share (153.73ms)
[291/873] PASS: processServerHello: rejects mismatched session id echo (153.77ms)
[292/873] PASS: processServerHello: rejects a missing key_share after TLS 1.3 selection (153.80ms)
[293/873] PASS: processServerHello: rejects unoffered cipher suite (153.86ms)
[294/873] PASS: processFlight: stores selected ALPN (153.97ms)
[295/873] PASS: processFlight: rejects unoffered ALPN (154.08ms)
[296/873] PASS: processFlight: rejects unanchored Certificate by default (154.60ms)
[297/873] PASS: processFlight: rejects non-empty server Certificate request context (155.08ms)
[298/873] PASS: processFlight: rejects empty server Certificate list (155.57ms)
[299/873] PASS: processFlight: rejects unsolicited EncryptedExtensions ALPN (155.68ms)
[300/873] PASS: processFlight: rejects unrequested server CertificateEntry status_request (156.18ms)
[301/873] PASS: handleRecord: rejects a server key above retention capacity (182.86ms)
[302/873] PASS: processFlight: RFC 8448 §3 full server flight to connected (183.42ms)
[303/873] PASS: processFlight: rejects handshake message after server Finished (183.93ms)
[304/873] PASS: processFlight: handshake message spanning records needs buffer (184.43ms)
[305/873] PASS: processFlight: reassembles handshake message split across records (184.96ms)
[306/873] PASS: processFlight: buffered path rejects handshake message after server Finished (185.48ms)
[307/873] PASS: processFlight: RFC 8448 §3 flight split one message per record (185.99ms)
[308/873] PASS: handleRecord: malformed ServerHello is rejected (186.03ms)
[309/873] PASS: processFlight: rejects Finished before EncryptedExtensions (186.14ms)
[310/873] PASS: processFlight: rejects CertificateVerify before Certificate (186.63ms)
[311/873] PASS: processFlight: rejects Finished before CertificateVerify (187.11ms)
[312/873] PASS: processFlight: rejects unoffered CertificateVerify scheme (187.60ms)
[313/873] PASS: processFlight: rejects wrong CertificateVerify signature (188.12ms)
[314/873] PASS: processFlight: rejects wrong server Finished verify_data (188.65ms)
[315/873] PASS: handleRecord: plaintext fatal alert in wait_sh (188.72ms)
[316/873] PASS: handleRecord: malformed alert record does not set or replace lastPeerAlert (188.76ms)
[317/873] PASS: handleRecord: unknown alert codes are preserved (188.79ms)
[318/873] PASS: handleRecord: lastPeerAlert replaced by later alert, preserved by close/malformed (188.83ms)
[319/873] PASS: handleRecord: rejects ChangeCipherSpec before ClientHello (188.86ms)
[320/873] PASS: handleRecord: drops valid ChangeCipherSpec after ClientHello (188.89ms)
[321/873] PASS: handleRecord: rejects malformed ChangeCipherSpec payload (188.93ms)
[322/873] PASS: handleRecord: encrypted fatal alert during server flight (189.04ms)
[323/873] PASS: handleRecord: rejects server KeyUpdate before Finished (189.15ms)
[324/873] PASS: handleRecord: truncated encrypted flight is rejected (189.63ms)
[325/873] PASS: handleRecord: corrupted encrypted flight is rejected (190.12ms)
[326/873] PASS: handleRecord: post-handshake unexpected inner content type is rejected (190.66ms)
[327/873] PASS: handleRecord: encrypted application data during server flight is rejected (190.78ms)
[328/873] PASS: clientFinished: RFC 8448 §3 emits Finished and upgrades to app keys (191.31ms)
[329/873] PASS: processFlight: accepts CertificateRequest before server Certificate (191.79ms)
[330/873] PASS: processFlight: rejects non-empty handshake CertificateRequest context (192.28ms)
[331/873] PASS: clientFinished: sends empty Certificate before Finished for CertificateRequest (192.84ms)
[332/873] PASS: clientFinished: empty CertificateRequest with no credentials still finishes (193.37ms)
[333/873] PASS: client auth: setCredentials stores client credentials (193.42ms)
[334/873] PASS: ratchetClientKey: RFC 8446 §7.2 next application write key (193.95ms)
[335/873] PASS: handleRecord: application data resets both post-handshake flood counters (194.49ms)
[336/873] PASS: receiveRecord: RX progresses while a client TX record is pending (195.04ms)
[337/873] PASS: receiveKtlsRecord: client processes kernel-decrypted records (195.60ms)
[338/873] PASS: receiveKtlsRecord: client finds KeyUpdate after NewSessionTicket (196.15ms)
[339/873] PASS: ratchetKtlsTx: client advances only an idle TX epoch (196.72ms)
[340/873] PASS: handleRecord: server KeyUpdate(update_requested) ratchets rx and responds (197.27ms)
[341/873] PASS: handleRecord: KeyUpdate not at record boundary is rejected (197.81ms)
[342/873] PASS: handleRecord: invalid server KeyUpdate request is rejected (198.34ms)
[343/873] PASS: handleRecord: server KeyUpdate(update_not_requested) surfaces key_update rx only (198.89ms)
[344/873] PASS: handleRecord: self-initiated sendKeyUpdate response surfaces rx only (199.44ms)
[345/873] PASS: sendAlert: plaintext fatal alert before ServerHello (199.47ms)
[346/873] PASS: sendAlert: encrypted close_notify after handshake (200.00ms)
[347/873] PASS: handleRecord: close_notify returns closed (200.58ms)
[348/873] PASS: handleRecord: fatal alert returns PeerAlert (201.12ms)
[349/873] PASS: handleRecord: NewSessionTicket is surfaced as an event (201.67ms)
[350/873] PASS: clientFinished: RFC 8448 §4 resumption_master_secret over the live transcript (202.20ms)
[351/873] PASS: startWithPsk: binder matches an independent HMAC over the prefix (202.29ms)
[352/873] PASS: startWithPsk: advertises configured RFC 10024 key share (202.44ms)
[353/873] PASS: startWithPsk: ticket without early-data permission omits early_data (202.51ms)
[354/873] PASS: EncryptedExtensions: rejects early_data when server declined PSK (202.66ms)
[355/873] PASS: EncryptedExtensions: rejects early_data without early traffic keys (202.80ms)
[356/873] PASS: EncryptedExtensions: rejects early_data after HelloRetryRequest (202.95ms)
[357/873] PASS: processServerHello rejects selected PSK with incompatible cipher suite hash (203.13ms)
[358/873] PASS: handleRecord: PSK-offering client rejects bare Finished unless server selected PSK (203.50ms)
[359/873] PASS: handleRecord: accepts 17 consecutive NewSessionTickets (204.10ms)
[360/873] PASS: handleRecord: NewSessionTicket flood is rejected with ticket-specific error (204.70ms)
[361/873] PASS: handleRecord: malformed NewSessionTicket is rejected (205.24ms)
[362/873] PASS: handleRecord: KeyUpdate flood is rejected (205.98ms)
[363/873] PASS: handleRecord: empty application data does not reset flood counters (206.52ms)
[364/873] PASS: handleRecord: KeyUpdate flood cap fires despite empty app-data interleaving (207.28ms)
[365/873] PASS: start: uses Config host_name for SNI and policy (207.32ms)
[366/873] PASS: handleRecord: drives RFC 8448 §3 handshake to connected (207.86ms)
[367/873] PASS: 0.5-RTT: coalesced server data precedes client Finished delivery (208.95ms)
[368/873] PASS: handleRecord: unacknowledged write blocks further calls (209.49ms)
[369/873] PASS: sendEarlyData: unacknowledged write blocks further early data (209.57ms)
[370/873] PASS: handleRecord: zero-length plaintext handshake is rejected (209.61ms)
[371/873] PASS: handleRecord: zero-length encrypted handshake is rejected (209.72ms)
[372/873] PASS: handleRecord: all-zero inner plaintext maps to unexpected_message (210.25ms)
[373/873] PASS: handleRecord: application_data before ServerHello is rejected (210.29ms)
[374/873] PASS: HandshakeReader: splits coalesced messages (210.29ms)
[375/873] PASS: HandshakeReader: truncated body is UnexpectedEof (210.30ms)
[376/873] PASS: fuzz: HandshakeReader handles arbitrary input (210.30ms)
[377/873] PASS: fuzz: processFlight handles arbitrary decrypted bytes (210.62ms)
[378/873] PASS: fuzz: 0-RTT client state machine handles arbitrary inbound records (210.72ms)
[379/873] PASS: processHelloRetryRequest: rejects already-offered key_share group (210.75ms)
[380/873] PASS: processHelloRetryRequest: secp256r1 selected produces ClientHello2 (210.80ms)
[381/873] PASS: processHelloRetryRequest: transcript collapse matches §4.4.1 (210.84ms)
[382/873] PASS: processHelloRetryRequest: removes PSK with incompatible hash (210.97ms)
[383/873] PASS: processHelloRetryRequest: rejects second HRR (211.01ms)
[384/873] PASS: processHelloRetryRequest: rejects unoffered selected_group (211.05ms)
[385/873] PASS: processServerHello: post-HRR rejects mismatched cipher suite (211.09ms)
[386/873] PASS: processServerHello: post-HRR rejects mismatched key_share group (211.13ms)
[387/873] PASS: processServerHello: post-HRR accepts matching ServerHello (211.31ms)
[388/873] PASS: handleRecord: HRR returns ClientHello2 as write event (211.35ms)
[389/873] PASS: processHelloRetryRequest: returns null for normal ServerHello (211.38ms)
[390/873] PASS: processHelloRetryRequest: HRR with cookie echoes cookie in CH2 (211.42ms)
[391/873] PASS: deinit leaves caller-owned buffers to the caller (211.92ms)
[392/873] PASS: secureZero zeroes all secret material (213.14ms)
[393/873] PASS: Array.secureZero clears contents (213.15ms)
[394/873] PASS: lastIndexOfNonZero: last byte non-zero (fast path) (213.15ms)
[395/873] PASS: lastIndexOfNonZero: all zeros (213.16ms)
[396/873] PASS: lastIndexOfNonZero: single non-zero byte at start (213.16ms)
[397/873] PASS: lastIndexOfNonZero: single byte, non-zero (213.16ms)
[398/873] PASS: lastIndexOfNonZero: single byte, zero (213.16ms)
[399/873] PASS: lastIndexOfNonZero: non-zero in scalar tail (213.17ms)
[400/873] PASS: lastIndexOfNonZero: exactly chunk_len bytes, non-zero at start (213.17ms)
[401/873] PASS: lastIndexOfNonZero: exactly chunk_len bytes, all zeros (213.17ms)
[402/873] PASS: lastIndexOfNonZero: large buffer, non-zero in first chunk (213.17ms)
[403/873] PASS: lastIndexOfNonZero: large buffer, non-zero in middle chunk (213.18ms)
[404/873] PASS: lastIndexOfNonZero: large buffer, all zeros (213.18ms)
[405/873] PASS: encrypt: buffer too short (213.18ms)
[406/873] PASS: encrypt: sequence number overflow (213.19ms)
[407/873] PASS: deinit: clears caller-visible traffic key material (213.19ms)
[408/873] PASS: ktlsInfo: AES-GCM salt and IV reconstruct RFC 8446 nonce (213.19ms)
[409/873] PASS: ktlsInfo: cipher type uses Linux UAPI values (213.20ms)
[410/873] PASS: ktlsInfo: exported key material survives RecordLayer deinit (213.21ms)
[411/873] PASS: KtlsInfo.secureZero erases exported traffic material (213.21ms)
[412/873] PASS: encrypt/decrypt: key update required at AEAD usage limit (213.21ms)
[413/873] PASS: encryptPrepared/decrypt: round-trip (213.22ms)
[414/873] PASS: encrypt/decrypt: round-trip (213.23ms)
[415/873] PASS: encrypt/decrypt: sequence numbers advance (213.23ms)
[416/873] PASS: decrypt: failed auth exposes backend failure buffer behavior (213.24ms)
[417/873] PASS: decrypt: replayed record is rejected (213.24ms)
[418/873] PASS: encrypt/decrypt: zero-length application data (213.25ms)
[419/873] PASS: decrypt: rejects all-zero inner plaintext (213.25ms)
[420/873] PASS: encrypt/decrypt: maximum plaintext fragment length (213.34ms)
[421/873] PASS: decrypt: wrong content type (213.34ms)
[422/873] PASS: decrypt: payload shorter than tag (213.35ms)
[423/873] PASS: decrypt: truncated ciphertext record (213.35ms)
[424/873] PASS: decrypt: sequence number overflow (213.35ms)
[425/873] PASS: fuzz: decrypt handles arbitrary input (213.36ms)
[426/873] PASS: PendingWrite: mark and clear (213.36ms)
[427/873] PASS: SliceBuffer: append and retain (213.36ms)
[428/873] PASS: append and slice (213.36ms)
[429/873] PASS: appendAssumeCapacity (213.37ms)
[430/873] PASS: secureZero clears full storage and length (213.37ms)
[431/873] PASS: append returns error on overflow (213.37ms)
[432/873] PASS: clear resets length (213.37ms)
[433/873] PASS: Reader iterates coalesced messages (213.38ms)
[434/873] PASS: parseKeyUpdate (213.38ms)
[435/873] PASS: rejectDuplicateExtensions: rejects more than the extension count cap (213.38ms)
[436/873] PASS: rejectDuplicateExtensions: rejects duplicate unknown type (213.38ms)
[437/873] PASS: rejectDuplicateExtensions: accepts distinct extension types (213.39ms)
[438/873] PASS: ExtensionType.isGrease: detects reserved GREASE extension code points (213.39ms)
[439/873] PASS: rejectDuplicateExtensions: rejects malformed block (213.39ms)
[440/873] PASS: RFC 10024 hybrid groups round-trip (219.77ms)
[441/873] PASS: hybrid decapsulation rejects wrong server share length (219.85ms)
[442/873] PASS: NamedGroup wire identifiers (219.85ms)
[443/873] PASS: RFC 10024 hybrid group sizes (219.86ms)
[444/873] PASS: secret lifecycle preserves live epochs and clears owned secret fields (219.87ms)
[445/873] PASS: HkdfSha256.trafficKey: RFC 8448 §3 server handshake (219.88ms)
[446/873] PASS: HkdfSha384: traffic key/iv, finished key, traffic-upd (independent vector) (219.93ms)
[447/873] PASS: HkdfSha256.trafficIv: RFC 8448 §3 server handshake (219.94ms)
[448/873] PASS: HkdfSha256.earlySecret: RFC 8448 §3 (219.94ms)
[449/873] PASS: HkdfSha256: RFC 8448 §3/§4 PSK and resumption secrets (219.96ms)
[450/873] PASS: HkdfSha256.handshakeSecret: RFC 8448 §3 (219.96ms)
[451/873] PASS: HkdfSha256.masterSecret: RFC 8448 §3 (219.97ms)
[452/873] PASS: HkdfSha256.clientHandshakeTrafficSecret: RFC 8448 §3 (219.98ms)
[453/873] PASS: HkdfSha256.finishedKey: RFC 8448 §3 server (219.99ms)
[454/873] PASS: HkdfSha256.nextTrafficSecret: RFC 8446 §7.2 (219.99ms)
[455/873] PASS: HkdfSha256.serverHandshakeTrafficSecret: RFC 8448 §3 (220.00ms)
[456/873] PASS: sharedSecret: RFC 7748 X25519 vector (220.07ms)
[457/873] PASS: KeyPair.generateDeterministic: RFC 7748 public keys (220.11ms)
[458/873] PASS: KeyPair.generateDeterministic emits uncompressed SEC1 public key (220.14ms)
[459/873] PASS: sharedSecret: P-256 deterministic peers agree (220.38ms)
[460/873] PASS: KeyPair.generate: healthy entropy path (220.43ms)
[461/873] PASS: KeyPair.secureZero erases secret and public material (220.46ms)
[462/873] PASS: generateRetry: a LibcryptoFailed attempt is terminal, not retried (220.46ms)
[463/873] PASS: generateRetry: an invalid scalar retries exactly to the bound (220.48ms)
[464/873] PASS: generateRetry: retries a bad draw and succeeds (220.52ms)
[465/873] PASS: KeyPair.generateDeterministic enforces the scalar range [1, n-1] (220.56ms)
[466/873] PASS: sharedSecret: rejects compressed P-256 point (220.61ms)
[467/873] PASS: KeyPair.generateDeterministic emits uncompressed SEC1 public key (221.74ms)
[468/873] PASS: KeyPair.secureZero erases secret and public material (222.87ms)
[469/873] PASS: sharedSecret: P-384 deterministic peers agree (228.62ms)
[470/873] PASS: generateRetry: a LibcryptoFailed attempt is terminal, not retried (228.62ms)
[471/873] PASS: generateRetry: an invalid scalar retries exactly to the bound (228.65ms)
[472/873] PASS: generateRetry: retries a bad draw and succeeds (229.79ms)
[473/873] PASS: KeyPair.generateDeterministic enforces the scalar range [1, n-1] (230.90ms)
[474/873] PASS: sharedSecret: rejects compressed P-384 point (233.20ms)
[475/873] PASS: active backend matches the selected libcrypto headers (233.21ms)
[476/873] PASS: capabilities are non-empty for the active backend (233.21ms)
[477/873] PASS: x25519 handle shape matches active backend (233.21ms)
[478/873] PASS: client group capabilities match implemented client key-share plumbing (233.22ms)
[479/873] PASS: aead context shape matches active backend (233.22ms)
[480/873] SKIP: aws-lc aead deinit clears inline context (233.22ms)
[481/873] PASS: capability helpers recognize advertised algorithms (233.22ms)
[482/873] PASS: fips: chacha20_poly1305_sha256 excluded from FIPS cipher_suites (233.22ms)
[483/873] PASS: fips: rsa_pkcs1_sha* excluded from FIPS certificate_signature_schemes (233.23ms)
[484/873] PASS: fips: ed25519 excluded from FIPS certificate_signature_schemes (233.23ms)
[485/873] PASS: fips: ML-KEM disabled in FIPS capability table (233.23ms)
[486/873] PASS: fips: FIPS capabilities are a subset of non-FIPS capabilities (233.24ms)
[487/873] PASS: fips: active capabilities follow FIPS identity (233.24ms)
[488/873] PASS: OpenSSL AEAD initialization rejects wrong key length (233.24ms)
[489/873] PASS: Parsed.verifyHostName rejects universal tag 2 as dNSName (233.24ms)
[490/873] PASS: Parsed.verifyHostName requires dNSName SAN (233.25ms)
[491/873] PASS: Parsed.verifyHostName accepts caller-converted A-labels (233.25ms)
[492/873] PASS: Parsed.verifyHostName rejects U-label references under a wildcard (233.25ms)
[493/873] PASS: Parsed.verifyHostName rejects matching non-ASCII DNS identities (233.26ms)
[494/873] PASS: Parsed.checkHostName rejects public suffix wildcard (233.26ms)
[495/873] PASS: Parsed.checkHostName RFC 6125 compliance (233.27ms)
[496/873] PASS: Parsed.allowsKeyUsage reads digitalSignature (233.27ms)
[497/873] PASS: Parsed.allowsKeyUsage rejects malformed empty bit payload (233.27ms)
[498/873] PASS: Parsed.allowsExtKeyUsage finds serverAuth (233.27ms)
[499/873] PASS: Parsed.allowsExtKeyUsage rejects non-SEQUENCE wrapper (233.28ms)
[500/873] PASS: Parsed.nameConstraints extracts extension value (233.28ms)
[501/873] PASS: Parsed.nameConstraints absent returns empty (233.28ms)
[502/873] PASS: Parsed.verifyNameConstraints: DNS permitted subtree (233.28ms)
[503/873] PASS: Parsed.verifyNameConstraints: DNS permitted subtree mismatch (233.29ms)
[504/873] PASS: Parsed.verifyNameConstraints: DNS excluded subtree (233.29ms)
[505/873] PASS: Parsed.verifyNameConstraints: mixed DNS SAN violation is rejected (233.30ms)
[506/873] PASS: Parsed.verifyNameConstraints: DNS common name fallback (233.30ms)
[507/873] PASS: Parsed.verifyNameConstraints: IP permitted subnet (233.30ms)
[508/873] PASS: Parsed.verifyNameConstraints: permitted subtrees are type-specific (233.31ms)
[509/873] PASS: Parsed.verifyNameConstraints: email permitted subtree (233.31ms)
[510/873] PASS: Parsed.verifyNameConstraints: email mailbox local part is case-sensitive (233.31ms)
[511/873] PASS: Parsed.verifyNameConstraints: URI excluded subtree (233.32ms)
[512/873] PASS: Parsed.verifyNameConstraints: URI strips userinfo before host matching (233.32ms)
[513/873] PASS: Parsed.verifyNameConstraints: explicit minimum zero is accepted (233.32ms)
[514/873] PASS: Parsed.verifyNameConstraints: critical unsupported subtree is rejected (233.33ms)
[515/873] PASS: Parsed.verifyNameConstraints: non-critical unsupported subtree is ignored (233.33ms)
[516/873] PASS: parseBasicConstraints rejects pathLenConstraint without cA (233.33ms)
[517/873] PASS: parse rejects unknown critical extension (233.34ms)
[518/873] PASS: parse rejects duplicate recognized extensions (233.34ms)
[519/873] PASS: parse accepts old and new authority key identifier OIDs (233.35ms)
[520/873] PASS: parseBitString rejects empty bit string content (233.35ms)
[521/873] PASS: parseTime maps UTCTime centuries and expires 1999 certificates (233.35ms)
[522/873] PASS: parseTime enforces GeneralizedTime certificate grammar (233.36ms)
[523/873] PASS: parseTime rejects impossible dates and accepts leap day (233.36ms)
[524/873] PASS: certificate_parser.decltest.parseTimeDigits (233.36ms)
[525/873] PASS: certificate_parser.decltest.parseYear4 (233.37ms)
[526/873] PASS: certificate_parser.test_0 (233.37ms)
[527/873] PASS: PrivateKey.sign: RSA-PSS SHA-256 uses TLS parameters (234.28ms)
[528/873] PASS: PrivateKey.sign: short RSA-PSS output buffer is rejected (234.32ms)
[529/873] PASS: PrivateKey.sign: key and scheme mismatch is a libcrypto failure (234.36ms)
[530/873] PASS: PrivateKey.sign: deterministic ECDSA matches the RFC 6979 vector (234.50ms)
[531/873] PASS: PrivateKey.sign: deterministic ECDSA P-384 matches the RFC 6979 A.2.6 vector (236.86ms)
[532/873] PASS: PrivateKey.sign: deterministic nonce with RSA-PSS is rejected (236.90ms)
[533/873] PASS: PrivateKey.fromPemAuto: RSA PKCS#8 and PKCS#1 both infer rsa_pss_rsae_sha256 (237.79ms)
[534/873] PASS: PrivateKey.fromPemAuto: P-256 infers ecdsa_secp256r1_sha256 and signs (237.86ms)
[535/873] PASS: PrivateKey.fromPemAuto: P-384 infers ecdsa_secp384r1_sha384 and signs (238.49ms)
[536/873] PASS: PrivateKey.fromPemAuto: P-521 is rejected at load by the capability gate (238.59ms)
[537/873] PASS: PrivateKey.fromPemAuto: Ed25519 is rejected at load by the capability gate (238.67ms)
[538/873] PASS: PrivateKey.fromPemAuto: secp224r1 has no CertificateVerify scheme (238.71ms)
[539/873] PASS: PrivateKey.fromPemAuto: garbage PEM fails at load (238.72ms)
[540/873] PASS: PrivateKey.fromPem: encrypted PEM fails at load (238.80ms)
[541/873] PASS: PrivateKey.fromPemAuto: encrypted PEM fails at load (238.84ms)
[542/873] PASS: PrivateKey.pairsWith: P-256 scalar key pairs with its leaf certificate (239.04ms)
[543/873] PASS: PrivateKey.pairsWith: auto-inferred RSA and P-256 keys pair with their leaves (239.14ms)
[544/873] PASS: PrivateKey.pairsWith: same-algorithm mismatch is a named error (239.20ms)
[545/873] PASS: PrivateKey.pairsWith: cross-algorithm mismatch is a named error (239.23ms)
[546/873] PASS: PrivateKey.pairsWith: garbage leaf DER is not a certificate (239.26ms)
[547/873] PASS: PrivateKey.pairsWith: trailing bytes make leaf DER invalid (239.30ms)
[548/873] PASS: ML-KEM-768 encapsulate/decapsulate round-trip (239.38ms)
[549/873] PASS: ML-KEM-1024 encapsulate/decapsulate round-trip (239.48ms)
[550/873] PASS: ML-KEM encapsulation-key modulus boundary (239.50ms)
[551/873] PASS: ML-KEM rejects non-canonical encapsulation keys (239.50ms)
[552/873] PASS: ML-KEM rejects a wrong-length ciphertext (239.53ms)
[553/873] PASS: classify: bounded PSK identity admission is a buffer-class limit (239.53ms)
[554/873] PASS: classify: certificate failures never fall into a generic bucket (239.54ms)
[555/873] PASS: classify: authentication failures are their own class (239.54ms)
[556/873] PASS: classify: remaining buckets (239.54ms)
[557/873] PASS: parseHeader: valid plaintext record (239.54ms)
[558/873] PASS: parseHeader: application_data record (TLSCiphertext) (239.55ms)
[559/873] PASS: parseHeader: ignores legacy_record_version (239.55ms)
[560/873] PASS: parseHeader: buffer too short (239.55ms)
[561/873] PASS: parseHeader: exactly 5 bytes (header only, no fragment) (239.55ms)
[562/873] PASS: parseHeader: max valid length (239.56ms)
[563/873] PASS: parseHeader: length exceeds max (239.56ms)
[564/873] PASS: Header.init round-trips with parseHeader (239.56ms)
[565/873] PASS: Header.write: emits TLS 1.2 legacy_record_version (239.56ms)
[566/873] PASS: fuzz: parseHeader handles arbitrary input (239.57ms)
[567/873] PASS: kernel cipher_type values match KtlsCipherType (239.57ms)
[568/873] PASS: kernel socket option constants (239.57ms)
[569/873] PASS: packed kTLS info secureZero methods erase every byte (239.57ms)
[570/873] PASS: packAesGcm128 splits the 12-byte IV and copies key/seq (239.58ms)
[571/873] PASS: packAesGcm128 rejects a non-AES-GCM-128 info (239.58ms)
[572/873] PASS: packChaCha20Poly1305 uses the full 12-byte IV (239.58ms)
[573/873] PASS: packAesGcm256 copies the 32-byte key and splits the IV (239.58ms)
[574/873] PASS: install errno decode maps onto InstallError (239.59ms)
[575/873] PASS: a record-type cmsg occupies the kernel's CMSG_LEN and CMSG_SPACE (239.59ms)
[576/873] PASS: ControlBuffer.init writes one cmsg and zeroes the padding (239.59ms)
[577/873] PASS: parseRecordType rejects control data off the kTLS contract (239.60ms)
[578/873] PASS: ulpInstall attaches once, and only to an established TCP socket (239.70ms)
[579/873] PASS: txInstall and rxInstall accept a synthetic TLS 1.3 AES-128-GCM key (239.74ms)
[580/873] PASS: installs without the ULP are typed Unavailable errors, not panics (239.77ms)
[581/873] PASS: a crypto_info the kernel cannot use is a typed EINVAL failure (239.80ms)
[582/873] PASS: record-type cmsg round-trips through a live kTLS pair (239.85ms)
[583/873] PASS: Outbox: fresh outbox is not write-blocked (239.85ms)
[584/873] PASS: Outbox: send drains fully and completes write once (239.86ms)
[585/873] PASS: Outbox: partial send stays blocked and does not complete write (239.86ms)
[586/873] PASS: Outbox: zero-byte progress stays blocked (239.86ms)
[587/873] PASS: Outbox: idle flush is drained without completing write (239.86ms)
[588/873] PASS: Outbox: partial drain resumes across flush calls (239.87ms)
[589/873] PASS: Outbox: queue while blocked returns PendingWrite (239.87ms)
[590/873] PASS: Outbox: writer error leaves pending tail and does not complete write (239.87ms)
[591/873] PASS: Outbox: writer over-reporting bytes returns WriteOverflow (239.87ms)
[592/873] PASS: Outbox: sequential records complete once each (239.88ms)
[593/873] PASS: next: two records coalesced in one fill (239.88ms)
[594/873] PASS: next: record split across two fills (239.88ms)
[595/873] PASS: next: truncated records return null (239.89ms)
[596/873] PASS: next: in-place mutation of a returned record survives across next() (239.89ms)
[597/873] PASS: next: oversized length is rejected (239.89ms)
[598/873] PASS: isEmpty distinguishes drained, partial, and complete records (239.90ms)
[599/873] PASS: parse: rejects oversized legacy_session_id_echo without overflow (239.90ms)
[600/873] PASS: encode: round trips through parse (239.91ms)
[601/873] PASS: parse: accepts secp256r1 key_share (239.91ms)
[602/873] PASS: parse: rejects compressed secp256r1 key_share (239.91ms)
[603/873] PASS: parse: accepts secp384r1 key_share (239.92ms)
[604/873] PASS: parse: rejects compressed secp384r1 key_share (239.92ms)
[605/873] PASS: encode: echoes session id (239.92ms)
[606/873] PASS: parse: RFC 8448 §3 ServerHello (239.93ms)
[607/873] PASS: parse: wrong handshake type (239.93ms)
[608/873] PASS: parse: truncated message (239.93ms)
[609/873] PASS: parse: rejects HelloRetryRequest (239.94ms)
[610/873] PASS: parse: missing extensions / no supported_versions yields UnsupportedTlsVersion (239.94ms)
[611/873] PASS: parse: rejects mismatched handshake length (239.94ms)
[612/873] PASS: parse: rejects unknown cipher suite (239.94ms)
[613/873] PASS: parse: rejects oversized extensions block (239.95ms)
[614/873] PASS: parse: rejects duplicate supported_versions (239.95ms)
[615/873] PASS: parse: rejects duplicate key_share (239.95ms)
[616/873] PASS: parse: rejects unknown unsolicited extension (239.95ms)
[617/873] PASS: parse: rejects GREASE ServerHello extension (239.96ms)
[618/873] PASS: parse: rejects forbidden signature_algorithms extension (239.96ms)
[619/873] PASS: parse: rejects forbidden heartbeat extension (239.96ms)
[620/873] PASS: parse: rejects record_size_limit in ServerHello (239.97ms)
[621/873] PASS: parse: rejects key_share for unsupported group (239.97ms)
[622/873] PASS: parse: unsupported TLS version in supported_versions is illegal_parameter (239.97ms)
[623/873] PASS: parse: rejects TLS 1.2 downgrade sentinel (239.98ms)
[624/873] PASS: parse: rejects TLS 1.1 downgrade sentinel (239.98ms)
[625/873] PASS: parse: rejects downgrade sentinel when supported_versions selects TLS 1.3 (239.98ms)
[626/873] PASS: parse: accepts non-0x0303 legacy_version when supported_versions selects TLS 1.3 (239.98ms)
[627/873] PASS: parse: no supported_versions + downgrade sentinel yields IllegalParameter (239.99ms)
[628/873] PASS: parse: rejects ServerHello without supported_versions as legacy (239.99ms)
[629/873] PASS: parse: rejects SSLv3-or-lower legacy version (239.99ms)
[630/873] PASS: parse: rejects mismatched session id echo (240.00ms)
[631/873] PASS: parse: rejects non-zero compression method (240.00ms)
[632/873] PASS: fuzz: parse handles arbitrary input (240.02ms)
[633/873] PASS: encodeHelloRetryRequest: parse round-trip (240.02ms)
[634/873] PASS: parseHelloRetryRequest: rejects mismatched session id echo (240.03ms)
[635/873] PASS: parseHelloRetryRequest: RFC 8448 §5 (240.03ms)
[636/873] PASS: parseHelloRetryRequest: no cookie (240.03ms)
[637/873] PASS: parseHelloRetryRequest: rejects non-HRR Random (240.03ms)
[638/873] PASS: parseHelloRetryRequest: rejects wrong type (240.04ms)
[639/873] PASS: parseHelloRetryRequest: rejects TLS 1.2 in supported_versions (240.04ms)
[640/873] PASS: parseHelloRetryRequest: ignores non-0x0303 legacy_version (240.04ms)
[641/873] PASS: parseHelloRetryRequest: rejects SSLv3-or-lower legacy version (240.05ms)
[642/873] PASS: parseHelloRetryRequest: rejects non-zero compression method (240.05ms)
[643/873] PASS: parseHelloRetryRequest: rejects unknown cipher suite (240.05ms)
[644/873] PASS: parseHelloRetryRequest: rejects trailing bytes after extensions (240.05ms)
[645/873] PASS: parseHelloRetryRequest: rejects cookie extension trailing bytes (240.06ms)
[646/873] PASS: parseHelloRetryRequest: rejects missing supported_versions (240.06ms)
[647/873] PASS: parseHelloRetryRequest: rejects unknown unsolicited extension (240.06ms)
[648/873] PASS: parseHelloRetryRequest: rejects record_size_limit (240.07ms)
[649/873] PASS: KEM key_share round-trip: ServerHello encode → parse preserves 1120-byte ciphertext (240.08ms)
[650/873] PASS: fuzz: parseHelloRetryRequest handles arbitrary input (240.09ms)
[651/873] PASS: Config.validate reports invalid lists and missing P-384 material (240.15ms)
[652/873] PASS: sendAlert: plaintext fatal alert before ClientHello (240.21ms)
[653/873] PASS: sendAlert: encrypted close_notify after handshake (240.42ms)
[654/873] PASS: handleRecord: rejects ChangeCipherSpec before ClientHello (240.47ms)
[655/873] PASS: handleRecord: drops valid ChangeCipherSpec while waiting for client Finished (240.65ms)
[656/873] PASS: handleRecord: rejects malformed ChangeCipherSpec payload (240.80ms)
[657/873] PASS: handleRecord: ClientHello returns ServerHello write and enforces pending write (240.94ms)
[658/873] PASS: handleRecord: zero-length plaintext handshake is rejected (241.00ms)
[659/873] PASS: handleRecord: rejects application_data before connected (241.05ms)
[660/873] PASS: acceptClientHello: emits ServerHello and installs handshake keys (241.30ms)
[661/873] PASS: acceptClientHello: negotiates secp256r1 key share (241.52ms)
[662/873] PASS: acceptClientHello: negotiates secp384r1 key share (247.41ms)
[663/873] PASS: acceptClientHello: emits HelloRetryRequest for missing secp256r1 key share (247.52ms)
[664/873] PASS: acceptClientHello: rejects ClientHello2 with changed SNI or ALPN after HRR (247.68ms)
[665/873] PASS: acceptClientHello: rejects early_data in ClientHello2 after HRR (247.76ms)
[666/873] PASS: acceptClientHello: rejects replaced PSK identity in ClientHello2 despite valid binder (247.87ms)
[667/873] PASS: acceptClientHello: rejects added, reordered, or dropped PSK identities in CH2 (248.12ms)
[668/873] PASS: acceptClientHello: accepts permitted ClientHello2 PSK updates after HRR (248.66ms)
[669/873] PASS: acceptClientHello: bounded PSK identity admission before HelloRetryRequest (248.87ms)
[670/873] PASS: acceptClientHello: rejects removal of an unknown identity whose binder claims the HRR hash (248.96ms)
[671/873] PASS: acceptClientHello: HRR path rejects a slack-byte identities vector in CH1 (249.04ms)
[672/873] PASS: acceptClientHello: HRR path rejects a slack-byte identities vector in CH2 (249.13ms)
[673/873] PASS: acceptClientHello: PSK selection rejects a slack-byte identities vector (249.20ms)
[674/873] PASS: acceptClientHello: rejects ClientHello2 that ignores HRR selected group (249.31ms)
[675/873] PASS: acceptClientHello: rejects ClientHello2 with extra key share (249.41ms)
[676/873] PASS: acceptClientHello: HRR sends at most one compatibility ChangeCipherSpec (249.57ms)
[677/873] PASS: acceptClientHello: emits compatibility ChangeCipherSpec for non-empty legacy_session_id (249.72ms)
[678/873] PASS: sendAnonymousFlightForTest: client decrypts EncryptedExtensions and Finished (249.99ms)
[679/873] PASS: sendPreparedServerFlight: credentials and pending write are enforced (250.34ms)
[680/873] PASS: sendPreparedServerFlight: encryption failure preserves handshake write epoch (250.66ms)
[681/873] PASS: sendAuthenticatedFlight: client decrypts authenticated server flight (250.99ms)
[682/873] PASS: sendAuthenticatedFlight: optional client auth sends CertificateRequest (251.31ms)
[683/873] PASS: NewSessionTicket emission derives matching client and server PSKs (251.78ms)
[684/873] PASS: NewSessionTicket emission rejects stale prepared PSK objects (252.23ms)
[685/873] PASS: server-issued NewSessionTicket resumes and can be renewed (253.07ms)
[686/873] PASS: NewSessionTicket emission owns unique bounded nonces (253.61ms)
[687/873] PASS: NewSessionTicket emission enforces write and kTLS ordering (254.05ms)
[688/873] PASS: NewSessionTicket emission preserves state on encoding failure (254.50ms)
[689/873] PASS: discardTicketPsk burns nonce and erases key material (254.94ms)
[690/873] PASS: processClientFinished: optional client auth accepts empty Certificate (255.38ms)
[691/873] PASS: processClientFinished: required client auth rejects empty Certificate (255.81ms)
[692/873] PASS: processClientFinished: required client auth verifies real client Certificate + CV (256.41ms)
[693/873] PASS: processClientFinished: bad client Finished does not retain identity (256.99ms)
[694/873] PASS: processClientFinished: client identity requires caller-owned storage (257.56ms)
[695/873] PASS: processClientFinished: required client auth rejects forged CertificateVerify (258.12ms)
[696/873] PASS: sendAuthenticatedFlight: client processes CertificateVerify and Finished (258.52ms)
[697/873] PASS: processClientFinished: verifies Finished and installs app keys (258.70ms)
[698/873] PASS: public Finished paths reject trailing and non-Finished handshake messages (259.35ms)
[699/873] PASS: handleRecord: rejects disjoint ALPN offers with the required alert (259.43ms)
[700/873] PASS: processClientFinished: rejects a client key above retention capacity (286.28ms)
[701/873] PASS: processClientFinished: rejects bad verify_data (286.46ms)
[702/873] PASS: processClientFinished: rejects EndOfEarlyData when 0-RTT was not accepted (286.63ms)
[703/873] PASS: handleRecord: rejects second plaintext ClientHello before Finished (286.79ms)
[704/873] PASS: handleRecord: rejects protected ClientHello after connected (286.97ms)
[705/873] PASS: handleRecord: rejects client KeyUpdate before Finished (287.14ms)
[706/873] PASS: receiveRecord: RX progresses while a server TX record is pending (287.33ms)
[707/873] PASS: receiveKtlsRecord: server processes kernel-decrypted records (287.52ms)
[708/873] PASS: ratchetKtlsTx: server advances only an idle TX epoch (287.70ms)
[709/873] PASS: handleRecord: client KeyUpdate(update_requested) ratchets rx and responds (287.90ms)
[710/873] PASS: handleRecord: client KeyUpdate(update_not_requested) ratchets rx only (288.10ms)
[711/873] PASS: sendKeyUpdate: server-initiated KeyUpdate encrypts under old key then ratchets tx (288.28ms)
[712/873] PASS: handleRecord: self-initiated sendKeyUpdate response surfaces rx only (288.47ms)
[713/873] PASS: handleRecord: KeyUpdate not at record boundary is rejected (288.67ms)
[714/873] PASS: handleRecord: invalid client KeyUpdate request is rejected (288.85ms)
[715/873] PASS: handleRecord: zero-length encrypted handshake is rejected (289.03ms)
[716/873] PASS: handleRecord: all-zero inner plaintext maps to unexpected_message (289.21ms)
[717/873] PASS: handleRecord: illegal post-handshake inner content type is rejected (289.39ms)
[718/873] PASS: handleRecord: empty application data does not reset post-handshake flood counter (289.57ms)
[719/873] PASS: handleRecord: KeyUpdate flood is rejected (289.95ms)
[720/873] PASS: handleRecord: KeyUpdate flood cap fires despite empty app-data interleaving (290.27ms)
[721/873] PASS: EstablishedSession: struct stays compact against the handshake engine (290.27ms)
[722/873] PASS: extractEstablished: connected events match the handshake engine (290.66ms)
[723/873] PASS: extractEstablished: engine is consumed and immediate deinit is safe (290.84ms)
[724/873] PASS: extractEstablished: moved-from rx/tx are wiped, the session's copies stay live (291.02ms)
[725/873] PASS: extractEstablished: deferred KeyUpdate obligation blocks application writes (291.22ms)
[726/873] PASS: extractEstablished: KeyUpdate flood cap survives extraction and resets on app data (291.52ms)
[727/873] PASS: extractEstablished: KeyUpdate fragment carries across extraction (291.70ms)
[728/873] PASS: extractEstablished: KeyUpdate record-boundary and fragment rules hold (291.89ms)
[729/873] PASS: extractEstablished: close_notify and fatal alerts keep server semantics (292.07ms)
[730/873] PASS: extractEstablished: sendAlert latches and ratchetTx advances the TX epoch (292.26ms)
[731/873] PASS: extractEstablished: SHA-384 suite ratchets and exchanges app data (292.84ms)
[732/873] PASS: extractEstablished: NewSessionTicket is issued before extraction (293.30ms)
[733/873] PASS: key update: simultaneous update_requested remains connected (293.79ms)
[734/873] PASS: fuzz: ServerHandshake.handleRecord rejects arbitrary input (293.85ms)
[735/873] PASS: fuzz: connected ServerHandshake.handleRecord rejects arbitrary input (294.75ms)
[736/873] PASS: application data: server sends and receives (294.93ms)
[737/873] PASS: in-memory authenticated client-server handshake reaches app data (295.38ms)
[738/873] PASS: in-memory authenticated client-server handshake suite matrix (297.28ms)
[739/873] PASS: in-memory KeyUpdate round trip across all cipher suites (299.33ms)
[740/873] PASS: selectPsk: verifies the binder for a matching PSK identity (299.41ms)
[741/873] PASS: selectPsk: returns null when the PSK binder does not verify (299.49ms)
[742/873] PASS: selectPsk: oversized binders_len does not overflow (299.56ms)
[743/873] PASS: PSK offer without psk_key_exchange_modes aborts (299.68ms)
[744/873] PASS: PSK offer with only psk_ke disables resumption and ticket issuance (299.89ms)
[745/873] PASS: client authentication policy declines PSK resumption (300.50ms)
[746/873] PASS: PSK selection skips cipher suites with an incompatible hash (301.07ms)
[747/873] PASS: in-memory PSK resumption reaches app data (301.42ms)
[748/873] PASS: in-memory RFC 10024 PSK resumption matrix reaches app data (308.61ms)
[749/873] PASS: in-memory RFC 10024 PSK resumption survives HRR (315.77ms)
[750/873] PASS: in-memory RFC 10024 SHA-384 PSK resumption survives HRR (325.60ms)
[751/873] PASS: PSK fast-path rejects bare Finished when server did NOT select PSK (325.88ms)
[752/873] PASS: in-memory 0-RTT early data is decrypted by the server (326.25ms)
[753/873] PASS: 0-RTT: accepted early data distinguishes authentication and handshake errors (326.95ms)
[754/873] PASS: 0-RTT: server rejects early data exceeding max_early_data_size (327.17ms)
[755/873] PASS: 0-RTT: max u32 early-data limit rejects bytes beyond remaining budget (327.22ms)
[756/873] PASS: 0-RTT: no PSK selected means early data is skipped and 1-RTT completes (327.69ms)
[757/873] PASS: 0-RTT: declined early records in flight are skipped and 1-RTT completes (328.06ms)
[758/873] PASS: 0-RTT: required client auth declines PSK, skips early data, completes 1-RTT (328.68ms)
[759/873] PASS: 0-RTT: decline skip budget exhaustion aborts the handshake (328.89ms)
[760/873] PASS: 0-RTT: corrupted record after the skip window aborts (329.17ms)
[761/873] PASS: 0-RTT: HRR decline skips in-flight early data and the retry handshake completes (329.65ms)
[762/873] PASS: 0-RTT: default decline-skip budget covers a full max-size early record (330.12ms)
[763/873] PASS: 0-RTT: HRR decline skip budget exhaustion aborts the handshake (330.25ms)
[764/873] PASS: 0-RTT: HRR decline skip rejects malformed application_data records (330.38ms)
[765/873] PASS: 0-RTT: HRR skip window closes at ClientHello2 (330.67ms)
[766/873] PASS: 0-RTT: server declines, client sends no EndOfEarlyData (331.03ms)
[767/873] PASS: 0-RTT: client rejects server-sent EndOfEarlyData (331.09ms)
[768/873] PASS: 0-RTT: processClientFinished rejects Finished before EndOfEarlyData (331.34ms)
[769/873] PASS: preferredHybridShare follows server preference (331.39ms)
[770/873] PASS: in-memory RFC 10024 hybrid group matrix reaches app data (338.81ms)
[771/873] PASS: RFC 10024 hybrid group matrix negotiates through HRR (345.62ms)
[772/873] PASS: hybrid share requires explicit server policy (345.83ms)
[773/873] PASS: in-memory HRR round trip reaches app data (346.28ms)
[774/873] PASS: acceptClientHello: server suite preference (346.43ms)
[775/873] PASS: acceptClientHello: exposes SNI via clientServerName (346.58ms)
[776/873] PASS: acceptClientHello: clientServerName is null when SNI absent (346.73ms)
[777/873] PASS: acceptClientHello: rejects unsupported suite (346.80ms)
[778/873] PASS: acceptClientHello: ignores unknown cipher suites in mixed list (347.08ms)
[779/873] PASS: acceptClientHello: rejects ClientHello with no shared group (347.15ms)
[780/873] PASS: handleRecord: reassembles ClientHello split across records (347.30ms)
[781/873] PASS: handleRecord: reassembles ClientHello with header and body in separate records (347.45ms)
[782/873] PASS: handleRecord: rejects CCS while ClientHello fragment pending (347.52ms)
[783/873] PASS: handleRecord: processes alert while ClientHello fragment pending (347.59ms)
[784/873] PASS: handleRecord: plaintext fatal alert in wait_ch records detail (347.69ms)
[785/873] PASS: handleRecord: unknown alert codes are preserved (347.74ms)
[786/873] PASS: handleRecord: lastPeerAlert replaced by later alert, preserved by close/malformed (347.79ms)
[787/873] PASS: handleRecord: rejects fragmented ClientHello without reassembly buffer (347.86ms)
[788/873] PASS: handleRecord: state reset after invalid fragmented ClientHello (348.01ms)
[789/873] PASS: handleRecord: rejects trailing bytes after fragmented ClientHello (348.16ms)
[790/873] PASS: handleRecord: reassembles ClientHello2 split across records after HRR (348.32ms)
[791/873] PASS: handleRecord: reassembles fragmented client Finished across encrypted records (348.51ms)
[792/873] PASS: handleRecord: rejects interleaved alert during Finished fragment reassembly (348.69ms)
[793/873] PASS: handleRecord: rejects plaintext alert during Finished fragment reassembly (348.85ms)
[794/873] PASS: handleRecord: encrypted fatal alert while waiting for Finished records detail (349.01ms)
[795/873] PASS: handleRecord: rejects plaintext alert while waiting for Finished (349.17ms)
[796/873] PASS: handleRecord: rejects zero-length encrypted handshake while waiting for Finished (349.33ms)
[797/873] PASS: handleRecord: reassembles ClientHello when handshake header is split after 1 byte (349.48ms)
[798/873] PASS: handleRecord: server reassembles 1-byte fragmented KeyUpdate(update_requested) (349.68ms)
[799/873] PASS: handleRecord: fragmented KeyUpdate(update_not_requested) works (349.87ms)
[800/873] PASS: handleRecord: non-KeyUpdate fragment starts are rejected (350.05ms)
[801/873] PASS: handleRecord: KeyUpdate with trailing record bytes is rejected before ratchet (350.23ms)
[802/873] PASS: handleRecord: app-data interleaving during KeyUpdate reassembly is rejected (350.41ms)
[803/873] PASS: receiveApplicationData: app-data interleaving during KeyUpdate reassembly is rejected (350.59ms)
[804/873] PASS: handleRecord: alert interleaving during KeyUpdate reassembly is rejected (350.77ms)
[805/873] PASS: handleRecord: connected close_notify is clean, fatal alert records detail (350.95ms)
[806/873] PASS: handleRecord: zero-length handshake during KeyUpdate reassembly is rejected (351.13ms)
[807/873] PASS: handleRecord: ClientHello body_len 0xFFFFFF rejected without overflow (fast path) (351.18ms)
[808/873] PASS: handleRecord: split-header reassembly body_len 0xFFFFFF rejected without overflow (351.23ms)
[809/873] PASS: deinit leaves caller-owned buffers to the caller (351.39ms)
[810/873] PASS: Writer.append: u8 (351.39ms)
[811/873] PASS: Writer.append: u16 big-endian (351.39ms)
[812/873] PASS: Writer.append: u24 big-endian (351.40ms)
[813/873] PASS: Writer.appendSlice (351.40ms)
[814/873] PASS: Writer.append: enum (351.40ms)
[815/873] PASS: Reader.read: u8 (351.41ms)
[816/873] PASS: Reader.read: u16 big-endian (351.41ms)
[817/873] PASS: Reader.read: enum (351.41ms)
[818/873] PASS: Reader.readSlice: zero-copy (351.41ms)
[819/873] PASS: Reader.read: UnexpectedEof (351.42ms)
[820/873] PASS: Reader assume methods skip bounds checks after caller validation (351.42ms)
[821/873] PASS: Writer.reserve: write directly into buffer (351.42ms)
[822/873] PASS: Writer: sequential appends (351.42ms)
[823/873] PASS: encode and parse NewSessionTicket round trip (351.43ms)
[824/873] PASS: encode validates NewSessionTicket bounds before writing (351.43ms)
[825/873] PASS: parse: valid NewSessionTicket (351.43ms)
[826/873] PASS: parse: captures early_data max_early_data_size (351.44ms)
[827/873] PASS: parse: skips unknown ticket extension (351.44ms)
[828/873] PASS: parse: skips GREASE ticket extension (351.44ms)
[829/873] PASS: parse: rejects duplicate early_data extension (351.44ms)
[830/873] PASS: parse: rejects malformed early_data length (351.45ms)
[831/873] PASS: parse: wrong handshake type (351.45ms)
[832/873] PASS: parse: rejects length mismatch (351.45ms)
[833/873] PASS: parse: rejects empty ticket (351.45ms)
[834/873] PASS: parse: rejects malformed extensions length (351.45ms)
[835/873] PASS: fuzz: parse handles arbitrary input (351.46ms)
[836/873] PASS: encode: empty EncryptedExtensions (351.46ms)
[837/873] PASS: encode: ALPN EncryptedExtensions (351.46ms)
[838/873] PASS: encode: early_data accepted in EncryptedExtensions (351.46ms)
[839/873] PASS: encode: early_data omitted when not accepted (351.47ms)
[840/873] PASS: parse: valid EncryptedExtensions (351.47ms)
[841/873] PASS: parse: ALPN selection (351.47ms)
[842/873] PASS: parse: rejects unsolicited ALPN (351.47ms)
[843/873] PASS: parse: rejects unoffered ALPN (351.48ms)
[844/873] PASS: parse: rejects duplicate ALPN extension (351.48ms)
[845/873] PASS: parse: rejects multiple ALPN protocols (351.48ms)
[846/873] PASS: parse: rejects forbidden supported_versions extension (351.48ms)
[847/873] PASS: parse: rejects forbidden key_share extension (351.49ms)
[848/873] PASS: parse: rejects forbidden heartbeat extension (351.49ms)
[849/873] PASS: parse: rejects GREASE EncryptedExtensions extension (351.49ms)
[850/873] PASS: parse: rejects unknown unsolicited extension (351.50ms)
[851/873] PASS: parse: accepts server_name acknowledgment when SNI offered (351.50ms)
[852/873] PASS: parse: rejects server_name when SNI not offered (351.50ms)
[853/873] PASS: parse: rejects server_name acknowledgment with non-empty extension_data (351.50ms)
[854/873] PASS: parse: rejects unoffered record_size_limit in EncryptedExtensions (351.51ms)
[855/873] PASS: parse: accepts offered record_size_limit in EncryptedExtensions (351.51ms)
[856/873] PASS: parse: rejects malformed record_size_limit in EncryptedExtensions (351.51ms)
[857/873] PASS: parse: ignores supported_groups extension (351.51ms)
[858/873] PASS: parse: wrong handshake type (351.52ms)
[859/873] PASS: parse: truncated (351.52ms)
[860/873] PASS: fuzz: EncryptedExtensions parser with empty and populated offers (351.52ms)
[861/873] PASS: EncryptedExtensions: bounded single-byte mutation sweep (355.48ms)
[862/873] PASS: encode round-trips via parse (355.49ms)
[863/873] PASS: parse rejects wrong handshake type (355.49ms)
[864/873] PASS: parse rejects missing signature_algorithms (355.49ms)
[865/873] PASS: parse rejects duplicate signature_algorithms (355.49ms)
[866/873] PASS: encodedLen is accurate (355.50ms)
[867/873] PASS: verify: wrong verify_data (355.50ms)
[868/873] PASS: verify: wrong handshake type (355.50ms)
[869/873] PASS: encode then verify round-trip (355.51ms)
[870/873] PASS: messageHashSynthetic: SHA-256 header (355.51ms)
[871/873] PASS: messageHashSynthetic: SHA-384 header (355.52ms)
[872/873] PASS: messageHashSynthetic: RFC 8448 §5 ClientHello1 SHA-256 (355.52ms)
[873/873] PASS: fill writes caller buffer (355.52ms)

ztest: 872 passed, 0 failed, 1 skipped (of 873 total) in 1356ms
ALL TESTS PASSED

Build Summary: 8/8 steps succeeded
test success
+- run test success 1s MaxRSS:14M
|  +- compile test Debug native-native success 17s MaxRSS:733M
|     +- options cached
+- run exe errq-alloc-check success 64ms MaxRSS:8M
|  +- compile exe errq-alloc-check Debug native-native success 3s MaxRSS:409M
|     +- options (reused)
+- run exe encrypted-pem-check success 412us MaxRSS:7M
   +- compile exe encrypted-pem-check Debug native-native success 1s MaxRSS:243M
      +- options (reused)

NO_COLOR=1 pkg-config --list-all
NO_COLOR=1 pkg-config --list-all
NO_COLOR=1 pkg-config --list-all
NO_COLOR=1 pkg-config libcrypto --cflags --libs
NO_COLOR=1 pkg-config libcrypto --cflags --libs
NO_COLOR=1 pkg-config libcrypto --cflags --libs
/nix/store/HASH-zig-0.15.2/bin/zig test -I/nix/store/HASH-aws-lc-5.5.0-dev/include -L/nix/store/HASH-aws-lc-5.5.0/lib -lcrypto -ODebug -target native-native -mcpu apple_m1 --dep build_options --dep txtar --dep fixtures -Mroot=/Users/matt/code/ztls/src/test.zig -Mbuild_options=/tmp/tmp.4mG9IAcJM2/c/5f561f0723d3bca47c7861e3338782bd/options.zig -ODebug -target native-native -mcpu apple_m1 -Mtxtar=/tmp/ztls-plc-cache/global/p/txtar-0.1.0-RyJLBJ5rAABCV5lD0YSt048wd3l9Nk9a4_TnEnm0MZ9P/src/root.zig -ODebug -target native-native -mcpu apple_m1 -Mfixtures=/Users/matt/code/ztls/tests/fixtures/fixtures.zig -lc --test-runner /tmp/ztls-plc-cache/global/p/ztest-0.2.0-h6PBzyKEAAC49mtm1NO2CTeniItVuL0l06TpBDMDTe19/src/test_runner.zig --cache-dir /tmp/tmp.4mG9IAcJM2 --global-cache-dir /tmp/ztls-plc-cache/global --name test --zig-lib-dir /nix/store/HASH-zig-0.15.2/lib/zig/ --listen=-
/nix/store/HASH-zig-0.15.2/bin/zig build-exe -I/nix/store/HASH-aws-lc-5.5.0-dev/include -L/nix/store/HASH-aws-lc-5.5.0/lib -lcrypto -ODebug -target native-native -mcpu apple_m1 --dep ztls --dep fixtures -Mroot=/Users/matt/code/ztls/src/test/encrypted_pem_check.zig -I/nix/store/HASH-aws-lc-5.5.0-dev/include -ODebug -target native-native -mcpu apple_m1 --dep build_options -Mztls=/Users/matt/code/ztls/src/root.zig -ODebug -target native-native -mcpu apple_m1 -Mfixtures=/Users/matt/code/ztls/tests/fixtures/fixtures.zig -Mbuild_options=/tmp/tmp.4mG9IAcJM2/c/5f561f0723d3bca47c7861e3338782bd/options.zig -lc --cache-dir /tmp/tmp.4mG9IAcJM2 --global-cache-dir /tmp/ztls-plc-cache/global --name encrypted-pem-check --zig-lib-dir /nix/store/HASH-zig-0.15.2/lib/zig/ --listen=-
/nix/store/HASH-zig-0.15.2/bin/zig build-exe -I/nix/store/HASH-aws-lc-5.5.0-dev/include -L/nix/store/HASH-aws-lc-5.5.0/lib -lcrypto -ODebug -target native-native -mcpu apple_m1 --dep ztls --dep fixtures -Mroot=/Users/matt/code/ztls/src/test/errq_alloc_check.zig -I/nix/store/HASH-aws-lc-5.5.0-dev/include -ODebug -target native-native -mcpu apple_m1 --dep build_options -Mztls=/Users/matt/code/ztls/src/root.zig -ODebug -target native-native -mcpu apple_m1 -Mfixtures=/Users/matt/code/ztls/tests/fixtures/fixtures.zig -Mbuild_options=/tmp/tmp.4mG9IAcJM2/c/5f561f0723d3bca47c7861e3338782bd/options.zig -lc --cache-dir /tmp/tmp.4mG9IAcJM2 --global-cache-dir /tmp/ztls-plc-cache/global --name errq-alloc-check --zig-lib-dir /nix/store/HASH-zig-0.15.2/lib/zig/ --listen=-
/tmp/tmp.4mG9IAcJM2/o/ee2d4794a1e3c80224593e68201a7831/encrypted-pem-check
encrypted-pem-check: ok (pipe, terminal)
/tmp/tmp.4mG9IAcJM2/o/80f98ea69ae7974f9a39235c9eee1385/errq-alloc-check
errq-alloc-check: early client abort
errq-alloc-check: early server abort
errq-alloc-check: client Finished abort
errq-alloc-check: ok (allocs 8140, frees 8140, live 0)
/tmp/tmp.4mG9IAcJM2/o/bc16c694fed50b1fe5e850c2ec510381/test
ztest: Running 873 tests...
[1/873] PASS: test_0 (903.76ms)
[2/873] PASS: Wycheproof: X25519 shared secret tcId 1 (903.82ms)
[3/873] PASS: Wycheproof boundary: X25519 identity element is rejected (903.85ms)
[4/873] PASS: Wycheproof boundary: X25519 small-order public key is rejected (903.88ms)
[5/873] PASS: Wycheproof: AES-128-GCM AAD/tag handling tcId 2 (903.90ms)
[6/873] PASS: Wycheproof boundary: AES-256-GCM AAD/tag handling (903.91ms)
[7/873] PASS: Wycheproof: ChaCha20-Poly1305 one-byte message tcId 4 (903.91ms)
[8/873] PASS: Wycheproof boundary: ChaCha20-Poly1305 AAD handling (903.92ms)
[9/873] PASS: OpenSSL s_server interoperates with ztls client (972.60ms)
[10/873] PASS: OpenSSL s_server interoperates with ztls P-384 client (999.26ms)
[11/873] PASS: OpenSSL s_server interoperates with ztls RFC 10024 client groups (1100.29ms)
[12/873] PASS: ztls client resumes with OpenSSL s_server (PSK resumption) (128.91ms)
[13/873] PASS: ztls client sends 0-RTT early data to OpenSSL s_server (156.37ms)
[14/873] PASS: OpenSSL s_client interoperates with ztls server (194.87ms)
[15/873] PASS: OpenSSL s_client resumes with ztls server-issued ticket (219.77ms)
[16/873] PASS: OpenSSL s_client interoperates with ztls P-384 server (233.19ms)
[17/873] PASS: OpenSSL s_client interoperates with ztls RFC 10024 server groups (271.61ms)
[18/873] PASS: OpenSSL s_client with -cert interoperates with ztls server (required client auth) (287.76ms)
[19/873] PASS: ztls client with credentials interoperates with OpenSSL s_server -Verify (313.35ms)
[20/873] PASS: ztls-to-ztls TCP KeyUpdate round trip with ChaCha20-Poly1305 (356.10ms)
[21/873] PASS: backend.x25519: RFC 7748 §5.2 shared secret (356.15ms)
[22/873] PASS: backend.x25519: RFC 7748 §6.1 mutual key agreement (356.21ms)
[23/873] PASS: backend.x25519: Wycheproof tcId 1 shared secret (356.24ms)
[24/873] PASS: backend.x25519: all-zero public key is rejected (IdentityElement) (356.27ms)
[25/873] PASS: backend.x25519: small-order public key is rejected (IdentityElement) (356.29ms)
[26/873] PASS: backend.aead: round-trip for every advertised cipher suite (356.31ms)
[27/873] PASS: backend.aead: tag corruption is rejected for every advertised cipher suite (356.31ms)
[28/873] PASS: backend.aead: ciphertext corruption is rejected for every advertised cipher suite (356.32ms)
[29/873] PASS: backend.aead: Wycheproof AES-128-GCM tcId 2 (356.32ms)
[30/873] PASS: backend.aead: Wycheproof AES-256-GCM AAD boundary (356.33ms)
[31/873] PASS: backend.aead: Wycheproof ChaCha20-Poly1305 AAD boundary (356.34ms)
[32/873] PASS: backend.aead: ChaCha20-Poly1305 RFC 8439 §2.8.2 known-answer vector (356.35ms)
[33/873] PASS: backend.p256: mutual key agreement with fixed scalars (356.48ms)
[34/873] PASS: backend.p256: non-04 SEC1 prefix is rejected (356.51ms)
[35/873] PASS: backend.p256: off-curve point is rejected (356.52ms)
[36/873] PASS: backend.p256: zero scalar private key is rejected (356.52ms)
[37/873] PASS: backend.p256: Wycheproof tcId 1 shared secret (356.58ms)
[38/873] PASS: backend.p384: mutual key agreement with fixed scalars (357.04ms)
[39/873] PASS: backend.p384: non-04 SEC1 prefix is rejected (357.13ms)
[40/873] PASS: backend.p384: off-curve point is rejected (357.14ms)
[41/873] PASS: backend.p384: zero scalar private key is rejected (357.14ms)
[42/873] PASS: backend.p384: Wycheproof tcId 1 shared secret (357.36ms)
[43/873] PASS: backend.sign: RSA-PSS SHA-256 sign/verify round-trip (358.24ms)
[44/873] PASS: backend.sign: RSA-PSS SHA-256 rejects tampered signature (359.07ms)
[45/873] PASS: backend.sign: RSA-PSS SHA-384 sign/verify round-trip and tamper rejection (359.91ms)
[46/873] PASS: backend.sign: ECDSA P-256 SHA-256 sign/verify round-trip (359.98ms)
[47/873] PASS: backend.sign: ECDSA P-256 SHA-256 rejects tampered signature (360.03ms)
[48/873] PASS: backend.sign: ECDSA P-384 SHA-384 sign/verify round-trip and tamper rejection (360.38ms)
[49/873] PASS: backend.sign: BufferTooShort on undersized output (360.52ms)
[50/873] PASS: backend.sign: key/scheme mismatch is a libcrypto failure (360.53ms)
[51/873] PASS: backend.sign: Wycheproof RSA-PSS tcId 3 verify (360.57ms)
[52/873] PASS: backend.sign: Wycheproof RSA-PSS tcId 62 invalid signature (360.60ms)
[53/873] PASS: backend.sign: Wycheproof ECDSA P-256 tcId 1 verify (360.65ms)
[54/873] PASS: backend.sign: Wycheproof ECDSA P-256 tcId 6 invalid signature (360.66ms)
[55/873] PASS: backend.sign: Wycheproof ECDSA P-384 tcId 1 verify (360.84ms)
[56/873] PASS: backend.sign: Wycheproof ECDSA P-384 tcId 6 invalid signature (360.85ms)
[57/873] PASS: backend error-queue hygiene: malformed EC public key leaves no residue (#88) (360.85ms)
[58/873] PASS: backend error-queue hygiene: caller queue entries survive a failing wrapper (#88) (360.86ms)
[59/873] PASS: backend error-queue hygiene: scalar key load does not nest guards (#88) (360.86ms)
[60/873] PASS: backend error-queue hygiene: repeated failures leave the queue empty each round (#88) (360.87ms)
[61/873] PASS: backend error-queue hygiene: successful key load preserves caller entries (#88) (360.89ms)
[62/873] PASS: backend error-queue hygiene: failed signature verification leaves no residue (#88) (360.90ms)
[63/873] PASS: backend error-queue hygiene: failed record decrypt leaves no residue (#88) (360.91ms)
[64/873] PASS: backend error-queue hygiene: failed decrypt preserves caller entries exactly (#88) (360.91ms)
[65/873] PASS: backend error-queue hygiene: DER key load preservation is lane-dependent (#88) (360.92ms)
[66/873] PASS: backend error-queue hygiene: scheme inference preserves caller entries (#112) (360.93ms)
[67/873] PASS: backend error-queue hygiene: declined encrypted PEM loads leave no residue (#114) (360.96ms)
[68/873] PASS: backend error-queue hygiene: cert/key mismatch preservation is lane-dependent (#113) (360.99ms)
[69/873] PASS: RFC 5280 §4.2.1.10 name-constraint verdicts vs OpenSSL 3.6.3 ground truth (361.46ms)
[70/873] PASS: fuzz: verifyNameConstraints handles arbitrary NameConstraints and SAN DER (361.46ms)
[71/873] PASS: capi: ztls_version returns a non-empty string (361.46ms)
[72/873] PASS: capi: insecure client init is explicitly named (361.47ms)
[73/873] PASS: capi: size and alignment are non-zero and sane (361.47ms)
[74/873] PASS: capi: NULL parameters are rejected (361.47ms)
[75/873] PASS: capi: full client handshake through the C ABI (361.83ms)
[76/873] PASS: capi: send_application_data before connected fails (361.86ms)
[77/873] PASS: capi: KeyUpdate response is surfaced as a write event (362.16ms)
[78/873] PASS: capi: KeyUpdate without response maps to none without pending write (362.45ms)
[79/873] PASS: capi: NewSessionTicket maps to none without pending write (362.72ms)
[80/873] PASS: encrypt: rejects mismatched plaintext and ciphertext lengths (362.73ms)
[81/873] PASS: decrypt: rejects mismatched plaintext and ciphertext lengths (362.73ms)
[82/873] PASS: Aes128Gcm: encrypt/decrypt round-trip (362.73ms)
[83/873] PASS: Aes256Gcm: encrypt/decrypt round-trip (362.74ms)
[84/873] PASS: ChaCha20Poly1305: encrypt/decrypt round-trip (362.74ms)
[85/873] PASS: ChaCha20Poly1305: RFC 8439 known-answer vector (362.75ms)
[86/873] PASS: ChaCha20Poly1305: empty plaintext known-answer vector (362.76ms)
[87/873] PASS: ChaCha20Poly1305: authentication failure on tampered ciphertext (362.76ms)
[88/873] PASS: ChaCha20Poly1305: authentication failure on tampered tag (362.77ms)
[89/873] PASS: ChaCha20Poly1305: authentication failure on tampered ad (362.77ms)
[90/873] PASS: decrypt: authentication failure on tampered ciphertext (362.77ms)
[91/873] PASS: decrypt: authentication failure on tampered tag (362.77ms)
[92/873] PASS: decrypt: authentication failure on tampered ad (362.78ms)
[93/873] PASS: construct: seq 0 is just the IV (362.78ms)
[94/873] PASS: construct: seq increments flip the right bytes (362.78ms)
[95/873] PASS: construct: XOR with non-zero IV (362.79ms)
[96/873] PASS: construct: seq max u64 produces expected nonce (362.79ms)
[97/873] PASS: parse: close_notify (362.79ms)
[98/873] PASS: parse: warning-level error alert is fatal (362.79ms)
[99/873] PASS: parse: unknown alert description is fatal (362.79ms)
[100/873] PASS: parse: user_canceled is not fatal (362.80ms)
[101/873] PASS: parse: truncated (362.80ms)
[102/873] PASS: parse: rejects coalesced alert bytes (362.80ms)
[103/873] PASS: encode (362.80ms)
[104/873] PASS: fuzz: parse handles arbitrary input (362.81ms)
[105/873] PASS: alertForError: certificate failures map to certificate alerts (362.81ms)
[106/873] PASS: alertForError: parser and semantic failures map to protocol alerts (362.81ms)
[107/873] PASS: alertForError: provider failure maps to internal_error (362.81ms)
[108/873] PASS: alertForError: unknown error maps to internal_error (362.82ms)
[109/873] PASS: parse: oversized cert_len does not overflow bounds check (362.82ms)
[110/873] PASS: parseClientCertificate: oversized ctx_len does not overflow (362.82ms)
[111/873] PASS: parse: extracts public key from ECDSA P-256 certificate (362.83ms)
[112/873] PASS: parse: wrong handshake type (362.84ms)
[113/873] PASS: parse: rejects mismatched Certificate handshake body length (362.84ms)
[114/873] PASS: encodeWithRequestContext: encodes empty client certificate list (362.84ms)
[115/873] PASS: encodeWithRequestContext: rejects oversized request context (362.84ms)
[116/873] PASS: parseClientCertificate: accepts empty certificate with matching context (362.85ms)
[117/873] PASS: parseClientCertificate: rejects mismatched request context (362.85ms)
[118/873] PASS: parse: rejects non-empty server certificate request context (362.85ms)
[119/873] PASS: parse: rejects empty certificate list (362.86ms)
[120/873] PASS: parse: rejects certificate list length shorter than entries (362.86ms)
[121/873] PASS: encode: round trips certificate chain (369.41ms)
[122/873] PASS: parse: rejects unsupported CertificateEntry status_request (369.42ms)
[123/873] PASS: parse: rejects unsupported CertificateEntry SCT (369.42ms)
[124/873] PASS: parse: rejects forbidden CertificateEntry status_request_v2 (369.42ms)
[125/873] PASS: parse: rejects duplicate CertificateEntry status_request (369.43ms)
[126/873] PASS: parse: rejects malformed CertificateEntry extension length (369.43ms)
[127/873] PASS: parse: ignores unknown CertificateEntry extension (369.44ms)
[128/873] PASS: parse: validates hostname (369.44ms)
[129/873] PASS: parse: rejects hostname mismatch (369.45ms)
[130/873] PASS: parse: rejects missing trust anchor by default (369.45ms)
[131/873] PASS: parse: validates leaf against trust bundle (376.14ms)
[132/873] PASS: parse: validates leaf-intermediate-root chain (389.22ms)
[133/873] PASS: parse: rejects end-entity certificate used as issuer (389.32ms)
[134/873] PASS: parse: rejects chain with intermediate before leaf (389.41ms)
[135/873] PASS: parse: anchors chain below a cross-signed root (408.81ms)
[136/873] PASS: parse: rejects cross-signed root without a bundle anchor below it (421.68ms)
[137/873] PASS: parse: rejects chain with missing intermediate (421.77ms)
[138/873] PASS: parse: rejects chain hostname mismatch (421.86ms)
[139/873] PASS: parse: rejects untrusted leaf when bundle misses issuer (421.86ms)
[140/873] PASS: parse: accepts chain with matching DNS name constraints (435.36ms)
[141/873] PASS: parse: rejects chain with excluded DNS name constraints (448.83ms)
[142/873] PASS: parse: rejects chain outside permitted DNS name constraints (462.31ms)
[143/873] PASS: parse: insecure no-anchor path still enforces name constraints (468.78ms)
[144/873] PASS: parse: rejects signed unprocessed critical extension for both roles (468.88ms)
[145/873] PASS: parse: accepts signed noncritical extension and supported critical extensions (494.89ms)
[146/873] PASS: parse: rejects signed SAN with an invalid wrapper (494.99ms)
[147/873] PASS: parse: rejects chain exceeding pathLenConstraint zero (515.16ms)
[148/873] PASS: parse: accepts pathLenConstraint zero with a CA target (528.68ms)
[149/873] PASS: parse: rejects chain exceeding pathLenConstraint one (555.49ms)
[150/873] PASS: parse: accepts chain at pathLenConstraint one (575.54ms)
[151/873] PASS: parse: imposes no path-length limit when pathLenConstraint is absent (595.70ms)
[152/873] PASS: parse: enforces the tightest of multiple pathLenConstraints (622.61ms)
[153/873] PASS: parse: accepts multiple satisfied pathLenConstraints (642.73ms)
[154/873] PASS: parse: self-issued intermediate does not consume path length (662.92ms)
[155/873] PASS: parse: intermediate below a self-issued certificate still counts (689.93ms)
[156/873] PASS: parse: trust anchor pathLenConstraint limits intermediates below it (710.10ms)
[157/873] PASS: parse: trust anchor pathLenConstraint satisfied (723.52ms)
[158/873] PASS: parse: certificates above the anchored path are outside the path (750.43ms)
[159/873] PASS: parse: cross-signed root constraint binds inside the anchored path (777.32ms)
[160/873] PASS: parseClientChain: rejects client chain exceeding pathLenConstraint zero (796.89ms)
[161/873] PASS: parseClientChain: accepts client chain at pathLenConstraint zero (809.93ms)
[162/873] PASS: parse: insecure no-anchor path still enforces pathLenConstraint (822.91ms)
[163/873] PASS: parse: insecure no-anchor path accepts constrained chain with self-issued steps (835.92ms)
[164/873] PASS: parse: malformed DER length is rejected, not crashed (835.92ms)
[165/873] PASS: certificate_policy.verifyServerAuth: non-v3 certificates are rejected (835.93ms)
[166/873] PASS: certificate_policy.verifyServerAuth: KeyUsage without digitalSignature is rejected (835.93ms)
[167/873] PASS: certificate_policy.verifyServerAuth: EKU without serverAuth is rejected (835.93ms)
[168/873] PASS: certificate_policy.verifyClientAuth: EKU without clientAuth is rejected (835.94ms)
[169/873] PASS: certificate_policy.verifyClientAuth: KeyUsage without digitalSignature is rejected (835.94ms)
[170/873] PASS: certificate_policy.verifyClientAuth: clientAuth EKU is accepted (835.94ms)
[171/873] PASS: certificate_policy.verifyServerAuth: legacy certificate signatures are rejected (835.94ms)
[172/873] PASS: certificate_policy.verifyServerAuth: RSA PKCS1 SHA-256 certificate signature is accepted (835.95ms)
[173/873] PASS: certificate_policy: Ed25519 chain signature algorithm accepted when advertised (835.95ms)
[174/873] PASS: certificate_policy: Ed25519 chain signature algorithm rejected when not advertised (835.95ms)
[175/873] PASS: parse: Ed25519 self-signed certificate verified via std.crypto (835.96ms)
[176/873] PASS: certificate_policy.verifyServerAuth: rejects certificate signature outside policy (835.96ms)
[177/873] PASS: certificate signature policy checks non-self-signed chain certificates (835.96ms)
[178/873] PASS: certificate signature policy skips self-signed chain certificates (835.97ms)
[179/873] PASS: certificate_policy.verifyServerAuth: unrestricted supported leaf is accepted (835.97ms)
[180/873] PASS: encodeCertificateVerify: wraps signature (835.97ms)
[181/873] PASS: verifySignature: valid ECDSA P-256 signature (836.05ms)
[182/873] PASS: verifySignature: valid RSA-PSS SHA-256 signature (836.08ms)
[183/873] PASS: verifySignature: rejects RSA-PSS signature with wrong salt length (836.10ms)
[184/873] PASS: verifySignature: wrong transcript hash (836.15ms)
[185/873] PASS: verifySignature: rejects scheme absent from offered list (836.16ms)
[186/873] PASS: verifySignature: client CV rejects scheme absent from offered list (836.17ms)
[187/873] PASS: verifySignature: rejects RSA PKCS1 CertificateVerify scheme (836.17ms)
[188/873] PASS: verifySignature: rejects certificate key and scheme mismatch (836.18ms)
[189/873] PASS: verifySignature: server signature is not valid for client context (836.23ms)
[190/873] PASS: verifySignature: wrong handshake type (836.23ms)
[191/873] PASS: parse: extracts critical name constraints (836.24ms)
[192/873] PASS: parse: extracts non-critical name constraints (836.25ms)
[193/873] PASS: fuzz: parse handles arbitrary input (836.26ms)
[194/873] PASS: CertificateChain: single certificate view (836.26ms)
[195/873] PASS: CertificateChain.fromPem: decodes a certificate chain (836.27ms)
[196/873] PASS: CertificateChain.fromPem: rejects malformed input (836.27ms)
[197/873] PASS: CertificateChain.fromPem: rejects exhausted caller storage (836.28ms)
[198/873] PASS: fuzz: CertificateChain.fromPem handles arbitrary input (836.29ms)
[199/873] PASS: active backend identity matches the private provider facade (836.29ms)
[200/873] PASS: hybrid capability queries match the active backend (836.29ms)
[201/873] PASS: validateHybridGroups reports local policy faults (836.30ms)
[202/873] PASS: requiresP384 identifies only P-384 hybrid policy (836.30ms)
[203/873] PASS: CipherSuite wire values (836.30ms)
[204/873] PASS: PskOfferIter: walks identity/binder pairs in offer order (836.30ms)
[205/873] PASS: PskOfferIter: rejects oversized lengths (836.31ms)
[206/873] PASS: PskOfferIter: rejects a slack-byte identities vector (836.31ms)
[207/873] PASS: PskOfferIter: rejects more binders than identities (836.31ms)
[208/873] PASS: parse: preserves boundary SNI names as borrowed slices (836.33ms)
[209/873] PASS: parse: rejects an empty SNI name list (836.33ms)
[210/873] PASS: parse: rejects an empty SNI host name (836.34ms)
[211/873] PASS: parse: rejects an SNI name beyond the DNS length limit (836.34ms)
[212/873] PASS: encode: rejects an empty SNI host name (836.35ms)
[213/873] PASS: encodedLen: rejects an SNI name beyond the DNS length limit (836.35ms)
[214/873] PASS: encode: size matches encodedLen (836.35ms)
[215/873] PASS: encodeWithPsk: pre_shared_key is last, binder prefix and offset are correct (836.36ms)
[216/873] PASS: encodeWithPsk: rejects unsupported binder length (836.36ms)
[217/873] PASS: parse: ClientHello with pre_shared_key round-trips (836.37ms)
[218/873] PASS: encodeWithP256: size matches encodedLenWithP256 (836.37ms)
[219/873] PASS: encode: handshake type and legacy version (836.37ms)
[220/873] PASS: encode: cipher suites match backend capabilities (836.38ms)
[221/873] PASS: encode: legacy_session_id is empty (836.38ms)
[222/873] PASS: encode: supported_groups contains X25519 (836.38ms)
[223/873] PASS: encode: key_share contains public key (836.39ms)
[224/873] PASS: encodeWithP256: includes X25519 and secp256r1 key shares (836.39ms)
[225/873] PASS: encodeWithP256P384: includes X25519, secp256r1, and secp384r1 key shares (836.40ms)
[226/873] PASS: encodeWithP256P384: size matches encodedLenWithP256P384 (836.40ms)
[227/873] PASS: parse: accepts secp384r1 key share (836.52ms)
[228/873] PASS: parse: rejects compressed secp384r1 key share (836.53ms)
[229/873] PASS: encodeRetryAfterHrr: secp384r1 selected, no cookie (836.54ms)
[230/873] PASS: encode: SNI present when server_name set (836.54ms)
[231/873] PASS: encode: SNI absent when server_name is null (836.54ms)
[232/873] PASS: encode: supported_versions contains TLS 1.3 (836.55ms)
[233/873] PASS: encode: signature_algorithms match backend capabilities (836.55ms)
[234/873] PASS: encode: signature_algorithms_cert match backend capabilities (836.55ms)
[235/873] PASS: encode: ALPN present when protocols set (836.56ms)
[236/873] PASS: encode: rejects invalid ALPN protocols (836.56ms)
[237/873] PASS: parse: encoded ClientHello (836.56ms)
[238/873] PASS: parse: tracks offered SNI extension presence (836.57ms)
[239/873] PASS: parse: tracks offered record_size_limit extension presence (836.57ms)
[240/873] PASS: parse: accepts secp256r1 supported group and key share (836.60ms)
[241/873] PASS: parseSupportedGroups: records RFC 10024 groups (836.61ms)
[242/873] PASS: parse: rejects malformed X25519 key share (836.61ms)
[243/873] PASS: parse: rejects key share outside supported_groups (836.63ms)
[244/873] PASS: parse: rejects oversized legacy_session_id (836.64ms)
[245/873] PASS: parse: rejects SSLv3-or-lower legacy_version (836.64ms)
[246/873] PASS: parse: rejects missing supported_versions (836.65ms)
[247/873] PASS: parse: rejects supported_versions without TLS 1.3 (836.65ms)
[248/873] PASS: parse: rejects missing supported_groups (836.66ms)
[249/873] PASS: parse: rejects missing signature_algorithms (836.66ms)
[250/873] PASS: parse: rejects malformed signature_algorithms (836.67ms)
[251/873] PASS: parse: rejects signature_algorithms without TLS 1.3 handshake scheme (836.67ms)
[252/873] PASS: parse: rejects malformed ClientHello (836.68ms)
[253/873] PASS: parse: rejects malformed compression methods (836.68ms)
[254/873] PASS: parse: no shared supported group is rejected (836.69ms)
[255/873] PASS: parse: rejects duplicate x25519 key share entries (836.69ms)
[256/873] PASS: parseKeyShare: retains all RFC 10024 hybrid entries (836.69ms)
[257/873] PASS: encode: buffer too short (836.69ms)
[258/873] PASS: encode: server_name too long (836.70ms)
[259/873] PASS: parse: rejects duplicate supported_groups (836.70ms)
[260/873] PASS: parse: missing X25519 key share leaves public key null (836.70ms)
[261/873] PASS: parse: rejects duplicate signature_algorithms (836.71ms)
[262/873] PASS: parse: rejects duplicate signature_algorithms_cert (836.71ms)
[263/873] PASS: parse: rejects duplicate SNI (836.72ms)
[264/873] PASS: parse: rejects duplicate ALPN (836.72ms)
[265/873] PASS: parse: rejects duplicate supported_versions (836.73ms)
[266/873] PASS: parse: rejects duplicate key_share extensions (836.74ms)
[267/873] PASS: parse: rejects duplicate psk_key_exchange_modes (836.74ms)
[268/873] PASS: parse: ignores unknown extension (836.75ms)
[269/873] PASS: parse: ignores unknown supported_groups entries (836.75ms)
[270/873] PASS: fuzz: parse handles arbitrary input (836.75ms)
[271/873] PASS: encodeRetryAfterHrr: X25519 selected, no cookie (836.76ms)
[272/873] PASS: encodeRetryAfterHrr: preserves PSK key exchange mode (836.76ms)
[273/873] PASS: encodeRetryAfterHrr: secp256r1 selected, no cookie (836.77ms)
[274/873] PASS: encodeRetryAfterHrr: includes cookie when provided (836.77ms)
[275/873] PASS: encodeRetryAfterHrr: preserves SNI and ALPN from ClientHello1 (836.78ms)
[276/873] PASS: encodeRetryAfterHrr: rejects unsupported group (836.78ms)
[277/873] PASS: encodeRetryAfterHrr: missing configured hybrid share is a policy error (836.78ms)
[278/873] PASS: encodeWithHybridGroups: rejects unknown share group without panic (836.79ms)
[279/873] PASS: KEM key_share round-trip: ClientHello encode → parse preserves 1216-byte public key (836.80ms)
[280/873] PASS: parse: psk_key_exchange_modes list_len 0xFF rejected without overflow (836.81ms)
[281/873] PASS: SessionTicket.secureZero erases identity, PSK, and metadata (836.81ms)
[282/873] PASS: HybridPolicy.validate rejects an initial share outside its group list (836.81ms)
[283/873] PASS: Config.validate reports unavailable groups and missing P-384 material (836.84ms)
[284/873] PASS: start validates hybrid policy before key generation and output (836.92ms)
[285/873] PASS: transcript hash: RFC 8448 §3 ClientHello || ServerHello (836.95ms)
[286/873] PASS: deriveHandshakeKeys: RFC 8448 §3 server handshake key/iv/finished (837.00ms)
[287/873] PASS: processServerHello: RFC 8448 §3 installs server handshake keys (837.07ms)
[288/873] PASS: processServerHello: accepts secp256r1 key_share (837.19ms)
[289/873] PASS: processServerHello: rejects invalid secp256r1 point (837.23ms)
[290/873] PASS: processServerHello: rejects unoffered secp256r1 key_share (837.27ms)
[291/873] PASS: processServerHello: rejects mismatched session id echo (837.29ms)
[292/873] PASS: processServerHello: rejects a missing key_share after TLS 1.3 selection (837.32ms)
[293/873] PASS: processServerHello: rejects unoffered cipher suite (837.36ms)
[294/873] PASS: processFlight: stores selected ALPN (837.42ms)
[295/873] PASS: processFlight: rejects unoffered ALPN (837.49ms)
[296/873] PASS: processFlight: rejects unanchored Certificate by default (837.96ms)
[297/873] PASS: processFlight: rejects non-empty server Certificate request context (838.41ms)
[298/873] PASS: processFlight: rejects empty server Certificate list (838.85ms)
[299/873] PASS: processFlight: rejects unsolicited EncryptedExtensions ALPN (838.92ms)
[300/873] PASS: processFlight: rejects unrequested server CertificateEntry status_request (839.37ms)
[301/873] PASS: handleRecord: rejects a server key above retention capacity (865.59ms)
[302/873] PASS: processFlight: RFC 8448 §3 full server flight to connected (866.09ms)
[303/873] PASS: processFlight: rejects handshake message after server Finished (866.55ms)
[304/873] PASS: processFlight: handshake message spanning records needs buffer (866.99ms)
[305/873] PASS: processFlight: reassembles handshake message split across records (867.45ms)
[306/873] PASS: processFlight: buffered path rejects handshake message after server Finished (867.90ms)
[307/873] PASS: processFlight: RFC 8448 §3 flight split one message per record (868.37ms)
[308/873] PASS: handleRecord: malformed ServerHello is rejected (868.39ms)
[309/873] PASS: processFlight: rejects Finished before EncryptedExtensions (868.46ms)
[310/873] PASS: processFlight: rejects CertificateVerify before Certificate (868.93ms)
[311/873] PASS: processFlight: rejects Finished before CertificateVerify (869.38ms)
[312/873] PASS: processFlight: rejects unoffered CertificateVerify scheme (869.82ms)
[313/873] PASS: processFlight: rejects wrong CertificateVerify signature (870.28ms)
[314/873] PASS: processFlight: rejects wrong server Finished verify_data (870.73ms)
[315/873] PASS: handleRecord: plaintext fatal alert in wait_sh (870.78ms)
[316/873] PASS: handleRecord: malformed alert record does not set or replace lastPeerAlert (870.80ms)
[317/873] PASS: handleRecord: unknown alert codes are preserved (870.83ms)
[318/873] PASS: handleRecord: lastPeerAlert replaced by later alert, preserved by close/malformed (870.85ms)
[319/873] PASS: handleRecord: rejects ChangeCipherSpec before ClientHello (870.87ms)
[320/873] PASS: handleRecord: drops valid ChangeCipherSpec after ClientHello (870.90ms)
[321/873] PASS: handleRecord: rejects malformed ChangeCipherSpec payload (870.92ms)
[322/873] PASS: handleRecord: encrypted fatal alert during server flight (870.99ms)
[323/873] PASS: handleRecord: rejects server KeyUpdate before Finished (871.06ms)
[324/873] PASS: handleRecord: truncated encrypted flight is rejected (871.50ms)
[325/873] PASS: handleRecord: corrupted encrypted flight is rejected (871.94ms)
[326/873] PASS: handleRecord: post-handshake unexpected inner content type is rejected (872.43ms)
[327/873] PASS: handleRecord: encrypted application data during server flight is rejected (872.52ms)
[328/873] PASS: clientFinished: RFC 8448 §3 emits Finished and upgrades to app keys (873.00ms)
[329/873] PASS: processFlight: accepts CertificateRequest before server Certificate (873.44ms)
[330/873] PASS: processFlight: rejects non-empty handshake CertificateRequest context (873.88ms)
[331/873] PASS: clientFinished: sends empty Certificate before Finished for CertificateRequest (874.35ms)
[332/873] PASS: clientFinished: empty CertificateRequest with no credentials still finishes (874.82ms)
[333/873] PASS: client auth: setCredentials stores client credentials (874.86ms)
[334/873] PASS: ratchetClientKey: RFC 8446 §7.2 next application write key (875.33ms)
[335/873] PASS: handleRecord: application data resets both post-handshake flood counters (875.81ms)
[336/873] PASS: receiveRecord: RX progresses while a client TX record is pending (876.32ms)
[337/873] PASS: receiveKtlsRecord: client processes kernel-decrypted records (876.83ms)
[338/873] PASS: receiveKtlsRecord: client finds KeyUpdate after NewSessionTicket (877.31ms)
[339/873] PASS: ratchetKtlsTx: client advances only an idle TX epoch (877.80ms)
[340/873] PASS: handleRecord: server KeyUpdate(update_requested) ratchets rx and responds (878.29ms)
[341/873] PASS: handleRecord: KeyUpdate not at record boundary is rejected (878.77ms)
[342/873] PASS: handleRecord: invalid server KeyUpdate request is rejected (879.25ms)
[343/873] PASS: handleRecord: server KeyUpdate(update_not_requested) surfaces key_update rx only (879.74ms)
[344/873] PASS: handleRecord: self-initiated sendKeyUpdate response surfaces rx only (880.24ms)
[345/873] PASS: sendAlert: plaintext fatal alert before ServerHello (880.26ms)
[346/873] PASS: sendAlert: encrypted close_notify after handshake (880.77ms)
[347/873] PASS: handleRecord: close_notify returns closed (881.25ms)
[348/873] PASS: handleRecord: fatal alert returns PeerAlert (881.73ms)
[349/873] PASS: handleRecord: NewSessionTicket is surfaced as an event (882.22ms)
[350/873] PASS: clientFinished: RFC 8448 §4 resumption_master_secret over the live transcript (882.70ms)
[351/873] PASS: startWithPsk: binder matches an independent HMAC over the prefix (882.76ms)
[352/873] PASS: startWithPsk: advertises configured RFC 10024 key share (882.86ms)
[353/873] PASS: startWithPsk: ticket without early-data permission omits early_data (882.91ms)
[354/873] PASS: EncryptedExtensions: rejects early_data when server declined PSK (883.00ms)
[355/873] PASS: EncryptedExtensions: rejects early_data without early traffic keys (883.09ms)
[356/873] PASS: EncryptedExtensions: rejects early_data after HelloRetryRequest (883.18ms)
[357/873] PASS: processServerHello rejects selected PSK with incompatible cipher suite hash (883.30ms)
[358/873] PASS: handleRecord: PSK-offering client rejects bare Finished unless server selected PSK (883.52ms)
[359/873] PASS: handleRecord: accepts 17 consecutive NewSessionTickets (884.03ms)
[360/873] PASS: handleRecord: NewSessionTicket flood is rejected with ticket-specific error (884.56ms)
[361/873] PASS: handleRecord: malformed NewSessionTicket is rejected (885.05ms)
[362/873] PASS: handleRecord: KeyUpdate flood is rejected (885.71ms)
[363/873] PASS: handleRecord: empty application data does not reset flood counters (886.20ms)
[364/873] PASS: handleRecord: KeyUpdate flood cap fires despite empty app-data interleaving (886.87ms)
[365/873] PASS: start: uses Config host_name for SNI and policy (886.90ms)
[366/873] PASS: handleRecord: drives RFC 8448 §3 handshake to connected (887.38ms)
[367/873] PASS: 0.5-RTT: coalesced server data precedes client Finished delivery (888.36ms)
[368/873] PASS: handleRecord: unacknowledged write blocks further calls (888.86ms)
[369/873] PASS: sendEarlyData: unacknowledged write blocks further early data (888.91ms)
[370/873] PASS: handleRecord: zero-length plaintext handshake is rejected (888.94ms)
[371/873] PASS: handleRecord: zero-length encrypted handshake is rejected (889.01ms)
[372/873] PASS: handleRecord: all-zero inner plaintext maps to unexpected_message (889.49ms)
[373/873] PASS: handleRecord: application_data before ServerHello is rejected (889.52ms)
[374/873] PASS: HandshakeReader: splits coalesced messages (889.52ms)
[375/873] PASS: HandshakeReader: truncated body is UnexpectedEof (889.52ms)
[376/873] PASS: fuzz: HandshakeReader handles arbitrary input (889.53ms)
[377/873] PASS: fuzz: processFlight handles arbitrary decrypted bytes (889.72ms)
[378/873] PASS: fuzz: 0-RTT client state machine handles arbitrary inbound records (889.80ms)
[379/873] PASS: processHelloRetryRequest: rejects already-offered key_share group (889.83ms)
[380/873] PASS: processHelloRetryRequest: secp256r1 selected produces ClientHello2 (889.86ms)
[381/873] PASS: processHelloRetryRequest: transcript collapse matches §4.4.1 (889.89ms)
[382/873] PASS: processHelloRetryRequest: removes PSK with incompatible hash (890.00ms)
[383/873] PASS: processHelloRetryRequest: rejects second HRR (890.03ms)
[384/873] PASS: processHelloRetryRequest: rejects unoffered selected_group (890.05ms)
[385/873] PASS: processServerHello: post-HRR rejects mismatched cipher suite (890.08ms)
[386/873] PASS: processServerHello: post-HRR rejects mismatched key_share group (890.11ms)
[387/873] PASS: processServerHello: post-HRR accepts matching ServerHello (890.23ms)
[388/873] PASS: handleRecord: HRR returns ClientHello2 as write event (890.26ms)
[389/873] PASS: processHelloRetryRequest: returns null for normal ServerHello (890.28ms)
[390/873] PASS: processHelloRetryRequest: HRR with cookie echoes cookie in CH2 (890.31ms)
[391/873] PASS: deinit leaves caller-owned buffers to the caller (890.79ms)
[392/873] PASS: secureZero zeroes all secret material (890.91ms)
[393/873] PASS: Array.secureZero clears contents (890.91ms)
[394/873] PASS: lastIndexOfNonZero: last byte non-zero (fast path) (890.91ms)
[395/873] PASS: lastIndexOfNonZero: all zeros (890.92ms)
[396/873] PASS: lastIndexOfNonZero: single non-zero byte at start (890.92ms)
[397/873] PASS: lastIndexOfNonZero: single byte, non-zero (890.92ms)
[398/873] PASS: lastIndexOfNonZero: single byte, zero (890.92ms)
[399/873] PASS: lastIndexOfNonZero: non-zero in scalar tail (890.93ms)
[400/873] PASS: lastIndexOfNonZero: exactly chunk_len bytes, non-zero at start (890.93ms)
[401/873] PASS: lastIndexOfNonZero: exactly chunk_len bytes, all zeros (890.93ms)
[402/873] PASS: lastIndexOfNonZero: large buffer, non-zero in first chunk (890.93ms)
[403/873] PASS: lastIndexOfNonZero: large buffer, non-zero in middle chunk (890.94ms)
[404/873] PASS: lastIndexOfNonZero: large buffer, all zeros (890.94ms)
[405/873] PASS: encrypt: buffer too short (890.94ms)
[406/873] PASS: encrypt: sequence number overflow (890.95ms)
[407/873] PASS: deinit: clears caller-visible traffic key material (890.95ms)
[408/873] PASS: ktlsInfo: AES-GCM salt and IV reconstruct RFC 8446 nonce (890.95ms)
[409/873] PASS: ktlsInfo: cipher type uses Linux UAPI values (890.96ms)
[410/873] PASS: ktlsInfo: exported key material survives RecordLayer deinit (890.96ms)
[411/873] PASS: KtlsInfo.secureZero erases exported traffic material (890.96ms)
[412/873] PASS: encrypt/decrypt: key update required at AEAD usage limit (890.97ms)
[413/873] PASS: encryptPrepared/decrypt: round-trip (890.97ms)
[414/873] PASS: encrypt/decrypt: round-trip (890.97ms)
[415/873] PASS: encrypt/decrypt: sequence numbers advance (890.98ms)
[416/873] PASS: decrypt: failed auth exposes backend failure buffer behavior (890.98ms)
[417/873] PASS: decrypt: replayed record is rejected (890.99ms)
[418/873] PASS: encrypt/decrypt: zero-length application data (890.99ms)
[419/873] PASS: decrypt: rejects all-zero inner plaintext (890.99ms)
[420/873] PASS: encrypt/decrypt: maximum plaintext fragment length (891.08ms)
[421/873] PASS: decrypt: wrong content type (891.08ms)
[422/873] PASS: decrypt: payload shorter than tag (891.08ms)
[423/873] PASS: decrypt: truncated ciphertext record (891.08ms)
[424/873] PASS: decrypt: sequence number overflow (891.09ms)
[425/873] PASS: fuzz: decrypt handles arbitrary input (891.09ms)
[426/873] PASS: PendingWrite: mark and clear (891.09ms)
[427/873] PASS: SliceBuffer: append and retain (891.09ms)
[428/873] PASS: append and slice (891.10ms)
[429/873] PASS: appendAssumeCapacity (891.10ms)
[430/873] PASS: secureZero clears full storage and length (891.10ms)
[431/873] PASS: append returns error on overflow (891.11ms)
[432/873] PASS: clear resets length (891.11ms)
[433/873] PASS: Reader iterates coalesced messages (891.11ms)
[434/873] PASS: parseKeyUpdate (891.11ms)
[435/873] PASS: rejectDuplicateExtensions: rejects more than the extension count cap (891.12ms)
[436/873] PASS: rejectDuplicateExtensions: rejects duplicate unknown type (891.12ms)
[437/873] PASS: rejectDuplicateExtensions: accepts distinct extension types (891.12ms)
[438/873] PASS: ExtensionType.isGrease: detects reserved GREASE extension code points (891.12ms)
[439/873] PASS: rejectDuplicateExtensions: rejects malformed block (891.13ms)
[440/873] PASS: RFC 10024 hybrid groups round-trip (892.08ms)
[441/873] PASS: hybrid decapsulation rejects wrong server share length (892.12ms)
[442/873] PASS: NamedGroup wire identifiers (892.12ms)
[443/873] PASS: RFC 10024 hybrid group sizes (892.12ms)
[444/873] PASS: secret lifecycle preserves live epochs and clears owned secret fields (892.14ms)
[445/873] PASS: HkdfSha256.trafficKey: RFC 8448 §3 server handshake (892.14ms)
[446/873] PASS: HkdfSha384: traffic key/iv, finished key, traffic-upd (independent vector) (892.19ms)
[447/873] PASS: HkdfSha256.trafficIv: RFC 8448 §3 server handshake (892.20ms)
[448/873] PASS: HkdfSha256.earlySecret: RFC 8448 §3 (892.20ms)
[449/873] PASS: HkdfSha256: RFC 8448 §3/§4 PSK and resumption secrets (892.22ms)
[450/873] PASS: HkdfSha256.handshakeSecret: RFC 8448 §3 (892.23ms)
[451/873] PASS: HkdfSha256.masterSecret: RFC 8448 §3 (892.24ms)
[452/873] PASS: HkdfSha256.clientHandshakeTrafficSecret: RFC 8448 §3 (892.24ms)
[453/873] PASS: HkdfSha256.finishedKey: RFC 8448 §3 server (892.25ms)
[454/873] PASS: HkdfSha256.nextTrafficSecret: RFC 8446 §7.2 (892.25ms)
[455/873] PASS: HkdfSha256.serverHandshakeTrafficSecret: RFC 8448 §3 (892.26ms)
[456/873] PASS: sharedSecret: RFC 7748 X25519 vector (892.29ms)
[457/873] PASS: KeyPair.generateDeterministic: RFC 7748 public keys (892.31ms)
[458/873] PASS: KeyPair.generateDeterministic emits uncompressed SEC1 public key (892.33ms)
[459/873] PASS: sharedSecret: P-256 deterministic peers agree (892.46ms)
[460/873] PASS: KeyPair.generate: healthy entropy path (892.51ms)
[461/873] PASS: KeyPair.secureZero erases secret and public material (892.53ms)
[462/873] PASS: generateRetry: a LibcryptoFailed attempt is terminal, not retried (892.53ms)
[463/873] PASS: generateRetry: an invalid scalar retries exactly to the bound (892.54ms)
[464/873] PASS: generateRetry: retries a bad draw and succeeds (892.56ms)
[465/873] PASS: KeyPair.generateDeterministic enforces the scalar range [1, n-1] (892.58ms)
[466/873] PASS: sharedSecret: rejects compressed P-256 point (892.61ms)
[467/873] PASS: KeyPair.generateDeterministic emits uncompressed SEC1 public key (892.70ms)
[468/873] PASS: KeyPair.secureZero erases secret and public material (892.80ms)
[469/873] PASS: sharedSecret: P-384 deterministic peers agree (893.42ms)
[470/873] PASS: generateRetry: a LibcryptoFailed attempt is terminal, not retried (893.42ms)
[471/873] PASS: generateRetry: an invalid scalar retries exactly to the bound (893.42ms)
[472/873] PASS: generateRetry: retries a bad draw and succeeds (893.52ms)
[473/873] PASS: KeyPair.generateDeterministic enforces the scalar range [1, n-1] (893.61ms)
[474/873] PASS: sharedSecret: rejects compressed P-384 point (893.79ms)
[475/873] PASS: active backend matches the selected libcrypto headers (893.80ms)
[476/873] PASS: capabilities are non-empty for the active backend (893.80ms)
[477/873] PASS: x25519 handle shape matches active backend (893.80ms)
[478/873] PASS: client group capabilities match implemented client key-share plumbing (893.80ms)
[479/873] PASS: aead context shape matches active backend (893.81ms)
[480/873] PASS: aws-lc aead deinit clears inline context (893.81ms)
[481/873] PASS: capability helpers recognize advertised algorithms (893.81ms)
[482/873] PASS: fips: chacha20_poly1305_sha256 excluded from FIPS cipher_suites (893.82ms)
[483/873] PASS: fips: rsa_pkcs1_sha* excluded from FIPS certificate_signature_schemes (893.82ms)
[484/873] PASS: fips: ed25519 excluded from FIPS certificate_signature_schemes (893.82ms)
[485/873] PASS: fips: ML-KEM disabled in FIPS capability table (893.82ms)
[486/873] PASS: fips: FIPS capabilities are a subset of non-FIPS capabilities (893.83ms)
[487/873] PASS: fips: active capabilities follow FIPS identity (893.83ms)
[488/873] PASS: Parsed.verifyHostName rejects universal tag 2 as dNSName (893.83ms)
[489/873] PASS: Parsed.verifyHostName requires dNSName SAN (893.83ms)
[490/873] PASS: Parsed.verifyHostName accepts caller-converted A-labels (893.84ms)
[491/873] PASS: Parsed.verifyHostName rejects U-label references under a wildcard (893.84ms)
[492/873] PASS: Parsed.verifyHostName rejects matching non-ASCII DNS identities (893.85ms)
[493/873] PASS: Parsed.checkHostName rejects public suffix wildcard (893.85ms)
[494/873] PASS: Parsed.checkHostName RFC 6125 compliance (893.86ms)
[495/873] PASS: Parsed.allowsKeyUsage reads digitalSignature (893.86ms)
[496/873] PASS: Parsed.allowsKeyUsage rejects malformed empty bit payload (893.86ms)
[497/873] PASS: Parsed.allowsExtKeyUsage finds serverAuth (893.86ms)
[498/873] PASS: Parsed.allowsExtKeyUsage rejects non-SEQUENCE wrapper (893.87ms)
[499/873] PASS: Parsed.nameConstraints extracts extension value (893.87ms)
[500/873] PASS: Parsed.nameConstraints absent returns empty (893.87ms)
[501/873] PASS: Parsed.verifyNameConstraints: DNS permitted subtree (893.87ms)
[502/873] PASS: Parsed.verifyNameConstraints: DNS permitted subtree mismatch (893.88ms)
[503/873] PASS: Parsed.verifyNameConstraints: DNS excluded subtree (893.88ms)
[504/873] PASS: Parsed.verifyNameConstraints: mixed DNS SAN violation is rejected (893.88ms)
[505/873] PASS: Parsed.verifyNameConstraints: DNS common name fallback (893.89ms)
[506/873] PASS: Parsed.verifyNameConstraints: IP permitted subnet (893.89ms)
[507/873] PASS: Parsed.verifyNameConstraints: permitted subtrees are type-specific (893.89ms)
[508/873] PASS: Parsed.verifyNameConstraints: email permitted subtree (893.90ms)
[509/873] PASS: Parsed.verifyNameConstraints: email mailbox local part is case-sensitive (893.90ms)
[510/873] PASS: Parsed.verifyNameConstraints: URI excluded subtree (893.90ms)
[511/873] PASS: Parsed.verifyNameConstraints: URI strips userinfo before host matching (893.91ms)
[512/873] PASS: Parsed.verifyNameConstraints: explicit minimum zero is accepted (893.91ms)
[513/873] PASS: Parsed.verifyNameConstraints: critical unsupported subtree is rejected (893.91ms)
[514/873] PASS: Parsed.verifyNameConstraints: non-critical unsupported subtree is ignored (893.91ms)
[515/873] PASS: parseBasicConstraints rejects pathLenConstraint without cA (893.92ms)
[516/873] PASS: parse rejects unknown critical extension (893.92ms)
[517/873] PASS: parse rejects duplicate recognized extensions (893.93ms)
[518/873] PASS: parse accepts old and new authority key identifier OIDs (893.93ms)
[519/873] PASS: parseBitString rejects empty bit string content (893.93ms)
[520/873] PASS: parseTime maps UTCTime centuries and expires 1999 certificates (893.94ms)
[521/873] PASS: parseTime enforces GeneralizedTime certificate grammar (893.94ms)
[522/873] PASS: parseTime rejects impossible dates and accepts leap day (893.95ms)
[523/873] PASS: certificate_parser.decltest.parseTimeDigits (893.95ms)
[524/873] PASS: certificate_parser.decltest.parseYear4 (893.95ms)
[525/873] PASS: certificate_parser.test_0 (893.95ms)
[526/873] PASS: PrivateKey.sign: RSA-PSS SHA-256 uses TLS parameters (894.78ms)
[527/873] PASS: PrivateKey.sign: short RSA-PSS output buffer is rejected (894.90ms)
[528/873] PASS: PrivateKey.sign: key and scheme mismatch is a libcrypto failure (894.91ms)
[529/873] PASS: PrivateKey.sign: deterministic ECDSA matches the RFC 6979 vector (894.93ms)
[530/873] PASS: PrivateKey.sign: deterministic ECDSA P-384 matches the RFC 6979 A.2.6 vector (895.02ms)
[531/873] PASS: PrivateKey.sign: deterministic nonce with RSA-PSS is rejected (895.14ms)
[532/873] PASS: PrivateKey.fromPemAuto: RSA PKCS#8 and PKCS#1 both infer rsa_pss_rsae_sha256 (896.11ms)
[533/873] PASS: PrivateKey.fromPemAuto: P-256 infers ecdsa_secp256r1_sha256 and signs (896.15ms)
[534/873] PASS: PrivateKey.fromPemAuto: P-384 infers ecdsa_secp384r1_sha384 and signs (896.27ms)
[535/873] PASS: PrivateKey.fromPemAuto: P-521 is rejected at load by the capability gate (896.42ms)
[536/873] PASS: PrivateKey.fromPemAuto: Ed25519 is rejected at load by the capability gate (896.45ms)
[537/873] PASS: PrivateKey.fromPemAuto: secp224r1 has no CertificateVerify scheme (896.47ms)
[538/873] PASS: PrivateKey.fromPemAuto: garbage PEM fails at load (896.48ms)
[539/873] PASS: PrivateKey.fromPem: encrypted PEM fails at load (896.63ms)
[540/873] PASS: PrivateKey.fromPemAuto: encrypted PEM fails at load (896.65ms)
[541/873] PASS: PrivateKey.pairsWith: P-256 scalar key pairs with its leaf certificate (896.68ms)
[542/873] PASS: PrivateKey.pairsWith: auto-inferred RSA and P-256 keys pair with their leaves (896.83ms)
[543/873] PASS: PrivateKey.pairsWith: same-algorithm mismatch is a named error (896.85ms)
[544/873] PASS: PrivateKey.pairsWith: cross-algorithm mismatch is a named error (896.88ms)
[545/873] PASS: PrivateKey.pairsWith: garbage leaf DER is not a certificate (896.89ms)
[546/873] PASS: PrivateKey.pairsWith: trailing bytes make leaf DER invalid (897.02ms)
[547/873] PASS: OpenSSL AEAD initialization rejects wrong key length (897.02ms)
[548/873] PASS: ML-KEM-768 encapsulate/decapsulate round-trip (897.06ms)
[549/873] PASS: ML-KEM-1024 encapsulate/decapsulate round-trip (897.11ms)
[550/873] PASS: ML-KEM encapsulation-key modulus boundary (897.13ms)
[551/873] PASS: ML-KEM rejects non-canonical encapsulation keys (897.13ms)
[552/873] PASS: ML-KEM rejects a wrong-length ciphertext (897.15ms)
[553/873] PASS: classify: bounded PSK identity admission is a buffer-class limit (897.15ms)
[554/873] PASS: classify: certificate failures never fall into a generic bucket (897.15ms)
[555/873] PASS: classify: authentication failures are their own class (897.15ms)
[556/873] PASS: classify: remaining buckets (897.16ms)
[557/873] PASS: parseHeader: valid plaintext record (897.16ms)
[558/873] PASS: parseHeader: application_data record (TLSCiphertext) (897.16ms)
[559/873] PASS: parseHeader: ignores legacy_record_version (897.16ms)
[560/873] PASS: parseHeader: buffer too short (897.17ms)
[561/873] PASS: parseHeader: exactly 5 bytes (header only, no fragment) (897.17ms)
[562/873] PASS: parseHeader: max valid length (897.17ms)
[563/873] PASS: parseHeader: length exceeds max (897.17ms)
[564/873] PASS: Header.init round-trips with parseHeader (897.17ms)
[565/873] PASS: Header.write: emits TLS 1.2 legacy_record_version (897.18ms)
[566/873] PASS: fuzz: parseHeader handles arbitrary input (897.18ms)
[567/873] PASS: kernel cipher_type values match KtlsCipherType (897.18ms)
[568/873] PASS: kernel socket option constants (897.18ms)
[569/873] PASS: packed kTLS info secureZero methods erase every byte (897.19ms)
[570/873] PASS: packAesGcm128 splits the 12-byte IV and copies key/seq (897.19ms)
[571/873] PASS: packAesGcm128 rejects a non-AES-GCM-128 info (897.19ms)
[572/873] PASS: packChaCha20Poly1305 uses the full 12-byte IV (897.20ms)
[573/873] PASS: packAesGcm256 copies the 32-byte key and splits the IV (897.20ms)
[574/873] PASS: install errno decode maps onto InstallError (897.20ms)
[575/873] PASS: a record-type cmsg occupies the kernel's CMSG_LEN and CMSG_SPACE (897.20ms)
[576/873] PASS: ControlBuffer.init writes one cmsg and zeroes the padding (897.21ms)
[577/873] PASS: parseRecordType rejects control data off the kTLS contract (897.21ms)
[578/873] PASS: ulpInstall attaches once, and only to an established TCP socket (897.32ms)
[579/873] PASS: txInstall and rxInstall accept a synthetic TLS 1.3 AES-128-GCM key (897.37ms)
[580/873] PASS: installs without the ULP are typed Unavailable errors, not panics (897.40ms)
[581/873] PASS: a crypto_info the kernel cannot use is a typed EINVAL failure (897.43ms)
[582/873] PASS: record-type cmsg round-trips through a live kTLS pair (897.48ms)
[583/873] PASS: Outbox: fresh outbox is not write-blocked (897.48ms)
[584/873] PASS: Outbox: send drains fully and completes write once (897.49ms)
[585/873] PASS: Outbox: partial send stays blocked and does not complete write (897.49ms)
[586/873] PASS: Outbox: zero-byte progress stays blocked (897.49ms)
[587/873] PASS: Outbox: idle flush is drained without completing write (897.50ms)
[588/873] PASS: Outbox: partial drain resumes across flush calls (897.50ms)
[589/873] PASS: Outbox: queue while blocked returns PendingWrite (897.50ms)
[590/873] PASS: Outbox: writer error leaves pending tail and does not complete write (897.51ms)
[591/873] PASS: Outbox: writer over-reporting bytes returns WriteOverflow (897.51ms)
[592/873] PASS: Outbox: sequential records complete once each (897.51ms)
[593/873] PASS: next: two records coalesced in one fill (897.51ms)
[594/873] PASS: next: record split across two fills (897.52ms)
[595/873] PASS: next: truncated records return null (897.52ms)
[596/873] PASS: next: in-place mutation of a returned record survives across next() (897.52ms)
[597/873] PASS: next: oversized length is rejected (897.52ms)
[598/873] PASS: isEmpty distinguishes drained, partial, and complete records (897.53ms)
[599/873] PASS: parse: rejects oversized legacy_session_id_echo without overflow (897.53ms)
[600/873] PASS: encode: round trips through parse (897.54ms)
[601/873] PASS: parse: accepts secp256r1 key_share (897.54ms)
[602/873] PASS: parse: rejects compressed secp256r1 key_share (897.54ms)
[603/873] PASS: parse: accepts secp384r1 key_share (897.55ms)
[604/873] PASS: parse: rejects compressed secp384r1 key_share (897.55ms)
[605/873] PASS: encode: echoes session id (897.55ms)
[606/873] PASS: parse: RFC 8448 §3 ServerHello (897.56ms)
[607/873] PASS: parse: wrong handshake type (897.56ms)
[608/873] PASS: parse: truncated message (897.56ms)
[609/873] PASS: parse: rejects HelloRetryRequest (897.56ms)
[610/873] PASS: parse: missing extensions / no supported_versions yields UnsupportedTlsVersion (897.57ms)
[611/873] PASS: parse: rejects mismatched handshake length (897.57ms)
[612/873] PASS: parse: rejects unknown cipher suite (897.57ms)
[613/873] PASS: parse: rejects oversized extensions block (897.57ms)
[614/873] PASS: parse: rejects duplicate supported_versions (897.58ms)
[615/873] PASS: parse: rejects duplicate key_share (897.58ms)
[616/873] PASS: parse: rejects unknown unsolicited extension (897.58ms)
[617/873] PASS: parse: rejects GREASE ServerHello extension (897.59ms)
[618/873] PASS: parse: rejects forbidden signature_algorithms extension (897.59ms)
[619/873] PASS: parse: rejects forbidden heartbeat extension (897.59ms)
[620/873] PASS: parse: rejects record_size_limit in ServerHello (897.60ms)
[621/873] PASS: parse: rejects key_share for unsupported group (897.60ms)
[622/873] PASS: parse: unsupported TLS version in supported_versions is illegal_parameter (897.60ms)
[623/873] PASS: parse: rejects TLS 1.2 downgrade sentinel (897.60ms)
[624/873] PASS: parse: rejects TLS 1.1 downgrade sentinel (897.61ms)
[625/873] PASS: parse: rejects downgrade sentinel when supported_versions selects TLS 1.3 (897.61ms)
[626/873] PASS: parse: accepts non-0x0303 legacy_version when supported_versions selects TLS 1.3 (897.61ms)
[627/873] PASS: parse: no supported_versions + downgrade sentinel yields IllegalParameter (897.62ms)
[628/873] PASS: parse: rejects ServerHello without supported_versions as legacy (897.62ms)
[629/873] PASS: parse: rejects SSLv3-or-lower legacy version (897.62ms)
[630/873] PASS: parse: rejects mismatched session id echo (897.63ms)
[631/873] PASS: parse: rejects non-zero compression method (897.63ms)
[632/873] PASS: fuzz: parse handles arbitrary input (897.63ms)
[633/873] PASS: encodeHelloRetryRequest: parse round-trip (897.63ms)
[634/873] PASS: parseHelloRetryRequest: rejects mismatched session id echo (897.64ms)
[635/873] PASS: parseHelloRetryRequest: RFC 8448 §5 (897.64ms)
[636/873] PASS: parseHelloRetryRequest: no cookie (897.64ms)
[637/873] PASS: parseHelloRetryRequest: rejects non-HRR Random (897.65ms)
[638/873] PASS: parseHelloRetryRequest: rejects wrong type (897.65ms)
[639/873] PASS: parseHelloRetryRequest: rejects TLS 1.2 in supported_versions (897.65ms)
[640/873] PASS: parseHelloRetryRequest: ignores non-0x0303 legacy_version (897.65ms)
[641/873] PASS: parseHelloRetryRequest: rejects SSLv3-or-lower legacy version (897.66ms)
[642/873] PASS: parseHelloRetryRequest: rejects non-zero compression method (897.66ms)
[643/873] PASS: parseHelloRetryRequest: rejects unknown cipher suite (897.66ms)
[644/873] PASS: parseHelloRetryRequest: rejects trailing bytes after extensions (897.66ms)
[645/873] PASS: parseHelloRetryRequest: rejects cookie extension trailing bytes (897.67ms)
[646/873] PASS: parseHelloRetryRequest: rejects missing supported_versions (897.67ms)
[647/873] PASS: parseHelloRetryRequest: rejects unknown unsolicited extension (897.67ms)
[648/873] PASS: parseHelloRetryRequest: rejects record_size_limit (897.68ms)
[649/873] PASS: KEM key_share round-trip: ServerHello encode → parse preserves 1120-byte ciphertext (897.70ms)
[650/873] PASS: fuzz: parseHelloRetryRequest handles arbitrary input (897.70ms)
[651/873] PASS: Config.validate reports invalid lists and missing P-384 material (897.73ms)
[652/873] PASS: sendAlert: plaintext fatal alert before ClientHello (897.76ms)
[653/873] PASS: sendAlert: encrypted close_notify after handshake (897.90ms)
[654/873] PASS: handleRecord: rejects ChangeCipherSpec before ClientHello (897.93ms)
[655/873] PASS: handleRecord: drops valid ChangeCipherSpec while waiting for client Finished (898.01ms)
[656/873] PASS: handleRecord: rejects malformed ChangeCipherSpec payload (898.10ms)
[657/873] PASS: handleRecord: ClientHello returns ServerHello write and enforces pending write (898.18ms)
[658/873] PASS: handleRecord: zero-length plaintext handshake is rejected (898.20ms)
[659/873] PASS: handleRecord: rejects application_data before connected (898.23ms)
[660/873] PASS: acceptClientHello: emits ServerHello and installs handshake keys (898.38ms)
[661/873] PASS: acceptClientHello: negotiates secp256r1 key share (898.51ms)
[662/873] PASS: acceptClientHello: negotiates secp384r1 key share (899.24ms)
[663/873] PASS: acceptClientHello: emits HelloRetryRequest for missing secp256r1 key share (899.29ms)
[664/873] PASS: acceptClientHello: rejects ClientHello2 with changed SNI or ALPN after HRR (899.38ms)
[665/873] PASS: acceptClientHello: rejects early_data in ClientHello2 after HRR (899.43ms)
[666/873] PASS: acceptClientHello: rejects replaced PSK identity in ClientHello2 despite valid binder (899.50ms)
[667/873] PASS: acceptClientHello: rejects added, reordered, or dropped PSK identities in CH2 (899.66ms)
[668/873] PASS: acceptClientHello: accepts permitted ClientHello2 PSK updates after HRR (900.02ms)
[669/873] PASS: acceptClientHello: bounded PSK identity admission before HelloRetryRequest (900.14ms)
[670/873] PASS: acceptClientHello: rejects removal of an unknown identity whose binder claims the HRR hash (900.20ms)
[671/873] PASS: acceptClientHello: HRR path rejects a slack-byte identities vector in CH1 (900.24ms)
[672/873] PASS: acceptClientHello: HRR path rejects a slack-byte identities vector in CH2 (900.29ms)
[673/873] PASS: acceptClientHello: PSK selection rejects a slack-byte identities vector (900.33ms)
[674/873] PASS: acceptClientHello: rejects ClientHello2 that ignores HRR selected group (900.39ms)
[675/873] PASS: acceptClientHello: rejects ClientHello2 with extra key share (900.45ms)
[676/873] PASS: acceptClientHello: HRR sends at most one compatibility ChangeCipherSpec (900.56ms)
[677/873] PASS: acceptClientHello: emits compatibility ChangeCipherSpec for non-empty legacy_session_id (900.64ms)
[678/873] PASS: sendAnonymousFlightForTest: client decrypts EncryptedExtensions and Finished (900.80ms)
[679/873] PASS: sendPreparedServerFlight: credentials and pending write are enforced (901.00ms)
[680/873] PASS: sendPreparedServerFlight: encryption failure preserves handshake write epoch (901.19ms)
[681/873] PASS: sendAuthenticatedFlight: client decrypts authenticated server flight (901.38ms)
[682/873] PASS: sendAuthenticatedFlight: optional client auth sends CertificateRequest (901.57ms)
[683/873] PASS: NewSessionTicket emission derives matching client and server PSKs (901.87ms)
[684/873] PASS: NewSessionTicket emission rejects stale prepared PSK objects (902.15ms)
[685/873] PASS: server-issued NewSessionTicket resumes and can be renewed (902.68ms)
[686/873] PASS: NewSessionTicket emission owns unique bounded nonces (903.04ms)
[687/873] PASS: NewSessionTicket emission enforces write and kTLS ordering (903.31ms)
[688/873] PASS: NewSessionTicket emission preserves state on encoding failure (903.59ms)
[689/873] PASS: discardTicketPsk burns nonce and erases key material (903.87ms)
[690/873] PASS: processClientFinished: optional client auth accepts empty Certificate (904.18ms)
[691/873] PASS: processClientFinished: required client auth rejects empty Certificate (904.44ms)
[692/873] PASS: processClientFinished: required client auth verifies real client Certificate + CV (904.83ms)
[693/873] PASS: processClientFinished: bad client Finished does not retain identity (905.17ms)
[694/873] PASS: processClientFinished: client identity requires caller-owned storage (905.52ms)
[695/873] PASS: processClientFinished: required client auth rejects forged CertificateVerify (905.85ms)
[696/873] PASS: sendAuthenticatedFlight: client processes CertificateVerify and Finished (906.09ms)
[697/873] PASS: processClientFinished: verifies Finished and installs app keys (906.20ms)
[698/873] PASS: public Finished paths reject trailing and non-Finished handshake messages (906.58ms)
[699/873] PASS: handleRecord: rejects disjoint ALPN offers with the required alert (906.61ms)
[700/873] PASS: processClientFinished: rejects a client key above retention capacity (933.33ms)
[701/873] PASS: processClientFinished: rejects bad verify_data (933.44ms)
[702/873] PASS: processClientFinished: rejects EndOfEarlyData when 0-RTT was not accepted (933.54ms)
[703/873] PASS: handleRecord: rejects second plaintext ClientHello before Finished (933.63ms)
[704/873] PASS: handleRecord: rejects protected ClientHello after connected (933.74ms)
[705/873] PASS: handleRecord: rejects client KeyUpdate before Finished (933.84ms)
[706/873] PASS: receiveRecord: RX progresses while a server TX record is pending (933.96ms)
[707/873] PASS: receiveKtlsRecord: server processes kernel-decrypted records (934.09ms)
[708/873] PASS: ratchetKtlsTx: server advances only an idle TX epoch (934.20ms)
[709/873] PASS: handleRecord: client KeyUpdate(update_requested) ratchets rx and responds (934.33ms)
[710/873] PASS: handleRecord: client KeyUpdate(update_not_requested) ratchets rx only (934.44ms)
[711/873] PASS: sendKeyUpdate: server-initiated KeyUpdate encrypts under old key then ratchets tx (934.56ms)
[712/873] PASS: handleRecord: self-initiated sendKeyUpdate response surfaces rx only (934.68ms)
[713/873] PASS: handleRecord: KeyUpdate not at record boundary is rejected (934.79ms)
[714/873] PASS: handleRecord: invalid client KeyUpdate request is rejected (934.90ms)
[715/873] PASS: handleRecord: zero-length encrypted handshake is rejected (935.01ms)
[716/873] PASS: handleRecord: all-zero inner plaintext maps to unexpected_message (935.12ms)
[717/873] PASS: handleRecord: illegal post-handshake inner content type is rejected (935.23ms)
[718/873] PASS: handleRecord: empty application data does not reset post-handshake flood counter (935.33ms)
[719/873] PASS: handleRecord: KeyUpdate flood is rejected (935.62ms)
[720/873] PASS: handleRecord: KeyUpdate flood cap fires despite empty app-data interleaving (935.84ms)
[721/873] PASS: EstablishedSession: struct stays compact against the handshake engine (935.84ms)
[722/873] PASS: extractEstablished: connected events match the handshake engine (936.10ms)
[723/873] PASS: extractEstablished: engine is consumed and immediate deinit is safe (936.21ms)
[724/873] PASS: extractEstablished: moved-from rx/tx are wiped, the session's copies stay live (936.32ms)
[725/873] PASS: extractEstablished: deferred KeyUpdate obligation blocks application writes (936.44ms)
[726/873] PASS: extractEstablished: KeyUpdate flood cap survives extraction and resets on app data (936.67ms)
[727/873] PASS: extractEstablished: KeyUpdate fragment carries across extraction (936.79ms)
[728/873] PASS: extractEstablished: KeyUpdate record-boundary and fragment rules hold (936.90ms)
[729/873] PASS: extractEstablished: close_notify and fatal alerts keep server semantics (937.01ms)
[730/873] PASS: extractEstablished: sendAlert latches and ratchetTx advances the TX epoch (937.13ms)
[731/873] PASS: extractEstablished: SHA-384 suite ratchets and exchanges app data (937.61ms)
[732/873] PASS: extractEstablished: NewSessionTicket is issued before extraction (937.90ms)
[733/873] PASS: key update: simultaneous update_requested remains connected (938.22ms)
[734/873] PASS: fuzz: ServerHandshake.handleRecord rejects arbitrary input (938.25ms)
[735/873] PASS: fuzz: connected ServerHandshake.handleRecord rejects arbitrary input (938.80ms)
[736/873] PASS: application data: server sends and receives (938.91ms)
[737/873] PASS: in-memory authenticated client-server handshake reaches app data (939.18ms)
[738/873] PASS: in-memory authenticated client-server handshake suite matrix (940.57ms)
[739/873] PASS: in-memory KeyUpdate round trip across all cipher suites (942.11ms)
[740/873] PASS: selectPsk: verifies the binder for a matching PSK identity (942.16ms)
[741/873] PASS: selectPsk: returns null when the PSK binder does not verify (942.22ms)
[742/873] PASS: selectPsk: oversized binders_len does not overflow (942.27ms)
[743/873] PASS: PSK offer without psk_key_exchange_modes aborts (942.34ms)
[744/873] PASS: PSK offer with only psk_ke disables resumption and ticket issuance (942.46ms)
[745/873] PASS: client authentication policy declines PSK resumption (942.83ms)
[746/873] PASS: PSK selection skips cipher suites with an incompatible hash (943.24ms)
[747/873] PASS: in-memory PSK resumption reaches app data (943.47ms)
[748/873] PASS: in-memory RFC 10024 PSK resumption matrix reaches app data (945.11ms)
[749/873] PASS: in-memory RFC 10024 PSK resumption survives HRR (946.70ms)
[750/873] PASS: in-memory RFC 10024 SHA-384 PSK resumption survives HRR (950.94ms)
[751/873] PASS: PSK fast-path rejects bare Finished when server did NOT select PSK (951.10ms)
[752/873] PASS: in-memory 0-RTT early data is decrypted by the server (951.35ms)
[753/873] PASS: 0-RTT: accepted early data distinguishes authentication and handshake errors (951.81ms)
[754/873] PASS: 0-RTT: server rejects early data exceeding max_early_data_size (951.95ms)
[755/873] PASS: 0-RTT: max u32 early-data limit rejects bytes beyond remaining budget (951.98ms)
[756/873] PASS: 0-RTT: no PSK selected means early data is skipped and 1-RTT completes (952.28ms)
[757/873] PASS: 0-RTT: declined early records in flight are skipped and 1-RTT completes (952.54ms)
[758/873] PASS: 0-RTT: required client auth declines PSK, skips early data, completes 1-RTT (952.92ms)
[759/873] PASS: 0-RTT: decline skip budget exhaustion aborts the handshake (953.04ms)
[760/873] PASS: 0-RTT: corrupted record after the skip window aborts (953.21ms)
[761/873] PASS: 0-RTT: HRR decline skips in-flight early data and the retry handshake completes (953.54ms)
[762/873] PASS: 0-RTT: default decline-skip budget covers a full max-size early record (953.83ms)
[763/873] PASS: 0-RTT: HRR decline skip budget exhaustion aborts the handshake (953.92ms)
[764/873] PASS: 0-RTT: HRR decline skip rejects malformed application_data records (954.00ms)
[765/873] PASS: 0-RTT: HRR skip window closes at ClientHello2 (954.18ms)
[766/873] PASS: 0-RTT: server declines, client sends no EndOfEarlyData (954.41ms)
[767/873] PASS: 0-RTT: client rejects server-sent EndOfEarlyData (954.45ms)
[768/873] PASS: 0-RTT: processClientFinished rejects Finished before EndOfEarlyData (954.61ms)
[769/873] PASS: preferredHybridShare follows server preference (954.64ms)
[770/873] PASS: in-memory RFC 10024 hybrid group matrix reaches app data (956.35ms)
[771/873] PASS: RFC 10024 hybrid group matrix negotiates through HRR (957.63ms)
[772/873] PASS: hybrid share requires explicit server policy (957.74ms)
[773/873] PASS: in-memory HRR round trip reaches app data (958.02ms)
[774/873] PASS: acceptClientHello: server suite preference (958.10ms)
[775/873] PASS: acceptClientHello: exposes SNI via clientServerName (958.19ms)
[776/873] PASS: acceptClientHello: clientServerName is null when SNI absent (958.27ms)
[777/873] PASS: acceptClientHello: rejects unsupported suite (958.30ms)
[778/873] PASS: acceptClientHello: ignores unknown cipher suites in mixed list (958.51ms)
[779/873] PASS: acceptClientHello: rejects ClientHello with no shared group (958.55ms)
[780/873] PASS: handleRecord: reassembles ClientHello split across records (958.63ms)
[781/873] PASS: handleRecord: reassembles ClientHello with header and body in separate records (958.71ms)
[782/873] PASS: handleRecord: rejects CCS while ClientHello fragment pending (958.75ms)
[783/873] PASS: handleRecord: processes alert while ClientHello fragment pending (958.78ms)
[784/873] PASS: handleRecord: plaintext fatal alert in wait_ch records detail (958.83ms)
[785/873] PASS: handleRecord: unknown alert codes are preserved (958.86ms)
[786/873] PASS: handleRecord: lastPeerAlert replaced by later alert, preserved by close/malformed (958.89ms)
[787/873] PASS: handleRecord: rejects fragmented ClientHello without reassembly buffer (958.92ms)
[788/873] PASS: handleRecord: state reset after invalid fragmented ClientHello (959.00ms)
[789/873] PASS: handleRecord: rejects trailing bytes after fragmented ClientHello (959.08ms)
[790/873] PASS: handleRecord: reassembles ClientHello2 split across records after HRR (959.17ms)
[791/873] PASS: handleRecord: reassembles fragmented client Finished across encrypted records (959.28ms)
[792/873] PASS: handleRecord: rejects interleaved alert during Finished fragment reassembly (959.37ms)
[793/873] PASS: handleRecord: rejects plaintext alert during Finished fragment reassembly (959.47ms)
[794/873] PASS: handleRecord: encrypted fatal alert while waiting for Finished records detail (959.56ms)
[795/873] PASS: handleRecord: rejects plaintext alert while waiting for Finished (959.65ms)
[796/873] PASS: handleRecord: rejects zero-length encrypted handshake while waiting for Finished (959.74ms)
[797/873] PASS: handleRecord: reassembles ClientHello when handshake header is split after 1 byte (959.82ms)
[798/873] PASS: handleRecord: server reassembles 1-byte fragmented KeyUpdate(update_requested) (959.95ms)
[799/873] PASS: handleRecord: fragmented KeyUpdate(update_not_requested) works (960.08ms)
[800/873] PASS: handleRecord: non-KeyUpdate fragment starts are rejected (960.19ms)
[801/873] PASS: handleRecord: KeyUpdate with trailing record bytes is rejected before ratchet (960.30ms)
[802/873] PASS: handleRecord: app-data interleaving during KeyUpdate reassembly is rejected (960.41ms)
[803/873] PASS: receiveApplicationData: app-data interleaving during KeyUpdate reassembly is rejected (960.53ms)
[804/873] PASS: handleRecord: alert interleaving during KeyUpdate reassembly is rejected (960.64ms)
[805/873] PASS: handleRecord: connected close_notify is clean, fatal alert records detail (960.75ms)
[806/873] PASS: handleRecord: zero-length handshake during KeyUpdate reassembly is rejected (960.86ms)
[807/873] PASS: handleRecord: ClientHello body_len 0xFFFFFF rejected without overflow (fast path) (960.89ms)
[808/873] PASS: handleRecord: split-header reassembly body_len 0xFFFFFF rejected without overflow (960.92ms)
[809/873] PASS: deinit leaves caller-owned buffers to the caller (961.06ms)
[810/873] PASS: Writer.append: u8 (961.06ms)
[811/873] PASS: Writer.append: u16 big-endian (961.06ms)
[812/873] PASS: Writer.append: u24 big-endian (961.06ms)
[813/873] PASS: Writer.appendSlice (961.07ms)
[814/873] PASS: Writer.append: enum (961.07ms)
[815/873] PASS: Reader.read: u8 (961.07ms)
[816/873] PASS: Reader.read: u16 big-endian (961.07ms)
[817/873] PASS: Reader.read: enum (961.08ms)
[818/873] PASS: Reader.readSlice: zero-copy (961.08ms)
[819/873] PASS: Reader.read: UnexpectedEof (961.08ms)
[820/873] PASS: Reader assume methods skip bounds checks after caller validation (961.08ms)
[821/873] PASS: Writer.reserve: write directly into buffer (961.09ms)
[822/873] PASS: Writer: sequential appends (961.09ms)
[823/873] PASS: encode and parse NewSessionTicket round trip (961.09ms)
[824/873] PASS: encode validates NewSessionTicket bounds before writing (961.10ms)
[825/873] PASS: parse: valid NewSessionTicket (961.10ms)
[826/873] PASS: parse: captures early_data max_early_data_size (961.10ms)
[827/873] PASS: parse: skips unknown ticket extension (961.10ms)
[828/873] PASS: parse: skips GREASE ticket extension (961.11ms)
[829/873] PASS: parse: rejects duplicate early_data extension (961.11ms)
[830/873] PASS: parse: rejects malformed early_data length (961.11ms)
[831/873] PASS: parse: wrong handshake type (961.12ms)
[832/873] PASS: parse: rejects length mismatch (961.12ms)
[833/873] PASS: parse: rejects empty ticket (961.12ms)
[834/873] PASS: parse: rejects malformed extensions length (961.12ms)
[835/873] PASS: fuzz: parse handles arbitrary input (961.12ms)
[836/873] PASS: encode: empty EncryptedExtensions (961.13ms)
[837/873] PASS: encode: ALPN EncryptedExtensions (961.13ms)
[838/873] PASS: encode: early_data accepted in EncryptedExtensions (961.13ms)
[839/873] PASS: encode: early_data omitted when not accepted (961.14ms)
[840/873] PASS: parse: valid EncryptedExtensions (961.14ms)
[841/873] PASS: parse: ALPN selection (961.14ms)
[842/873] PASS: parse: rejects unsolicited ALPN (961.14ms)
[843/873] PASS: parse: rejects unoffered ALPN (961.15ms)
[844/873] PASS: parse: rejects duplicate ALPN extension (961.15ms)
[845/873] PASS: parse: rejects multiple ALPN protocols (961.15ms)
[846/873] PASS: parse: rejects forbidden supported_versions extension (961.15ms)
[847/873] PASS: parse: rejects forbidden key_share extension (961.15ms)
[848/873] PASS: parse: rejects forbidden heartbeat extension (961.16ms)
[849/873] PASS: parse: rejects GREASE EncryptedExtensions extension (961.16ms)
[850/873] PASS: parse: rejects unknown unsolicited extension (961.16ms)
[851/873] PASS: parse: accepts server_name acknowledgment when SNI offered (961.16ms)
[852/873] PASS: parse: rejects server_name when SNI not offered (961.17ms)
[853/873] PASS: parse: rejects server_name acknowledgment with non-empty extension_data (961.17ms)
[854/873] PASS: parse: rejects unoffered record_size_limit in EncryptedExtensions (961.17ms)
[855/873] PASS: parse: accepts offered record_size_limit in EncryptedExtensions (961.18ms)
[856/873] PASS: parse: rejects malformed record_size_limit in EncryptedExtensions (961.18ms)
[857/873] PASS: parse: ignores supported_groups extension (961.18ms)
[858/873] PASS: parse: wrong handshake type (961.18ms)
[859/873] PASS: parse: truncated (961.19ms)
[860/873] PASS: fuzz: EncryptedExtensions parser with empty and populated offers (961.19ms)
[861/873] PASS: EncryptedExtensions: bounded single-byte mutation sweep (965.15ms)
[862/873] PASS: encode round-trips via parse (965.16ms)
[863/873] PASS: parse rejects wrong handshake type (965.16ms)
[864/873] PASS: parse rejects missing signature_algorithms (965.16ms)
[865/873] PASS: parse rejects duplicate signature_algorithms (965.17ms)
[866/873] PASS: encodedLen is accurate (965.17ms)
[867/873] PASS: verify: wrong verify_data (965.17ms)
[868/873] PASS: verify: wrong handshake type (965.18ms)
[869/873] PASS: encode then verify round-trip (965.18ms)
[870/873] PASS: messageHashSynthetic: SHA-256 header (965.18ms)
[871/873] PASS: messageHashSynthetic: SHA-384 header (965.19ms)
[872/873] PASS: messageHashSynthetic: RFC 8448 §5 ClientHello1 SHA-256 (965.19ms)
[873/873] PASS: fill writes caller buffer (965.19ms)

ztest: 873 passed, 0 failed, 0 skipped (of 873 total) in 1965ms
ALL TESTS PASSED

Build Summary: 8/8 steps succeeded
test success
+- run test success 1s MaxRSS:11M
|  +- compile test Debug native-native success 18s MaxRSS:750M
|     +- options success
+- run exe errq-alloc-check success 38ms MaxRSS:5M
|  +- compile exe errq-alloc-check Debug native-native success 3s MaxRSS:427M
|     +- options (reused)
+- run exe encrypted-pem-check success 1ms MaxRSS:3M
   +- compile exe encrypted-pem-check Debug native-native success 1s MaxRSS:269M
      +- options (reused)

NO_COLOR=1 pkg-config --list-all
NO_COLOR=1 pkg-config libcrypto --cflags --libs
/nix/store/HASH-zig-0.15.2/bin/zig build-exe -OReleaseFast -target native-native -mcpu apple_m1 --dep benchmark --dep benchmark_root -Mroot=/tmp/ztls-plc-cache/global/p/benchmark-0.1.0-JS72VvXxAACo8j9BYddbkivgNHXIeD1V27013BuCtW-_/src/benchmark_main.zig -OReleaseFast -target native-native -mcpu apple_m1 --dep benchmark_filter -Mbenchmark=/tmp/ztls-plc-cache/global/p/benchmark-0.1.0-JS72VvXxAACo8j9BYddbkivgNHXIeD1V27013BuCtW-_/src/benchmark.zig -I/nix/store/HASH-aws-lc-5.5.0-dev/include -L/nix/store/HASH-aws-lc-5.5.0/lib -lcrypto -OReleaseFast -target native-native -mcpu apple_m1 --dep ztls --dep txtar --dep build_options --dep fixtures --dep benchmark -Mbenchmark_root=/Users/matt/code/ztls/src/bench.zig -OReleaseFast -target native-native -mcpu apple_m1 -Mbenchmark_filter=/tmp/ztls-plc-cache/global/p/benchmark-0.1.0-JS72VvXxAACo8j9BYddbkivgNHXIeD1V27013BuCtW-_/src/filter.zig -I/nix/store/HASH-aws-lc-5.5.0-dev/include -ODebug -target native-native -mcpu apple_m1 --dep build_options=build_options0 -Mztls=/Users/matt/code/ztls/src/root.zig -ODebug -target native-native -mcpu apple_m1 -Mtxtar=/tmp/ztls-plc-cache/global/p/txtar-0.1.0-RyJLBJ5rAABCV5lD0YSt048wd3l9Nk9a4_TnEnm0MZ9P/src/root.zig -Mbuild_options=/tmp/tmp.4mG9IAcJM2/c/5f561f0723d3bca47c7861e3338782bd/options.zig -ODebug -target native-native -mcpu apple_m1 -Mfixtures=/Users/matt/code/ztls/tests/fixtures/fixtures.zig -Mbuild_options0=/tmp/tmp.4mG9IAcJM2/c/5f561f0723d3bca47c7861e3338782bd/options.zig -lc --cache-dir /tmp/tmp.4mG9IAcJM2 --global-cache-dir /tmp/ztls-plc-cache/global --name benchmark --zig-lib-dir /nix/store/HASH-zig-0.15.2/lib/zig/ --listen=-
install -C /tmp/tmp.4mG9IAcJM2/o/4884638f3c7d26bc381b5935dae79cad/benchmark /Users/matt/code/ztls/zig-out/bin/benchmark

Build Summary: 4/4 steps succeeded
bench-bin success
+- install benchmark success
   +- compile exe benchmark ReleaseFast native-native success 14s MaxRSS:529M
      +- options cached
      +- options (reused)

[client] ClientHello sent → state=wait_sh
[server] ServerHello sent → state=wait_client_finished
[client] handshake keys installed → state=wait_ee
[server] authenticated flight sent → state=wait_client_finished
[client] Finished sent → state=connected
[server] client Finished verified → state=connected

=== handshake complete (ALPN=h2) ===

[app]    client → server: ping
[app]    server → client: pong

=== in-memory handshake OK ===

Build Summary: 4/4 steps succeeded
example-in_memory_handshake success
+- run exe in_memory_handshake success 26ms MaxRSS:6M
   +- compile exe in_memory_handshake Debug native-native success 3s MaxRSS:428M
      +- options cached

install -C /tmp/ztls-plc-cache/global/p/N-V-__8AAACiugX9TDNHS4gUMmDdAre7aDQZEvrSeorGViEk/TLS-Anvil.jar /Users/matt/code/ztls/conformance/zig-out/tools/TLS-Anvil.jar
install -C /tmp/ztls-plc-cache/global/p/N-V-__8AAACiugX9TDNHS4gUMmDdAre7aDQZEvrSeorGViEk/lib/tls-test-framework-1.5.0.jar /Users/matt/code/ztls/conformance/zig-out/tools/lib/tls-test-framework-1.5.0.jar
install -C /tmp/ztls-plc-cache/global/p/N-V-__8AAACiugX9TDNHS4gUMmDdAre7aDQZEvrSeorGViEk/lib/junit-jupiter-engine-5.13.4.jar /Users/matt/code/ztls/conformance/zig-out/tools/lib/junit-jupiter-engine-5.13.4.jar
install -C /tmp/ztls-plc-cache/global/p/N-V-__8AAACiugX9TDNHS4gUMmDdAre7aDQZEvrSeorGViEk/lib/netty-codec-http-4.2.4.Final.jar /Users/matt/code/ztls/conformance/zig-out/tools/lib/netty-codec-http-4.2.4.Final.jar
install -C /tmp/ztls-plc-cache/global/p/N-V-__8AAACiugX9TDNHS4gUMmDdAre7aDQZEvrSeorGViEk/lib/netty-transport-4.2.4.Final.jar /Users/matt/code/ztls/conformance/zig-out/tools/lib/netty-transport-4.2.4.Final.jar
install -C /tmp/ztls-plc-cache/global/p/N-V-__8AAACiugX9TDNHS4gUMmDdAre7aDQZEvrSeorGViEk/lib/joda-time-2.14.0.jar /Users/matt/code/ztls/conformance/zig-out/tools/lib/joda-time-2.14.0.jar
install -C /tmp/ztls-plc-cache/global/p/N-V-__8AAACiugX9TDNHS4gUMmDdAre7aDQZEvrSeorGViEk/lib/automaton-1.11-8.jar /Users/matt/code/ztls/conformance/zig-out/tools/lib/automaton-1.11-8.jar
install -C /tmp/ztls-plc-cache/global/p/N-V-__8AAACiugX9TDNHS4gUMmDdAre7aDQZEvrSeorGViEk/lib/junit-platform-engine-1.13.4.jar /Users/matt/code/ztls/conformance/zig-out/tools/lib/junit-platform-engine-1.13.4.jar
install -C /tmp/ztls-plc-cache/global/p/N-V-__8AAACiugX9TDNHS4gUMmDdAre7aDQZEvrSeorGViEk/lib/commons-compress-1.28.0.jar /Users/matt/code/ztls/conformance/zig-out/tools/lib/commons-compress-1.28.0.jar
install -C /tmp/ztls-plc-cache/global/p/N-V-__8AAACiugX9TDNHS4gUMmDdAre7aDQZEvrSeorGViEk/lib/guava-33.4.8-jre.jar /Users/matt/code/ztls/conformance/zig-out/tools/lib/guava-33.4.8-jre.jar
install -C /tmp/ztls-plc-cache/global/p/N-V-__8AAACiugX9TDNHS4gUMmDdAre7aDQZEvrSeorGViEk/lib/netty-transport-native-kqueue-4.2.4.Final-osx-x86_64.jar /Users/matt/code/ztls/conformance/zig-out/tools/lib/netty-transport-native-kqueue-4.2.4.Final-osx-x86_64.jar
install -C /tmp/ztls-plc-cache/global/p/N-V-__8AAACiugX9TDNHS4gUMmDdAre7aDQZEvrSeorGViEk/lib/bcutil-jdk18on-1.81.1.jar /Users/matt/code/ztls/conformance/zig-out/tools/lib/bcutil-jdk18on-1.81.1.jar
install -C /tmp/ztls-plc-cache/global/p/N-V-__8AAACiugX9TDNHS4gUMmDdAre7aDQZEvrSeorGViEk/lib/netty-handler-4.2.4.Final.jar /Users/matt/code/ztls/conformance/zig-out/tools/lib/netty-handler-4.2.4.Final.jar
install -C /tmp/ztls-plc-cache/global/p/N-V-__8AAACiugX9TDNHS4gUMmDdAre7aDQZEvrSeorGViEk/lib/netty-common-4.2.4.Final.jar /Users/matt/code/ztls/conformance/zig-out/tools/lib/netty-common-4.2.4.Final.jar
install -C /tmp/ztls-plc-cache/global/p/N-V-__8AAACiugX9TDNHS4gUMmDdAre7aDQZEvrSeorGViEk/lib/jackson-dataformat-yaml-2.20.0.jar /Users/matt/code/ztls/conformance/zig-out/tools/lib/jackson-dataformat-yaml-2.20.0.jar
install -C /tmp/ztls-plc-cache/global/p/N-V-__8AAACiugX9TDNHS4gUMmDdAre7aDQZEvrSeorGViEk/lib/jheaps-0.11.jar /Users/matt/code/ztls/conformance/zig-out/tools/lib/jheaps-0.11.jar
install -C /tmp/ztls-plc-cache/global/p/N-V-__8AAACiugX9TDNHS4gUMmDdAre7aDQZEvrSeorGViEk/lib/netty-transport-native-unix-common-4.2.4.Final.jar /Users/matt/code/ztls/conformance/zig-out/tools/lib/netty-transport-native-unix-common-4.2.4.Final.jar
install -C /tmp/ztls-plc-cache/global/p/N-V-__8AAACiugX9TDNHS4gUMmDdAre7aDQZEvrSeorGViEk/lib/docker-java-transport-3.6.0.jar /Users/matt/code/ztls/conformance/zig-out/tools/lib/docker-java-transport-3.6.0.jar
install -C /tmp/ztls-plc-cache/global/p/N-V-__8AAACiugX9TDNHS4gUMmDdAre7aDQZEvrSeorGViEk/lib/error_prone_annotations-2.36.0.jar /Users/matt/code/ztls/conformance/zig-out/tools/lib/error_prone_annotations-2.36.0.jar
install -C /tmp/ztls-plc-cache/global/p/N-V-__8AAACiugX9TDNHS4gUMmDdAre7aDQZEvrSeorGViEk/lib/jackson-databind-2.20.0.jar /Users/matt/code/ztls/conformance/zig-out/tools/lib/jackson-databind-2.20.0.jar
install -C /tmp/ztls-plc-cache/global/p/N-V-__8AAACiugX9TDNHS4gUMmDdAre7aDQZEvrSeorGViEk/lib/jersey-apache-connector-2.47.jar /Users/matt/code/ztls/conformance/zig-out/tools/lib/jersey-apache-connector-2.47.jar
install -C /tmp/ztls-plc-cache/global/p/N-V-__8AAACiugX9TDNHS4gUMmDdAre7aDQZEvrSeorGViEk/lib/jackson-datatype-joda-2.20.0.jar /Users/matt/code/ztls/conformance/zig-out/tools/lib/jackson-datatype-joda-2.20.0.jar
NO_COLOR=1 pkg-config --list-all
NO_COLOR=1 pkg-config --list-all
install -C /tmp/ztls-plc-cache/global/p/N-V-__8AAACiugX9TDNHS4gUMmDdAre7aDQZEvrSeorGViEk/lib/javassist-3.28.0-GA.jar /Users/matt/code/ztls/conformance/zig-out/tools/lib/javassist-3.28.0-GA.jar
install -C /tmp/ztls-plc-cache/global/p/N-V-__8AAACiugX9TDNHS4gUMmDdAre7aDQZEvrSeorGViEk/lib/tls-docker-library-3.2.2.jar /Users/matt/code/ztls/conformance/zig-out/tools/lib/tls-docker-library-3.2.2.jar
install -C /tmp/ztls-plc-cache/global/p/N-V-__8AAACiugX9TDNHS4gUMmDdAre7aDQZEvrSeorGViEk/lib/osgi-resource-locator-1.0.3.jar /Users/matt/code/ztls/conformance/zig-out/tools/lib/osgi-resource-locator-1.0.3.jar
install -C /tmp/ztls-plc-cache/global/p/N-V-__8AAACiugX9TDNHS4gUMmDdAre7aDQZEvrSeorGViEk/lib/log4j-bom-2.24.3.pom /Users/matt/code/ztls/conformance/zig-out/tools/lib/log4j-bom-2.24.3.pom
install -C /tmp/ztls-plc-cache/global/p/N-V-__8AAACiugX9TDNHS4gUMmDdAre7aDQZEvrSeorGViEk/lib/asn1-attacker-4.2.3.jar /Users/matt/code/ztls/conformance/zig-out/tools/lib/asn1-attacker-4.2.3.jar
install -C /tmp/ztls-plc-cache/global/p/N-V-__8AAACiugX9TDNHS4gUMmDdAre7aDQZEvrSeorGViEk/lib/jackson-core-2.20.0.jar /Users/matt/code/ztls/conformance/zig-out/tools/lib/jackson-core-2.20.0.jar
install -C /tmp/ztls-plc-cache/global/p/N-V-__8AAACiugX9TDNHS4gUMmDdAre7aDQZEvrSeorGViEk/lib/dnsjava-3.6.3.jar /Users/matt/code/ztls/conformance/zig-out/tools/lib/dnsjava-3.6.3.jar
install -C /tmp/ztls-plc-cache/global/p/N-V-__8AAACiugX9TDNHS4gUMmDdAre7aDQZEvrSeorGViEk/lib/jaxb-runtime-4.0.5.jar /Users/matt/code/ztls/conformance/zig-out/tools/lib/jaxb-runtime-4.0.5.jar
install -C /tmp/ztls-plc-cache/global/p/N-V-__8AAACiugX9TDNHS4gUMmDdAre7aDQZEvrSeorGViEk/lib/listenablefuture-9999.0-empty-to-avoid-conflict-with-guava.jar /Users/matt/code/ztls/conformance/zig-out/tools/lib/listenablefuture-9999.0-empty-to-avoid-conflict-with-guava.jar
install -C /tmp/ztls-plc-cache/global/p/N-V-__8AAACiugX9TDNHS4gUMmDdAre7aDQZEvrSeorGViEk/lib/docker-java-3.6.0.jar /Users/matt/code/ztls/conformance/zig-out/tools/lib/docker-java-3.6.0.jar
install -C /tmp/ztls-plc-cache/global/p/N-V-__8AAACiugX9TDNHS4gUMmDdAre7aDQZEvrSeorGViEk/lib/siv-mode-1.6.1.jar /Users/matt/code/ztls/conformance/zig-out/tools/lib/siv-mode-1.6.1.jar
install -C /tmp/ztls-plc-cache/global/p/N-V-__8AAACiugX9TDNHS4gUMmDdAre7aDQZEvrSeorGViEk/lib/bctls-jdk18on-1.81.jar /Users/matt/code/ztls/conformance/zig-out/tools/lib/bctls-jdk18on-1.81.jar
install -C /tmp/ztls-plc-cache/global/p/N-V-__8AAACiugX9TDNHS4gUMmDdAre7aDQZEvrSeorGViEk/lib/log4j-slf4j-impl-2.25.1.jar /Users/matt/code/ztls/conformance/zig-out/tools/lib/log4j-slf4j-impl-2.25.1.jar
install -C /tmp/ztls-plc-cache/global/p/N-V-__8AAACiugX9TDNHS4gUMmDdAre7aDQZEvrSeorGViEk/lib/j2objc-annotations-3.0.0.jar /Users/matt/code/ztls/conformance/zig-out/tools/lib/j2objc-annotations-3.0.0.jar
install -C /tmp/ztls-plc-cache/global/p/N-V-__8AAACiugX9TDNHS4gUMmDdAre7aDQZEvrSeorGViEk/lib/netty-codec-base-4.2.4.Final.jar /Users/matt/code/ztls/conformance/zig-out/tools/lib/netty-codec-base-4.2.4.Final.jar
install -C /tmp/ztls-plc-cache/global/p/N-V-__8AAACiugX9TDNHS4gUMmDdAre7aDQZEvrSeorGViEk/lib/tls-server-scanner-7.4.0.jar /Users/matt/code/ztls/conformance/zig-out/tools/lib/tls-server-scanner-7.4.0.jar
install -C /tmp/ztls-plc-cache/global/p/N-V-__8AAACiugX9TDNHS4gUMmDdAre7aDQZEvrSeorGViEk/lib/commons-math3-3.6.1.jar /Users/matt/code/ztls/conformance/zig-out/tools/lib/commons-math3-3.6.1.jar
install -C /tmp/ztls-plc-cache/global/p/N-V-__8AAACiugX9TDNHS4gUMmDdAre7aDQZEvrSeorGViEk/lib/jna-5.18.1.jar /Users/matt/code/ztls/conformance/zig-out/tools/lib/jna-5.18.1.jar
install -C /tmp/ztls-plc-cache/global/p/N-V-__8AAACiugX9TDNHS4gUMmDdAre7aDQZEvrSeorGViEk/lib/tls-client-scanner-7.4.0.jar /Users/matt/code/ztls/conformance/zig-out/tools/lib/tls-client-scanner-7.4.0.jar
install -C /tmp/ztls-plc-cache/global/p/N-V-__8AAACiugX9TDNHS4gUMmDdAre7aDQZEvrSeorGViEk/lib/docker-java-transport-jersey-3.6.0.jar /Users/matt/code/ztls/conformance/zig-out/tools/lib/docker-java-transport-jersey-3.6.0.jar
install -C /tmp/ztls-plc-cache/global/p/N-V-__8AAACiugX9TDNHS4gUMmDdAre7aDQZEvrSeorGViEk/lib/log4j-api-2.25.1.jar /Users/matt/code/ztls/conformance/zig-out/tools/lib/log4j-api-2.25.1.jar
install -C /tmp/ztls-plc-cache/global/p/N-V-__8AAACiugX9TDNHS4gUMmDdAre7aDQZEvrSeorGViEk/lib/JLargeArrays-1.5.jar /Users/matt/code/ztls/conformance/zig-out/tools/lib/JLargeArrays-1.5.jar
install -C /tmp/ztls-plc-cache/global/p/N-V-__8AAACiugX9TDNHS4gUMmDdAre7aDQZEvrSeorGViEk/lib/jsonschema-module-jackson-4.38.0.jar /Users/matt/code/ztls/conformance/zig-out/tools/lib/jsonschema-module-jackson-4.38.0.jar
install -C /tmp/ztls-plc-cache/global/p/N-V-__8AAACiugX9TDNHS4gUMmDdAre7aDQZEvrSeorGViEk/lib/jakarta.activation-api-2.1.3.jar /Users/matt/code/ztls/conformance/zig-out/tools/lib/jakarta.activation-api-2.1.3.jar
install -C /tmp/ztls-plc-cache/global/p/N-V-__8AAACiugX9TDNHS4gUMmDdAre7aDQZEvrSeorGViEk/lib/netty-buffer-4.2.4.Final.jar /Users/matt/code/ztls/conformance/zig-out/tools/lib/netty-buffer-4.2.4.Final.jar
install -C /tmp/ztls-plc-cache/global/p/N-V-__8AAACiugX9TDNHS4gUMmDdAre7aDQZEvrSeorGViEk/lib/anvil-core-2.3.4.jar /Users/matt/code/ztls/conformance/zig-out/tools/lib/anvil-core-2.3.4.jar
install -C /tmp/ztls-plc-cache/global/p/N-V-__8AAACiugX9TDNHS4gUMmDdAre7aDQZEvrSeorGViEk/lib/terminal-utils-1.0.0.jar /Users/matt/code/ztls/conformance/zig-out/tools/lib/terminal-utils-1.0.0.jar
install -C /tmp/ztls-plc-cache/global/p/N-V-__8AAACiugX9TDNHS4gUMmDdAre7aDQZEvrSeorGViEk/lib/choco-solver-4.10.18.jar /Users/matt/code/ztls/conformance/zig-out/tools/lib/choco-solver-4.10.18.jar
install -C /tmp/ztls-plc-cache/global/p/N-V-__8AAACiugX9TDNHS4gUMmDdAre7aDQZEvrSeorGViEk/lib/commons-text-1.14.0.jar /Users/matt/code/ztls/conformance/zig-out/tools/lib/commons-text-1.14.0.jar
install -C /tmp/ztls-plc-cache/global/p/N-V-__8AAACiugX9TDNHS4gUMmDdAre7aDQZEvrSeorGViEk/lib/pcap4j-core-1.8.2.jar /Users/matt/code/ztls/conformance/zig-out/tools/lib/pcap4j-core-1.8.2.jar
install -C /tmp/ztls-plc-cache/global/p/N-V-__8AAACiugX9TDNHS4gUMmDdAre7aDQZEvrSeorGViEk/lib/junit-jupiter-5.13.4.jar /Users/matt/code/ztls/conformance/zig-out/tools/lib/junit-jupiter-5.13.4.jar
install -C /tmp/ztls-plc-cache/global/p/N-V-__8AAACiugX9TDNHS4gUMmDdAre7aDQZEvrSeorGViEk/lib/netty-resolver-4.2.4.Final.jar /Users/matt/code/ztls/conformance/zig-out/tools/lib/netty-resolver-4.2.4.Final.jar
install -C /tmp/ztls-plc-cache/global/p/N-V-__8AAACiugX9TDNHS4gUMmDdAre7aDQZEvrSeorGViEk/lib/classmate-1.7.0.jar /Users/matt/code/ztls/conformance/zig-out/tools/lib/classmate-1.7.0.jar
install -C /tmp/ztls-plc-cache/global/p/N-V-__8AAACiugX9TDNHS4gUMmDdAre7aDQZEvrSeorGViEk/lib/txw2-4.0.5.jar /Users/matt/code/ztls/conformance/zig-out/tools/lib/txw2-4.0.5.jar
install -C /tmp/ztls-plc-cache/global/p/N-V-__8AAACiugX9TDNHS4gUMmDdAre7aDQZEvrSeorGViEk/lib/junixsocket-common-2.10.1.jar /Users/matt/code/ztls/conformance/zig-out/tools/lib/junixsocket-common-2.10.1.jar
install -C /tmp/ztls-plc-cache/global/p/N-V-__8AAACiugX9TDNHS4gUMmDdAre7aDQZEvrSeorGViEk/lib/scanner-core-6.3.0.jar /Users/matt/code/ztls/conformance/zig-out/tools/lib/scanner-core-6.3.0.jar
install -C /tmp/ztls-plc-cache/global/p/N-V-__8AAACiugX9TDNHS4gUMmDdAre7aDQZEvrSeorGViEk/lib/junit-4.10.jar /Users/matt/code/ztls/conformance/zig-out/tools/lib/junit-4.10.jar
install -C /tmp/ztls-plc-cache/global/p/N-V-__8AAACiugX9TDNHS4gUMmDdAre7aDQZEvrSeorGViEk/lib/log4j-jul-2.25.1.jar /Users/matt/code/ztls/conformance/zig-out/tools/lib/log4j-jul-2.25.1.jar
install -C /tmp/ztls-plc-cache/global/p/N-V-__8AAACiugX9TDNHS4gUMmDdAre7aDQZEvrSeorGViEk/lib/jersey-client-2.47.jar /Users/matt/code/ztls/conformance/zig-out/tools/lib/jersey-client-2.47.jar
install -C /tmp/ztls-plc-cache/global/p/N-V-__8AAACiugX9TDNHS4gUMmDdAre7aDQZEvrSeorGViEk/lib/commons-io-2.20.0.jar /Users/matt/code/ztls/conformance/zig-out/tools/lib/commons-io-2.20.0.jar
install -C /tmp/ztls-plc-cache/global/p/N-V-__8AAACiugX9TDNHS4gUMmDdAre7aDQZEvrSeorGViEk/lib/coffee4j-anvil-junit-jupiter-2.0.1.jar /Users/matt/code/ztls/conformance/zig-out/tools/lib/coffee4j-anvil-junit-jupiter-2.0.1.jar
install -C /tmp/ztls-plc-cache/global/p/N-V-__8AAACiugX9TDNHS4gUMmDdAre7aDQZEvrSeorGViEk/lib/jersey-hk2-2.47.jar /Users/matt/code/ztls/conformance/zig-out/tools/lib/jersey-hk2-2.47.jar
install -C /tmp/ztls-plc-cache/global/p/N-V-__8AAACiugX9TDNHS4gUMmDdAre7aDQZEvrSeorGViEk/lib/jackson-annotations-2.20.jar /Users/matt/code/ztls/conformance/zig-out/tools/lib/jackson-annotations-2.20.jar
install -C /tmp/ztls-plc-cache/global/p/N-V-__8AAACiugX9TDNHS4gUMmDdAre7aDQZEvrSeorGViEk/lib/json-simple-1.1.1.jar /Users/matt/code/ztls/conformance/zig-out/tools/lib/json-simple-1.1.1.jar
install -C /tmp/ztls-plc-cache/global/p/N-V-__8AAACiugX9TDNHS4gUMmDdAre7aDQZEvrSeorGViEk/lib/jakarta.inject-2.6.1.jar /Users/matt/code/ztls/conformance/zig-out/tools/lib/jakarta.inject-2.6.1.jar
install -C /tmp/ztls-plc-cache/global/p/N-V-__8AAACiugX9TDNHS4gUMmDdAre7aDQZEvrSeorGViEk/lib/junit-jupiter-params-5.13.4.jar /Users/matt/code/ztls/conformance/zig-out/tools/lib/junit-jupiter-params-5.13.4.jar
install -C /tmp/ztls-plc-cache/global/p/N-V-__8AAACiugX9TDNHS4gUMmDdAre7aDQZEvrSeorGViEk/lib/modifiable-variable-5.3.0.jar /Users/matt/code/ztls/conformance/zig-out/tools/lib/modifiable-variable-5.3.0.jar
install -C /tmp/ztls-plc-cache/global/p/N-V-__8AAACiugX9TDNHS4gUMmDdAre7aDQZEvrSeorGViEk/lib/jersey-common-2.47.jar /Users/matt/code/ztls/conformance/zig-out/tools/lib/jersey-common-2.47.jar
install -C /tmp/ztls-plc-cache/global/p/N-V-__8AAACiugX9TDNHS4gUMmDdAre7aDQZEvrSeorGViEk/lib/sizeof-0.4.3.jar /Users/matt/code/ztls/conformance/zig-out/tools/lib/sizeof-0.4.3.jar
install -C /tmp/ztls-plc-cache/global/p/N-V-__8AAACiugX9TDNHS4gUMmDdAre7aDQZEvrSeorGViEk/lib/jakarta.ws.rs-api-2.1.6.jar /Users/matt/code/ztls/conformance/zig-out/tools/lib/jakarta.ws.rs-api-2.1.6.jar
install -C /tmp/ztls-plc-cache/global/p/N-V-__8AAACiugX9TDNHS4gUMmDdAre7aDQZEvrSeorGViEk/lib/junit-platform-commons-1.13.4.jar /Users/matt/code/ztls/conformance/zig-out/tools/lib/junit-platform-commons-1.13.4.jar
install -C /tmp/ztls-plc-cache/global/p/N-V-__8AAACiugX9TDNHS4gUMmDdAre7aDQZEvrSeorGViEk/lib/JTransforms-3.1.jar /Users/matt/code/ztls/conformance/zig-out/tools/lib/JTransforms-3.1.jar
install -C /tmp/ztls-plc-cache/global/p/N-V-__8AAACiugX9TDNHS4gUMmDdAre7aDQZEvrSeorGViEk/lib/netty-transport-native-epoll-4.2.4.Final-linux-x86_64.jar /Users/matt/code/ztls/conformance/zig-out/tools/lib/netty-transport-native-epoll-4.2.4.Final-linux-x86_64.jar
install -C /tmp/ztls-plc-cache/global/p/N-V-__8AAACiugX9TDNHS4gUMmDdAre7aDQZEvrSeorGViEk/lib/httpcore5-5.3.4.jar /Users/matt/code/ztls/conformance/zig-out/tools/lib/httpcore5-5.3.4.jar
install -C /tmp/ztls-plc-cache/global/p/N-V-__8AAACiugX9TDNHS4gUMmDdAre7aDQZEvrSeorGViEk/lib/netty-codec-socks-4.2.4.Final.jar /Users/matt/code/ztls/conformance/zig-out/tools/lib/netty-codec-socks-4.2.4.Final.jar
install -C /tmp/ztls-plc-cache/global/p/N-V-__8AAACiugX9TDNHS4gUMmDdAre7aDQZEvrSeorGViEk/lib/netty-codec-compression-4.2.4.Final.jar /Users/matt/code/ztls/conformance/zig-out/tools/lib/netty-codec-compression-4.2.4.Final.jar
install -C /tmp/ztls-plc-cache/global/p/N-V-__8AAACiugX9TDNHS4gUMmDdAre7aDQZEvrSeorGViEk/lib/aopalliance-repackaged-2.6.1.jar /Users/matt/code/ztls/conformance/zig-out/tools/lib/aopalliance-repackaged-2.6.1.jar
install -C /tmp/ztls-plc-cache/global/p/N-V-__8AAACiugX9TDNHS4gUMmDdAre7aDQZEvrSeorGViEk/lib/docker-java-api-3.6.0.jar /Users/matt/code/ztls/conformance/zig-out/tools/lib/docker-java-api-3.6.0.jar
install -C /tmp/ztls-plc-cache/global/p/N-V-__8AAACiugX9TDNHS4gUMmDdAre7aDQZEvrSeorGViEk/lib/slf4j-api-1.7.32.jar /Users/matt/code/ztls/conformance/zig-out/tools/lib/slf4j-api-1.7.32.jar
install -C /tmp/ztls-plc-cache/global/p/N-V-__8AAACiugX9TDNHS4gUMmDdAre7aDQZEvrSeorGViEk/lib/commons-codec-1.19.0.jar /Users/matt/code/ztls/conformance/zig-out/tools/lib/commons-codec-1.19.0.jar
install -C /tmp/ztls-plc-cache/global/p/N-V-__8AAACiugX9TDNHS4gUMmDdAre7aDQZEvrSeorGViEk/lib/bcprov-jdk18on-1.81.jar /Users/matt/code/ztls/conformance/zig-out/tools/lib/bcprov-jdk18on-1.81.jar
install -C /tmp/ztls-plc-cache/global/p/N-V-__8AAACiugX9TDNHS4gUMmDdAre7aDQZEvrSeorGViEk/lib/commons-lang3-3.18.0.jar /Users/matt/code/ztls/conformance/zig-out/tools/lib/commons-lang3-3.18.0.jar
install -C /tmp/ztls-plc-cache/global/p/N-V-__8AAACiugX9TDNHS4gUMmDdAre7aDQZEvrSeorGViEk/lib/tls-core-7.7.0.jar /Users/matt/code/ztls/conformance/zig-out/tools/lib/tls-core-7.7.0.jar
install -C /tmp/ztls-plc-cache/global/p/N-V-__8AAACiugX9TDNHS4gUMmDdAre7aDQZEvrSeorGViEk/lib/failureaccess-1.0.3.jar /Users/matt/code/ztls/conformance/zig-out/tools/lib/failureaccess-1.0.3.jar
install -C /tmp/ztls-plc-cache/global/p/N-V-__8AAACiugX9TDNHS4gUMmDdAre7aDQZEvrSeorGViEk/lib/httpclient5-5.5.jar /Users/matt/code/ztls/conformance/zig-out/tools/lib/httpclient5-5.5.jar
install -C /tmp/ztls-plc-cache/global/p/N-V-__8AAACiugX9TDNHS4gUMmDdAre7aDQZEvrSeorGViEk/lib/jsoup-1.22.2.jar /Users/matt/code/ztls/conformance/zig-out/tools/lib/jsoup-1.22.2.jar
install -C /tmp/ztls-plc-cache/global/p/N-V-__8AAACiugX9TDNHS4gUMmDdAre7aDQZEvrSeorGViEk/lib/x509-attacker-4.3.10.jar /Users/matt/code/ztls/conformance/zig-out/tools/lib/x509-attacker-4.3.10.jar
install -C /tmp/ztls-plc-cache/global/p/N-V-__8AAACiugX9TDNHS4gUMmDdAre7aDQZEvrSeorGViEk/lib/httpcore5-h2-5.3.4.jar /Users/matt/code/ztls/conformance/zig-out/tools/lib/httpcore5-h2-5.3.4.jar
install -C /tmp/ztls-plc-cache/global/p/N-V-__8AAACiugX9TDNHS4gUMmDdAre7aDQZEvrSeorGViEk/lib/utils-7.7.0.jar /Users/matt/code/ztls/conformance/zig-out/tools/lib/utils-7.7.0.jar
install -C /tmp/ztls-plc-cache/global/p/N-V-__8AAACiugX9TDNHS4gUMmDdAre7aDQZEvrSeorGViEk/lib/junit-platform-launcher-1.13.4.jar /Users/matt/code/ztls/conformance/zig-out/tools/lib/junit-platform-launcher-1.13.4.jar
install -C /tmp/ztls-plc-cache/global/p/N-V-__8AAACiugX9TDNHS4gUMmDdAre7aDQZEvrSeorGViEk/lib/jakarta.xml.bind-api-4.0.2.jar /Users/matt/code/ztls/conformance/zig-out/tools/lib/jakarta.xml.bind-api-4.0.2.jar
install -C /tmp/ztls-plc-cache/global/p/N-V-__8AAACiugX9TDNHS4gUMmDdAre7aDQZEvrSeorGViEk/lib/log4j-iostreams-2.25.1.jar /Users/matt/code/ztls/conformance/zig-out/tools/lib/log4j-iostreams-2.25.1.jar
install -C /tmp/ztls-plc-cache/global/p/N-V-__8AAACiugX9TDNHS4gUMmDdAre7aDQZEvrSeorGViEk/lib/transport-7.7.0.jar /Users/matt/code/ztls/conformance/zig-out/tools/lib/transport-7.7.0.jar
install -C /tmp/ztls-plc-cache/global/p/N-V-__8AAACiugX9TDNHS4gUMmDdAre7aDQZEvrSeorGViEk/lib/bcpkix-jdk18on-1.81.jar /Users/matt/code/ztls/conformance/zig-out/tools/lib/bcpkix-jdk18on-1.81.jar
install -C /tmp/ztls-plc-cache/global/p/N-V-__8AAACiugX9TDNHS4gUMmDdAre7aDQZEvrSeorGViEk/lib/httpclient-4.5.12.jar /Users/matt/code/ztls/conformance/zig-out/tools/lib/httpclient-4.5.12.jar
install -C /tmp/ztls-plc-cache/global/p/N-V-__8AAACiugX9TDNHS4gUMmDdAre7aDQZEvrSeorGViEk/lib/jcl-over-slf4j-1.7.30.jar /Users/matt/code/ztls/conformance/zig-out/tools/lib/jcl-over-slf4j-1.7.30.jar
install -C /tmp/ztls-plc-cache/global/p/N-V-__8AAACiugX9TDNHS4gUMmDdAre7aDQZEvrSeorGViEk/lib/jsr305-3.0.2.jar /Users/matt/code/ztls/conformance/zig-out/tools/lib/jsr305-3.0.2.jar
install -C /tmp/ztls-plc-cache/global/p/N-V-__8AAACiugX9TDNHS4gUMmDdAre7aDQZEvrSeorGViEk/lib/opentest4j-1.3.0.jar /Users/matt/code/ztls/conformance/zig-out/tools/lib/opentest4j-1.3.0.jar
install -C /tmp/ztls-plc-cache/global/p/N-V-__8AAACiugX9TDNHS4gUMmDdAre7aDQZEvrSeorGViEk/lib/hk2-utils-2.6.1.jar /Users/matt/code/ztls/conformance/zig-out/tools/lib/hk2-utils-2.6.1.jar
install -C /tmp/ztls-plc-cache/global/p/N-V-__8AAACiugX9TDNHS4gUMmDdAre7aDQZEvrSeorGViEk/lib/trove4j-3.0.3.jar /Users/matt/code/ztls/conformance/zig-out/tools/lib/trove4j-3.0.3.jar
install -C /tmp/ztls-plc-cache/global/p/N-V-__8AAACiugX9TDNHS4gUMmDdAre7aDQZEvrSeorGViEk/lib/fastutil-8.5.15.jar /Users/matt/code/ztls/conformance/zig-out/tools/lib/fastutil-8.5.15.jar
install -C /tmp/ztls-plc-cache/global/p/N-V-__8AAACiugX9TDNHS4gUMmDdAre7aDQZEvrSeorGViEk/lib/jcommander-1.82.jar /Users/matt/code/ztls/conformance/zig-out/tools/lib/jcommander-1.82.jar
install -C /tmp/ztls-plc-cache/global/p/N-V-__8AAACiugX9TDNHS4gUMmDdAre7aDQZEvrSeorGViEk/lib/tls-scanner-core-7.4.0.jar /Users/matt/code/ztls/conformance/zig-out/tools/lib/tls-scanner-core-7.4.0.jar
install -C /tmp/ztls-plc-cache/global/p/N-V-__8AAACiugX9TDNHS4gUMmDdAre7aDQZEvrSeorGViEk/lib/protocol-attacker-2.2.2.jar /Users/matt/code/ztls/conformance/zig-out/tools/lib/protocol-attacker-2.2.2.jar
install -C /tmp/ztls-plc-cache/global/p/N-V-__8AAACiugX9TDNHS4gUMmDdAre7aDQZEvrSeorGViEk/lib/jsonschema-generator-4.38.0.jar /Users/matt/code/ztls/conformance/zig-out/tools/lib/jsonschema-generator-4.38.0.jar
install -C /tmp/ztls-plc-cache/global/p/N-V-__8AAACiugX9TDNHS4gUMmDdAre7aDQZEvrSeorGViEk/lib/junit-jupiter-api-5.13.4.jar /Users/matt/code/ztls/conformance/zig-out/tools/lib/junit-jupiter-api-5.13.4.jar
install -C /tmp/ztls-plc-cache/global/p/N-V-__8AAACiugX9TDNHS4gUMmDdAre7aDQZEvrSeorGViEk/lib/junixsocket-native-common-2.10.1.jar /Users/matt/code/ztls/conformance/zig-out/tools/lib/junixsocket-native-common-2.10.1.jar
install -C /tmp/ztls-plc-cache/global/p/N-V-__8AAACiugX9TDNHS4gUMmDdAre7aDQZEvrSeorGViEk/lib/apiguardian-api-1.1.2.jar /Users/matt/code/ztls/conformance/zig-out/tools/lib/apiguardian-api-1.1.2.jar
install -C /tmp/ztls-plc-cache/global/p/N-V-__8AAACiugX9TDNHS4gUMmDdAre7aDQZEvrSeorGViEk/lib/docker-java-transport-netty-3.6.0.jar /Users/matt/code/ztls/conformance/zig-out/tools/lib/docker-java-transport-netty-3.6.0.jar
install -C /tmp/ztls-plc-cache/global/p/N-V-__8AAACiugX9TDNHS4gUMmDdAre7aDQZEvrSeorGViEk/lib/hk2-api-2.6.1.jar /Users/matt/code/ztls/conformance/zig-out/tools/lib/hk2-api-2.6.1.jar
install -C /tmp/ztls-plc-cache/global/p/N-V-__8AAACiugX9TDNHS4gUMmDdAre7aDQZEvrSeorGViEk/lib/docker-java-core-3.6.0.jar /Users/matt/code/ztls/conformance/zig-out/tools/lib/docker-java-core-3.6.0.jar
install -C /tmp/ztls-plc-cache/global/p/N-V-__8AAACiugX9TDNHS4gUMmDdAre7aDQZEvrSeorGViEk/lib/jspecify-1.0.0.jar /Users/matt/code/ztls/conformance/zig-out/tools/lib/jspecify-1.0.0.jar
install -C /tmp/ztls-plc-cache/global/p/N-V-__8AAACiugX9TDNHS4gUMmDdAre7aDQZEvrSeorGViEk/lib/docker-java-transport-httpclient5-3.6.0.jar /Users/matt/code/ztls/conformance/zig-out/tools/lib/docker-java-transport-httpclient5-3.6.0.jar
install -C /tmp/ztls-plc-cache/global/p/N-V-__8AAACiugX9TDNHS4gUMmDdAre7aDQZEvrSeorGViEk/lib/coffee4j-anvil-model-2.0.1.jar /Users/matt/code/ztls/conformance/zig-out/tools/lib/coffee4j-anvil-model-2.0.1.jar
install -C /tmp/ztls-plc-cache/global/p/N-V-__8AAACiugX9TDNHS4gUMmDdAre7aDQZEvrSeorGViEk/lib/snakeyaml-2.4.jar /Users/matt/code/ztls/conformance/zig-out/tools/lib/snakeyaml-2.4.jar
install -C /tmp/ztls-plc-cache/global/p/N-V-__8AAACiugX9TDNHS4gUMmDdAre7aDQZEvrSeorGViEk/lib/hk2-locator-2.6.1.jar /Users/matt/code/ztls/conformance/zig-out/tools/lib/hk2-locator-2.6.1.jar
install -C /tmp/ztls-plc-cache/global/p/N-V-__8AAACiugX9TDNHS4gUMmDdAre7aDQZEvrSeorGViEk/lib/httpcore-4.4.16.jar /Users/matt/code/ztls/conformance/zig-out/tools/lib/httpcore-4.4.16.jar
install -C /tmp/ztls-plc-cache/global/p/N-V-__8AAACiugX9TDNHS4gUMmDdAre7aDQZEvrSeorGViEk/lib/log4j-core-2.25.1.jar /Users/matt/code/ztls/conformance/zig-out/tools/lib/log4j-core-2.25.1.jar
install -C /tmp/ztls-plc-cache/global/p/N-V-__8AAACiugX9TDNHS4gUMmDdAre7aDQZEvrSeorGViEk/lib/netty-transport-classes-kqueue-4.2.4.Final.jar /Users/matt/code/ztls/conformance/zig-out/tools/lib/netty-transport-classes-kqueue-4.2.4.Final.jar
install -C /tmp/ztls-plc-cache/global/p/N-V-__8AAACiugX9TDNHS4gUMmDdAre7aDQZEvrSeorGViEk/lib/jakarta.annotation-api-1.3.5.jar /Users/matt/code/ztls/conformance/zig-out/tools/lib/jakarta.annotation-api-1.3.5.jar
install -C /tmp/ztls-plc-cache/global/p/N-V-__8AAACiugX9TDNHS4gUMmDdAre7aDQZEvrSeorGViEk/lib/hamcrest-core-1.1.jar /Users/matt/code/ztls/conformance/zig-out/tools/lib/hamcrest-core-1.1.jar
install -C /tmp/ztls-plc-cache/global/p/N-V-__8AAACiugX9TDNHS4gUMmDdAre7aDQZEvrSeorGViEk/lib/istack-commons-runtime-4.1.2.jar /Users/matt/code/ztls/conformance/zig-out/tools/lib/istack-commons-runtime-4.1.2.jar
install -C /tmp/ztls-plc-cache/global/p/N-V-__8AAACiugX9TDNHS4gUMmDdAre7aDQZEvrSeorGViEk/lib/coffee4j-anvil-engine-2.0.1.jar /Users/matt/code/ztls/conformance/zig-out/tools/lib/coffee4j-anvil-engine-2.0.1.jar
install -C /tmp/ztls-plc-cache/global/p/N-V-__8AAACiugX9TDNHS4gUMmDdAre7aDQZEvrSeorGViEk/lib/netty-handler-proxy-4.2.4.Final.jar /Users/matt/code/ztls/conformance/zig-out/tools/lib/netty-handler-proxy-4.2.4.Final.jar
install -C /tmp/ztls-plc-cache/global/p/N-V-__8AAACiugX9TDNHS4gUMmDdAre7aDQZEvrSeorGViEk/lib/jaxb-core-4.0.5.jar /Users/matt/code/ztls/conformance/zig-out/tools/lib/jaxb-core-4.0.5.jar
install -C /tmp/ztls-plc-cache/global/p/N-V-__8AAACiugX9TDNHS4gUMmDdAre7aDQZEvrSeorGViEk/lib/netty-transport-classes-epoll-4.2.4.Final.jar /Users/matt/code/ztls/conformance/zig-out/tools/lib/netty-transport-classes-epoll-4.2.4.Final.jar
install -C /tmp/ztls-plc-cache/global/p/N-V-__8AAACiugX9TDNHS4gUMmDdAre7aDQZEvrSeorGViEk/lib/reflections-0.10.2.jar /Users/matt/code/ztls/conformance/zig-out/tools/lib/reflections-0.10.2.jar
install -C /tmp/ztls-plc-cache/global/p/N-V-__8AAACiugX9TDNHS4gUMmDdAre7aDQZEvrSeorGViEk/lib/jgrapht-core-1.4.0.jar /Users/matt/code/ztls/conformance/zig-out/tools/lib/jgrapht-core-1.4.0.jar
bash /Users/matt/code/ztls/conformance/scripts/anvil-chain-provider-patch/apply.sh /Users/matt/code/ztls/conformance/zig-out/tools/lib
patched X509CertificateChainProvider (basicConstraints cA) into /Users/matt/code/ztls/conformance/zig-out/tools/lib/tls-test-framework-1.5.0.jar
patched DateTimeAdapter (JAXB validity serialization) into /Users/matt/code/ztls/conformance/zig-out/tools/lib/x509-attacker-4.3.10.jar
NO_COLOR=1 pkg-config libcrypto --cflags --libs
NO_COLOR=1 pkg-config libcrypto --cflags --libs
/nix/store/HASH-zig-0.15.2/bin/zig build-exe -ODebug --dep ztls --dep net_compat --dep fixtures -Mroot=/Users/matt/code/ztls/conformance/src/anvil_client.zig -I/nix/store/HASH-aws-lc-5.5.0-dev/include -L/nix/store/HASH-aws-lc-5.5.0/lib -lcrypto -ODebug --dep build_options -Mztls=/Users/matt/code/ztls/src/root.zig -ODebug -Mnet_compat=/Users/matt/code/ztls/shared/net_compat.zig -ODebug -Mfixtures=/Users/matt/code/ztls/tests/fixtures/fixtures.zig -Mbuild_options=/tmp/tmp.4mG9IAcJM2/conformance/c/5f561f0723d3bca47c7861e3338782bd/options.zig -lc --cache-dir /tmp/tmp.4mG9IAcJM2/conformance --global-cache-dir /tmp/ztls-plc-cache/global --name anvil_client --zig-lib-dir /nix/store/HASH-zig-0.15.2/lib/zig/ --listen=-
/nix/store/HASH-zig-0.15.2/bin/zig build-exe -ODebug --dep ztls --dep net_compat --dep fixtures -Mroot=/Users/matt/code/ztls/conformance/src/tlsfuzzer_server.zig -I/nix/store/HASH-aws-lc-5.5.0-dev/include -L/nix/store/HASH-aws-lc-5.5.0/lib -lcrypto -ODebug --dep build_options -Mztls=/Users/matt/code/ztls/src/root.zig -ODebug -Mnet_compat=/Users/matt/code/ztls/shared/net_compat.zig -ODebug -Mfixtures=/Users/matt/code/ztls/tests/fixtures/fixtures.zig -Mbuild_options=/tmp/tmp.4mG9IAcJM2/conformance/c/5f561f0723d3bca47c7861e3338782bd/options.zig -lc --cache-dir /tmp/tmp.4mG9IAcJM2/conformance --global-cache-dir /tmp/ztls-plc-cache/global --name tlsfuzzer_server --zig-lib-dir /nix/store/HASH-zig-0.15.2/lib/zig/ --listen=-
install -C /tmp/tmp.4mG9IAcJM2/conformance/o/181696eba59693bd793d91e5a1c2968d/anvil_client /Users/matt/code/ztls/conformance/zig-out/bin/anvil_client
install -C /tmp/tmp.4mG9IAcJM2/conformance/o/06471a2027db12cc3b72f3b0216de95a/tlsfuzzer_server /Users/matt/code/ztls/conformance/zig-out/bin/tlsfuzzer_server

Build Summary: 9/9 steps succeeded
install success
+- install dependency to tools/TLS-Anvil.jar cached
+- install dependency/ success
+- run bash success 1s MaxRSS:179M
|  +- install dependency to tools/TLS-Anvil.jar (reused)
|  +- install dependency/ (reused)
+- install tlsfuzzer_server success
|  +- compile exe tlsfuzzer_server Debug native success 3s MaxRSS:424M
|     +- options success
+- install anvil_client success
   +- compile exe anvil_client Debug native success 3s MaxRSS:420M
      +- options (reused)

................                                                         [100%]
16 passed in 0.32s
zig fmt --check src/ examples/ bench/ shared/ tests/distribution-consumer/ build.zig
ziglint build.zig examples bench shared tests/distribution-consumer $(fd --extension zig --exclude certificate_parser.zig . src)
ast-grep scan --rule rules/no-ztls-owned-allocations.yml src --globs '*.zig' --globs '!src/test/**' --globs '!src/bench/**' --globs '!src/interop.zig' --report-style short
ast-grep scan --rule rules/no-c-pointer-types.yml src --globs '*.zig' --report-style short
# std-alias rules: enforce the aliases we always want. certificate_parser.zig
# is an upstream-derived std fork kept close to upstream, so it is excluded
# like ziglint does.
rc=0; for rule in rules/std-alias-*.yml; do ast-grep scan --rule "$rule" src examples bench shared --globs '*.zig' --globs '!src/certificate_parser.zig' --report-style short || rc=1; done; exit $rc
shellcheck --severity=warning scripts/*.sh infra/bench/*.sh infra/iam/*.sh
pinact run --fix=false --no-api .github/workflows/*.yml
zizmor .github
 INFO zizmor: 🌈 zizmor v1.30.1
 WARN audit: zizmor: zizmor is running in offline mode by default; some audits and auto-fixes will not be available. see https://docs.zizmor.sh/usage/#operating-modes for details
 INFO audit: zizmor: 🌈 completed .github/dependabot.yml
 INFO audit: zizmor: 🌈 completed .github/workflows/ci.yml
 INFO audit: zizmor: 🌈 completed .github/workflows/tls-anvil-client.yml
 INFO audit: zizmor: 🌈 completed .github/workflows/tls-anvil-server.yml
 INFO audit: zizmor: 🌈 completed .github/workflows/update-flake-lock.yml
 INFO audit: zizmor: 🌈 completed .github/workflows/zizmor.yml
No findings to report. Good job! (21 suppressed)
no status-language drift
no active-work headings referencing issues
README index matches research files
no closed-issue citations in research doc headings
no tracked binary fixture files
cargo fmt --check --manifest-path bench/rustls/Cargo.toml
cargo clippy --all-targets --release --manifest-path bench/rustls/Cargo.toml -- -D warnings
    Finished `release` profile [optimized] target(s) in 0.01s
just conformance/lint
uv run ruff format --check .
12 files already formatted
uv run ruff check .
All checks passed!
uv run ty check .
All checks passed!
zig fmt --check build.zig src/
ziglint build.zig src/
just --check --fmt --unstable --justfile justfile
./scripts/consumer-gate.sh --selftest
consumer-gate selftest: 23 checks passed
zig build example-tcp_loopback --summary all
[tcp]    server listening on 127.0.0.1:42239
[client] connected to 127.0.0.1:42239
[server] accepted connection
[client] ClientHello sent → state=wait_sh
[client] handshake complete (ALPN=h2)
[client] sent: GET / HTTP/1.0

[server] handshake complete (ALPN=h2)
[client] received: HTTP/1.0 200 OK
Content-Length: 5

hello

=== TCP loopback OK ===

Build Summary: 4/4 steps succeeded
example-tcp_loopback success
+- run exe tcp_loopback success 45ms MaxRSS:9M
   +- compile exe tcp_loopback Debug native-native success 3s MaxRSS:415M
      +- options cached

zig build example-in_memory_handshake --summary all
[client] ClientHello sent → state=wait_sh
[server] ServerHello sent → state=wait_client_finished
[client] handshake keys installed → state=wait_ee
[server] authenticated flight sent → state=wait_client_finished
[client] Finished sent → state=connected
[server] client Finished verified → state=connected

=== handshake complete (ALPN=h2) ===

[app]    client → server: ping
[app]    server → client: pong

=== in-memory handshake OK ===

Build Summary: 4/4 steps succeeded
example-in_memory_handshake success
+- run exe in_memory_handshake success 2ms MaxRSS:8M
   +- compile exe in_memory_handshake Debug native-native success 3s MaxRSS:409M
      +- options cached

zig build example-epoll_pingpong --summary all
[server] listening on 127.0.0.1:40069
[client] connected to 127.0.0.1:40069
[client] ClientHello sent → state=wait_sh
[server] accepted connection
[client] handshake complete (ALPN=pingpong)
[server] handshake complete (ALPN=pingpong)
[client] received: pong 1
[client] received: pong 2
[client] received: pong 3
[client] received: pong 4

=== epoll ping-pong OK ===

Build Summary: 4/4 steps succeeded
example-epoll_pingpong success
+- run exe epoll_pingpong success 48ms MaxRSS:10M
   +- compile exe epoll_pingpong Debug native-native success 3s MaxRSS:437M
      +- options cached

zig build example-iouring_pingpong --summary all
[iouring] server listening on 127.0.0.1:43727
[client] connected to 127.0.0.1:43727
[server] accepted connection
[client] ClientHello sent → state=wait_sh
[client] handshake complete (ALPN=pingpong)
[server] handshake complete (ALPN=pingpong)
[client] received: pong 1
[client] received: pong 2
[client] received: pong 3
[client] received: pong 4

=== io_uring ping-pong OK ===

Build Summary: 4/4 steps succeeded
example-iouring_pingpong success
+- run exe iouring_pingpong success 45ms MaxRSS:9M
   +- compile exe iouring_pingpong Debug native-native success 3s MaxRSS:417M
      +- options cached


Build Summary: 5/5 steps succeeded
install success
+- install ztls success
|  +- compile lib ztls Debug native-native success 3s MaxRSS:381M
|     +- options cached
+- install include/ztls.h to include/ztls.h cached

/tmp/ztls-signoff-20260919/cache/o/4b2dc1dd7ffde4bd16a98167c229205f/libztls_zcu.o
ClientHello: 247 bytes, header 0x16 0x03 0x03 — OK
record length field: 242 — OK
ztls C ABI example: OK
./scripts/distribution-smoke.sh core

Build Summary: 5/5 steps succeeded
install success
+- install ztls-distribution-consumer success
   +- compile exe ztls-distribution-consumer Debug native success 2s MaxRSS:357M
      +- options success
      +- options success

ztls core distribution smoke passed from an isolated fetched package
if [ "$(uname -s)" = Linux ]; then just check-memory; fi
Memory evidence: /Users/matt/code/ztls/zig-out/memory.a8Qa3r
warning: Git tree '/Users/matt/code/ztls' is dirty
test: zero Memcheck errors
benchmark: zero Memcheck errors
Memory evidence retained: /Users/matt/code/ztls/zig-out/memory.a8Qa3r
just conformance/ci
zig build test
just tlsfuzzer -v
zig build
patched X509CertificateChainProvider (basicConstraints cA) into /Users/matt/code/ztls/conformance/zig-out/tools/lib/tls-test-framework-1.5.0.jar
patched DateTimeAdapter (JAXB validity serialization) into /Users/matt/code/ztls/conformance/zig-out/tools/lib/x509-attacker-4.3.10.jar
uv run pytest -v
============================= test session starts ==============================
platform linux -- Python 3.14.7, pytest-9.0.3, pluggy-1.6.0 -- /Users/matt/code/ztls/conformance/.venv/bin/python
cachedir: .pytest_cache
rootdir: /Users/matt/code/ztls/conformance
configfile: pyproject.toml
collecting ... collected 102 items

tests/test_anvil_adapter.py::test_extract_feature_from_tls_anvil_class_id PASSED [  0%]
tests/test_anvil_adapter.py::test_extract_feature_unknown_when_id_shape_is_not_tls_anvil PASSED [  1%]
tests/test_anvil_adapter.py::test_adapter_normalizes_per_test_json_directory PASSED [  2%]
tests/test_anvil_adapter.py::test_adapter_prefers_class_method_over_opaque_test_id PASSED [  3%]
tests/test_anvil_adapter.py::test_adapter_accepts_report_json_with_normalized_tests PASSED [  4%]
tests/test_anvil_adapter.py::test_adapter_falls_back_to_per_test_files_when_report_json_is_not_normalized PASSED [  5%]
tests/test_anvil_adapter.py::test_adapter_to_report_matches_skip_patterns_by_stable_id PASSED [  6%]
tests/test_anvil_adapter.py::test_adapter_rejects_raw_tls_anvil_report_that_is_still_running PASSED [  7%]
tests/test_anvil_adapter.py::test_adapter_rejects_still_running_report_zip PASSED [  8%]
tests/test_anvil_adapter.py::test_adapter_allow_partial_accepts_still_running_report PASSED [  9%]
tests/test_anvil_adapter.py::test_adapter_allow_partial_accepts_still_running_report_zip PASSED [ 10%]
tests/test_anvil_adapter.py::test_adapter_rejects_directory_without_result_json PASSED [ 11%]
tests/test_anvil_adapter.py::test_adapter_marks_unknown_results_as_not_specified PASSED [ 12%]
tests/test_anvil_adapter.py::test_adapter_carries_failure_inducing_combinations PASSED [ 13%]
tests/test_anvil_adapter.py::test_adapter_carries_failure_combinations_from_normalized_report_json PASSED [ 14%]
tests/test_anvil_client.py::test_write_run_metadata_records_command_git_and_client_fields PASSED [ 15%]
tests/test_anvil_client.py::test_main_writes_run_metadata_before_launching_tls_anvil PASSED [ 16%]
tests/test_anvil_client.py::test_main_uses_tls_anvil_client_mode_with_trigger_script PASSED [ 17%]
tests/test_anvil_client.py::test_trigger_script_is_executable_stdlib_python_without_shell_helpers PASSED [ 18%]
tests/test_anvil_client.py::test_trigger_script_reads_the_clock_once_and_only_via_time_ns PASSED [ 19%]
tests/test_anvil_client.py::test_start_record_has_subsecond_utc_and_single_snapshot_identity PASSED [ 20%]
tests/test_anvil_client.py::test_each_invocation_is_attributable_via_ledger_not_filename_order PASSED [ 21%]
tests/test_anvil_client.py::test_trigger_script_quotes_paths_with_spaces_and_quotes PASSED [ 22%]
tests/test_anvil_client.py::test_trigger_fails_loudly_when_invocation_file_cannot_be_created PASSED [ 23%]
tests/test_anvil_client.py::test_trigger_script_preserves_client_signal_death PASSED [ 24%]
tests/test_anvil_client.py::test_invocation_header_constant_matches_generated_script PASSED [ 25%]
tests/test_anvil_report.py::test_skip_list_loaded PASSED                 [ 26%]
tests/test_anvil_report.py::test_synthetic_fixture_loads PASSED          [ 27%]
tests/test_anvil_report.py::test_pattern_hello_retry_request_reason_matches PASSED [ 28%]
tests/test_anvil_report.py::test_pattern_psk_disabled_reason_matches PASSED [ 29%]
tests/test_anvil_report.py::test_pattern_tls12_lowercase_id_matches PASSED [ 30%]
tests/test_anvil_report.py::test_named_group_disabled_cases_use_exact_ids PASSED [ 31%]
tests/test_anvil_report.py::test_end_of_early_data_pass_not_hidden_by_skip_list PASSED [ 32%]
tests/test_anvil_report.py::test_server_early_data_disabled_still_caught_by_skip_list PASSED [ 33%]
tests/test_anvil_report.py::test_end_of_early_data_pass_is_clean_pass_in_pipeline PASSED [ 34%]
tests/test_anvil_report.py::test_skip_pattern_falsification_caught PASSED [ 35%]
tests/test_anvil_report.py::test_skip_pattern_matches_disabled_reason_when_name_and_id_are_generic PASSED [ 36%]
tests/test_anvil_report.py::test_skip_pattern_matches_stable_test_id_when_name_is_generic PASSED [ 37%]
tests/test_anvil_report.py::test_report_on_synthetic_fixture PASSED      [ 38%]
tests/test_anvil_report.py::test_summary_json_structure PASSED           [ 39%]
tests/test_anvil_report.py::test_summary_json_counts_match_expected PASSED [ 40%]
tests/test_anvil_report.py::test_committed_skip_list_reports_unmatched_patterns_for_synthetic_fixture PASSED [ 41%]
tests/test_anvil_report.py::test_summary_json_unexpected_count_match_expected PASSED [ 42%]
tests/test_anvil_report.py::test_summary_json_feature_breakdown_size PASSED [ 43%]
tests/test_anvil_report.py::test_summary_json_unexpected_pass_has_rationale PASSED [ 44%]
tests/test_anvil_report.py::test_skip_pattern_does_not_hide_failed_test PASSED [ 45%]
tests/test_anvil_report.py::test_summary_json_unexpected_fail_has_rationale PASSED [ 46%]
tests/test_anvil_report.py::test_summary_json_and_txt_carry_provenance PASSED [ 47%]
tests/test_anvil_report.py::test_report_rejects_allow_partial_provenance PASSED [ 48%]
tests/test_anvil_report.py::test_report_rejects_incomplete_tls_anvil_provenance PASSED [ 49%]
tests/test_anvil_report.py::test_summary_txt_contains_counts PASSED      [ 50%]
tests/test_anvil_report.py::test_summary_txt_contains_per_feature PASSED [ 50%]
tests/test_anvil_report.py::test_unmatched_skip_patterns_reported PASSED [ 51%]
tests/test_anvil_report.py::test_failed_test_with_matching_disabled_reason_still_fails PASSED [ 52%]
tests/test_anvil_report.py::test_endpoint_mode_disabled_is_not_attempted PASSED [ 53%]
tests/test_anvil_report.py::test_disabled_reason_skip_pattern_counts_as_expected_skip PASSED [ 54%]
tests/test_anvil_report.py::test_unexpected_skipped_has_rationale PASSED [ 55%]
tests/test_anvil_report.py::test_all_passing_report_exits_zero PASSED    [ 56%]
tests/test_anvil_report.py::test_parser_rejects_missing_input PASSED     [ 57%]
tests/test_anvil_report.py::test_parser_rejects_missing_skip_list PASSED [ 58%]
tests/test_anvil_report.py::test_dsa_root_failure_classified_as_expected_failed PASSED [ 59%]
tests/test_anvil_report.py::test_dsa_root_failure_all_six_gated_ids PASSED [ 60%]
tests/test_anvil_report.py::test_non_dsa_root_failure_stays_unexpected PASSED [ 61%]
tests/test_anvil_report.py::test_dsa_root_failure_with_wrong_test_id_stays_unexpected PASSED [ 62%]
tests/test_anvil_report.py::test_dsa_root_failure_without_combinations_stays_unexpected PASSED [ 63%]
tests/test_anvil_report.py::test_mixed_combinations_with_non_dsa_stays_unexpected PASSED [ 64%]
tests/test_anvil_report.py::test_dsa_root_all_three_rsa_leaf_sizes PASSED [ 65%]
tests/test_anvil_report.py::test_dsa_root_non_rsa_leaf_stays_unexpected PASSED [ 66%]
tests/test_anvil_report.py::test_expected_failed_not_counted_as_unexpected_for_exit_code PASSED [ 67%]
tests/test_anvil_report.py::test_expected_failed_feature_breakdown PASSED [ 68%]
tests/test_anvil_report.py::test_expected_failed_not_in_expected_skipped PASSED [ 69%]
tests/test_anvil_server.py::test_write_run_metadata_records_command_and_git PASSED [ 70%]
tests/test_anvil_server.py::test_main_writes_run_metadata_before_launching_tls_anvil PASSED [ 71%]
tests/test_anvil_server.py::test_snapshot_logs_returns_empty_for_missing_or_empty_dir PASSED [ 72%]
tests/test_anvil_server.py::test_copy_new_logs_copies_only_new_or_changed_files PASSED [ 73%]
tests/test_anvil_server.py::test_copy_new_logs_ignores_missing_source PASSED [ 74%]
tests/test_anvil_server.py::test_copy_new_logs_ignores_unchanged_files PASSED [ 75%]
tests/test_anvil_server.py::test_chain_provider_provenance_detects_patched_artifact PASSED [ 76%]
tests/test_anvil_server.py::test_chain_provider_provenance_detects_unpatched_and_stale_artifacts PASSED [ 77%]
tests/test_anvil_server.py::test_write_run_metadata_records_chain_provider_provenance PASSED [ 78%]
tests/test_anvil_server.py::test_validity_adapter_provenance_detects_patched_artifact PASSED [ 79%]
tests/test_anvil_server.py::test_validity_adapter_provenance_detects_unpatched_tampered_and_stale PASSED [ 80%]
tests/test_anvil_server.py::test_write_run_metadata_records_validity_adapter_provenance PASSED [ 81%]
tests/test_tls13.py::test_tls13_handshake_and_application_echo PASSED    [ 82%]
tests/test_tls13.py::test_tls13_aes256_gcm_echo PASSED                   [ 83%]
tests/test_tls13.py::test_tls13_chacha20_poly1305_echo PASSED            [ 84%]
tests/test_tls13.py::test_tls13_keyupdate_update_requested PASSED        [ 85%]
tests/test_tls13.py::test_tls13_corrupted_app_data_record_is_rejected PASSED [ 86%]
tests/test_tls13.py::test_tls13_rejects_truncated_keyupdate PASSED       [ 87%]
tests/test_tls13.py::test_tls13_rejects_invalid_keyupdate_request PASSED [ 88%]
tests/test_tls13.py::test_tls13_oversized_record_is_rejected PASSED      [ 89%]
tests/test_tls13.py::test_tls13_close_notify_before_handshake PASSED     [ 90%]
tests/test_tls13.py::test_tls13_rejects_garbage_pre_handshake PASSED     [ 91%]
tests/test_tls13.py::test_tls13_rejects_finished_before_handshake PASSED [ 92%]
tests/test_tls13.py::test_tls13_rejects_truncated_client_hello_record PASSED [ 93%]
tests/test_tls13.py::test_tls13_rejects_empty_client_hello_record PASSED [ 94%]
tests/test_tls13.py::test_tls13_rejects_truncated_key_share_extension PASSED [ 95%]
tests/test_tls13.py::test_tls13_rejects_unshared_alpn PASSED             [ 96%]
tests/test_tls13.py::test_tls13_rejects_unsupported_cipher_suite PASSED  [ 97%]
tests/test_tls13_mlkem.py::test_upstream_tls13_mlkem_matrix PASSED       [ 98%]
tests/test_tlsanvil.py::test_tls_anvil_cli_dependencies_are_installed PASSED [ 99%]
tests/test_tlsanvil.py::test_tls_anvil_skip_list_uses_github_issue_refs PASSED [100%]

============================= 102 passed in 4.25s ==============================
just anvil-report-test
uv run pytest -q tests/test_anvil_report.py
.............................................                            [100%]
45 passed in 1.65s
just anvil-adapter-test
uv run pytest -q tests/test_anvil_adapter.py
...............                                                          [100%]
15 passed in 0.72s
just anvil-server-test
uv run pytest -q tests/test_anvil_server.py
............                                                             [100%]
12 passed in 0.06s
just anvil-client-test
uv run pytest -q tests/test_anvil_client.py
...........                                                              [100%]
11 passed in 0.22s
just anvil-chain-patch-test
zig build
patched X509CertificateChainProvider (basicConstraints cA) into /Users/matt/code/ztls/conformance/zig-out/tools/lib/tls-test-framework-1.5.0.jar
patched DateTimeAdapter (JAXB validity serialization) into /Users/matt/code/ztls/conformance/zig-out/tools/lib/x509-attacker-4.3.10.jar
bash scripts/anvil-chain-provider-patch/probe.sh
Note: /Users/matt/code/ztls/conformance/scripts/anvil-chain-provider-patch/ValidityRoundTripProbe.java uses or overrides a deprecated API.
Note: Recompile with -Xlint:deprecation for details.
code_source=file:/Users/matt/code/ztls/conformance/zig-out/tools/lib/tls-test-framework-1.5.0.jar
leaf_public_key_types=[dsa, ecdh_ecdsa, rsa, rsaes_oaep, rsassa_pss]
leaf_rsa_modulus_bits=[1024, 2048, 4096]
PROBE_OK signing-cert configs carry critical basicConstraints cA=true
config_code_source=file:/Users/matt/code/ztls/conformance/zig-out/tools/lib/x509-attacker-4.3.10.jar
ok   X509CertificateConfig loaded from installed x509-attacker-4.3.10.jar
adapter_code_source=file:/Users/matt/code/ztls/conformance/zig-out/tools/lib/x509-attacker-4.3.10.jar
ok   DateTimeAdapter loaded from installed x509-attacker-4.3.10.jar
ok   package-level @XmlJavaTypeAdapter(DateTimeAdapter) is effective
ok   unmarshal(null) returns null
ok   marshal(null) returns null
ok   adapter round trip preserves millis and +03:00 offset: 2019-07-06T05:06:07.891+03:00
ok   unmarshal(malformed string) throws IllegalArgumentException
ok   provider chain has leaf and signing configs
ok   baseline cert 0 notBefore is 2026: 2026-01-01T00:00:00.000Z
ok   baseline cert 0 notAfter is 2028: 2028-01-01T00:00:00.000Z
ok   baseline cert 1 notBefore is 2026: 2026-01-01T00:00:00.000Z
ok   baseline cert 1 notAfter is 2028: 2028-01-01T00:00:00.000Z
ok   createCopy x3 default window: all chain configs survive
ok   createCopy x3 default window: cert 0 notBefore preserved: 2026-01-01T00:00:00.000Z
ok   createCopy x3 default window: cert 0 notAfter preserved: 2028-01-01T00:00:00.000Z
ok   createCopy x3 default window: cert 1 notBefore preserved: 2026-01-01T00:00:00.000Z
ok   createCopy x3 default window: cert 1 notAfter preserved: 2028-01-01T00:00:00.000Z
ok   createCopy default window: built both chain certificates
ok   createCopy default window: DER cert 0 notBefore=Wed Dec 31 16:00:00 PST 2025 matches config 2026-01-01T00:00:00.000Z
ok   createCopy default window: DER cert 0 notAfter=Fri Dec 31 16:00:00 PST 2027 matches config 2028-01-01T00:00:00.000Z
ok   createCopy default window: DER cert 1 notBefore=Wed Dec 31 16:00:00 PST 2025 matches config 2026-01-01T00:00:00.000Z
ok   createCopy default window: DER cert 1 notAfter=Fri Dec 31 16:00:00 PST 2027 matches config 2028-01-01T00:00:00.000Z
ok   ConfigIO default window: all chain configs survive
ok   ConfigIO default window: cert 0 notBefore preserved: 2026-01-01T00:00:00.000Z
ok   ConfigIO default window: cert 0 notAfter preserved: 2028-01-01T00:00:00.000Z
ok   ConfigIO default window: cert 1 notBefore preserved: 2026-01-01T00:00:00.000Z
ok   ConfigIO default window: cert 1 notAfter preserved: 2028-01-01T00:00:00.000Z
ok   ConfigIO default window: built both chain certificates
ok   ConfigIO default window: DER cert 0 notBefore=Wed Dec 31 16:00:00 PST 2025 matches config 2026-01-01T00:00:00.000Z
ok   ConfigIO default window: DER cert 0 notAfter=Fri Dec 31 16:00:00 PST 2027 matches config 2028-01-01T00:00:00.000Z
ok   ConfigIO default window: DER cert 1 notBefore=Wed Dec 31 16:00:00 PST 2025 matches config 2026-01-01T00:00:00.000Z
ok   ConfigIO default window: DER cert 1 notAfter=Fri Dec 31 16:00:00 PST 2027 matches config 2028-01-01T00:00:00.000Z
ok   createCopy x3 custom windows: all chain configs survive
ok   createCopy x3 custom windows: cert 0 notBefore preserved: 2019-07-06T05:06:07.891+03:00
ok   createCopy x3 custom windows: cert 0 notAfter preserved: 2031-02-03T04:05:06.789-09:30
ok   createCopy x3 custom windows: cert 1 notBefore preserved: 2018-03-04T05:06:07.000Z
ok   createCopy x3 custom windows: cert 1 notAfter preserved: 2019-12-31T23:59:59.000Z
ok   createCopy custom windows: built both chain certificates
ok   createCopy custom windows: DER cert 0 notBefore=Fri Jul 05 19:06:07 PDT 2019 matches config 2019-07-06T05:06:07.891+03:00
ok   createCopy custom windows: DER cert 0 notAfter=Mon Feb 03 05:35:06 PST 2031 matches config 2031-02-03T04:05:06.789-09:30
ok   createCopy custom windows: DER cert 1 notBefore=Sat Mar 03 21:06:07 PST 2018 matches config 2018-03-04T05:06:07.000Z
ok   createCopy custom windows: DER cert 1 notAfter=Tue Dec 31 15:59:59 PST 2019 matches config 2019-12-31T23:59:59.000Z
ok   ConfigIO custom windows: all chain configs survive
ok   ConfigIO custom windows: cert 0 notBefore preserved: 2019-07-06T05:06:07.891+03:00
ok   ConfigIO custom windows: cert 0 notAfter preserved: 2031-02-03T04:05:06.789-09:30
ok   ConfigIO custom windows: cert 1 notBefore preserved: 2018-03-04T05:06:07.000Z
ok   ConfigIO custom windows: cert 1 notAfter preserved: 2019-12-31T23:59:59.000Z
ok   ConfigIO custom windows: built both chain certificates
ok   ConfigIO custom windows: DER cert 0 notBefore=Fri Jul 05 19:06:07 PDT 2019 matches config 2019-07-06T05:06:07.891+03:00
ok   ConfigIO custom windows: DER cert 0 notAfter=Mon Feb 03 05:35:06 PST 2031 matches config 2031-02-03T04:05:06.789-09:30
ok   ConfigIO custom windows: DER cert 1 notBefore=Sat Mar 03 21:06:07 PST 2018 matches config 2018-03-04T05:06:07.000Z
ok   ConfigIO custom windows: DER cert 1 notAfter=Tue Dec 31 15:59:59 PST 2019 matches config 2019-12-31T23:59:59.000Z
ok   future window: all chain configs survive
ok   future window: cert 0 notBefore preserved: 2040-01-01T00:00:00.000Z
ok   future window: cert 0 notAfter preserved: 2041-01-01T00:00:00.000Z
ok   future window: cert 1 notBefore preserved: 2018-03-04T05:06:07.000Z
ok   future window: cert 1 notAfter preserved: 2019-12-31T23:59:59.000Z
ok   future window: built both chain certificates
ok   future window: DER cert 0 notBefore=Sat Dec 31 16:00:00 PST 2039 matches config 2040-01-01T00:00:00.000Z
ok   future window: DER cert 0 notAfter=Mon Dec 31 16:00:00 PST 2040 matches config 2041-01-01T00:00:00.000Z
ok   future window: DER cert 1 notBefore=Sat Mar 03 21:06:07 PST 2018 matches config 2018-03-04T05:06:07.000Z
ok   future window: DER cert 1 notAfter=Tue Dec 31 15:59:59 PST 2019 matches config 2019-12-31T23:59:59.000Z
PASS validity round trip
