BenchmarkRecordEncryptPrepared/TLS_AES_128_GCM_SHA256/1350	       1	       290.0 ns/op	4655.17 MB/s
 abort
errq-alloc-check: early server abort
errq-alloc-check: ok (allocs 113313, frees 107383, live 5930)
ztest: Running 850 tests...
[1/850] PASS: test_0 (536.31ms)
[2/850] PASS: Wycheproof: X25519 shared secret tcId 1 (537.11ms)
[3/850] PASS: Wycheproof boundary: X25519 identity element is rejected (537.17ms)
[4/850] PASS: Wycheproof boundary: X25519 small-order public key is rejected (537.23ms)
[5/850] PASS: Wycheproof: AES-128-GCM AAD/tag handling tcId 2 (537.45ms)
[6/850] PASS: Wycheproof boundary: AES-256-GCM AAD/tag handling (537.46ms)
[7/850] PASS: Wycheproof: ChaCha20-Poly1305 one-byte message tcId 4 (537.47ms)
[8/850] PASS: Wycheproof boundary: ChaCha20-Poly1305 AAD handling (537.48ms)
[9/850] PASS: OpenSSL s_server interoperates with ztls client (606.46ms)
[10/850] PASS: OpenSSL s_server interoperates with ztls P-384 client (635.90ms)
[11/850] PASS: OpenSSL s_server interoperates with ztls RFC 10024 client groups (708.50ms)
[12/850] PASS: ztls client resumes with OpenSSL s_server (PSK resumption) (734.08ms)
[13/850] PASS: ztls client sends 0-RTT early data to OpenSSL s_server (759.66ms)
[14/850] PASS: OpenSSL s_client interoperates with ztls server (796.85ms)
[15/850] PASS: OpenSSL s_client resumes with ztls server-issued ticket (821.83ms)
[16/850] PASS: OpenSSL s_client interoperates with ztls P-384 server (837.68ms)
[17/850] PASS: OpenSSL s_client interoperates with ztls RFC 10024 server groups (878.14ms)
[18/850] PASS: OpenSSL s_client with -cert interoperates with ztls server (required client auth) (894.29ms)
[19/850] PASS: ztls client with credentials interoperates with OpenSSL s_server -Verify (920.02ms)
[20/850] PASS: ztls-to-ztls TCP KeyUpdate round trip with ChaCha20-Poly1305 (968.09ms)
[21/850] PASS: backend.x25519: RFC 7748 §5.2 shared secret (968.16ms)
[22/850] PASS: backend.x25519: RFC 7748 §6.1 mutual key agreement (968.29ms)
[23/850] PASS: backend.x25519: Wycheproof tcId 1 shared secret (968.35ms)
[24/850] PASS: backend.x25519: all-zero public key is rejected (IdentityElement) (968.40ms)
[25/850] PASS: backend.x25519: small-order public key is rejected (IdentityElement) (968.46ms)
[26/850] PASS: backend.aead: round-trip for every advertised cipher suite (968.48ms)
[27/850] PASS: backend.aead: tag corruption is rejected for every advertised cipher suite (968.49ms)
[28/850] PASS: backend.aead: ciphertext corruption is rejected for every advertised cipher suite (968.49ms)
[29/850] PASS: backend.aead: Wycheproof AES-128-GCM tcId 2 (968.50ms)
[30/850] PASS: backend.aead: Wycheproof AES-256-GCM AAD boundary (968.51ms)
[31/850] PASS: backend.aead: Wycheproof ChaCha20-Poly1305 AAD boundary (968.52ms)
[32/850] PASS: backend.aead: ChaCha20-Poly1305 RFC 8439 §2.8.2 known-answer vector (968.53ms)
[33/850] PASS: backend.p256: mutual key agreement with fixed scalars (968.74ms)
[34/850] PASS: backend.p256: non-04 SEC1 prefix is rejected (968.77ms)
[35/850] PASS: backend.p256: off-curve point is rejected (968.78ms)
[36/850] PASS: backend.p256: zero scalar private key is rejected (968.78ms)
[37/850] PASS: backend.p256: Wycheproof tcId 1 shared secret (968.88ms)
[38/850] PASS: backend.p384: mutual key agreement with fixed scalars (972.37ms)
[39/850] PASS: backend.p384: non-04 SEC1 prefix is rejected (973.50ms)
[40/850] PASS: backend.p384: off-curve point is rejected (973.51ms)
[41/850] PASS: backend.p384: zero scalar private key is rejected (973.52ms)
[42/850] PASS: backend.p384: Wycheproof tcId 1 shared secret (975.25ms)
[43/850] PASS: backend.sign: RSA-PSS SHA-256 sign/verify round-trip (976.56ms)
[44/850] PASS: backend.sign: RSA-PSS SHA-256 rejects tampered signature (977.47ms)
[45/850] PASS: backend.sign: RSA-PSS SHA-384 sign/verify round-trip and tamper rejection (978.39ms)
[46/850] PASS: backend.sign: ECDSA P-256 SHA-256 sign/verify round-trip (978.53ms)
[47/850] PASS: backend.sign: ECDSA P-256 SHA-256 rejects tampered signature (978.61ms)
[48/850] PASS: backend.sign: ECDSA P-384 SHA-384 sign/verify round-trip and tamper rejection (980.88ms)
[49/850] PASS: backend.sign: BufferTooShort on undersized output (980.93ms)
[50/850] PASS: backend.sign: key/scheme mismatch is a libcrypto failure (980.97ms)
[51/850] PASS: backend.sign: Wycheproof RSA-PSS tcId 3 verify (981.01ms)
[52/850] PASS: backend.sign: Wycheproof RSA-PSS tcId 62 invalid signature (981.06ms)
[53/850] PASS: backend.sign: Wycheproof ECDSA P-256 tcId 1 verify (981.14ms)
[54/850] PASS: backend.sign: Wycheproof ECDSA P-256 tcId 6 invalid signature (981.16ms)
[55/850] PASS: backend.sign: Wycheproof ECDSA P-384 tcId 1 verify (981.68ms)
[56/850] PASS: backend.sign: Wycheproof ECDSA P-384 tcId 6 invalid signature (981.71ms)
[57/850] PASS: backend error-queue hygiene: malformed EC public key leaves no residue (#88) (981.72ms)
[58/850] PASS: backend error-queue hygiene: caller queue entries survive a failing wrapper (#88) (981.98ms)
[59/850] PASS: backend error-queue hygiene: scalar key load does not nest guards (#88) (982.06ms)
[60/850] PASS: backend error-queue hygiene: repeated failures leave the queue empty each round (#88) (982.15ms)
[61/850] PASS: backend error-queue hygiene: successful key load preserves caller entries (#88) (982.24ms)
[62/850] PASS: backend error-queue hygiene: failed signature verification leaves no residue (#88) (982.28ms)
[63/850] PASS: backend error-queue hygiene: failed record decrypt leaves no residue (#88) (982.29ms)
[64/850] PASS: backend error-queue hygiene: failed decrypt preserves caller entries exactly (#88) (982.37ms)
[65/850] PASS: backend error-queue hygiene: DER key load preservation is lane-dependent (#88) (982.48ms)
[66/850] PASS: backend error-queue hygiene: scheme inference preserves caller entries (#112) (982.58ms)
[67/850] PASS: backend error-queue hygiene: declined encrypted PEM loads leave no residue (#114) (982.65ms)
[68/850] PASS: backend error-queue hygiene: cert/key mismatch preservation is lane-dependent (#113) (982.87ms)
[69/850] PASS: RFC 5280 §4.2.1.10 name-constraint verdicts vs OpenSSL 3.6.3 ground truth (983.33ms)
[70/850] PASS: fuzz: verifyNameConstraints handles arbitrary NameConstraints and SAN DER (983.34ms)
[71/850] PASS: capi: ztls_version returns a non-empty string (983.34ms)
[72/850] PASS: capi: insecure client init is explicitly named (983.34ms)
[73/850] PASS: capi: size and alignment are non-zero and sane (983.35ms)
[74/850] PASS: capi: NULL parameters are rejected (983.35ms)
[75/850] PASS: capi: full client handshake through the C ABI (983.86ms)
[76/850] PASS: capi: send_application_data before connected fails (983.92ms)
[77/850] PASS: capi: KeyUpdate response is surfaced as a write event (984.45ms)
[78/850] PASS: capi: KeyUpdate without response maps to none without pending write (984.91ms)
[79/850] PASS: capi: NewSessionTicket maps to none without pending write (985.35ms)
[80/850] PASS: encrypt: rejects mismatched plaintext and ciphertext lengths (985.36ms)
[81/850] PASS: decrypt: rejects mismatched plaintext and ciphertext lengths (985.36ms)
[82/850] PASS: Aes128Gcm: encrypt/decrypt round-trip (985.37ms)
[83/850] PASS: Aes256Gcm: encrypt/decrypt round-trip (985.37ms)
[84/850] PASS: ChaCha20Poly1305: encrypt/decrypt round-trip (985.38ms)
[85/850] PASS: ChaCha20Poly1305: RFC 8439 known-answer vector (985.39ms)
[86/850] PASS: ChaCha20Poly1305: empty plaintext known-answer vector (985.40ms)
[87/850] PASS: ChaCha20Poly1305: authentication failure on tampered ciphertext (985.40ms)
[88/850] PASS: ChaCha20Poly1305: authentication failure on tampered tag (985.40ms)
[89/850] PASS: ChaCha20Poly1305: authentication failure on tampered ad (985.41ms)
[90/850] PASS: decrypt: authentication failure on tampered ciphertext (985.41ms)
[91/850] PASS: decrypt: authentication failure on tampered tag (985.42ms)
[92/850] PASS: decrypt: authentication failure on tampered ad (985.42ms)
[93/850] PASS: construct: seq 0 is just the IV (985.42ms)
[94/850] PASS: construct: seq increments flip the right bytes (985.43ms)
[95/850] PASS: construct: XOR with non-zero IV (985.43ms)
[96/850] PASS: construct: seq max u64 produces expected nonce (985.43ms)
[97/850] PASS: parse: close_notify (985.44ms)
[98/850] PASS: parse: warning-level error alert is fatal (985.44ms)
[99/850] PASS: parse: unknown alert description is fatal (985.44ms)
[100/850] PASS: parse: user_canceled is not fatal (985.44ms)
[101/850] PASS: parse: truncated (985.44ms)
[102/850] PASS: parse: rejects coalesced alert bytes (985.45ms)
[103/850] PASS: encode (985.45ms)
[104/850] PASS: fuzz: parse handles arbitrary input (985.45ms)
[105/850] PASS: alertForError: certificate failures map to certificate alerts (985.45ms)
[106/850] PASS: alertForError: parser and semantic failures map to protocol alerts (985.46ms)
[107/850] PASS: alertForError: provider failure maps to internal_error (985.46ms)
[108/850] PASS: alertForError: unknown error maps to internal_error (985.46ms)
[109/850] PASS: parse: oversized cert_len does not overflow bounds check (985.46ms)
[110/850] PASS: parseClientCertificate: oversized ctx_len does not overflow (985.47ms)
[111/850] PASS: parse: extracts public key from ECDSA P-256 certificate (985.48ms)
[112/850] PASS: parse: wrong handshake type (985.48ms)
[113/850] PASS: parse: rejects mismatched Certificate handshake body length (985.48ms)
[114/850] PASS: encodeWithRequestContext: encodes empty client certificate list (985.49ms)
[115/850] PASS: encodeWithRequestContext: rejects oversized request context (985.49ms)
[116/850] PASS: parseClientCertificate: accepts empty certificate with matching context (985.49ms)
[117/850] PASS: parseClientCertificate: rejects mismatched request context (985.50ms)
[118/850] PASS: parse: rejects non-empty server certificate request context (985.50ms)
[119/850] PASS: parse: rejects empty certificate list (985.50ms)
[120/850] PASS: parse: rejects certificate list length shorter than entries (985.50ms)
[121/850] PASS: encode: round trips certificate chain (992.04ms)
[122/850] PASS: parse: rejects unsupported CertificateEntry status_request (992.05ms)
[123/850] PASS: parse: rejects unsupported CertificateEntry SCT (992.05ms)
[124/850] PASS: parse: rejects forbidden CertificateEntry status_request_v2 (992.06ms)
[125/850] PASS: parse: rejects duplicate CertificateEntry status_request (992.06ms)
[126/850] PASS: parse: rejects malformed CertificateEntry extension length (992.06ms)
[127/850] PASS: parse: ignores unknown CertificateEntry extension (992.07ms)
[128/850] PASS: parse: validates hostname (992.08ms)
[129/850] PASS: parse: rejects hostname mismatch (992.08ms)
[130/850] PASS: parse: rejects missing trust anchor by default (992.09ms)
[131/850] PASS: parse: validates leaf against trust bundle (998.74ms)
[132/850] PASS: parse: validates leaf-intermediate-root chain (1011.82ms)
[133/850] PASS: parse: rejects end-entity certificate used as issuer (11.91ms)
[134/850] PASS: parse: rejects chain with intermediate before leaf (12.00ms)
[135/850] PASS: parse: anchors chain below a cross-signed root (31.43ms)
[136/850] PASS: parse: rejects cross-signed root without a bundle anchor below it (44.37ms)
[137/850] PASS: parse: rejects chain with missing intermediate (44.47ms)
[138/850] PASS: parse: rejects chain hostname mismatch (44.55ms)
[139/850] PASS: parse: rejects untrusted leaf when bundle misses issuer (44.56ms)
[140/850] PASS: parse: accepts chain with matching DNS name constraints (58.02ms)
[141/850] PASS: parse: rejects chain with excluded DNS name constraints (71.48ms)
[142/850] PASS: parse: rejects chain outside permitted DNS name constraints (84.99ms)
[143/850] PASS: parse: insecure no-anchor path still enforces name constraints (91.46ms)
[144/850] PASS: parse: rejects signed unprocessed critical extension for both roles (91.56ms)
[145/850] PASS: parse: accepts signed noncritical extension and supported critical extensions (117.67ms)
[146/850] PASS: parse: rejects signed SAN with an invalid wrapper (117.80ms)
[147/850] PASS: parse: rejects chain exceeding pathLenConstraint zero (137.98ms)
[148/850] PASS: parse: accepts pathLenConstraint zero with a CA target (151.47ms)
[149/850] PASS: parse: rejects chain exceeding pathLenConstraint one (178.34ms)
[150/850] PASS: parse: accepts chain at pathLenConstraint one (198.43ms)
[151/850] PASS: parse: imposes no path-length limit when pathLenConstraint is absent (218.61ms)
[152/850] PASS: parse: enforces the tightest of multiple pathLenConstraints (245.54ms)
[153/850] PASS: parse: accepts multiple satisfied pathLenConstraints (265.66ms)
[154/850] PASS: parse: self-issued intermediate does not consume path length (285.89ms)
[155/850] PASS: parse: intermediate below a self-issued certificate still counts (312.92ms)
[156/850] PASS: parse: trust anchor pathLenConstraint limits intermediates below it (333.14ms)
[157/850] PASS: parse: trust anchor pathLenConstraint satisfied (346.59ms)
[158/850] PASS: parse: certificates above the anchored path are outside the path (373.56ms)
[159/850] PASS: parse: cross-signed root constraint binds inside the anchored path (400.54ms)
[160/850] PASS: parseClientChain: rejects client chain exceeding pathLenConstraint zero (420.15ms)
[161/850] PASS: parseClientChain: accepts client chain at pathLenConstraint zero (433.21ms)
[162/850] PASS: parse: insecure no-anchor path still enforces pathLenConstraint (446.22ms)
[163/850] PASS: parse: insecure no-anchor path accepts constrained chain with self-issued steps (459.24ms)
[164/850] PASS: parse: malformed DER length is rejected, not crashed (459.25ms)
[165/850] PASS: certificate_policy.verifyServerAuth: non-v3 certificates are rejected (459.25ms)
[166/850] PASS: certificate_policy.verifyServerAuth: KeyUsage without digitalSignature is rejected (459.25ms)
[167/850] PASS: certificate_policy.verifyServerAuth: EKU without serverAuth is rejected (459.26ms)
[168/850] PASS: certificate_policy.verifyClientAuth: EKU without clientAuth is rejected (459.26ms)
[169/850] PASS: certificate_policy.verifyClientAuth: KeyUsage without digitalSignature is rejected (459.26ms)
[170/850] PASS: certificate_policy.verifyClientAuth: clientAuth EKU is accepted (459.27ms)
[171/850] PASS: certificate_policy.verifyServerAuth: legacy certificate signatures are rejected (459.27ms)
[172/850] PASS: certificate_policy.verifyServerAuth: RSA PKCS1 SHA-256 certificate signature is accepted (459.27ms)
[173/850] PASS: certificate_policy: Ed25519 chain signature algorithm accepted when advertised (459.27ms)
[174/850] PASS: certificate_policy: Ed25519 chain signature algorithm rejected when not advertised (459.28ms)
[175/850] PASS: parse: Ed25519 self-signed certificate verified via std.crypto (459.28ms)
[176/850] PASS: certificate_policy.verifyServerAuth: rejects certificate signature outside policy (459.29ms)
[177/850] PASS: certificate signature policy checks non-self-signed chain certificates (459.29ms)
[178/850] PASS: certificate signature policy skips self-signed chain certificates (459.29ms)
[179/850] PASS: certificate_policy.verifyServerAuth: unrestricted supported leaf is accepted (459.29ms)
[180/850] PASS: encodeCertificateVerify: wraps signature (459.30ms)
[181/850] PASS: verifySignature: valid ECDSA P-256 signature (459.42ms)
[182/850] PASS: verifySignature: valid RSA-PSS SHA-256 signature (459.47ms)
[183/850] PASS: verifySignature: rejects RSA-PSS signature with wrong salt length (459.51ms)
[184/850] PASS: verifySignature: wrong transcript hash (459.59ms)
[185/850] PASS: verifySignature: rejects scheme absent from offered list (459.60ms)
[186/850] PASS: verifySignature: client CV rejects scheme absent from offered list (459.60ms)
[187/850] PASS: verifySignature: rejects RSA PKCS1 CertificateVerify scheme (459.61ms)
[188/850] PASS: verifySignature: rejects certificate key and scheme mismatch (459.63ms)
[189/850] PASS: verifySignature: server signature is not valid for client context (459.70ms)
[190/850] PASS: verifySignature: wrong handshake type (459.71ms)
[191/850] PASS: parse: extracts critical name constraints (459.72ms)
[192/850] PASS: parse: extracts non-critical name constraints (459.73ms)
[193/850] PASS: fuzz: parse handles arbitrary input (459.73ms)
[194/850] PASS: CertificateChain: single certificate view (459.73ms)
[195/850] PASS: CertificateChain.fromPem: decodes a certificate chain (459.74ms)
[196/850] PASS: CertificateChain.fromPem: rejects malformed input (459.75ms)
[197/850] PASS: CertificateChain.fromPem: rejects exhausted caller storage (459.76ms)
[198/850] PASS: fuzz: CertificateChain.fromPem handles arbitrary input (459.77ms)
[199/850] PASS: active backend identity matches the private provider facade (459.77ms)
[200/850] PASS: hybrid capability queries match the active backend (459.77ms)
[201/850] PASS: validateHybridGroups reports local policy faults (459.78ms)
[202/850] PASS: requiresP384 identifies only P-384 hybrid policy (459.78ms)
[203/850] PASS: CipherSuite wire values (459.78ms)
[204/850] PASS: PskOfferIter: walks identity/binder pairs in offer order (459.78ms)
[205/850] PASS: PskOfferIter: rejects oversized lengths (459.79ms)
[206/850] PASS: PskOfferIter: rejects a slack-byte identities vector (459.79ms)
[207/850] PASS: PskOfferIter: rejects more binders than identities (459.79ms)
[208/850] PASS: encode: size matches encodedLen (459.80ms)
[209/850] PASS: encodeWithPsk: pre_shared_key is last, binder prefix and offset are correct (459.80ms)
[210/850] PASS: encodeWithPsk: rejects unsupported binder length (459.81ms)
[211/850] PASS: parse: ClientHello with pre_shared_key round-trips (459.81ms)
[212/850] PASS: encodeWithP256: size matches encodedLenWithP256 (459.82ms)
[213/850] PASS: encode: handshake type and legacy version (459.82ms)
[214/850] PASS: encode: cipher suites match backend capabilities (459.82ms)
[215/850] PASS: encode: legacy_session_id is empty (459.83ms)
[216/850] PASS: encode: supported_groups contains X25519 (459.83ms)
[217/850] PASS: encode: key_share contains public key (459.83ms)
[218/850] PASS: encodeWithP256: includes X25519 and secp256r1 key shares (459.84ms)
[219/850] PASS: encodeWithP256P384: includes X25519, secp256r1, and secp384r1 key shares (459.85ms)
[220/850] PASS: encodeWithP256P384: size matches encodedLenWithP256P384 (459.85ms)
[221/850] PASS: parse: accepts secp384r1 key share (461.03ms)
[222/850] PASS: parse: rejects compressed secp384r1 key share (461.03ms)
[223/850] PASS: encodeRetryAfterHrr: secp384r1 selected, no cookie (461.04ms)
[224/850] PASS: encode: SNI present when server_name set (461.04ms)
[225/850] PASS: encode: SNI absent when server_name is null (461.05ms)
[226/850] PASS: encode: supported_versions contains TLS 1.3 (461.05ms)
[227/850] PASS: encode: signature_algorithms match backend capabilities (461.05ms)
[228/850] PASS: encode: signature_algorithms_cert match backend capabilities (461.06ms)
[229/850] PASS: encode: ALPN present when protocols set (461.06ms)
[230/850] PASS: encode: rejects invalid ALPN protocols (461.06ms)
[231/850] PASS: parse: encoded ClientHello (461.07ms)
[232/850] PASS: parse: tracks offered SNI extension presence (461.08ms)
[233/850] PASS: parse: tracks offered record_size_limit extension presence (461.08ms)
[234/850] PASS: parse: accepts secp256r1 supported group and key share (461.12ms)
[235/850] PASS: parseSupportedGroups: records RFC 10024 groups (461.12ms)
[236/850] PASS: parse: rejects malformed X25519 key share (461.12ms)
[237/850] PASS: parse: rejects key share outside supported_groups (461.16ms)
[238/850] PASS: parse: rejects oversized legacy_session_id (461.17ms)
[239/850] PASS: parse: rejects SSLv3-or-lower legacy_version (461.17ms)
[240/850] PASS: parse: rejects missing supported_versions (461.17ms)
[241/850] PASS: parse: rejects supported_versions without TLS 1.3 (461.18ms)
[242/850] PASS: parse: rejects missing supported_groups (461.18ms)
[243/850] PASS: parse: rejects missing signature_algorithms (461.19ms)
[244/850] PASS: parse: rejects malformed signature_algorithms (461.19ms)
[245/850] PASS: parse: rejects signature_algorithms without TLS 1.3 handshake scheme (461.20ms)
[246/850] PASS: parse: rejects malformed ClientHello (461.20ms)
[247/850] PASS: parse: rejects malformed compression methods (461.21ms)
[248/850] PASS: parse: no shared supported group is rejected (461.21ms)
[249/850] PASS: parse: rejects duplicate x25519 key share entries (461.21ms)
[250/850] PASS: parseKeyShare: retains all RFC 10024 hybrid entries (461.22ms)
[251/850] PASS: encode: buffer too short (461.22ms)
[252/850] PASS: encode: server_name too long (461.22ms)
[253/850] PASS: parse: rejects duplicate supported_groups (461.23ms)
[254/850] PASS: parse: missing X25519 key share leaves public key null (461.23ms)
[255/850] PASS: parse: rejects duplicate signature_algorithms (461.24ms)
[256/850] PASS: parse: rejects duplicate signature_algorithms_cert (461.24ms)
[257/850] PASS: parse: ignores unknown extension (461.24ms)
[258/850] PASS: parse: ignores unknown supported_groups entries (461.25ms)
[259/850] PASS: fuzz: parse handles arbitrary input (461.25ms)
[260/850] PASS: encodeRetryAfterHrr: X25519 selected, no cookie (461.26ms)
[261/850] PASS: encodeRetryAfterHrr: preserves PSK key exchange mode (461.26ms)
[262/850] PASS: encodeRetryAfterHrr: secp256r1 selected, no cookie (461.27ms)
[263/850] PASS: encodeRetryAfterHrr: includes cookie when provided (461.27ms)
[264/850] PASS: encodeRetryAfterHrr: preserves SNI and ALPN from ClientHello1 (461.28ms)
[265/850] PASS: encodeRetryAfterHrr: rejects unsupported group (461.28ms)
[266/850] PASS: encodeRetryAfterHrr: missing configured hybrid share is a policy error (461.28ms)
[267/850] PASS: encodeWithHybridGroups: rejects unknown share group without panic (461.29ms)
[268/850] PASS: KEM key_share round-trip: ClientHello encode → parse preserves 1216-byte public key (461.30ms)
[269/850] PASS: parse: psk_key_exchange_modes list_len 0xFF rejected without overflow (461.30ms)
[270/850] PASS: SessionTicket.secureZero erases identity, PSK, and metadata (461.31ms)
[271/850] PASS: HybridPolicy.validate rejects an initial share outside its group list (461.31ms)
[272/850] PASS: Config.validate reports unavailable groups and missing P-384 material (461.37ms)
[273/850] PASS: start validates hybrid policy before key generation and output (461.47ms)
[274/850] PASS: transcript hash: RFC 8448 §3 ClientHello || ServerHello (461.52ms)
[275/850] PASS: deriveHandshakeKeys: RFC 8448 §3 server handshake key/iv/finished (461.58ms)
[276/850] PASS: processServerHello: RFC 8448 §3 installs server handshake keys (461.69ms)
[277/850] PASS: processServerHello: accepts secp256r1 key_share (461.87ms)
[278/850] PASS: processServerHello: rejects invalid secp256r1 point (461.93ms)
[279/850] PASS: processServerHello: rejects unoffered secp256r1 key_share (461.99ms)
[280/850] PASS: processServerHello: rejects mismatched session id echo (462.03ms)
[281/850] PASS: processServerHello: rejects unoffered cipher suite (462.09ms)
[282/850] PASS: processFlight: stores selected ALPN (462.20ms)
[283/850] PASS: processFlight: rejects unoffered ALPN (462.30ms)
[284/850] PASS: processFlight: rejects unanchored Certificate by default (462.83ms)
[285/850] PASS: processFlight: rejects non-empty server Certificate request context (463.31ms)
[286/850] PASS: processFlight: rejects empty server Certificate list (463.80ms)
[287/850] PASS: processFlight: rejects unsolicited EncryptedExtensions ALPN (463.92ms)
[288/850] PASS: processFlight: rejects unrequested server CertificateEntry status_request (464.43ms)
[289/850] PASS: processFlight: RFC 8448 §3 full server flight to connected (464.96ms)
[290/850] PASS: processFlight: rejects handshake message after server Finished (465.46ms)
[291/850] PASS: processFlight: handshake message spanning records needs buffer (465.94ms)
[292/850] PASS: processFlight: reassembles handshake message split across records (466.45ms)
[293/850] PASS: processFlight: buffered path rejects handshake message after server Finished (466.95ms)
[294/850] PASS: processFlight: RFC 8448 §3 flight split one message per record (467.46ms)
[295/850] PASS: handleRecord: malformed ServerHello is rejected (467.49ms)
[296/850] PASS: processFlight: rejects Finished before EncryptedExtensions (467.61ms)
[297/850] PASS: processFlight: rejects CertificateVerify before Certificate (468.10ms)
[298/850] PASS: processFlight: rejects Finished before CertificateVerify (468.61ms)
[299/850] PASS: processFlight: rejects unoffered CertificateVerify scheme (469.10ms)
[300/850] PASS: processFlight: rejects wrong CertificateVerify signature (469.61ms)
[301/850] PASS: processFlight: rejects wrong server Finished verify_data (470.12ms)
[302/850] PASS: handleRecord: plaintext fatal alert in wait_sh (470.18ms)
[303/850] PASS: handleRecord: malformed alert record does not set or replace lastPeerAlert (470.22ms)
[304/850] PASS: handleRecord: unknown alert codes are preserved (470.26ms)
[305/850] PASS: handleRecord: lastPeerAlert replaced by later alert, preserved by close/malformed (470.30ms)
[306/850] PASS: handleRecord: rejects ChangeCipherSpec before ClientHello (470.33ms)
[307/850] PASS: handleRecord: drops valid ChangeCipherSpec after ClientHello (470.36ms)
[308/850] PASS: handleRecord: rejects malformed ChangeCipherSpec payload (470.40ms)
[309/850] PASS: handleRecord: encrypted fatal alert during server flight (470.51ms)
[310/850] PASS: handleRecord: rejects server KeyUpdate before Finished (470.62ms)
[311/850] PASS: handleRecord: truncated encrypted flight is rejected (471.10ms)
[312/850] PASS: handleRecord: corrupted encrypted flight is rejected (471.58ms)
[313/850] PASS: handleRecord: post-handshake unexpected inner content type is rejected (472.13ms)
[314/850] PASS: handleRecord: encrypted application data during server flight is rejected (472.28ms)
[315/850] PASS: clientFinished: RFC 8448 §3 emits Finished and upgrades to app keys (472.81ms)
[316/850] PASS: processFlight: accepts CertificateRequest before server Certificate (473.29ms)
[317/850] PASS: processFlight: rejects non-empty handshake CertificateRequest context (473.77ms)
[318/850] PASS: clientFinished: sends empty Certificate before Finished for CertificateRequest (474.29ms)
[319/850] PASS: clientFinished: empty CertificateRequest with no credentials still finishes (474.82ms)
[320/850] PASS: client auth: setCredentials stores client credentials (474.87ms)
[321/850] PASS: ratchetClientKey: RFC 8446 §7.2 next application write key (475.40ms)
[322/850] PASS: handleRecord: application data resets both post-handshake flood counters (475.94ms)
[323/850] PASS: receiveRecord: RX progresses while a client TX record is pending (476.51ms)
[324/850] PASS: receiveKtlsRecord: client processes kernel-decrypted records (477.07ms)
[325/850] PASS: receiveKtlsRecord: client finds KeyUpdate after NewSessionTicket (477.61ms)
[326/850] PASS: ratchetKtlsTx: client advances only an idle TX epoch (478.15ms)
[327/850] PASS: handleRecord: server KeyUpdate(update_requested) ratchets rx and responds (478.70ms)
[328/850] PASS: handleRecord: KeyUpdate not at record boundary is rejected (479.24ms)
[329/850] PASS: handleRecord: invalid server KeyUpdate request is rejected (479.77ms)
[330/850] PASS: handleRecord: server KeyUpdate(update_not_requested) surfaces key_update rx only (480.34ms)
[331/850] PASS: handleRecord: self-initiated sendKeyUpdate response surfaces rx only (480.90ms)
[332/850] PASS: sendAlert: plaintext fatal alert before ServerHello (480.93ms)
[333/850] PASS: sendAlert: encrypted close_notify after handshake (481.47ms)
[334/850] PASS: handleRecord: close_notify returns closed (482.01ms)
[335/850] PASS: handleRecord: fatal alert returns PeerAlert (482.55ms)
[336/850] PASS: handleRecord: NewSessionTicket is surfaced as an event (483.10ms)
[337/850] PASS: clientFinished: RFC 8448 §4 resumption_master_secret over the live transcript (483.63ms)
[338/850] PASS: startWithPsk: binder matches an independent HMAC over the prefix (483.72ms)
[339/850] PASS: startWithPsk: advertises configured RFC 10024 key share (483.87ms)
[340/850] PASS: startWithPsk: ticket without early-data permission omits early_data (483.94ms)
[341/850] PASS: EncryptedExtensions: rejects early_data when server declined PSK (484.11ms)
[342/850] PASS: EncryptedExtensions: rejects early_data without early traffic keys (484.27ms)
[343/850] PASS: EncryptedExtensions: rejects early_data after HelloRetryRequest (484.42ms)
[344/850] PASS: processServerHello rejects selected PSK with incompatible cipher suite hash (484.61ms)
[345/850] PASS: handleRecord: PSK-offering client rejects bare Finished unless server selected PSK (484.98ms)
[346/850] PASS: handleRecord: accepts 17 consecutive NewSessionTickets (485.55ms)
[347/850] PASS: handleRecord: NewSessionTicket flood is rejected with ticket-specific error (486.11ms)
[348/850] PASS: handleRecord: malformed NewSessionTicket is rejected (486.65ms)
[349/850] PASS: handleRecord: KeyUpdate flood is rejected (487.39ms)
[350/850] PASS: handleRecord: empty application data does not reset flood counters (487.93ms)
[351/850] PASS: handleRecord: KeyUpdate flood cap fires despite empty app-data interleaving (488.72ms)
[352/850] PASS: start: uses Config host_name for SNI and policy (488.77ms)
[353/850] PASS: handleRecord: drives RFC 8448 §3 handshake to connected (489.30ms)
[354/850] PASS: handleRecord: unacknowledged write blocks further calls (489.84ms)
[355/850] PASS: sendEarlyData: unacknowledged write blocks further early data (489.92ms)
[356/850] PASS: handleRecord: zero-length plaintext handshake is rejected (489.96ms)
[357/850] PASS: handleRecord: zero-length encrypted handshake is rejected (490.07ms)
[358/850] PASS: handleRecord: all-zero inner plaintext maps to unexpected_message (490.60ms)
[359/850] PASS: handleRecord: application_data before ServerHello is rejected (490.64ms)
[360/850] PASS: HandshakeReader: splits coalesced messages (490.64ms)
[361/850] PASS: HandshakeReader: truncated body is UnexpectedEof (490.65ms)
[362/850] PASS: fuzz: HandshakeReader handles arbitrary input (490.65ms)
[363/850] PASS: fuzz: processFlight handles arbitrary decrypted bytes (490.97ms)
[364/850] PASS: fuzz: 0-RTT client state machine handles arbitrary inbound records (491.07ms)
[365/850] PASS: processHelloRetryRequest: rejects already-offered key_share group (491.11ms)
[366/850] PASS: processHelloRetryRequest: secp256r1 selected produces ClientHello2 (491.15ms)
[367/850] PASS: processHelloRetryRequest: transcript collapse matches §4.4.1 (491.19ms)
[368/850] PASS: processHelloRetryRequest: removes PSK with incompatible hash (491.32ms)
[369/850] PASS: processHelloRetryRequest: rejects second HRR (491.36ms)
[370/850] PASS: processHelloRetryRequest: rejects unoffered selected_group (491.40ms)
[371/850] PASS: processServerHello: post-HRR rejects mismatched cipher suite (491.44ms)
[372/850] PASS: processServerHello: post-HRR rejects mismatched key_share group (491.48ms)
[373/850] PASS: processServerHello: post-HRR accepts matching ServerHello (491.66ms)
[374/850] PASS: handleRecord: HRR returns ClientHello2 as write event (491.69ms)
[375/850] PASS: processHelloRetryRequest: returns null for normal ServerHello (491.73ms)
[376/850] PASS: processHelloRetryRequest: HRR with cookie echoes cookie in CH2 (491.77ms)
[377/850] PASS: deinit leaves caller-owned buffers to the caller (492.32ms)
[378/850] PASS: secureZero zeroes all secret material (493.51ms)
[379/850] PASS: Array.secureZero clears contents (493.51ms)
[380/850] PASS: lastIndexOfNonZero: last byte non-zero (fast path) (493.51ms)
[381/850] PASS: lastIndexOfNonZero: all zeros (493.52ms)
[382/850] PASS: lastIndexOfNonZero: single non-zero byte at start (493.52ms)
[383/850] PASS: lastIndexOfNonZero: single byte, non-zero (493.52ms)
[384/850] PASS: lastIndexOfNonZero: single byte, zero (493.52ms)
[385/850] PASS: lastIndexOfNonZero: non-zero in scalar tail (493.53ms)
[386/850] PASS: lastIndexOfNonZero: exactly chunk_len bytes, non-zero at start (493.53ms)
[387/850] PASS: lastIndexOfNonZero: exactly chunk_len bytes, all zeros (493.53ms)
[388/850] PASS: lastIndexOfNonZero: large buffer, non-zero in first chunk (493.53ms)
[389/850] PASS: lastIndexOfNonZero: large buffer, non-zero in middle chunk (493.54ms)
[390/850] PASS: lastIndexOfNonZero: large buffer, all zeros (493.54ms)
[391/850] PASS: encrypt: buffer too short (493.54ms)
[392/850] PASS: encrypt: sequence number overflow (493.55ms)
[393/850] PASS: deinit: clears caller-visible traffic key material (493.55ms)
[394/850] PASS: ktlsInfo: AES-GCM salt and IV reconstruct RFC 8446 nonce (493.55ms)
[395/850] PASS: ktlsInfo: cipher type uses Linux UAPI values (493.56ms)
[396/850] PASS: ktlsInfo: exported key material survives RecordLayer deinit (493.57ms)
[397/850] PASS: KtlsInfo.secureZero erases exported traffic material (493.57ms)
[398/850] PASS: encrypt/decrypt: key update required at AEAD usage limit (493.58ms)
[399/850] PASS: encryptPrepared/decrypt: round-trip (493.58ms)
[400/850] PASS: encrypt/decrypt: round-trip (493.59ms)
[401/850] PASS: encrypt/decrypt: sequence numbers advance (493.59ms)
[402/850] PASS: decrypt: failed auth exposes backend failure buffer behavior (493.60ms)
[403/850] PASS: decrypt: replayed record is rejected (493.61ms)
[404/850] PASS: encrypt/decrypt: zero-length application data (493.61ms)
[405/850] PASS: decrypt: rejects all-zero inner plaintext (493.62ms)
[406/850] PASS: encrypt/decrypt: maximum plaintext fragment length (493.70ms)
[407/850] PASS: decrypt: wrong content type (493.70ms)
[408/850] PASS: decrypt: payload shorter than tag (493.71ms)
[409/850] PASS: decrypt: truncated ciphertext record (493.71ms)
[410/850] PASS: decrypt: sequence number overflow (493.71ms)
[411/850] PASS: fuzz: decrypt handles arbitrary input (493.72ms)
[412/850] PASS: PendingWrite: mark and clear (493.72ms)
[413/850] PASS: SliceBuffer: append and retain (493.72ms)
[414/850] PASS: append and slice (493.73ms)
[415/850] PASS: appendAssumeCapacity (493.73ms)
[416/850] PASS: secureZero clears full storage and length (493.73ms)
[417/850] PASS: append returns error on overflow (493.73ms)
[418/850] PASS: clear resets length (493.74ms)
[419/850] PASS: Reader iterates coalesced messages (493.74ms)
[420/850] PASS: parseKeyUpdate (493.74ms)
[421/850] PASS: rejectDuplicateExtensions: rejects more than the extension count cap (493.74ms)
[422/850] PASS: rejectDuplicateExtensions: rejects duplicate unknown type (493.75ms)
[423/850] PASS: rejectDuplicateExtensions: accepts distinct extension types (493.75ms)
[424/850] PASS: ExtensionType.isGrease: detects reserved GREASE extension code points (493.75ms)
[425/850] PASS: rejectDuplicateExtensions: rejects malformed block (493.75ms)
[426/850] PASS: RFC 10024 hybrid groups round-trip (500.12ms)
[427/850] PASS: hybrid decapsulation rejects wrong server share length (500.22ms)
[428/850] PASS: NamedGroup wire identifiers (500.22ms)
[429/850] PASS: RFC 10024 hybrid group sizes (500.22ms)
[430/850] PASS: HkdfSha256.trafficKey: RFC 8448 §3 server handshake (500.23ms)
[431/850] PASS: HkdfSha384: traffic key/iv, finished key, traffic-upd (independent vector) (500.28ms)
[432/850] PASS: HkdfSha256.trafficIv: RFC 8448 §3 server handshake (500.29ms)
[433/850] PASS: HkdfSha256.earlySecret: RFC 8448 §3 (500.29ms)
[434/850] PASS: HkdfSha256: RFC 8448 §3/§4 PSK and resumption secrets (500.31ms)
[435/850] PASS: HkdfSha256.handshakeSecret: RFC 8448 §3 (500.32ms)
[436/850] PASS: HkdfSha256.masterSecret: RFC 8448 §3 (500.32ms)
[437/850] PASS: HkdfSha256.clientHandshakeTrafficSecret: RFC 8448 §3 (500.33ms)
[438/850] PASS: HkdfSha256.finishedKey: RFC 8448 §3 server (500.34ms)
[439/850] PASS: HkdfSha256.nextTrafficSecret: RFC 8446 §7.2 (500.34ms)
[440/850] PASS: HkdfSha256.serverHandshakeTrafficSecret: RFC 8448 §3 (500.35ms)
[441/850] PASS: sharedSecret: RFC 7748 X25519 vector (500.41ms)
[442/850] PASS: KeyPair.generateDeterministic: RFC 7748 public keys (500.45ms)
[443/850] PASS: KeyPair.generateDeterministic emits uncompressed SEC1 public key (500.48ms)
[444/850] PASS: sharedSecret: P-256 deterministic peers agree (500.71ms)
[445/850] PASS: KeyPair.generate: healthy entropy path (500.77ms)
[446/850] PASS: KeyPair.secureZero erases secret and public material (500.79ms)
[447/850] PASS: generateRetry: a LibcryptoFailed attempt is terminal, not retried (500.80ms)
[448/850] PASS: generateRetry: an invalid scalar retries exactly to the bound (500.81ms)
[449/850] PASS: generateRetry: retries a bad draw and succeeds (500.84ms)
[450/850] PASS: KeyPair.generateDeterministic enforces the scalar range [1, n-1] (500.88ms)
[451/850] PASS: sharedSecret: rejects compressed P-256 point (500.93ms)
[452/850] PASS: KeyPair.generateDeterministic emits uncompressed SEC1 public key (502.06ms)
[453/850] PASS: KeyPair.secureZero erases secret and public material (503.19ms)
[454/850] PASS: sharedSecret: P-384 deterministic peers agree (508.95ms)
[455/850] PASS: generateRetry: a LibcryptoFailed attempt is terminal, not retried (508.96ms)
[456/850] PASS: generateRetry: an invalid scalar retries exactly to the bound (508.99ms)
[457/850] PASS: generateRetry: retries a bad draw and succeeds (510.13ms)
[458/850] PASS: KeyPair.generateDeterministic enforces the scalar range [1, n-1] (511.24ms)
[459/850] PASS: sharedSecret: rejects compressed P-384 point (513.51ms)
[460/850] PASS: active backend matches the selected libcrypto headers (513.52ms)
[461/850] PASS: capabilities are non-empty for the active backend (513.52ms)
[462/850] PASS: x25519 handle shape matches active backend (513.52ms)
[463/850] PASS: client group capabilities match implemented client key-share plumbing (513.52ms)
[464/850] PASS: aead context shape matches active backend (513.53ms)
[465/850] SKIP: aws-lc aead deinit clears inline context (513.53ms)
[466/850] PASS: capability helpers recognize advertised algorithms (513.53ms)
[467/850] PASS: fips: chacha20_poly1305_sha256 excluded from FIPS cipher_suites (513.53ms)
[468/850] PASS: fips: rsa_pkcs1_sha* excluded from FIPS certificate_signature_schemes (513.54ms)
[469/850] PASS: fips: ed25519 excluded from FIPS certificate_signature_schemes (513.54ms)
[470/850] PASS: fips: ML-KEM disabled in FIPS capability table (513.54ms)
[471/850] PASS: fips: FIPS capabilities are a subset of non-FIPS capabilities (513.54ms)
[472/850] PASS: fips: active capabilities follow FIPS identity (513.55ms)
[473/850] PASS: OpenSSL AEAD initialization rejects wrong key length (513.55ms)
[474/850] PASS: Parsed.verifyHostName rejects universal tag 2 as dNSName (513.55ms)
[475/850] PASS: Parsed.verifyHostName requires dNSName SAN (513.55ms)
[476/850] PASS: Parsed.checkHostName rejects public suffix wildcard (513.56ms)
[477/850] PASS: Parsed.checkHostName RFC 6125 compliance (513.56ms)
[478/850] PASS: Parsed.allowsKeyUsage reads digitalSignature (513.57ms)
[479/850] PASS: Parsed.allowsKeyUsage rejects malformed empty bit payload (513.57ms)
[480/850] PASS: Parsed.allowsExtKeyUsage finds serverAuth (513.57ms)
[481/850] PASS: Parsed.allowsExtKeyUsage rejects non-SEQUENCE wrapper (513.57ms)
[482/850] PASS: Parsed.nameConstraints extracts extension value (513.58ms)
[483/850] PASS: Parsed.nameConstraints absent returns empty (513.58ms)
[484/850] PASS: Parsed.verifyNameConstraints: DNS permitted subtree (513.58ms)
[485/850] PASS: Parsed.verifyNameConstraints: DNS permitted subtree mismatch (513.59ms)
[486/850] PASS: Parsed.verifyNameConstraints: DNS excluded subtree (513.59ms)
[487/850] PASS: Parsed.verifyNameConstraints: mixed DNS SAN violation is rejected (513.59ms)
[488/850] PASS: Parsed.verifyNameConstraints: DNS common name fallback (513.59ms)
[489/850] PASS: Parsed.verifyNameConstraints: IP permitted subnet (513.60ms)
[490/850] PASS: Parsed.verifyNameConstraints: permitted subtrees are type-specific (513.60ms)
[491/850] PASS: Parsed.verifyNameConstraints: email permitted subtree (513.60ms)
[492/850] PASS: Parsed.verifyNameConstraints: email mailbox local part is case-sensitive (513.61ms)
[493/850] PASS: Parsed.verifyNameConstraints: URI excluded subtree (513.61ms)
[494/850] PASS: Parsed.verifyNameConstraints: URI strips userinfo before host matching (513.61ms)
[495/850] PASS: Parsed.verifyNameConstraints: explicit minimum zero is accepted (513.62ms)
[496/850] PASS: Parsed.verifyNameConstraints: critical unsupported subtree is rejected (513.62ms)
[497/850] PASS: Parsed.verifyNameConstraints: non-critical unsupported subtree is ignored (513.62ms)
[498/850] PASS: parseBasicConstraints rejects pathLenConstraint without cA (513.63ms)
[499/850] PASS: parse rejects unknown critical extension (513.63ms)
[500/850] PASS: parse rejects duplicate recognized extensions (513.64ms)
[501/850] PASS: parse accepts old and new authority key identifier OIDs (513.64ms)
[502/850] PASS: parseBitString rejects empty bit string content (513.64ms)
[503/850] PASS: parseTime maps UTCTime centuries and expires 1999 certificates (513.65ms)
[504/850] PASS: parseTime enforces GeneralizedTime certificate grammar (513.65ms)
[505/850] PASS: parseTime rejects impossible dates and accepts leap day (513.66ms)
[506/850] PASS: certificate_parser.decltest.parseTimeDigits (513.66ms)
[507/850] PASS: certificate_parser.decltest.parseYear4 (513.66ms)
[508/850] PASS: certificate_parser.test_0 (513.66ms)
[509/850] PASS: PrivateKey.sign: RSA-PSS SHA-256 uses TLS parameters (514.57ms)
[510/850] PASS: PrivateKey.sign: short RSA-PSS output buffer is rejected (514.60ms)
[511/850] PASS: PrivateKey.sign: key and scheme mismatch is a libcrypto failure (514.64ms)
[512/850] PASS: PrivateKey.sign: deterministic ECDSA matches the RFC 6979 vector (514.78ms)
[513/850] PASS: PrivateKey.sign: deterministic ECDSA P-384 matches the RFC 6979 A.2.6 vector (517.14ms)
[514/850] PASS: PrivateKey.sign: deterministic nonce with RSA-PSS is rejected (517.18ms)
[515/850] PASS: PrivateKey.fromPemAuto: RSA PKCS#8 and PKCS#1 both infer rsa_pss_rsae_sha256 (518.07ms)
[516/850] PASS: PrivateKey.fromPemAuto: P-256 infers ecdsa_secp256r1_sha256 and signs (518.14ms)
[517/850] PASS: PrivateKey.fromPemAuto: P-384 infers ecdsa_secp384r1_sha384 and signs (518.77ms)
[518/850] PASS: PrivateKey.fromPemAuto: P-521 is rejected at load by the capability gate (518.87ms)
[519/850] PASS: PrivateKey.fromPemAuto: Ed25519 is rejected at load by the capability gate (518.95ms)
[520/850] PASS: PrivateKey.fromPemAuto: secp224r1 has no CertificateVerify scheme (518.99ms)
[521/850] PASS: PrivateKey.fromPemAuto: garbage PEM fails at load (519.00ms)
[522/850] PASS: PrivateKey.fromPem: encrypted PEM fails at load (519.08ms)
[523/850] PASS: PrivateKey.fromPemAuto: encrypted PEM fails at load (519.12ms)
[524/850] PASS: PrivateKey.pairsWith: P-256 scalar key pairs with its leaf certificate (519.31ms)
[525/850] PASS: PrivateKey.pairsWith: auto-inferred RSA and P-256 keys pair with their leaves (519.42ms)
[526/850] PASS: PrivateKey.pairsWith: same-algorithm mismatch is a named error (519.47ms)
[527/850] PASS: PrivateKey.pairsWith: cross-algorithm mismatch is a named error (519.51ms)
[528/850] PASS: PrivateKey.pairsWith: garbage leaf DER is not a certificate (519.53ms)
[529/850] PASS: PrivateKey.pairsWith: trailing bytes make leaf DER invalid (519.57ms)
[530/850] PASS: ML-KEM-768 encapsulate/decapsulate round-trip (519.66ms)
[531/850] PASS: ML-KEM-1024 encapsulate/decapsulate round-trip (519.76ms)
[532/850] PASS: ML-KEM encapsulation-key modulus boundary (519.78ms)
[533/850] PASS: ML-KEM rejects non-canonical encapsulation keys (519.78ms)
[534/850] PASS: ML-KEM rejects a wrong-length ciphertext (519.80ms)
[535/850] PASS: classify: bounded PSK identity admission is a buffer-class limit (519.81ms)
[536/850] PASS: classify: certificate failures never fall into a generic bucket (519.81ms)
[537/850] PASS: classify: authentication failures are their own class (519.81ms)
[538/850] PASS: classify: remaining buckets (519.81ms)
[539/850] PASS: parseHeader: valid plaintext record (519.82ms)
[540/850] PASS: parseHeader: application_data record (TLSCiphertext) (519.82ms)
[541/850] PASS: parseHeader: ignores legacy_record_version (519.82ms)
[542/850] PASS: parseHeader: buffer too short (519.82ms)
[543/850] PASS: parseHeader: exactly 5 bytes (header only, no fragment) (519.82ms)
[544/850] PASS: parseHeader: max valid length (519.83ms)
[545/850] PASS: parseHeader: length exceeds max (519.83ms)
[546/850] PASS: Header.init round-trips with parseHeader (519.83ms)
[547/850] PASS: Header.write: emits TLS 1.2 legacy_record_version (519.83ms)
[548/850] PASS: fuzz: parseHeader handles arbitrary input (519.84ms)
[549/850] PASS: kernel cipher_type values match KtlsCipherType (519.84ms)
[550/850] PASS: kernel socket option constants (519.84ms)
[551/850] PASS: packed kTLS info secureZero methods erase every byte (519.84ms)
[552/850] PASS: packAesGcm128 splits the 12-byte IV and copies key/seq (519.85ms)
[553/850] PASS: packAesGcm128 rejects a non-AES-GCM-128 info (519.85ms)
[554/850] PASS: packChaCha20Poly1305 uses the full 12-byte IV (519.85ms)
[555/850] PASS: packAesGcm256 copies the 32-byte key and splits the IV (519.86ms)
[556/850] PASS: install errno decode maps onto InstallError (519.86ms)
[557/850] PASS: a record-type cmsg occupies the kernel's CMSG_LEN and CMSG_SPACE (519.86ms)
[558/850] PASS: ControlBuffer.init writes one cmsg and zeroes the padding (519.87ms)
[559/850] PASS: parseRecordType rejects control data off the kTLS contract (519.87ms)
[560/850] PASS: ulpInstall attaches once, and only to an established TCP socket (519.97ms)
[561/850] PASS: txInstall and rxInstall accept a synthetic TLS 1.3 AES-128-GCM key (520.04ms)
[562/850] PASS: installs without the ULP are typed Unavailable errors, not panics (520.07ms)
[563/850] PASS: a crypto_info the kernel cannot use is a typed EINVAL failure (520.10ms)
[564/850] PASS: record-type cmsg round-trips through a live kTLS pair (520.15ms)
[565/850] PASS: Outbox: fresh outbox is not write-blocked (520.15ms)
[566/850] PASS: Outbox: send drains fully and completes write once (520.16ms)
[567/850] PASS: Outbox: partial send stays blocked and does not complete write (520.16ms)
[568/850] PASS: Outbox: zero-byte progress stays blocked (520.16ms)
[569/850] PASS: Outbox: idle flush is drained without completing write (520.16ms)
[570/850] PASS: Outbox: partial drain resumes across flush calls (520.19ms)
[571/850] PASS: Outbox: queue while blocked returns PendingWrite (520.19ms)
[572/850] PASS: Outbox: writer error leaves pending tail and does not complete write (520.19ms)
[573/850] PASS: Outbox: writer over-reporting bytes returns WriteOverflow (520.20ms)
[574/850] PASS: Outbox: sequential records complete once each (520.20ms)
[575/850] PASS: next: two records coalesced in one fill (520.20ms)
[576/850] PASS: next: record split across two fills (520.20ms)
[577/850] PASS: next: truncated records return null (520.21ms)
[578/850] PASS: next: in-place mutation of a returned record survives across next() (520.21ms)
[579/850] PASS: next: oversized length is rejected (520.21ms)
[580/850] PASS: isEmpty distinguishes drained, partial, and complete records (520.22ms)
[581/850] PASS: parse: rejects oversized legacy_session_id_echo without overflow (520.22ms)
[582/850] PASS: encode: round trips through parse (520.22ms)
[583/850] PASS: parse: accepts secp256r1 key_share (520.23ms)
[584/850] PASS: parse: rejects compressed secp256r1 key_share (520.23ms)
[585/850] PASS: parse: accepts secp384r1 key_share (520.24ms)
[586/850] PASS: parse: rejects compressed secp384r1 key_share (520.24ms)
[587/850] PASS: encode: echoes session id (520.24ms)
[588/850] PASS: parse: RFC 8448 §3 ServerHello (520.24ms)
[589/850] PASS: parse: wrong handshake type (520.25ms)
[590/850] PASS: parse: truncated message (520.25ms)
[591/850] PASS: parse: rejects HelloRetryRequest (520.25ms)
[592/850] PASS: parse: missing extensions / no supported_versions yields UnsupportedTlsVersion (520.25ms)
[593/850] PASS: parse: rejects mismatched handshake length (520.26ms)
[594/850] PASS: parse: rejects unknown cipher suite (520.26ms)
[595/850] PASS: parse: rejects oversized extensions block (520.26ms)
[596/850] PASS: parse: rejects duplicate supported_versions (520.26ms)
[597/850] PASS: parse: rejects duplicate key_share (520.27ms)
[598/850] PASS: parse: rejects unknown unsolicited extension (520.27ms)
[599/850] PASS: parse: rejects GREASE ServerHello extension (520.27ms)
[600/850] PASS: parse: rejects forbidden signature_algorithms extension (520.28ms)
[601/850] PASS: parse: rejects forbidden heartbeat extension (520.28ms)
[602/850] PASS: parse: rejects record_size_limit in ServerHello (520.28ms)
[603/850] PASS: parse: rejects key_share for unsupported group (520.29ms)
[604/850] PASS: parse: unsupported TLS version in supported_versions is illegal_parameter (520.29ms)
[605/850] PASS: parse: rejects TLS 1.2 downgrade sentinel (520.29ms)
[606/850] PASS: parse: rejects TLS 1.1 downgrade sentinel (520.30ms)
[607/850] PASS: parse: rejects downgrade sentinel when supported_versions selects TLS 1.3 (520.30ms)
[608/850] PASS: parse: accepts non-0x0303 legacy_version when supported_versions selects TLS 1.3 (520.30ms)
[609/850] PASS: parse: no supported_versions + downgrade sentinel yields IllegalParameter (520.31ms)
[610/850] PASS: parse: rejects ServerHello without supported_versions as legacy (520.31ms)
[611/850] PASS: parse: rejects SSLv3-or-lower legacy version (520.31ms)
[612/850] PASS: parse: rejects mismatched session id echo (520.32ms)
[613/850] PASS: parse: rejects non-zero compression method (520.32ms)
[614/850] PASS: fuzz: parse handles arbitrary input (520.32ms)
[615/850] PASS: encodeHelloRetryRequest: parse round-trip (520.33ms)
[616/850] PASS: parseHelloRetryRequest: rejects mismatched session id echo (520.33ms)
[617/850] PASS: parseHelloRetryRequest: RFC 8448 §5 (520.33ms)
[618/850] PASS: parseHelloRetryRequest: no cookie (520.33ms)
[619/850] PASS: parseHelloRetryRequest: rejects non-HRR Random (520.34ms)
[620/850] PASS: parseHelloRetryRequest: rejects wrong type (520.34ms)
[621/850] PASS: parseHelloRetryRequest: rejects TLS 1.2 in supported_versions (520.34ms)
[622/850] PASS: parseHelloRetryRequest: ignores non-0x0303 legacy_version (520.35ms)
[623/850] PASS: parseHelloRetryRequest: rejects SSLv3-or-lower legacy version (520.35ms)
[624/850] PASS: parseHelloRetryRequest: rejects non-zero compression method (520.35ms)
[625/850] PASS: parseHelloRetryRequest: rejects unknown cipher suite (520.35ms)
[626/850] PASS: parseHelloRetryRequest: rejects trailing bytes after extensions (520.36ms)
[627/850] PASS: parseHelloRetryRequest: rejects cookie extension trailing bytes (520.36ms)
[628/850] PASS: parseHelloRetryRequest: rejects missing supported_versions (520.36ms)
[629/850] PASS: parseHelloRetryRequest: rejects unknown unsolicited extension (520.37ms)
[630/850] PASS: parseHelloRetryRequest: rejects record_size_limit (520.37ms)
[631/850] PASS: KEM key_share round-trip: ServerHello encode → parse preserves 1120-byte ciphertext (520.39ms)
[632/850] PASS: fuzz: parseHelloRetryRequest handles arbitrary input (520.39ms)
[633/850] PASS: Config.validate reports invalid lists and missing P-384 material (520.45ms)
[634/850] PASS: sendAlert: plaintext fatal alert before ClientHello (520.51ms)
[635/850] PASS: sendAlert: encrypted close_notify after handshake (520.73ms)
[636/850] PASS: handleRecord: rejects ChangeCipherSpec before ClientHello (520.78ms)
[637/850] PASS: handleRecord: drops valid ChangeCipherSpec while waiting for client Finished (520.93ms)
[638/850] PASS: handleRecord: rejects malformed ChangeCipherSpec payload (521.08ms)
[639/850] PASS: handleRecord: ClientHello returns ServerHello write and enforces pending write (521.23ms)
[640/850] PASS: handleRecord: zero-length plaintext handshake is rejected (521.28ms)
[641/850] PASS: handleRecord: rejects application_data before connected (521.33ms)
[642/850] PASS: acceptClientHello: emits ServerHello and installs handshake keys (521.58ms)
[643/850] PASS: acceptClientHello: negotiates secp256r1 key share (521.80ms)
[644/850] PASS: acceptClientHello: negotiates secp384r1 key share (527.68ms)
[645/850] PASS: acceptClientHello: emits HelloRetryRequest for missing secp256r1 key share (527.79ms)
[646/850] PASS: acceptClientHello: rejects ClientHello2 with changed SNI or ALPN after HRR (527.95ms)
[647/850] PASS: acceptClientHello: rejects early_data in ClientHello2 after HRR (528.05ms)
[648/850] PASS: acceptClientHello: rejects replaced PSK identity in ClientHello2 despite valid binder (528.15ms)
[649/850] PASS: acceptClientHello: rejects added, reordered, or dropped PSK identities in CH2 (528.42ms)
[650/850] PASS: acceptClientHello: accepts permitted ClientHello2 PSK updates after HRR (528.93ms)
[651/850] PASS: acceptClientHello: bounded PSK identity admission before HelloRetryRequest (529.14ms)
[652/850] PASS: acceptClientHello: rejects removal of an unknown identity whose binder claims the HRR hash (529.24ms)
[653/850] PASS: acceptClientHello: HRR path rejects a slack-byte identities vector in CH1 (529.32ms)
[654/850] PASS: acceptClientHello: HRR path rejects a slack-byte identities vector in CH2 (529.40ms)
[655/850] PASS: acceptClientHello: PSK selection rejects a slack-byte identities vector (529.48ms)
[656/850] PASS: acceptClientHello: rejects ClientHello2 that ignores HRR selected group (529.59ms)
[657/850] PASS: acceptClientHello: rejects ClientHello2 with extra key share (529.69ms)
[658/850] PASS: acceptClientHello: HRR sends at most one compatibility ChangeCipherSpec (529.85ms)
[659/850] PASS: acceptClientHello: emits compatibility ChangeCipherSpec for non-empty legacy_session_id (530.00ms)
[660/850] PASS: sendAnonymousFlightForTest: client decrypts EncryptedExtensions and Finished (530.27ms)
[661/850] PASS: sendPreparedServerFlight: credentials and pending write are enforced (530.62ms)
[662/850] PASS: sendPreparedServerFlight: encryption failure preserves handshake write epoch (530.94ms)
[663/850] PASS: sendAuthenticatedFlight: client decrypts authenticated server flight (531.27ms)
[664/850] PASS: sendAuthenticatedFlight: optional client auth sends CertificateRequest (531.59ms)
[665/850] PASS: NewSessionTicket emission derives matching client and server PSKs (532.07ms)
[666/850] PASS: NewSessionTicket emission rejects stale prepared PSK objects (532.55ms)
[667/850] PASS: server-issued NewSessionTicket resumes and can be renewed (533.36ms)
[668/850] PASS: NewSessionTicket emission owns unique bounded nonces (533.90ms)
[669/850] PASS: NewSessionTicket emission enforces write and kTLS ordering (534.34ms)
[670/850] PASS: NewSessionTicket emission preserves state on encoding failure (534.78ms)
[671/850] PASS: discardTicketPsk burns nonce and erases key material (535.22ms)
[672/850] PASS: processClientFinished: optional client auth accepts empty Certificate (535.66ms)
[673/850] PASS: processClientFinished: required client auth rejects empty Certificate (536.10ms)
[674/850] PASS: processClientFinished: required client auth verifies real client Certificate + CV (536.71ms)
[675/850] PASS: processClientFinished: bad client Finished does not retain identity (537.27ms)
[676/850] PASS: processClientFinished: client identity requires caller-owned storage (537.84ms)
[677/850] PASS: processClientFinished: required client auth rejects forged CertificateVerify (538.39ms)
[678/850] PASS: sendAuthenticatedFlight: client processes CertificateVerify and Finished (538.80ms)
[679/850] PASS: processClientFinished: verifies Finished and installs app keys (538.97ms)
[680/850] PASS: processClientFinished: rejects bad verify_data (539.14ms)
[681/850] PASS: processClientFinished: rejects EndOfEarlyData when 0-RTT was not accepted (539.30ms)
[682/850] PASS: handleRecord: rejects second plaintext ClientHello before Finished (539.46ms)
[683/850] PASS: handleRecord: rejects protected ClientHello after connected (539.65ms)
[684/850] PASS: handleRecord: rejects client KeyUpdate before Finished (539.81ms)
[685/850] PASS: receiveRecord: RX progresses while a server TX record is pending (539.99ms)
[686/850] PASS: receiveKtlsRecord: server processes kernel-decrypted records (540.22ms)
[687/850] PASS: ratchetKtlsTx: server advances only an idle TX epoch (540.41ms)
[688/850] PASS: handleRecord: client KeyUpdate(update_requested) ratchets rx and responds (540.61ms)
[689/850] PASS: handleRecord: client KeyUpdate(update_not_requested) ratchets rx only (540.79ms)
[690/850] PASS: sendKeyUpdate: server-initiated KeyUpdate encrypts under old key then ratchets tx (540.98ms)
[691/850] PASS: handleRecord: self-initiated sendKeyUpdate response surfaces rx only (541.17ms)
[692/850] PASS: handleRecord: KeyUpdate not at record boundary is rejected (541.35ms)
[693/850] PASS: handleRecord: invalid client KeyUpdate request is rejected (541.53ms)
[694/850] PASS: handleRecord: zero-length encrypted handshake is rejected (541.71ms)
[695/850] PASS: handleRecord: all-zero inner plaintext maps to unexpected_message (541.89ms)
[696/850] PASS: handleRecord: illegal post-handshake inner content type is rejected (542.07ms)
[697/850] PASS: handleRecord: empty application data does not reset post-handshake flood counter (542.25ms)
[698/850] PASS: handleRecord: KeyUpdate flood is rejected (542.63ms)
[699/850] PASS: handleRecord: KeyUpdate flood cap fires despite empty app-data interleaving (542.95ms)
[700/850] PASS: EstablishedSession: struct stays compact against the handshake engine (542.96ms)
[701/850] PASS: extractEstablished: connected events match the handshake engine (543.35ms)
[702/850] PASS: extractEstablished: engine is consumed and immediate deinit is safe (543.53ms)
[703/850] PASS: extractEstablished: moved-from rx/tx are wiped, the session's copies stay live (543.71ms)
[704/850] PASS: extractEstablished: deferred KeyUpdate obligation blocks application writes (543.90ms)
[705/850] PASS: extractEstablished: KeyUpdate flood cap survives extraction and resets on app data (544.23ms)
[706/850] PASS: extractEstablished: KeyUpdate fragment carries across extraction (544.42ms)
[707/850] PASS: extractEstablished: KeyUpdate record-boundary and fragment rules hold (544.61ms)
[708/850] PASS: extractEstablished: close_notify and fatal alerts keep server semantics (544.79ms)
[709/850] PASS: extractEstablished: sendAlert latches and ratchetTx advances the TX epoch (544.97ms)
[710/850] PASS: extractEstablished: SHA-384 suite ratchets and exchanges app data (545.52ms)
[711/850] PASS: extractEstablished: NewSessionTicket is issued before extraction (545.98ms)
[712/850] PASS: key update: simultaneous update_requested remains connected (546.47ms)
[713/850] PASS: fuzz: ServerHandshake.handleRecord rejects arbitrary input (546.52ms)
[714/850] PASS: fuzz: connected ServerHandshake.handleRecord rejects arbitrary input (547.42ms)
[715/850] PASS: application data: server sends and receives (547.60ms)
[716/850] PASS: in-memory authenticated client-server handshake reaches app data (548.06ms)
[717/850] PASS: in-memory authenticated client-server handshake suite matrix (549.94ms)
[718/850] PASS: in-memory KeyUpdate round trip across all cipher suites (551.98ms)
[719/850] PASS: selectPsk: verifies the binder for a matching PSK identity (552.07ms)
[720/850] PASS: selectPsk: returns null when the PSK binder does not verify (552.15ms)
[721/850] PASS: selectPsk: oversized binders_len does not overflow (552.24ms)
[722/850] PASS: PSK offer without psk_key_exchange_modes aborts (552.36ms)
[723/850] PASS: PSK offer with only psk_ke disables resumption and ticket issuance (552.57ms)
[724/850] PASS: client authentication policy declines PSK resumption (553.15ms)
[725/850] PASS: PSK selection skips cipher suites with an incompatible hash (553.72ms)
[726/850] PASS: in-memory PSK resumption reaches app data (554.07ms)
[727/850] PASS: in-memory RFC 10024 PSK resumption matrix reaches app data (561.27ms)
[728/850] PASS: in-memory RFC 10024 PSK resumption survives HRR (568.45ms)
[729/850] PASS: in-memory RFC 10024 SHA-384 PSK resumption survives HRR (578.27ms)
[730/850] PASS: PSK fast-path rejects bare Finished when server did NOT select PSK (578.54ms)
[731/850] PASS: in-memory 0-RTT early data is decrypted by the server (578.92ms)
[732/850] PASS: 0-RTT: accepted early data distinguishes authentication and handshake errors (579.62ms)
[733/850] PASS: 0-RTT: server rejects early data exceeding max_early_data_size (579.84ms)
[734/850] PASS: 0-RTT: max u32 early-data limit rejects bytes beyond remaining budget (579.89ms)
[735/850] PASS: 0-RTT: no PSK selected means early data is skipped and 1-RTT completes (580.39ms)
[736/850] PASS: 0-RTT: declined early records in flight are skipped and 1-RTT completes (580.75ms)
[737/850] PASS: 0-RTT: required client auth declines PSK, skips early data, completes 1-RTT (581.35ms)
[738/850] PASS: 0-RTT: decline skip budget exhaustion aborts the handshake (581.56ms)
[739/850] PASS: 0-RTT: corrupted record after the skip window aborts (581.83ms)
[740/850] PASS: 0-RTT: HRR decline skips in-flight early data and the retry handshake completes (582.32ms)
[741/850] PASS: 0-RTT: default decline-skip budget covers a full max-size early record (582.78ms)
[742/850] PASS: 0-RTT: HRR decline skip budget exhaustion aborts the handshake (582.92ms)
[743/850] PASS: 0-RTT: HRR decline skip rejects malformed application_data records (583.05ms)
[744/850] PASS: 0-RTT: HRR skip window closes at ClientHello2 (583.35ms)
[745/850] PASS: 0-RTT: server declines, client sends no EndOfEarlyData (583.71ms)
[746/850] PASS: 0-RTT: client rejects server-sent EndOfEarlyData (583.77ms)
[747/850] PASS: 0-RTT: processClientFinished rejects Finished before EndOfEarlyData (584.03ms)
[748/850] PASS: preferredHybridShare follows server preference (584.08ms)
[749/850] PASS: in-memory RFC 10024 hybrid group matrix reaches app data (591.51ms)
[750/850] PASS: RFC 10024 hybrid group matrix negotiates through HRR (598.32ms)
[751/850] PASS: hybrid share requires explicit server policy (598.53ms)
[752/850] PASS: in-memory HRR round trip reaches app data (598.99ms)
[753/850] PASS: acceptClientHello: server suite preference (599.14ms)
[754/850] PASS: acceptClientHello: exposes SNI via clientServerName (599.29ms)
[755/850] PASS: acceptClientHello: clientServerName is null when SNI absent (599.43ms)
[756/850] PASS: acceptClientHello: rejects unsupported suite (599.51ms)
[757/850] PASS: acceptClientHello: ignores unknown cipher suites in mixed list (599.79ms)
[758/850] PASS: acceptClientHello: rejects ClientHello with no shared group (599.86ms)
[759/850] PASS: handleRecord: reassembles ClientHello split across records (600.02ms)
[760/850] PASS: handleRecord: reassembles ClientHello with header and body in separate records (600.18ms)
[761/850] PASS: handleRecord: rejects CCS while ClientHello fragment pending (600.25ms)
[762/850] PASS: handleRecord: processes alert while ClientHello fragment pending (600.32ms)
[763/850] PASS: handleRecord: plaintext fatal alert in wait_ch records detail (600.42ms)
[764/850] PASS: handleRecord: unknown alert codes are preserved (600.47ms)
[765/850] PASS: handleRecord: lastPeerAlert replaced by later alert, preserved by close/malformed (600.52ms)
[766/850] PASS: handleRecord: rejects fragmented ClientHello without reassembly buffer (600.59ms)
[767/850] PASS: handleRecord: state reset after invalid fragmented ClientHello (600.74ms)
[768/850] PASS: handleRecord: rejects trailing bytes after fragmented ClientHello (600.89ms)
[769/850] PASS: handleRecord: reassembles ClientHello2 split across records after HRR (601.04ms)
[770/850] PASS: handleRecord: reassembles fragmented client Finished across encrypted records (601.22ms)
[771/850] PASS: handleRecord: rejects interleaved alert during Finished fragment reassembly (601.38ms)
[772/850] PASS: handleRecord: rejects plaintext alert during Finished fragment reassembly (601.55ms)
[773/850] PASS: handleRecord: encrypted fatal alert while waiting for Finished records detail (601.71ms)
[774/850] PASS: handleRecord: rejects plaintext alert while waiting for Finished (601.86ms)
[775/850] PASS: handleRecord: rejects zero-length encrypted handshake while waiting for Finished (602.02ms)
[776/850] PASS: handleRecord: reassembles ClientHello when handshake header is split after 1 byte (602.17ms)
[777/850] PASS: handleRecord: server reassembles 1-byte fragmented KeyUpdate(update_requested) (602.37ms)
[778/850] PASS: handleRecord: fragmented KeyUpdate(update_not_requested) works (602.56ms)
[779/850] PASS: handleRecord: non-KeyUpdate fragment starts are rejected (602.74ms)
[780/850] PASS: handleRecord: KeyUpdate with trailing record bytes is rejected before ratchet (602.92ms)
[781/850] PASS: handleRecord: app-data interleaving during KeyUpdate reassembly is rejected (603.10ms)
[782/850] PASS: receiveApplicationData: app-data interleaving during KeyUpdate reassembly is rejected (603.28ms)
[783/850] PASS: handleRecord: alert interleaving during KeyUpdate reassembly is rejected (603.46ms)
[784/850] PASS: handleRecord: connected close_notify is clean, fatal alert records detail (603.64ms)
[785/850] PASS: handleRecord: zero-length handshake during KeyUpdate reassembly is rejected (603.82ms)
[786/850] PASS: handleRecord: ClientHello body_len 0xFFFFFF rejected without overflow (fast path) (603.87ms)
[787/850] PASS: handleRecord: split-header reassembly body_len 0xFFFFFF rejected without overflow (603.92ms)
[788/850] PASS: deinit leaves caller-owned buffers to the caller (604.09ms)
[789/850] PASS: Writer.append: u8 (604.10ms)
[790/850] PASS: Writer.append: u16 big-endian (604.10ms)
[791/850] PASS: Writer.append: u24 big-endian (604.11ms)
[792/850] PASS: Writer.appendSlice (604.11ms)
[793/850] PASS: Writer.append: enum (604.11ms)
[794/850] PASS: Reader.read: u8 (604.11ms)
[795/850] PASS: Reader.read: u16 big-endian (604.11ms)
[796/850] PASS: Reader.read: enum (604.12ms)
[797/850] PASS: Reader.readSlice: zero-copy (604.12ms)
[798/850] PASS: Reader.read: UnexpectedEof (604.12ms)
[799/850] PASS: Reader assume methods skip bounds checks after caller validation (604.12ms)
[800/850] PASS: Writer.reserve: write directly into buffer (604.13ms)
[801/850] PASS: Writer: sequential appends (604.13ms)
[802/850] PASS: encode and parse NewSessionTicket round trip (604.13ms)
[803/850] PASS: encode validates NewSessionTicket bounds before writing (604.14ms)
[804/850] PASS: parse: valid NewSessionTicket (604.14ms)
[805/850] PASS: parse: captures early_data max_early_data_size (604.14ms)
[806/850] PASS: parse: skips unknown ticket extension (604.14ms)
[807/850] PASS: parse: skips GREASE ticket extension (604.15ms)
[808/850] PASS: parse: rejects duplicate early_data extension (604.15ms)
[809/850] PASS: parse: rejects malformed early_data length (604.15ms)
[810/850] PASS: parse: wrong handshake type (604.15ms)
[811/850] PASS: parse: rejects length mismatch (604.16ms)
[812/850] PASS: parse: rejects empty ticket (604.16ms)
[813/850] PASS: parse: rejects malformed extensions length (604.16ms)
[814/850] PASS: fuzz: parse handles arbitrary input (604.16ms)
[815/850] PASS: encode: empty EncryptedExtensions (604.17ms)
[816/850] PASS: encode: ALPN EncryptedExtensions (604.18ms)
[817/850] PASS: encode: early_data accepted in EncryptedExtensions (604.19ms)
[818/850] PASS: encode: early_data omitted when not accepted (604.19ms)
[819/850] PASS: parse: valid EncryptedExtensions (604.19ms)
[820/850] PASS: parse: ALPN selection (604.19ms)
[821/850] PASS: parse: rejects unsolicited ALPN (604.20ms)
[822/850] PASS: parse: rejects unoffered ALPN (604.20ms)
[823/850] PASS: parse: rejects duplicate ALPN extension (604.20ms)
[824/850] PASS: parse: rejects multiple ALPN protocols (604.20ms)
[825/850] PASS: parse: rejects forbidden supported_versions extension (604.21ms)
[826/850] PASS: parse: rejects forbidden key_share extension (604.21ms)
[827/850] PASS: parse: rejects forbidden heartbeat extension (604.21ms)
[828/850] PASS: parse: rejects GREASE EncryptedExtensions extension (604.21ms)
[829/850] PASS: parse: rejects unknown unsolicited extension (604.22ms)
[830/850] PASS: parse: accepts server_name acknowledgment when SNI offered (604.22ms)
[831/850] PASS: parse: rejects server_name when SNI not offered (604.22ms)
[832/850] PASS: parse: rejects server_name acknowledgment with non-empty extension_data (604.22ms)
[833/850] PASS: parse: rejects unoffered record_size_limit in EncryptedExtensions (604.23ms)
[834/850] PASS: parse: accepts offered record_size_limit in EncryptedExtensions (604.23ms)
[835/850] PASS: parse: rejects malformed record_size_limit in EncryptedExtensions (604.23ms)
[836/850] PASS: parse: ignores supported_groups extension (604.23ms)
[837/850] PASS: parse: wrong handshake type (604.24ms)
[838/850] PASS: parse: truncated (604.24ms)
[839/850] PASS: encode round-trips via parse (604.24ms)
[840/850] PASS: parse rejects wrong handshake type (604.25ms)
[841/850] PASS: parse rejects missing signature_algorithms (604.25ms)
[842/850] PASS: parse rejects duplicate signature_algorithms (604.25ms)
[843/850] PASS: encodedLen is accurate (604.25ms)
[844/850] PASS: verify: wrong verify_data (604.26ms)
[845/850] PASS: verify: wrong handshake type (604.26ms)
[846/850] PASS: encode then verify round-trip (604.26ms)
[847/850] PASS: messageHashSynthetic: SHA-256 header (604.27ms)
[848/850] PASS: messageHashSynthetic: SHA-384 header (604.27ms)
[849/850] PASS: messageHashSynthetic: RFC 8448 §5 ClientHello1 SHA-256 (604.27ms)
[850/850] PASS: fill writes caller buffer (604.28ms)

ztest: 849 passed, 0 failed, 1 skipped (of 850 total) in 1604ms
ALL TESTS PASSED

Build Summary: 8/8 steps succeeded
test success
+- run test success 1s MaxRSS:13M
|  +- compile test Debug native-native success 16s MaxRSS:713M
|     +- options cached
+- run exe errq-alloc-check success 33ms MaxRSS:8M
|  +- compile exe errq-alloc-check Debug native-native success 1s MaxRSS:265M
|     +- options (reused)
+- run exe encrypted-pem-check success 2ms MaxRSS:7M
   +- compile exe encrypted-pem-check Debug native-native success 1s MaxRSS:228M
      +- options (reused)

NO_COLOR=1 pkg-config --list-all
NO_COLOR=1 pkg-config --list-all
NO_COLOR=1 pkg-config --list-all
NO_COLOR=1 pkg-config libcrypto --cflags --libs
NO_COLOR=1 pkg-config libcrypto --cflags --libs
NO_COLOR=1 pkg-config libcrypto --cflags --libs
/nix/store/HASH-zig-0.15.2/bin/zig test -I/nix/store/HASH-aws-lc-5.5.0-dev/include -L/nix/store/HASH-aws-lc-5.5.0/lib -lcrypto -ODebug -target native-native -mcpu apple_m1 --dep build_options --dep txtar --dep fixtures -Mroot=/Users/matt/code/ztls/src/test.zig -Mbuild_options=/tmp/tmp.F3v0NNNUBu/c/5f561f0723d3bca47c7861e3338782bd/options.zig -ODebug -target native-native -mcpu apple_m1 -Mtxtar=/tmp/ztls-plc-cache/global/p/txtar-0.1.0-RyJLBJ5rAABCV5lD0YSt048wd3l9Nk9a4_TnEnm0MZ9P/src/root.zig -ODebug -target native-native -mcpu apple_m1 -Mfixtures=/Users/matt/code/ztls/tests/fixtures/fixtures.zig -lc --test-runner /tmp/ztls-plc-cache/global/p/ztest-0.2.0-h6PBzyKEAAC49mtm1NO2CTeniItVuL0l06TpBDMDTe19/src/test_runner.zig --cache-dir /tmp/tmp.F3v0NNNUBu --global-cache-dir /tmp/ztls-plc-cache/global --name test --zig-lib-dir /nix/store/HASH-zig-0.15.2/lib/zig/ --listen=-
/nix/store/HASH-zig-0.15.2/bin/zig build-exe -I/nix/store/HASH-aws-lc-5.5.0-dev/include -L/nix/store/HASH-aws-lc-5.5.0/lib -lcrypto -ODebug -target native-native -mcpu apple_m1 --dep ztls --dep fixtures -Mroot=/Users/matt/code/ztls/src/test/encrypted_pem_check.zig -I/nix/store/HASH-aws-lc-5.5.0-dev/include -ODebug -target native-native -mcpu apple_m1 --dep build_options -Mztls=/Users/matt/code/ztls/src/root.zig -ODebug -target native-native -mcpu apple_m1 -Mfixtures=/Users/matt/code/ztls/tests/fixtures/fixtures.zig -Mbuild_options=/tmp/tmp.F3v0NNNUBu/c/5f561f0723d3bca47c7861e3338782bd/options.zig -lc --cache-dir /tmp/tmp.F3v0NNNUBu --global-cache-dir /tmp/ztls-plc-cache/global --name encrypted-pem-check --zig-lib-dir /nix/store/HASH-zig-0.15.2/lib/zig/ --listen=-
/nix/store/HASH-zig-0.15.2/bin/zig build-exe -I/nix/store/HASH-aws-lc-5.5.0-dev/include -L/nix/store/HASH-aws-lc-5.5.0/lib -lcrypto -ODebug -target native-native -mcpu apple_m1 --dep ztls --dep fixtures -Mroot=/Users/matt/code/ztls/src/test/errq_alloc_check.zig -I/nix/store/HASH-aws-lc-5.5.0-dev/include -ODebug -target native-native -mcpu apple_m1 --dep build_options -Mztls=/Users/matt/code/ztls/src/root.zig -ODebug -target native-native -mcpu apple_m1 -Mfixtures=/Users/matt/code/ztls/tests/fixtures/fixtures.zig -Mbuild_options=/tmp/tmp.F3v0NNNUBu/c/5f561f0723d3bca47c7861e3338782bd/options.zig -lc --cache-dir /tmp/tmp.F3v0NNNUBu --global-cache-dir /tmp/ztls-plc-cache/global --name errq-alloc-check --zig-lib-dir /nix/store/HASH-zig-0.15.2/lib/zig/ --listen=-
/tmp/tmp.F3v0NNNUBu/o/8cec864009d3badcbcd15775202293e8/encrypted-pem-check
encrypted-pem-check: ok (pipe, terminal)
/tmp/tmp.F3v0NNNUBu/o/856ea1169e7c4ee467f5a4adb92ee0a2/errq-alloc-check
errq-alloc-check: early client abort
errq-alloc-check: early server abort
errq-alloc-check: ok (allocs 6120, frees 6120, live 0)
/tmp/tmp.F3v0NNNUBu/o/3bc72e97203633dc0ae4d1744b3dab7f/test
ztest: Running 850 tests...
[1/850] PASS: test_0 (849.96ms)
[2/850] PASS: Wycheproof: X25519 shared secret tcId 1 (850.01ms)
[3/850] PASS: Wycheproof boundary: X25519 identity element is rejected (850.04ms)
[4/850] PASS: Wycheproof boundary: X25519 small-order public key is rejected (850.07ms)
[5/850] PASS: Wycheproof: AES-128-GCM AAD/tag handling tcId 2 (850.09ms)
[6/850] PASS: Wycheproof boundary: AES-256-GCM AAD/tag handling (850.10ms)
[7/850] PASS: Wycheproof: ChaCha20-Poly1305 one-byte message tcId 4 (850.10ms)
[8/850] PASS: Wycheproof boundary: ChaCha20-Poly1305 AAD handling (850.11ms)
[9/850] PASS: OpenSSL s_server interoperates with ztls client (918.31ms)
[10/850] PASS: OpenSSL s_server interoperates with ztls P-384 client (944.72ms)
[11/850] PASS: OpenSSL s_server interoperates with ztls RFC 10024 client groups (1039.36ms)
[12/850] PASS: ztls client resumes with OpenSSL s_server (PSK resumption) (64.67ms)
[13/850] PASS: ztls client sends 0-RTT early data to OpenSSL s_server (89.98ms)
[14/850] PASS: OpenSSL s_client interoperates with ztls server (127.03ms)
[15/850] PASS: OpenSSL s_client resumes with ztls server-issued ticket (151.36ms)
[16/850] PASS: OpenSSL s_client interoperates with ztls P-384 server (165.10ms)
[17/850] PASS: OpenSSL s_client interoperates with ztls RFC 10024 server groups (203.02ms)
[18/850] PASS: OpenSSL s_client with -cert interoperates with ztls server (required client auth) (219.21ms)
[19/850] PASS: ztls client with credentials interoperates with OpenSSL s_server -Verify (244.77ms)
[20/850] PASS: ztls-to-ztls TCP KeyUpdate round trip with ChaCha20-Poly1305 (288.07ms)
[21/850] PASS: backend.x25519: RFC 7748 §5.2 shared secret (288.11ms)
[22/850] PASS: backend.x25519: RFC 7748 §6.1 mutual key agreement (288.17ms)
[23/850] PASS: backend.x25519: Wycheproof tcId 1 shared secret (288.21ms)
[24/850] PASS: backend.x25519: all-zero public key is rejected (IdentityElement) (288.24ms)
[25/850] PASS: backend.x25519: small-order public key is rejected (IdentityElement) (288.26ms)
[26/850] PASS: backend.aead: round-trip for every advertised cipher suite (288.27ms)
[27/850] PASS: backend.aead: tag corruption is rejected for every advertised cipher suite (288.28ms)
[28/850] PASS: backend.aead: ciphertext corruption is rejected for every advertised cipher suite (288.28ms)
[29/850] PASS: backend.aead: Wycheproof AES-128-GCM tcId 2 (288.29ms)
[30/850] PASS: backend.aead: Wycheproof AES-256-GCM AAD boundary (288.30ms)
[31/850] PASS: backend.aead: Wycheproof ChaCha20-Poly1305 AAD boundary (288.30ms)
[32/850] PASS: backend.aead: ChaCha20-Poly1305 RFC 8439 §2.8.2 known-answer vector (288.31ms)
[33/850] PASS: backend.p256: mutual key agreement with fixed scalars (288.43ms)
[34/850] PASS: backend.p256: non-04 SEC1 prefix is rejected (288.45ms)
[35/850] PASS: backend.p256: off-curve point is rejected (288.46ms)
[36/850] PASS: backend.p256: zero scalar private key is rejected (288.46ms)
[37/850] PASS: backend.p256: Wycheproof tcId 1 shared secret (288.52ms)
[38/850] PASS: backend.p384: mutual key agreement with fixed scalars (288.98ms)
[39/850] PASS: backend.p384: non-04 SEC1 prefix is rejected (289.07ms)
[40/850] PASS: backend.p384: off-curve point is rejected (289.08ms)
[41/850] PASS: backend.p384: zero scalar private key is rejected (289.08ms)
[42/850] PASS: backend.p384: Wycheproof tcId 1 shared secret (289.31ms)
[43/850] PASS: backend.sign: RSA-PSS SHA-256 sign/verify round-trip (290.18ms)
[44/850] PASS: backend.sign: RSA-PSS SHA-256 rejects tampered signature (291.00ms)
[45/850] PASS: backend.sign: RSA-PSS SHA-384 sign/verify round-trip and tamper rejection (291.84ms)
[46/850] PASS: backend.sign: ECDSA P-256 SHA-256 sign/verify round-trip (291.92ms)
[47/850] PASS: backend.sign: ECDSA P-256 SHA-256 rejects tampered signature (291.95ms)
[48/850] PASS: backend.sign: ECDSA P-384 SHA-384 sign/verify round-trip and tamper rejection (292.33ms)
[49/850] PASS: backend.sign: BufferTooShort on undersized output (292.45ms)
[50/850] PASS: backend.sign: key/scheme mismatch is a libcrypto failure (292.46ms)
[51/850] PASS: backend.sign: Wycheproof RSA-PSS tcId 3 verify (292.50ms)
[52/850] PASS: backend.sign: Wycheproof RSA-PSS tcId 62 invalid signature (292.53ms)
[53/850] PASS: backend.sign: Wycheproof ECDSA P-256 tcId 1 verify (292.58ms)
[54/850] PASS: backend.sign: Wycheproof ECDSA P-256 tcId 6 invalid signature (292.59ms)
[55/850] PASS: backend.sign: Wycheproof ECDSA P-384 tcId 1 verify (292.77ms)
[56/850] PASS: backend.sign: Wycheproof ECDSA P-384 tcId 6 invalid signature (292.78ms)
[57/850] PASS: backend error-queue hygiene: malformed EC public key leaves no residue (#88) (292.78ms)
[58/850] PASS: backend error-queue hygiene: caller queue entries survive a failing wrapper (#88) (292.79ms)
[59/850] PASS: backend error-queue hygiene: scalar key load does not nest guards (#88) (292.79ms)
[60/850] PASS: backend error-queue hygiene: repeated failures leave the queue empty each round (#88) (292.80ms)
[61/850] PASS: backend error-queue hygiene: successful key load preserves caller entries (#88) (292.81ms)
[62/850] PASS: backend error-queue hygiene: failed signature verification leaves no residue (#88) (292.83ms)
[63/850] PASS: backend error-queue hygiene: failed record decrypt leaves no residue (#88) (292.84ms)
[64/850] PASS: backend error-queue hygiene: failed decrypt preserves caller entries exactly (#88) (292.84ms)
[65/850] PASS: backend error-queue hygiene: DER key load preservation is lane-dependent (#88) (292.84ms)
[66/850] PASS: backend error-queue hygiene: scheme inference preserves caller entries (#112) (292.86ms)
[67/850] PASS: backend error-queue hygiene: declined encrypted PEM loads leave no residue (#114) (292.89ms)
[68/850] PASS: backend error-queue hygiene: cert/key mismatch preservation is lane-dependent (#113) (292.92ms)
[69/850] PASS: RFC 5280 §4.2.1.10 name-constraint verdicts vs OpenSSL 3.6.3 ground truth (293.39ms)
[70/850] PASS: fuzz: verifyNameConstraints handles arbitrary NameConstraints and SAN DER (293.39ms)
[71/850] PASS: capi: ztls_version returns a non-empty string (293.39ms)
[72/850] PASS: capi: insecure client init is explicitly named (293.39ms)
[73/850] PASS: capi: size and alignment are non-zero and sane (293.40ms)
[74/850] PASS: capi: NULL parameters are rejected (293.40ms)
[75/850] PASS: capi: full client handshake through the C ABI (293.74ms)
[76/850] PASS: capi: send_application_data before connected fails (293.77ms)
[77/850] PASS: capi: KeyUpdate response is surfaced as a write event (294.07ms)
[78/850] PASS: capi: KeyUpdate without response maps to none without pending write (294.36ms)
[79/850] PASS: capi: NewSessionTicket maps to none without pending write (294.63ms)
[80/850] PASS: encrypt: rejects mismatched plaintext and ciphertext lengths (294.64ms)
[81/850] PASS: decrypt: rejects mismatched plaintext and ciphertext lengths (294.64ms)
[82/850] PASS: Aes128Gcm: encrypt/decrypt round-trip (294.64ms)
[83/850] PASS: Aes256Gcm: encrypt/decrypt round-trip (294.65ms)
[84/850] PASS: ChaCha20Poly1305: encrypt/decrypt round-trip (294.65ms)
[85/850] PASS: ChaCha20Poly1305: RFC 8439 known-answer vector (294.66ms)
[86/850] PASS: ChaCha20Poly1305: empty plaintext known-answer vector (294.67ms)
[87/850] PASS: ChaCha20Poly1305: authentication failure on tampered ciphertext (294.67ms)
[88/850] PASS: ChaCha20Poly1305: authentication failure on tampered tag (294.67ms)
[89/850] PASS: ChaCha20Poly1305: authentication failure on tampered ad (294.68ms)
[90/850] PASS: decrypt: authentication failure on tampered ciphertext (294.68ms)
[91/850] PASS: decrypt: authentication failure on tampered tag (294.68ms)
[92/850] PASS: decrypt: authentication failure on tampered ad (294.69ms)
[93/850] PASS: construct: seq 0 is just the IV (294.69ms)
[94/850] PASS: construct: seq increments flip the right bytes (294.69ms)
[95/850] PASS: construct: XOR with non-zero IV (294.69ms)
[96/850] PASS: construct: seq max u64 produces expected nonce (294.70ms)
[97/850] PASS: parse: close_notify (294.70ms)
[98/850] PASS: parse: warning-level error alert is fatal (294.70ms)
[99/850] PASS: parse: unknown alert description is fatal (294.70ms)
[100/850] PASS: parse: user_canceled is not fatal (294.71ms)
[101/850] PASS: parse: truncated (294.71ms)
[102/850] PASS: parse: rejects coalesced alert bytes (294.71ms)
[103/850] PASS: encode (294.71ms)
[104/850] PASS: fuzz: parse handles arbitrary input (294.71ms)
[105/850] PASS: alertForError: certificate failures map to certificate alerts (294.72ms)
[106/850] PASS: alertForError: parser and semantic failures map to protocol alerts (294.72ms)
[107/850] PASS: alertForError: provider failure maps to internal_error (294.72ms)
[108/850] PASS: alertForError: unknown error maps to internal_error (294.72ms)
[109/850] PASS: parse: oversized cert_len does not overflow bounds check (294.73ms)
[110/850] PASS: parseClientCertificate: oversized ctx_len does not overflow (294.73ms)
[111/850] PASS: parse: extracts public key from ECDSA P-256 certificate (294.74ms)
[112/850] PASS: parse: wrong handshake type (294.74ms)
[113/850] PASS: parse: rejects mismatched Certificate handshake body length (294.75ms)
[114/850] PASS: encodeWithRequestContext: encodes empty client certificate list (294.75ms)
[115/850] PASS: encodeWithRequestContext: rejects oversized request context (294.75ms)
[116/850] PASS: parseClientCertificate: accepts empty certificate with matching context (294.76ms)
[117/850] PASS: parseClientCertificate: rejects mismatched request context (294.76ms)
[118/850] PASS: parse: rejects non-empty server certificate request context (294.76ms)
[119/850] PASS: parse: rejects empty certificate list (294.76ms)
[120/850] PASS: parse: rejects certificate list length shorter than entries (294.77ms)
[121/850] PASS: encode: round trips certificate chain (301.54ms)
[122/850] PASS: parse: rejects unsupported CertificateEntry status_request (301.55ms)
[123/850] PASS: parse: rejects unsupported CertificateEntry SCT (301.55ms)
[124/850] PASS: parse: rejects forbidden CertificateEntry status_request_v2 (301.55ms)
[125/850] PASS: parse: rejects duplicate CertificateEntry status_request (301.56ms)
[126/850] PASS: parse: rejects malformed CertificateEntry extension length (301.56ms)
[127/850] PASS: parse: ignores unknown CertificateEntry extension (301.57ms)
[128/850] PASS: parse: validates hostname (301.57ms)
[129/850] PASS: parse: rejects hostname mismatch (301.58ms)
[130/850] PASS: parse: rejects missing trust anchor by default (301.58ms)
[131/850] PASS: parse: validates leaf against trust bundle (308.44ms)
[132/850] PASS: parse: validates leaf-intermediate-root chain (321.93ms)
[133/850] PASS: parse: rejects end-entity certificate used as issuer (322.03ms)
[134/850] PASS: parse: rejects chain with intermediate before leaf (322.11ms)
[135/850] PASS: parse: anchors chain below a cross-signed root (342.21ms)
[136/850] PASS: parse: rejects cross-signed root without a bundle anchor below it (355.51ms)
[137/850] PASS: parse: rejects chain with missing intermediate (355.61ms)
[138/850] PASS: parse: rejects chain hostname mismatch (355.70ms)
[139/850] PASS: parse: rejects untrusted leaf when bundle misses issuer (355.71ms)
[140/850] PASS: parse: accepts chain with matching DNS name constraints (368.77ms)
[141/850] PASS: parse: rejects chain with excluded DNS name constraints (381.80ms)
[142/850] PASS: parse: rejects chain outside permitted DNS name constraints (394.87ms)
[143/850] PASS: parse: insecure no-anchor path still enforces name constraints (401.59ms)
[144/850] PASS: parse: rejects signed unprocessed critical extension for both roles (401.68ms)
[145/850] PASS: parse: accepts signed noncritical extension and supported critical extensions (428.53ms)
[146/850] PASS: parse: rejects signed SAN with an invalid wrapper (428.64ms)
[147/850] PASS: parse: rejects chain exceeding pathLenConstraint zero (448.25ms)
[148/850] PASS: parse: accepts pathLenConstraint zero with a CA target (461.34ms)
[149/850] PASS: parse: rejects chain exceeding pathLenConstraint one (487.27ms)
[150/850] PASS: parse: accepts chain at pathLenConstraint one (506.77ms)
[151/850] PASS: parse: imposes no path-length limit when pathLenConstraint is absent (526.39ms)
[152/850] PASS: parse: enforces the tightest of multiple pathLenConstraints (552.44ms)
[153/850] PASS: parse: accepts multiple satisfied pathLenConstraints (571.97ms)
[154/850] PASS: parse: self-issued intermediate does not consume path length (591.62ms)
[155/850] PASS: parse: intermediate below a self-issued certificate still counts (617.79ms)
[156/850] PASS: parse: trust anchor pathLenConstraint limits intermediates below it (637.43ms)
[157/850] PASS: parse: trust anchor pathLenConstraint satisfied (650.43ms)
[158/850] PASS: parse: certificates above the anchored path are outside the path (676.54ms)
[159/850] PASS: parse: cross-signed root constraint binds inside the anchored path (702.60ms)
[160/850] PASS: parseClientChain: rejects client chain exceeding pathLenConstraint zero (722.82ms)
[161/850] PASS: parseClientChain: accepts client chain at pathLenConstraint zero (736.32ms)
[162/850] PASS: parse: insecure no-anchor path still enforces pathLenConstraint (749.70ms)
[163/850] PASS: parse: insecure no-anchor path accepts constrained chain with self-issued steps (763.10ms)
[164/850] PASS: parse: malformed DER length is rejected, not crashed (763.10ms)
[165/850] PASS: certificate_policy.verifyServerAuth: non-v3 certificates are rejected (763.11ms)
[166/850] PASS: certificate_policy.verifyServerAuth: KeyUsage without digitalSignature is rejected (763.11ms)
[167/850] PASS: certificate_policy.verifyServerAuth: EKU without serverAuth is rejected (763.11ms)
[168/850] PASS: certificate_policy.verifyClientAuth: EKU without clientAuth is rejected (763.12ms)
[169/850] PASS: certificate_policy.verifyClientAuth: KeyUsage without digitalSignature is rejected (763.12ms)
[170/850] PASS: certificate_policy.verifyClientAuth: clientAuth EKU is accepted (763.12ms)
[171/850] PASS: certificate_policy.verifyServerAuth: legacy certificate signatures are rejected (763.12ms)
[172/850] PASS: certificate_policy.verifyServerAuth: RSA PKCS1 SHA-256 certificate signature is accepted (763.13ms)
[173/850] PASS: certificate_policy: Ed25519 chain signature algorithm accepted when advertised (763.13ms)
[174/850] PASS: certificate_policy: Ed25519 chain signature algorithm rejected when not advertised (763.13ms)
[175/850] PASS: parse: Ed25519 self-signed certificate verified via std.crypto (763.14ms)
[176/850] PASS: certificate_policy.verifyServerAuth: rejects certificate signature outside policy (763.14ms)
[177/850] PASS: certificate signature policy checks non-self-signed chain certificates (763.14ms)
[178/850] PASS: certificate signature policy skips self-signed chain certificates (763.15ms)
[179/850] PASS: certificate_policy.verifyServerAuth: unrestricted supported leaf is accepted (763.15ms)
[180/850] PASS: encodeCertificateVerify: wraps signature (763.15ms)
[181/850] PASS: verifySignature: valid ECDSA P-256 signature (763.22ms)
[182/850] PASS: verifySignature: valid RSA-PSS SHA-256 signature (763.26ms)
[183/850] PASS: verifySignature: rejects RSA-PSS signature with wrong salt length (763.28ms)
[184/850] PASS: verifySignature: wrong transcript hash (763.33ms)
[185/850] PASS: verifySignature: rejects scheme absent from offered list (763.34ms)
[186/850] PASS: verifySignature: client CV rejects scheme absent from offered list (763.34ms)
[187/850] PASS: verifySignature: rejects RSA PKCS1 CertificateVerify scheme (763.35ms)
[188/850] PASS: verifySignature: rejects certificate key and scheme mismatch (763.35ms)
[189/850] PASS: verifySignature: server signature is not valid for client context (763.40ms)
[190/850] PASS: verifySignature: wrong handshake type (763.41ms)
[191/850] PASS: parse: extracts critical name constraints (763.42ms)
[192/850] PASS: parse: extracts non-critical name constraints (763.43ms)
[193/850] PASS: fuzz: parse handles arbitrary input (763.43ms)
[194/850] PASS: CertificateChain: single certificate view (763.44ms)
[195/850] PASS: CertificateChain.fromPem: decodes a certificate chain (763.44ms)
[196/850] PASS: CertificateChain.fromPem: rejects malformed input (763.45ms)
[197/850] PASS: CertificateChain.fromPem: rejects exhausted caller storage (763.46ms)
[198/850] PASS: fuzz: CertificateChain.fromPem handles arbitrary input (763.46ms)
[199/850] PASS: active backend identity matches the private provider facade (763.47ms)
[200/850] PASS: hybrid capability queries match the active backend (763.47ms)
[201/850] PASS: validateHybridGroups reports local policy faults (763.47ms)
[202/850] PASS: requiresP384 identifies only P-384 hybrid policy (763.47ms)
[203/850] PASS: CipherSuite wire values (763.48ms)
[204/850] PASS: PskOfferIter: walks identity/binder pairs in offer order (763.48ms)
[205/850] PASS: PskOfferIter: rejects oversized lengths (763.48ms)
[206/850] PASS: PskOfferIter: rejects a slack-byte identities vector (763.48ms)
[207/850] PASS: PskOfferIter: rejects more binders than identities (763.49ms)
[208/850] PASS: encode: size matches encodedLen (763.49ms)
[209/850] PASS: encodeWithPsk: pre_shared_key is last, binder prefix and offset are correct (763.50ms)
[210/850] PASS: encodeWithPsk: rejects unsupported binder length (763.50ms)
[211/850] PASS: parse: ClientHello with pre_shared_key round-trips (763.51ms)
[212/850] PASS: encodeWithP256: size matches encodedLenWithP256 (763.51ms)
[213/850] PASS: encode: handshake type and legacy version (763.52ms)
[214/850] PASS: encode: cipher suites match backend capabilities (763.52ms)
[215/850] PASS: encode: legacy_session_id is empty (763.52ms)
[216/850] PASS: encode: supported_groups contains X25519 (763.52ms)
[217/850] PASS: encode: key_share contains public key (763.53ms)
[218/850] PASS: encodeWithP256: includes X25519 and secp256r1 key shares (763.53ms)
[219/850] PASS: encodeWithP256P384: includes X25519, secp256r1, and secp384r1 key shares (763.54ms)
[220/850] PASS: encodeWithP256P384: size matches encodedLenWithP256P384 (763.54ms)
[221/850] PASS: parse: accepts secp384r1 key share (763.65ms)
[222/850] PASS: parse: rejects compressed secp384r1 key share (763.65ms)
[223/850] PASS: encodeRetryAfterHrr: secp384r1 selected, no cookie (763.66ms)
[224/850] PASS: encode: SNI present when server_name set (763.67ms)
[225/850] PASS: encode: SNI absent when server_name is null (763.67ms)
[226/850] PASS: encode: supported_versions contains TLS 1.3 (763.67ms)
[227/850] PASS: encode: signature_algorithms match backend capabilities (763.68ms)
[228/850] PASS: encode: signature_algorithms_cert match backend capabilities (763.68ms)
[229/850] PASS: encode: ALPN present when protocols set (763.68ms)
[230/850] PASS: encode: rejects invalid ALPN protocols (763.68ms)
[231/850] PASS: parse: encoded ClientHello (763.69ms)
[232/850] PASS: parse: tracks offered SNI extension presence (763.70ms)
[233/850] PASS: parse: tracks offered record_size_limit extension presence (763.70ms)
[234/850] PASS: parse: accepts secp256r1 supported group and key share (763.73ms)
[235/850] PASS: parseSupportedGroups: records RFC 10024 groups (763.73ms)
[236/850] PASS: parse: rejects malformed X25519 key share (763.74ms)
[237/850] PASS: parse: rejects key share outside supported_groups (763.76ms)
[238/850] PASS: parse: rejects oversized legacy_session_id (763.77ms)
[239/850] PASS: parse: rejects SSLv3-or-lower legacy_version (763.77ms)
[240/850] PASS: parse: rejects missing supported_versions (763.78ms)
[241/850] PASS: parse: rejects supported_versions without TLS 1.3 (763.78ms)
[242/850] PASS: parse: rejects missing supported_groups (763.78ms)
[243/850] PASS: parse: rejects missing signature_algorithms (763.79ms)
[244/850] PASS: parse: rejects malformed signature_algorithms (763.79ms)
[245/850] PASS: parse: rejects signature_algorithms without TLS 1.3 handshake scheme (763.80ms)
[246/850] PASS: parse: rejects malformed ClientHello (763.80ms)
[247/850] PASS: parse: rejects malformed compression methods (763.81ms)
[248/850] PASS: parse: no shared supported group is rejected (763.81ms)
[249/850] PASS: parse: rejects duplicate x25519 key share entries (763.82ms)
[250/850] PASS: parseKeyShare: retains all RFC 10024 hybrid entries (763.82ms)
[251/850] PASS: encode: buffer too short (763.82ms)
[252/850] PASS: encode: server_name too long (763.82ms)
[253/850] PASS: parse: rejects duplicate supported_groups (763.83ms)
[254/850] PASS: parse: missing X25519 key share leaves public key null (763.83ms)
[255/850] PASS: parse: rejects duplicate signature_algorithms (763.84ms)
[256/850] PASS: parse: rejects duplicate signature_algorithms_cert (763.84ms)
[257/850] PASS: parse: ignores unknown extension (763.84ms)
[258/850] PASS: parse: ignores unknown supported_groups entries (763.85ms)
[259/850] PASS: fuzz: parse handles arbitrary input (763.85ms)
[260/850] PASS: encodeRetryAfterHrr: X25519 selected, no cookie (763.86ms)
[261/850] PASS: encodeRetryAfterHrr: preserves PSK key exchange mode (763.86ms)
[262/850] PASS: encodeRetryAfterHrr: secp256r1 selected, no cookie (763.87ms)
[263/850] PASS: encodeRetryAfterHrr: includes cookie when provided (763.87ms)
[264/850] PASS: encodeRetryAfterHrr: preserves SNI and ALPN from ClientHello1 (763.88ms)
[265/850] PASS: encodeRetryAfterHrr: rejects unsupported group (763.88ms)
[266/850] PASS: encodeRetryAfterHrr: missing configured hybrid share is a policy error (763.88ms)
[267/850] PASS: encodeWithHybridGroups: rejects unknown share group without panic (763.88ms)
[268/850] PASS: KEM key_share round-trip: ClientHello encode → parse preserves 1216-byte public key (763.90ms)
[269/850] PASS: parse: psk_key_exchange_modes list_len 0xFF rejected without overflow (763.90ms)
[270/850] PASS: SessionTicket.secureZero erases identity, PSK, and metadata (763.91ms)
[271/850] PASS: HybridPolicy.validate rejects an initial share outside its group list (763.91ms)
[272/850] PASS: Config.validate reports unavailable groups and missing P-384 material (763.94ms)
[273/850] PASS: start validates hybrid policy before key generation and output (764.03ms)
[274/850] PASS: transcript hash: RFC 8448 §3 ClientHello || ServerHello (764.06ms)
[275/850] PASS: deriveHandshakeKeys: RFC 8448 §3 server handshake key/iv/finished (764.11ms)
[276/850] PASS: processServerHello: RFC 8448 §3 installs server handshake keys (764.19ms)
[277/850] PASS: processServerHello: accepts secp256r1 key_share (764.31ms)
[278/850] PASS: processServerHello: rejects invalid secp256r1 point (764.35ms)
[279/850] PASS: processServerHello: rejects unoffered secp256r1 key_share (764.39ms)
[280/850] PASS: processServerHello: rejects mismatched session id echo (764.42ms)
[281/850] PASS: processServerHello: rejects unoffered cipher suite (764.45ms)
[282/850] PASS: processFlight: stores selected ALPN (764.52ms)
[283/850] PASS: processFlight: rejects unoffered ALPN (764.59ms)
[284/850] PASS: processFlight: rejects unanchored Certificate by default (765.08ms)
[285/850] PASS: processFlight: rejects non-empty server Certificate request context (765.53ms)
[286/850] PASS: processFlight: rejects empty server Certificate list (765.97ms)
[287/850] PASS: processFlight: rejects unsolicited EncryptedExtensions ALPN (766.04ms)
[288/850] PASS: processFlight: rejects unrequested server CertificateEntry status_request (766.48ms)
[289/850] PASS: processFlight: RFC 8448 §3 full server flight to connected (766.95ms)
[290/850] PASS: processFlight: rejects handshake message after server Finished (767.41ms)
[291/850] PASS: processFlight: handshake message spanning records needs buffer (767.84ms)
[292/850] PASS: processFlight: reassembles handshake message split across records (768.33ms)
[293/850] PASS: processFlight: buffered path rejects handshake message after server Finished (768.78ms)
[294/850] PASS: processFlight: RFC 8448 §3 flight split one message per record (769.24ms)
[295/850] PASS: handleRecord: malformed ServerHello is rejected (769.27ms)
[296/850] PASS: processFlight: rejects Finished before EncryptedExtensions (769.34ms)
[297/850] PASS: processFlight: rejects CertificateVerify before Certificate (769.77ms)
[298/850] PASS: processFlight: rejects Finished before CertificateVerify (770.22ms)
[299/850] PASS: processFlight: rejects unoffered CertificateVerify scheme (770.66ms)
[300/850] PASS: processFlight: rejects wrong CertificateVerify signature (771.12ms)
[301/850] PASS: processFlight: rejects wrong server Finished verify_data (771.57ms)
[302/850] PASS: handleRecord: plaintext fatal alert in wait_sh (771.61ms)
[303/850] PASS: handleRecord: malformed alert record does not set or replace lastPeerAlert (771.64ms)
[304/850] PASS: handleRecord: unknown alert codes are preserved (771.67ms)
[305/850] PASS: handleRecord: lastPeerAlert replaced by later alert, preserved by close/malformed (771.69ms)
[306/850] PASS: handleRecord: rejects ChangeCipherSpec before ClientHello (771.71ms)
[307/850] PASS: handleRecord: drops valid ChangeCipherSpec after ClientHello (771.74ms)
[308/850] PASS: handleRecord: rejects malformed ChangeCipherSpec payload (771.76ms)
[309/850] PASS: handleRecord: encrypted fatal alert during server flight (771.83ms)
[310/850] PASS: handleRecord: rejects server KeyUpdate before Finished (771.90ms)
[311/850] PASS: handleRecord: truncated encrypted flight is rejected (772.37ms)
[312/850] PASS: handleRecord: corrupted encrypted flight is rejected (772.81ms)
[313/850] PASS: handleRecord: post-handshake unexpected inner content type is rejected (773.30ms)
[314/850] PASS: handleRecord: encrypted application data during server flight is rejected (773.37ms)
[315/850] PASS: clientFinished: RFC 8448 §3 emits Finished and upgrades to app keys (773.84ms)
[316/850] PASS: processFlight: accepts CertificateRequest before server Certificate (774.27ms)
[317/850] PASS: processFlight: rejects non-empty handshake CertificateRequest context (774.71ms)
[318/850] PASS: clientFinished: sends empty Certificate before Finished for CertificateRequest (775.19ms)
[319/850] PASS: clientFinished: empty CertificateRequest with no credentials still finishes (775.66ms)
[320/850] PASS: client auth: setCredentials stores client credentials (775.69ms)
[321/850] PASS: ratchetClientKey: RFC 8446 §7.2 next application write key (776.19ms)
[322/850] PASS: handleRecord: application data resets both post-handshake flood counters (776.68ms)
[323/850] PASS: receiveRecord: RX progresses while a client TX record is pending (777.16ms)
[324/850] PASS: receiveKtlsRecord: client processes kernel-decrypted records (777.66ms)
[325/850] PASS: receiveKtlsRecord: client finds KeyUpdate after NewSessionTicket (778.15ms)
[326/850] PASS: ratchetKtlsTx: client advances only an idle TX epoch (778.63ms)
[327/850] PASS: handleRecord: server KeyUpdate(update_requested) ratchets rx and responds (779.13ms)
[328/850] PASS: handleRecord: KeyUpdate not at record boundary is rejected (779.61ms)
[329/850] PASS: handleRecord: invalid server KeyUpdate request is rejected (780.11ms)
[330/850] PASS: handleRecord: server KeyUpdate(update_not_requested) surfaces key_update rx only (780.61ms)
[331/850] PASS: handleRecord: self-initiated sendKeyUpdate response surfaces rx only (781.11ms)
[332/850] PASS: sendAlert: plaintext fatal alert before ServerHello (781.13ms)
[333/850] PASS: sendAlert: encrypted close_notify after handshake (781.60ms)
[334/850] PASS: handleRecord: close_notify returns closed (782.08ms)
[335/850] PASS: handleRecord: fatal alert returns PeerAlert (782.56ms)
[336/850] PASS: handleRecord: NewSessionTicket is surfaced as an event (783.05ms)
[337/850] PASS: clientFinished: RFC 8448 §4 resumption_master_secret over the live transcript (783.53ms)
[338/850] PASS: startWithPsk: binder matches an independent HMAC over the prefix (783.59ms)
[339/850] PASS: startWithPsk: advertises configured RFC 10024 key share (783.69ms)
[340/850] PASS: startWithPsk: ticket without early-data permission omits early_data (783.73ms)
[341/850] PASS: EncryptedExtensions: rejects early_data when server declined PSK (783.82ms)
[342/850] PASS: EncryptedExtensions: rejects early_data without early traffic keys (783.91ms)
[343/850] PASS: EncryptedExtensions: rejects early_data after HelloRetryRequest (784.00ms)
[344/850] PASS: processServerHello rejects selected PSK with incompatible cipher suite hash (784.13ms)
[345/850] PASS: handleRecord: PSK-offering client rejects bare Finished unless server selected PSK (784.38ms)
[346/850] PASS: handleRecord: accepts 17 consecutive NewSessionTickets (784.88ms)
[347/850] PASS: handleRecord: NewSessionTicket flood is rejected with ticket-specific error (785.40ms)
[348/850] PASS: handleRecord: malformed NewSessionTicket is rejected (785.88ms)
[349/850] PASS: handleRecord: KeyUpdate flood is rejected (786.54ms)
[350/850] PASS: handleRecord: empty application data does not reset flood counters (787.03ms)
[351/850] PASS: handleRecord: KeyUpdate flood cap fires despite empty app-data interleaving (787.70ms)
[352/850] PASS: start: uses Config host_name for SNI and policy (787.73ms)
[353/850] PASS: handleRecord: drives RFC 8448 §3 handshake to connected (788.24ms)
[354/850] PASS: handleRecord: unacknowledged write blocks further calls (788.72ms)
[355/850] PASS: sendEarlyData: unacknowledged write blocks further early data (788.78ms)
[356/850] PASS: handleRecord: zero-length plaintext handshake is rejected (788.80ms)
[357/850] PASS: handleRecord: zero-length encrypted handshake is rejected (788.87ms)
[358/850] PASS: handleRecord: all-zero inner plaintext maps to unexpected_message (789.35ms)
[359/850] PASS: handleRecord: application_data before ServerHello is rejected (789.38ms)
[360/850] PASS: HandshakeReader: splits coalesced messages (789.38ms)
[361/850] PASS: HandshakeReader: truncated body is UnexpectedEof (789.39ms)
[362/850] PASS: fuzz: HandshakeReader handles arbitrary input (789.39ms)
[363/850] PASS: fuzz: processFlight handles arbitrary decrypted bytes (789.58ms)
[364/850] PASS: fuzz: 0-RTT client state machine handles arbitrary inbound records (789.66ms)
[365/850] PASS: processHelloRetryRequest: rejects already-offered key_share group (789.69ms)
[366/850] PASS: processHelloRetryRequest: secp256r1 selected produces ClientHello2 (789.72ms)
[367/850] PASS: processHelloRetryRequest: transcript collapse matches §4.4.1 (789.75ms)
[368/850] PASS: processHelloRetryRequest: removes PSK with incompatible hash (789.86ms)
[369/850] PASS: processHelloRetryRequest: rejects second HRR (789.89ms)
[370/850] PASS: processHelloRetryRequest: rejects unoffered selected_group (789.92ms)
[371/850] PASS: processServerHello: post-HRR rejects mismatched cipher suite (789.94ms)
[372/850] PASS: processServerHello: post-HRR rejects mismatched key_share group (789.97ms)
[373/850] PASS: processServerHello: post-HRR accepts matching ServerHello (790.09ms)
[374/850] PASS: handleRecord: HRR returns ClientHello2 as write event (790.12ms)
[375/850] PASS: processHelloRetryRequest: returns null for normal ServerHello (790.14ms)
[376/850] PASS: processHelloRetryRequest: HRR with cookie echoes cookie in CH2 (790.17ms)
[377/850] PASS: deinit leaves caller-owned buffers to the caller (790.66ms)
[378/850] PASS: secureZero zeroes all secret material (790.79ms)
[379/850] PASS: Array.secureZero clears contents (790.79ms)
[380/850] PASS: lastIndexOfNonZero: last byte non-zero (fast path) (790.79ms)
[381/850] PASS: lastIndexOfNonZero: all zeros (790.80ms)
[382/850] PASS: lastIndexOfNonZero: single non-zero byte at start (790.80ms)
[383/850] PASS: lastIndexOfNonZero: single byte, non-zero (790.80ms)
[384/850] PASS: lastIndexOfNonZero: single byte, zero (790.80ms)
[385/850] PASS: lastIndexOfNonZero: non-zero in scalar tail (790.80ms)
[386/850] PASS: lastIndexOfNonZero: exactly chunk_len bytes, non-zero at start (790.81ms)
[387/850] PASS: lastIndexOfNonZero: exactly chunk_len bytes, all zeros (790.81ms)
[388/850] PASS: lastIndexOfNonZero: large buffer, non-zero in first chunk (790.81ms)
[389/850] PASS: lastIndexOfNonZero: large buffer, non-zero in middle chunk (790.81ms)
[390/850] PASS: lastIndexOfNonZero: large buffer, all zeros (790.82ms)
[391/850] PASS: encrypt: buffer too short (790.82ms)
[392/850] PASS: encrypt: sequence number overflow (790.82ms)
[393/850] PASS: deinit: clears caller-visible traffic key material (790.83ms)
[394/850] PASS: ktlsInfo: AES-GCM salt and IV reconstruct RFC 8446 nonce (790.83ms)
[395/850] PASS: ktlsInfo: cipher type uses Linux UAPI values (790.83ms)
[396/850] PASS: ktlsInfo: exported key material survives RecordLayer deinit (790.84ms)
[397/850] PASS: KtlsInfo.secureZero erases exported traffic material (790.84ms)
[398/850] PASS: encrypt/decrypt: key update required at AEAD usage limit (790.84ms)
[399/850] PASS: encryptPrepared/decrypt: round-trip (790.85ms)
[400/850] PASS: encrypt/decrypt: round-trip (790.85ms)
[401/850] PASS: encrypt/decrypt: sequence numbers advance (790.85ms)
[402/850] PASS: decrypt: failed auth exposes backend failure buffer behavior (790.86ms)
[403/850] PASS: decrypt: replayed record is rejected (790.86ms)
[404/850] PASS: encrypt/decrypt: zero-length application data (790.87ms)
[405/850] PASS: decrypt: rejects all-zero inner plaintext (790.87ms)
[406/850] PASS: encrypt/decrypt: maximum plaintext fragment length (790.95ms)
[407/850] PASS: decrypt: wrong content type (790.95ms)
[408/850] PASS: decrypt: payload shorter than tag (790.96ms)
[409/850] PASS: decrypt: truncated ciphertext record (790.96ms)
[410/850] PASS: decrypt: sequence number overflow (790.96ms)
[411/850] PASS: fuzz: decrypt handles arbitrary input (790.96ms)
[412/850] PASS: PendingWrite: mark and clear (790.97ms)
[413/850] PASS: SliceBuffer: append and retain (790.97ms)
[414/850] PASS: append and slice (790.97ms)
[415/850] PASS: appendAssumeCapacity (790.97ms)
[416/850] PASS: secureZero clears full storage and length (790.98ms)
[417/850] PASS: append returns error on overflow (790.98ms)
[418/850] PASS: clear resets length (790.98ms)
[419/850] PASS: Reader iterates coalesced messages (790.98ms)
[420/850] PASS: parseKeyUpdate (790.99ms)
[421/850] PASS: rejectDuplicateExtensions: rejects more than the extension count cap (790.99ms)
[422/850] PASS: rejectDuplicateExtensions: rejects duplicate unknown type (790.99ms)
[423/850] PASS: rejectDuplicateExtensions: accepts distinct extension types (791.00ms)
[424/850] PASS: ExtensionType.isGrease: detects reserved GREASE extension code points (791.00ms)
[425/850] PASS: rejectDuplicateExtensions: rejects malformed block (791.00ms)
[426/850] PASS: RFC 10024 hybrid groups round-trip (791.95ms)
[427/850] PASS: hybrid decapsulation rejects wrong server share length (791.98ms)
[428/850] PASS: NamedGroup wire identifiers (791.98ms)
[429/850] PASS: RFC 10024 hybrid group sizes (791.99ms)
[430/850] PASS: HkdfSha256.trafficKey: RFC 8448 §3 server handshake (791.99ms)
[431/850] PASS: HkdfSha384: traffic key/iv, finished key, traffic-upd (independent vector) (792.06ms)
[432/850] PASS: HkdfSha256.trafficIv: RFC 8448 §3 server handshake (792.06ms)
[433/850] PASS: HkdfSha256.earlySecret: RFC 8448 §3 (792.07ms)
[434/850] PASS: HkdfSha256: RFC 8448 §3/§4 PSK and resumption secrets (792.09ms)
[435/850] PASS: HkdfSha256.handshakeSecret: RFC 8448 §3 (792.09ms)
[436/850] PASS: HkdfSha256.masterSecret: RFC 8448 §3 (792.10ms)
[437/850] PASS: HkdfSha256.clientHandshakeTrafficSecret: RFC 8448 §3 (792.11ms)
[438/850] PASS: HkdfSha256.finishedKey: RFC 8448 §3 server (792.11ms)
[439/850] PASS: HkdfSha256.nextTrafficSecret: RFC 8446 §7.2 (792.12ms)
[440/850] PASS: HkdfSha256.serverHandshakeTrafficSecret: RFC 8448 §3 (792.12ms)
[441/850] PASS: sharedSecret: RFC 7748 X25519 vector (792.15ms)
[442/850] PASS: KeyPair.generateDeterministic: RFC 7748 public keys (792.19ms)
[443/850] PASS: KeyPair.generateDeterministic emits uncompressed SEC1 public key (792.21ms)
[444/850] PASS: sharedSecret: P-256 deterministic peers agree (792.34ms)
[445/850] PASS: KeyPair.generate: healthy entropy path (792.38ms)
[446/850] PASS: KeyPair.secureZero erases secret and public material (792.39ms)
[447/850] PASS: generateRetry: a LibcryptoFailed attempt is terminal, not retried (792.40ms)
[448/850] PASS: generateRetry: an invalid scalar retries exactly to the bound (792.40ms)
[449/850] PASS: generateRetry: retries a bad draw and succeeds (792.42ms)
[450/850] PASS: KeyPair.generateDeterministic enforces the scalar range [1, n-1] (792.44ms)
[451/850] PASS: sharedSecret: rejects compressed P-256 point (792.47ms)
[452/850] PASS: KeyPair.generateDeterministic emits uncompressed SEC1 public key (792.57ms)
[453/850] PASS: KeyPair.secureZero erases secret and public material (792.66ms)
[454/850] PASS: sharedSecret: P-384 deterministic peers agree (793.28ms)
[455/850] PASS: generateRetry: a LibcryptoFailed attempt is terminal, not retried (793.28ms)
[456/850] PASS: generateRetry: an invalid scalar retries exactly to the bound (793.29ms)
[457/850] PASS: generateRetry: retries a bad draw and succeeds (793.38ms)
[458/850] PASS: KeyPair.generateDeterministic enforces the scalar range [1, n-1] (793.48ms)
[459/850] PASS: sharedSecret: rejects compressed P-384 point (793.66ms)
[460/850] PASS: active backend matches the selected libcrypto headers (793.66ms)
[461/850] PASS: capabilities are non-empty for the active backend (793.66ms)
[462/850] PASS: x25519 handle shape matches active backend (793.67ms)
[463/850] PASS: client group capabilities match implemented client key-share plumbing (793.67ms)
[464/850] PASS: aead context shape matches active backend (793.67ms)
[465/850] PASS: aws-lc aead deinit clears inline context (793.68ms)
[466/850] PASS: capability helpers recognize advertised algorithms (793.68ms)
[467/850] PASS: fips: chacha20_poly1305_sha256 excluded from FIPS cipher_suites (793.68ms)
[468/850] PASS: fips: rsa_pkcs1_sha* excluded from FIPS certificate_signature_schemes (793.68ms)
[469/850] PASS: fips: ed25519 excluded from FIPS certificate_signature_schemes (793.69ms)
[470/850] PASS: fips: ML-KEM disabled in FIPS capability table (793.69ms)
[471/850] PASS: fips: FIPS capabilities are a subset of non-FIPS capabilities (793.69ms)
[472/850] PASS: fips: active capabilities follow FIPS identity (793.69ms)
[473/850] PASS: Parsed.verifyHostName rejects universal tag 2 as dNSName (793.70ms)
[474/850] PASS: Parsed.verifyHostName requires dNSName SAN (793.70ms)
[475/850] PASS: Parsed.checkHostName rejects public suffix wildcard (793.70ms)
[476/850] PASS: Parsed.checkHostName RFC 6125 compliance (793.71ms)
[477/850] PASS: Parsed.allowsKeyUsage reads digitalSignature (793.71ms)
[478/850] PASS: Parsed.allowsKeyUsage rejects malformed empty bit payload (793.71ms)
[479/850] PASS: Parsed.allowsExtKeyUsage finds serverAuth (793.72ms)
[480/850] PASS: Parsed.allowsExtKeyUsage rejects non-SEQUENCE wrapper (793.72ms)
[481/850] PASS: Parsed.nameConstraints extracts extension value (793.72ms)
[482/850] PASS: Parsed.nameConstraints absent returns empty (793.72ms)
[483/850] PASS: Parsed.verifyNameConstraints: DNS permitted subtree (793.73ms)
[484/850] PASS: Parsed.verifyNameConstraints: DNS permitted subtree mismatch (793.73ms)
[485/850] PASS: Parsed.verifyNameConstraints: DNS excluded subtree (793.73ms)
[486/850] PASS: Parsed.verifyNameConstraints: mixed DNS SAN violation is rejected (793.74ms)
[487/850] PASS: Parsed.verifyNameConstraints: DNS common name fallback (793.74ms)
[488/850] PASS: Parsed.verifyNameConstraints: IP permitted subnet (793.74ms)
[489/850] PASS: Parsed.verifyNameConstraints: permitted subtrees are type-specific (793.75ms)
[490/850] PASS: Parsed.verifyNameConstraints: email permitted subtree (793.75ms)
[491/850] PASS: Parsed.verifyNameConstraints: email mailbox local part is case-sensitive (793.75ms)
[492/850] PASS: Parsed.verifyNameConstraints: URI excluded subtree (793.76ms)
[493/850] PASS: Parsed.verifyNameConstraints: URI strips userinfo before host matching (793.76ms)
[494/850] PASS: Parsed.verifyNameConstraints: explicit minimum zero is accepted (793.76ms)
[495/850] PASS: Parsed.verifyNameConstraints: critical unsupported subtree is rejected (793.77ms)
[496/850] PASS: Parsed.verifyNameConstraints: non-critical unsupported subtree is ignored (793.77ms)
[497/850] PASS: parseBasicConstraints rejects pathLenConstraint without cA (793.77ms)
[498/850] PASS: parse rejects unknown critical extension (793.78ms)
[499/850] PASS: parse rejects duplicate recognized extensions (793.78ms)
[500/850] PASS: parse accepts old and new authority key identifier OIDs (793.79ms)
[501/850] PASS: parseBitString rejects empty bit string content (793.79ms)
[502/850] PASS: parseTime maps UTCTime centuries and expires 1999 certificates (793.79ms)
[503/850] PASS: parseTime enforces GeneralizedTime certificate grammar (793.80ms)
[504/850] PASS: parseTime rejects impossible dates and accepts leap day (793.80ms)
[505/850] PASS: certificate_parser.decltest.parseTimeDigits (793.80ms)
[506/850] PASS: certificate_parser.decltest.parseYear4 (793.81ms)
[507/850] PASS: certificate_parser.test_0 (793.81ms)
[508/850] PASS: PrivateKey.sign: RSA-PSS SHA-256 uses TLS parameters (794.63ms)
[509/850] PASS: PrivateKey.sign: short RSA-PSS output buffer is rejected (794.75ms)
[510/850] PASS: PrivateKey.sign: key and scheme mismatch is a libcrypto failure (794.77ms)
[511/850] PASS: PrivateKey.sign: deterministic ECDSA matches the RFC 6979 vector (794.79ms)
[512/850] PASS: PrivateKey.sign: deterministic ECDSA P-384 matches the RFC 6979 A.2.6 vector (794.88ms)
[513/850] PASS: PrivateKey.sign: deterministic nonce with RSA-PSS is rejected (795.00ms)
[514/850] PASS: PrivateKey.fromPemAuto: RSA PKCS#8 and PKCS#1 both infer rsa_pss_rsae_sha256 (795.92ms)
[515/850] PASS: PrivateKey.fromPemAuto: P-256 infers ecdsa_secp256r1_sha256 and signs (795.95ms)
[516/850] PASS: PrivateKey.fromPemAuto: P-384 infers ecdsa_secp384r1_sha384 and signs (796.12ms)
[517/850] PASS: PrivateKey.fromPemAuto: P-521 is rejected at load by the capability gate (796.29ms)
[518/850] PASS: PrivateKey.fromPemAuto: Ed25519 is rejected at load by the capability gate (796.32ms)
[519/850] PASS: PrivateKey.fromPemAuto: secp224r1 has no CertificateVerify scheme (796.34ms)
[520/850] PASS: PrivateKey.fromPemAuto: garbage PEM fails at load (796.34ms)
[521/850] PASS: PrivateKey.fromPem: encrypted PEM fails at load (796.48ms)
[522/850] PASS: PrivateKey.fromPemAuto: encrypted PEM fails at load (796.50ms)
[523/850] PASS: PrivateKey.pairsWith: P-256 scalar key pairs with its leaf certificate (796.53ms)
[524/850] PASS: PrivateKey.pairsWith: auto-inferred RSA and P-256 keys pair with their leaves (796.68ms)
[525/850] PASS: PrivateKey.pairsWith: same-algorithm mismatch is a named error (796.70ms)
[526/850] PASS: PrivateKey.pairsWith: cross-algorithm mismatch is a named error (796.72ms)
[527/850] PASS: PrivateKey.pairsWith: garbage leaf DER is not a certificate (796.74ms)
[528/850] PASS: PrivateKey.pairsWith: trailing bytes make leaf DER invalid (796.87ms)
[529/850] PASS: OpenSSL AEAD initialization rejects wrong key length (796.87ms)
[530/850] PASS: ML-KEM-768 encapsulate/decapsulate round-trip (796.91ms)
[531/850] PASS: ML-KEM-1024 encapsulate/decapsulate round-trip (796.96ms)
[532/850] PASS: ML-KEM encapsulation-key modulus boundary (796.98ms)
[533/850] PASS: ML-KEM rejects non-canonical encapsulation keys (796.98ms)
[534/850] PASS: ML-KEM rejects a wrong-length ciphertext (797.00ms)
[535/850] PASS: classify: bounded PSK identity admission is a buffer-class limit (797.00ms)
[536/850] PASS: classify: certificate failures never fall into a generic bucket (797.00ms)
[537/850] PASS: classify: authentication failures are their own class (797.00ms)
[538/850] PASS: classify: remaining buckets (797.01ms)
[539/850] PASS: parseHeader: valid plaintext record (797.01ms)
[540/850] PASS: parseHeader: application_data record (TLSCiphertext) (797.01ms)
[541/850] PASS: parseHeader: ignores legacy_record_version (797.02ms)
[542/850] PASS: parseHeader: buffer too short (797.02ms)
[543/850] PASS: parseHeader: exactly 5 bytes (header only, no fragment) (797.02ms)
[544/850] PASS: parseHeader: max valid length (797.02ms)
[545/850] PASS: parseHeader: length exceeds max (797.02ms)
[546/850] PASS: Header.init round-trips with parseHeader (797.03ms)
[547/850] PASS: Header.write: emits TLS 1.2 legacy_record_version (797.03ms)
[548/850] PASS: fuzz: parseHeader handles arbitrary input (797.03ms)
[549/850] PASS: kernel cipher_type values match KtlsCipherType (797.03ms)
[550/850] PASS: kernel socket option constants (797.04ms)
[551/850] PASS: packed kTLS info secureZero methods erase every byte (797.04ms)
[552/850] PASS: packAesGcm128 splits the 12-byte IV and copies key/seq (797.04ms)
[553/850] PASS: packAesGcm128 rejects a non-AES-GCM-128 info (797.05ms)
[554/850] PASS: packChaCha20Poly1305 uses the full 12-byte IV (797.05ms)
[555/850] PASS: packAesGcm256 copies the 32-byte key and splits the IV (797.05ms)
[556/850] PASS: install errno decode maps onto InstallError (797.05ms)
[557/850] PASS: a record-type cmsg occupies the kernel's CMSG_LEN and CMSG_SPACE (797.06ms)
[558/850] PASS: ControlBuffer.init writes one cmsg and zeroes the padding (797.06ms)
[559/850] PASS: parseRecordType rejects control data off the kTLS contract (797.06ms)
[560/850] PASS: ulpInstall attaches once, and only to an established TCP socket (797.17ms)
[561/850] PASS: txInstall and rxInstall accept a synthetic TLS 1.3 AES-128-GCM key (797.21ms)
[562/850] PASS: installs without the ULP are typed Unavailable errors, not panics (797.24ms)
[563/850] PASS: a crypto_info the kernel cannot use is a typed EINVAL failure (797.27ms)
[564/850] PASS: record-type cmsg round-trips through a live kTLS pair (797.32ms)
[565/850] PASS: Outbox: fresh outbox is not write-blocked (797.32ms)
[566/850] PASS: Outbox: send drains fully and completes write once (797.33ms)
[567/850] PASS: Outbox: partial send stays blocked and does not complete write (797.33ms)
[568/850] PASS: Outbox: zero-byte progress stays blocked (797.33ms)
[569/850] PASS: Outbox: idle flush is drained without completing write (797.33ms)
[570/850] PASS: Outbox: partial drain resumes across flush calls (797.34ms)
[571/850] PASS: Outbox: queue while blocked returns PendingWrite (797.34ms)
[572/850] PASS: Outbox: writer error leaves pending tail and does not complete write (797.34ms)
[573/850] PASS: Outbox: writer over-reporting bytes returns WriteOverflow (797.34ms)
[574/850] PASS: Outbox: sequential records complete once each (797.35ms)
[575/850] PASS: next: two records coalesced in one fill (797.35ms)
[576/850] PASS: next: record split across two fills (797.35ms)
[577/850] PASS: next: truncated records return null (797.36ms)
[578/850] PASS: next: in-place mutation of a returned record survives across next() (797.36ms)
[579/850] PASS: next: oversized length is rejected (797.36ms)
[580/850] PASS: isEmpty distinguishes drained, partial, and complete records (797.36ms)
[581/850] PASS: parse: rejects oversized legacy_session_id_echo without overflow (797.37ms)
[582/850] PASS: encode: round trips through parse (797.37ms)
[583/850] PASS: parse: accepts secp256r1 key_share (797.38ms)
[584/850] PASS: parse: rejects compressed secp256r1 key_share (797.38ms)
[585/850] PASS: parse: accepts secp384r1 key_share (797.38ms)
[586/850] PASS: parse: rejects compressed secp384r1 key_share (797.39ms)
[587/850] PASS: encode: echoes session id (797.39ms)
[588/850] PASS: parse: RFC 8448 §3 ServerHello (797.39ms)
[589/850] PASS: parse: wrong handshake type (797.40ms)
[590/850] PASS: parse: truncated message (797.40ms)
[591/850] PASS: parse: rejects HelloRetryRequest (797.40ms)
[592/850] PASS: parse: missing extensions / no supported_versions yields UnsupportedTlsVersion (797.40ms)
[593/850] PASS: parse: rejects mismatched handshake length (797.41ms)
[594/850] PASS: parse: rejects unknown cipher suite (797.41ms)
[595/850] PASS: parse: rejects oversized extensions block (797.41ms)
[596/850] PASS: parse: rejects duplicate supported_versions (797.41ms)
[597/850] PASS: parse: rejects duplicate key_share (797.42ms)
[598/850] PASS: parse: rejects unknown unsolicited extension (797.42ms)
[599/850] PASS: parse: rejects GREASE ServerHello extension (797.42ms)
[600/850] PASS: parse: rejects forbidden signature_algorithms extension (797.42ms)
[601/850] PASS: parse: rejects forbidden heartbeat extension (797.43ms)
[602/850] PASS: parse: rejects record_size_limit in ServerHello (797.43ms)
[603/850] PASS: parse: rejects key_share for unsupported group (797.43ms)
[604/850] PASS: parse: unsupported TLS version in supported_versions is illegal_parameter (797.44ms)
[605/850] PASS: parse: rejects TLS 1.2 downgrade sentinel (797.44ms)
[606/850] PASS: parse: rejects TLS 1.1 downgrade sentinel (797.44ms)
[607/850] PASS: parse: rejects downgrade sentinel when supported_versions selects TLS 1.3 (797.44ms)
[608/850] PASS: parse: accepts non-0x0303 legacy_version when supported_versions selects TLS 1.3 (797.45ms)
[609/850] PASS: parse: no supported_versions + downgrade sentinel yields IllegalParameter (797.45ms)
[610/850] PASS: parse: rejects ServerHello without supported_versions as legacy (797.45ms)
[611/850] PASS: parse: rejects SSLv3-or-lower legacy version (797.46ms)
[612/850] PASS: parse: rejects mismatched session id echo (797.46ms)
[613/850] PASS: parse: rejects non-zero compression method (797.46ms)
[614/850] PASS: fuzz: parse handles arbitrary input (797.47ms)
[615/850] PASS: encodeHelloRetryRequest: parse round-trip (797.47ms)
[616/850] PASS: parseHelloRetryRequest: rejects mismatched session id echo (797.47ms)
[617/850] PASS: parseHelloRetryRequest: RFC 8448 §5 (797.48ms)
[618/850] PASS: parseHelloRetryRequest: no cookie (797.48ms)
[619/850] PASS: parseHelloRetryRequest: rejects non-HRR Random (797.48ms)
[620/850] PASS: parseHelloRetryRequest: rejects wrong type (797.49ms)
[621/850] PASS: parseHelloRetryRequest: rejects TLS 1.2 in supported_versions (797.49ms)
[622/850] PASS: parseHelloRetryRequest: ignores non-0x0303 legacy_version (797.49ms)
[623/850] PASS: parseHelloRetryRequest: rejects SSLv3-or-lower legacy version (797.49ms)
[624/850] PASS: parseHelloRetryRequest: rejects non-zero compression method (797.50ms)
[625/850] PASS: parseHelloRetryRequest: rejects unknown cipher suite (797.50ms)
[626/850] PASS: parseHelloRetryRequest: rejects trailing bytes after extensions (797.50ms)
[627/850] PASS: parseHelloRetryRequest: rejects cookie extension trailing bytes (797.50ms)
[628/850] PASS: parseHelloRetryRequest: rejects missing supported_versions (797.51ms)
[629/850] PASS: parseHelloRetryRequest: rejects unknown unsolicited extension (797.51ms)
[630/850] PASS: parseHelloRetryRequest: rejects record_size_limit (797.51ms)
[631/850] PASS: KEM key_share round-trip: ServerHello encode → parse preserves 1120-byte ciphertext (797.53ms)
[632/850] PASS: fuzz: parseHelloRetryRequest handles arbitrary input (797.53ms)
[633/850] PASS: Config.validate reports invalid lists and missing P-384 material (797.57ms)
[634/850] PASS: sendAlert: plaintext fatal alert before ClientHello (797.60ms)
[635/850] PASS: sendAlert: encrypted close_notify after handshake (797.75ms)
[636/850] PASS: handleRecord: rejects ChangeCipherSpec before ClientHello (797.78ms)
[637/850] PASS: handleRecord: drops valid ChangeCipherSpec while waiting for client Finished (797.86ms)
[638/850] PASS: handleRecord: rejects malformed ChangeCipherSpec payload (797.94ms)
[639/850] PASS: handleRecord: ClientHello returns ServerHello write and enforces pending write (798.02ms)
[640/850] PASS: handleRecord: zero-length plaintext handshake is rejected (798.05ms)
[641/850] PASS: handleRecord: rejects application_data before connected (798.07ms)
[642/850] PASS: acceptClientHello: emits ServerHello and installs handshake keys (798.23ms)
[643/850] PASS: acceptClientHello: negotiates secp256r1 key share (798.36ms)
[644/850] PASS: acceptClientHello: negotiates secp384r1 key share (799.09ms)
[645/850] PASS: acceptClientHello: emits HelloRetryRequest for missing secp256r1 key share (799.14ms)
[646/850] PASS: acceptClientHello: rejects ClientHello2 with changed SNI or ALPN after HRR (799.23ms)
[647/850] PASS: acceptClientHello: rejects early_data in ClientHello2 after HRR (799.28ms)
[648/850] PASS: acceptClientHello: rejects replaced PSK identity in ClientHello2 despite valid binder (799.35ms)
[649/850] PASS: acceptClientHello: rejects added, reordered, or dropped PSK identities in CH2 (799.51ms)
[650/850] PASS: acceptClientHello: accepts permitted ClientHello2 PSK updates after HRR (799.85ms)
[651/850] PASS: acceptClientHello: bounded PSK identity admission before HelloRetryRequest (799.97ms)
[652/850] PASS: acceptClientHello: rejects removal of an unknown identity whose binder claims the HRR hash (800.05ms)
[653/850] PASS: acceptClientHello: HRR path rejects a slack-byte identities vector in CH1 (800.09ms)
[654/850] PASS: acceptClientHello: HRR path rejects a slack-byte identities vector in CH2 (800.14ms)
[655/850] PASS: acceptClientHello: PSK selection rejects a slack-byte identities vector (800.20ms)
[656/850] PASS: acceptClientHello: rejects ClientHello2 that ignores HRR selected group (800.26ms)
[657/850] PASS: acceptClientHello: rejects ClientHello2 with extra key share (800.32ms)
[658/850] PASS: acceptClientHello: HRR sends at most one compatibility ChangeCipherSpec (800.41ms)
[659/850] PASS: acceptClientHello: emits compatibility ChangeCipherSpec for non-empty legacy_session_id (800.49ms)
[660/850] PASS: sendAnonymousFlightForTest: client decrypts EncryptedExtensions and Finished (800.65ms)
[661/850] PASS: sendPreparedServerFlight: credentials and pending write are enforced (800.85ms)
[662/850] PASS: sendPreparedServerFlight: encryption failure preserves handshake write epoch (801.04ms)
[663/850] PASS: sendAuthenticatedFlight: client decrypts authenticated server flight (801.23ms)
[664/850] PASS: sendAuthenticatedFlight: optional client auth sends CertificateRequest (801.41ms)
[665/850] PASS: NewSessionTicket emission derives matching client and server PSKs (801.71ms)
[666/850] PASS: NewSessionTicket emission rejects stale prepared PSK objects (801.99ms)
[667/850] PASS: server-issued NewSessionTicket resumes and can be renewed (802.52ms)
[668/850] PASS: NewSessionTicket emission owns unique bounded nonces (802.88ms)
[669/850] PASS: NewSessionTicket emission enforces write and kTLS ordering (803.16ms)
[670/850] PASS: NewSessionTicket emission preserves state on encoding failure (803.44ms)
[671/850] PASS: discardTicketPsk burns nonce and erases key material (803.71ms)
[672/850] PASS: processClientFinished: optional client auth accepts empty Certificate (803.99ms)
[673/850] PASS: processClientFinished: required client auth rejects empty Certificate (804.32ms)
[674/850] PASS: processClientFinished: required client auth verifies real client Certificate + CV (804.69ms)
[675/850] PASS: processClientFinished: bad client Finished does not retain identity (805.03ms)
[676/850] PASS: processClientFinished: client identity requires caller-owned storage (805.37ms)
[677/850] PASS: processClientFinished: required client auth rejects forged CertificateVerify (805.71ms)
[678/850] PASS: sendAuthenticatedFlight: client processes CertificateVerify and Finished (805.95ms)
[679/850] PASS: processClientFinished: verifies Finished and installs app keys (806.06ms)
[680/850] PASS: processClientFinished: rejects bad verify_data (806.15ms)
[681/850] PASS: processClientFinished: rejects EndOfEarlyData when 0-RTT was not accepted (806.25ms)
[682/850] PASS: handleRecord: rejects second plaintext ClientHello before Finished (806.34ms)
[683/850] PASS: handleRecord: rejects protected ClientHello after connected (806.45ms)
[684/850] PASS: handleRecord: rejects client KeyUpdate before Finished (806.54ms)
[685/850] PASS: receiveRecord: RX progresses while a server TX record is pending (806.66ms)
[686/850] PASS: receiveKtlsRecord: server processes kernel-decrypted records (806.78ms)
[687/850] PASS: ratchetKtlsTx: server advances only an idle TX epoch (806.90ms)
[688/850] PASS: handleRecord: client KeyUpdate(update_requested) ratchets rx and responds (807.02ms)
[689/850] PASS: handleRecord: client KeyUpdate(update_not_requested) ratchets rx only (807.14ms)
[690/850] PASS: sendKeyUpdate: server-initiated KeyUpdate encrypts under old key then ratchets tx (807.25ms)
[691/850] PASS: handleRecord: self-initiated sendKeyUpdate response surfaces rx only (807.37ms)
[692/850] PASS: handleRecord: KeyUpdate not at record boundary is rejected (807.48ms)
[693/850] PASS: handleRecord: invalid client KeyUpdate request is rejected (807.59ms)
[694/850] PASS: handleRecord: zero-length encrypted handshake is rejected (807.70ms)
[695/850] PASS: handleRecord: all-zero inner plaintext maps to unexpected_message (807.81ms)
[696/850] PASS: handleRecord: illegal post-handshake inner content type is rejected (807.92ms)
[697/850] PASS: handleRecord: empty application data does not reset post-handshake flood counter (808.05ms)
[698/850] PASS: handleRecord: KeyUpdate flood is rejected (808.35ms)
[699/850] PASS: handleRecord: KeyUpdate flood cap fires despite empty app-data interleaving (808.57ms)
[700/850] PASS: EstablishedSession: struct stays compact against the handshake engine (808.58ms)
[701/850] PASS: extractEstablished: connected events match the handshake engine (808.82ms)
[702/850] PASS: extractEstablished: engine is consumed and immediate deinit is safe (808.93ms)
[703/850] PASS: extractEstablished: moved-from rx/tx are wiped, the session's copies stay live (809.04ms)
[704/850] PASS: extractEstablished: deferred KeyUpdate obligation blocks application writes (809.16ms)
[705/850] PASS: extractEstablished: KeyUpdate flood cap survives extraction and resets on app data (809.37ms)
[706/850] PASS: extractEstablished: KeyUpdate fragment carries across extraction (809.49ms)
[707/850] PASS: extractEstablished: KeyUpdate record-boundary and fragment rules hold (809.60ms)
[708/850] PASS: extractEstablished: close_notify and fatal alerts keep server semantics (809.71ms)
[709/850] PASS: extractEstablished: sendAlert latches and ratchetTx advances the TX epoch (809.83ms)
[710/850] PASS: extractEstablished: SHA-384 suite ratchets and exchanges app data (810.30ms)
[711/850] PASS: extractEstablished: NewSessionTicket is issued before extraction (810.59ms)
[712/850] PASS: key update: simultaneous update_requested remains connected (810.91ms)
[713/850] PASS: fuzz: ServerHandshake.handleRecord rejects arbitrary input (810.93ms)
[714/850] PASS: fuzz: connected ServerHandshake.handleRecord rejects arbitrary input (811.48ms)
[715/850] PASS: application data: server sends and receives (811.59ms)
[716/850] PASS: in-memory authenticated client-server handshake reaches app data (811.87ms)
[717/850] PASS: in-memory authenticated client-server handshake suite matrix (813.28ms)
[718/850] PASS: in-memory KeyUpdate round trip across all cipher suites (814.82ms)
[719/850] PASS: selectPsk: verifies the binder for a matching PSK identity (814.87ms)
[720/850] PASS: selectPsk: returns null when the PSK binder does not verify (814.93ms)
[721/850] PASS: selectPsk: oversized binders_len does not overflow (814.98ms)
[722/850] PASS: PSK offer without psk_key_exchange_modes aborts (815.05ms)
[723/850] PASS: PSK offer with only psk_ke disables resumption and ticket issuance (815.17ms)
[724/850] PASS: client authentication policy declines PSK resumption (815.54ms)
[725/850] PASS: PSK selection skips cipher suites with an incompatible hash (815.94ms)
[726/850] PASS: in-memory PSK resumption reaches app data (816.20ms)
[727/850] PASS: in-memory RFC 10024 PSK resumption matrix reaches app data (817.81ms)
[728/850] PASS: in-memory RFC 10024 PSK resumption survives HRR (819.40ms)
[729/850] PASS: in-memory RFC 10024 SHA-384 PSK resumption survives HRR (823.67ms)
[730/850] PASS: PSK fast-path rejects bare Finished when server did NOT select PSK (823.83ms)
[731/850] PASS: in-memory 0-RTT early data is decrypted by the server (824.08ms)
[732/850] PASS: 0-RTT: accepted early data distinguishes authentication and handshake errors (824.56ms)
[733/850] PASS: 0-RTT: server rejects early data exceeding max_early_data_size (824.70ms)
[734/850] PASS: 0-RTT: max u32 early-data limit rejects bytes beyond remaining budget (824.73ms)
[735/850] PASS: 0-RTT: no PSK selected means early data is skipped and 1-RTT completes (825.03ms)
[736/850] PASS: 0-RTT: declined early records in flight are skipped and 1-RTT completes (825.27ms)
[737/850] PASS: 0-RTT: required client auth declines PSK, skips early data, completes 1-RTT (825.64ms)
[738/850] PASS: 0-RTT: decline skip budget exhaustion aborts the handshake (825.77ms)
[739/850] PASS: 0-RTT: corrupted record after the skip window aborts (825.93ms)
[740/850] PASS: 0-RTT: HRR decline skips in-flight early data and the retry handshake completes (826.26ms)
[741/850] PASS: 0-RTT: default decline-skip budget covers a full max-size early record (826.56ms)
[742/850] PASS: 0-RTT: HRR decline skip budget exhaustion aborts the handshake (826.64ms)
[743/850] PASS: 0-RTT: HRR decline skip rejects malformed application_data records (826.72ms)
[744/850] PASS: 0-RTT: HRR skip window closes at ClientHello2 (826.90ms)
[745/850] PASS: 0-RTT: server declines, client sends no EndOfEarlyData (827.14ms)
[746/850] PASS: 0-RTT: client rejects server-sent EndOfEarlyData (827.17ms)
[747/850] PASS: 0-RTT: processClientFinished rejects Finished before EndOfEarlyData (827.33ms)
[748/850] PASS: preferredHybridShare follows server preference (827.36ms)
[749/850] PASS: in-memory RFC 10024 hybrid group matrix reaches app data (829.09ms)
[750/850] PASS: RFC 10024 hybrid group matrix negotiates through HRR (830.35ms)
[751/850] PASS: hybrid share requires explicit server policy (830.47ms)
[752/850] PASS: in-memory HRR round trip reaches app data (830.75ms)
[753/850] PASS: acceptClientHello: server suite preference (830.83ms)
[754/850] PASS: acceptClientHello: exposes SNI via clientServerName (830.91ms)
[755/850] PASS: acceptClientHello: clientServerName is null when SNI absent (830.99ms)
[756/850] PASS: acceptClientHello: rejects unsupported suite (831.03ms)
[757/850] PASS: acceptClientHello: ignores unknown cipher suites in mixed list (831.24ms)
[758/850] PASS: acceptClientHello: rejects ClientHello with no shared group (831.28ms)
[759/850] PASS: handleRecord: reassembles ClientHello split across records (831.36ms)
[760/850] PASS: handleRecord: reassembles ClientHello with header and body in separate records (831.44ms)
[761/850] PASS: handleRecord: rejects CCS while ClientHello fragment pending (831.47ms)
[762/850] PASS: handleRecord: processes alert while ClientHello fragment pending (831.51ms)
[763/850] PASS: handleRecord: plaintext fatal alert in wait_ch records detail (831.56ms)
[764/850] PASS: handleRecord: unknown alert codes are preserved (831.59ms)
[765/850] PASS: handleRecord: lastPeerAlert replaced by later alert, preserved by close/malformed (831.61ms)
[766/850] PASS: handleRecord: rejects fragmented ClientHello without reassembly buffer (831.65ms)
[767/850] PASS: handleRecord: state reset after invalid fragmented ClientHello (831.73ms)
[768/850] PASS: handleRecord: rejects trailing bytes after fragmented ClientHello (831.81ms)
[769/850] PASS: handleRecord: reassembles ClientHello2 split across records after HRR (831.90ms)
[770/850] PASS: handleRecord: reassembles fragmented client Finished across encrypted records (832.01ms)
[771/850] PASS: handleRecord: rejects interleaved alert during Finished fragment reassembly (832.11ms)
[772/850] PASS: handleRecord: rejects plaintext alert during Finished fragment reassembly (832.22ms)
[773/850] PASS: handleRecord: encrypted fatal alert while waiting for Finished records detail (832.31ms)
[774/850] PASS: handleRecord: rejects plaintext alert while waiting for Finished (832.41ms)
[775/850] PASS: handleRecord: rejects zero-length encrypted handshake while waiting for Finished (832.50ms)
[776/850] PASS: handleRecord: reassembles ClientHello when handshake header is split after 1 byte (832.58ms)
[777/850] PASS: handleRecord: server reassembles 1-byte fragmented KeyUpdate(update_requested) (832.71ms)
[778/850] PASS: handleRecord: fragmented KeyUpdate(update_not_requested) works (832.82ms)
[779/850] PASS: handleRecord: non-KeyUpdate fragment starts are rejected (832.93ms)
[780/850] PASS: handleRecord: KeyUpdate with trailing record bytes is rejected before ratchet (833.04ms)
[781/850] PASS: handleRecord: app-data interleaving during KeyUpdate reassembly is rejected (833.15ms)
[782/850] PASS: receiveApplicationData: app-data interleaving during KeyUpdate reassembly is rejected (833.26ms)
[783/850] PASS: handleRecord: alert interleaving during KeyUpdate reassembly is rejected (833.37ms)
[784/850] PASS: handleRecord: connected close_notify is clean, fatal alert records detail (833.48ms)
[785/850] PASS: handleRecord: zero-length handshake during KeyUpdate reassembly is rejected (833.59ms)
[786/850] PASS: handleRecord: ClientHello body_len 0xFFFFFF rejected without overflow (fast path) (833.62ms)
[787/850] PASS: handleRecord: split-header reassembly body_len 0xFFFFFF rejected without overflow (833.65ms)
[788/850] PASS: deinit leaves caller-owned buffers to the caller (833.78ms)
[789/850] PASS: Writer.append: u8 (833.79ms)
[790/850] PASS: Writer.append: u16 big-endian (833.79ms)
[791/850] PASS: Writer.append: u24 big-endian (833.79ms)
[792/850] PASS: Writer.appendSlice (833.79ms)
[793/850] PASS: Writer.append: enum (833.80ms)
[794/850] PASS: Reader.read: u8 (833.80ms)
[795/850] PASS: Reader.read: u16 big-endian (833.80ms)
[796/850] PASS: Reader.read: enum (833.80ms)
[797/850] PASS: Reader.readSlice: zero-copy (833.81ms)
[798/850] PASS: Reader.read: UnexpectedEof (833.81ms)
[799/850] PASS: Reader assume methods skip bounds checks after caller validation (833.81ms)
[800/850] PASS: Writer.reserve: write directly into buffer (833.81ms)
[801/850] PASS: Writer: sequential appends (833.82ms)
[802/850] PASS: encode and parse NewSessionTicket round trip (833.82ms)
[803/850] PASS: encode validates NewSessionTicket bounds before writing (833.82ms)
[804/850] PASS: parse: valid NewSessionTicket (833.83ms)
[805/850] PASS: parse: captures early_data max_early_data_size (833.83ms)
[806/850] PASS: parse: skips unknown ticket extension (833.83ms)
[807/850] PASS: parse: skips GREASE ticket extension (833.84ms)
[808/850] PASS: parse: rejects duplicate early_data extension (833.84ms)
[809/850] PASS: parse: rejects malformed early_data length (833.84ms)
[810/850] PASS: parse: wrong handshake type (833.84ms)
[811/850] PASS: parse: rejects length mismatch (833.85ms)
[812/850] PASS: parse: rejects empty ticket (833.85ms)
[813/850] PASS: parse: rejects malformed extensions length (833.85ms)
[814/850] PASS: fuzz: parse handles arbitrary input (833.85ms)
[815/850] PASS: encode: empty EncryptedExtensions (833.86ms)
[816/850] PASS: encode: ALPN EncryptedExtensions (833.86ms)
[817/850] PASS: encode: early_data accepted in EncryptedExtensions (833.86ms)
[818/850] PASS: encode: early_data omitted when not accepted (833.86ms)
[819/850] PASS: parse: valid EncryptedExtensions (833.87ms)
[820/850] PASS: parse: ALPN selection (833.87ms)
[821/850] PASS: parse: rejects unsolicited ALPN (833.87ms)
[822/850] PASS: parse: rejects unoffered ALPN (833.87ms)
[823/850] PASS: parse: rejects duplicate ALPN extension (833.88ms)
[824/850] PASS: parse: rejects multiple ALPN protocols (833.88ms)
[825/850] PASS: parse: rejects forbidden supported_versions extension (833.88ms)
[826/850] PASS: parse: rejects forbidden key_share extension (833.88ms)
[827/850] PASS: parse: rejects forbidden heartbeat extension (833.89ms)
[828/850] PASS: parse: rejects GREASE EncryptedExtensions extension (833.89ms)
[829/850] PASS: parse: rejects unknown unsolicited extension (833.89ms)
[830/850] PASS: parse: accepts server_name acknowledgment when SNI offered (833.89ms)
[831/850] PASS: parse: rejects server_name when SNI not offered (833.90ms)
[832/850] PASS: parse: rejects server_name acknowledgment with non-empty extension_data (833.90ms)
[833/850] PASS: parse: rejects unoffered record_size_limit in EncryptedExtensions (833.90ms)
[834/850] PASS: parse: accepts offered record_size_limit in EncryptedExtensions (833.90ms)
[835/850] PASS: parse: rejects malformed record_size_limit in EncryptedExtensions (833.91ms)
[836/850] PASS: parse: ignores supported_groups extension (833.91ms)
[837/850] PASS: parse: wrong handshake type (833.91ms)
[838/850] PASS: parse: truncated (833.91ms)
[839/850] PASS: encode round-trips via parse (833.92ms)
[840/850] PASS: parse rejects wrong handshake type (833.92ms)
[841/850] PASS: parse rejects missing signature_algorithms (833.92ms)
[842/850] PASS: parse rejects duplicate signature_algorithms (833.92ms)
[843/850] PASS: encodedLen is accurate (833.93ms)
[844/850] PASS: verify: wrong verify_data (833.93ms)
[845/850] PASS: verify: wrong handshake type (833.93ms)
[846/850] PASS: encode then verify round-trip (833.94ms)
[847/850] PASS: messageHashSynthetic: SHA-256 header (833.94ms)
[848/850] PASS: messageHashSynthetic: SHA-384 header (833.95ms)
[849/850] PASS: messageHashSynthetic: RFC 8448 §5 ClientHello1 SHA-256 (833.95ms)
[850/850] PASS: fill writes caller buffer (833.95ms)

ztest: 850 passed, 0 failed, 0 skipped (of 850 total) in 1834ms
ALL TESTS PASSED

Build Summary: 8/8 steps succeeded
test success
+- run test success 984ms MaxRSS:11M
|  +- compile test Debug native-native success 16s MaxRSS:729M
|     +- options success
+- run exe errq-alloc-check success 19ms MaxRSS:4M
|  +- compile exe errq-alloc-check Debug native-native success 1s MaxRSS:284M
|     +- options (reused)
+- run exe encrypted-pem-check success 945us MaxRSS:3M
   +- compile exe encrypted-pem-check Debug native-native success 1s MaxRSS:251M
      +- options (reused)

NO_COLOR=1 pkg-config --list-all
NO_COLOR=1 pkg-config libcrypto --cflags --libs
/nix/store/HASH-zig-0.15.2/bin/zig build-exe -OReleaseFast -target native-native -mcpu apple_m1 --dep benchmark --dep benchmark_root -Mroot=/tmp/ztls-plc-cache/global/p/benchmark-0.1.0-JS72VvXxAACo8j9BYddbkivgNHXIeD1V27013BuCtW-_/src/benchmark_main.zig -OReleaseFast -target native-native -mcpu apple_m1 --dep benchmark_filter -Mbenchmark=/tmp/ztls-plc-cache/global/p/benchmark-0.1.0-JS72VvXxAACo8j9BYddbkivgNHXIeD1V27013BuCtW-_/src/benchmark.zig -I/nix/store/HASH-aws-lc-5.5.0-dev/include -L/nix/store/HASH-aws-lc-5.5.0/lib -lcrypto -OReleaseFast -target native-native -mcpu apple_m1 --dep ztls --dep txtar --dep build_options --dep fixtures --dep benchmark -Mbenchmark_root=/Users/matt/code/ztls/src/bench.zig -OReleaseFast -target native-native -mcpu apple_m1 -Mbenchmark_filter=/tmp/ztls-plc-cache/global/p/benchmark-0.1.0-JS72VvXxAACo8j9BYddbkivgNHXIeD1V27013BuCtW-_/src/filter.zig -I/nix/store/HASH-aws-lc-5.5.0-dev/include -ODebug -target native-native -mcpu apple_m1 --dep build_options=build_options0 -Mztls=/Users/matt/code/ztls/src/root.zig -ODebug -target native-native -mcpu apple_m1 -Mtxtar=/tmp/ztls-plc-cache/global/p/txtar-0.1.0-RyJLBJ5rAABCV5lD0YSt048wd3l9Nk9a4_TnEnm0MZ9P/src/root.zig -Mbuild_options=/tmp/tmp.F3v0NNNUBu/c/5f561f0723d3bca47c7861e3338782bd/options.zig -ODebug -target native-native -mcpu apple_m1 -Mfixtures=/Users/matt/code/ztls/tests/fixtures/fixtures.zig -Mbuild_options0=/tmp/tmp.F3v0NNNUBu/c/5f561f0723d3bca47c7861e3338782bd/options.zig -lc --cache-dir /tmp/tmp.F3v0NNNUBu --global-cache-dir /tmp/ztls-plc-cache/global --name benchmark --zig-lib-dir /nix/store/HASH-zig-0.15.2/lib/zig/ --listen=-
install -C /tmp/tmp.F3v0NNNUBu/o/311e112aa75145f8e409f7a819e78636/benchmark /Users/matt/code/ztls/zig-out/bin/benchmark

Build Summary: 4/4 steps succeeded
bench-bin success
+- install benchmark success
   +- compile exe benchmark ReleaseFast native-native success 14s MaxRSS:515M
      +- options cached
      +- options (reused)

[client] ClientHello sent → state=wait_sh
[server] ServerHello sent → state=wait_client_finished
[client] handshake keys installed → state=wait_ee
[server] authenticated flight sent → state=wait_client_finished
[client] Finished sent → state=connected
[server] client Finished verified → state=connected

=== handshake complete (ALPN=h2) ===

[app]    client → server: ping
[app]    server → client: pong

=== in-memory handshake OK ===

Build Summary: 4/4 steps succeeded
example-in_memory_handshake success
+- run exe in_memory_handshake success 26ms MaxRSS:6M
   +- compile exe in_memory_handshake Debug native-native success 3s MaxRSS:414M
      +- options cached

install -C /tmp/ztls-plc-cache/global/p/N-V-__8AAACiugX9TDNHS4gUMmDdAre7aDQZEvrSeorGViEk/TLS-Anvil.jar /Users/matt/code/ztls/conformance/zig-out/tools/TLS-Anvil.jar
install -C /tmp/ztls-plc-cache/global/p/N-V-__8AAACiugX9TDNHS4gUMmDdAre7aDQZEvrSeorGViEk/lib/tls-test-framework-1.5.0.jar /Users/matt/code/ztls/conformance/zig-out/tools/lib/tls-test-framework-1.5.0.jar
install -C /tmp/ztls-plc-cache/global/p/N-V-__8AAACiugX9TDNHS4gUMmDdAre7aDQZEvrSeorGViEk/lib/junit-jupiter-engine-5.13.4.jar /Users/matt/code/ztls/conformance/zig-out/tools/lib/junit-jupiter-engine-5.13.4.jar
install -C /tmp/ztls-plc-cache/global/p/N-V-__8AAACiugX9TDNHS4gUMmDdAre7aDQZEvrSeorGViEk/lib/netty-codec-http-4.2.4.Final.jar /Users/matt/code/ztls/conformance/zig-out/tools/lib/netty-codec-http-4.2.4.Final.jar
install -C /tmp/ztls-plc-cache/global/p/N-V-__8AAACiugX9TDNHS4gUMmDdAre7aDQZEvrSeorGViEk/lib/netty-transport-4.2.4.Final.jar /Users/matt/code/ztls/conformance/zig-out/tools/lib/netty-transport-4.2.4.Final.jar
install -C /tmp/ztls-plc-cache/global/p/N-V-__8AAACiugX9TDNHS4gUMmDdAre7aDQZEvrSeorGViEk/lib/joda-time-2.14.0.jar /Users/matt/code/ztls/conformance/zig-out/tools/lib/joda-time-2.14.0.jar
install -C /tmp/ztls-plc-cache/global/p/N-V-__8AAACiugX9TDNHS4gUMmDdAre7aDQZEvrSeorGViEk/lib/automaton-1.11-8.jar /Users/matt/code/ztls/conformance/zig-out/tools/lib/automaton-1.11-8.jar
install -C /tmp/ztls-plc-cache/global/p/N-V-__8AAACiugX9TDNHS4gUMmDdAre7aDQZEvrSeorGViEk/lib/junit-platform-engine-1.13.4.jar /Users/matt/code/ztls/conformance/zig-out/tools/lib/junit-platform-engine-1.13.4.jar
install -C /tmp/ztls-plc-cache/global/p/N-V-__8AAACiugX9TDNHS4gUMmDdAre7aDQZEvrSeorGViEk/lib/commons-compress-1.28.0.jar /Users/matt/code/ztls/conformance/zig-out/tools/lib/commons-compress-1.28.0.jar
install -C /tmp/ztls-plc-cache/global/p/N-V-__8AAACiugX9TDNHS4gUMmDdAre7aDQZEvrSeorGViEk/lib/guava-33.4.8-jre.jar /Users/matt/code/ztls/conformance/zig-out/tools/lib/guava-33.4.8-jre.jar
install -C /tmp/ztls-plc-cache/global/p/N-V-__8AAACiugX9TDNHS4gUMmDdAre7aDQZEvrSeorGViEk/lib/netty-transport-native-kqueue-4.2.4.Final-osx-x86_64.jar /Users/matt/code/ztls/conformance/zig-out/tools/lib/netty-transport-native-kqueue-4.2.4.Final-osx-x86_64.jar
install -C /tmp/ztls-plc-cache/global/p/N-V-__8AAACiugX9TDNHS4gUMmDdAre7aDQZEvrSeorGViEk/lib/bcutil-jdk18on-1.81.1.jar /Users/matt/code/ztls/conformance/zig-out/tools/lib/bcutil-jdk18on-1.81.1.jar
install -C /tmp/ztls-plc-cache/global/p/N-V-__8AAACiugX9TDNHS4gUMmDdAre7aDQZEvrSeorGViEk/lib/netty-handler-4.2.4.Final.jar /Users/matt/code/ztls/conformance/zig-out/tools/lib/netty-handler-4.2.4.Final.jar
install -C /tmp/ztls-plc-cache/global/p/N-V-__8AAACiugX9TDNHS4gUMmDdAre7aDQZEvrSeorGViEk/lib/netty-common-4.2.4.Final.jar /Users/matt/code/ztls/conformance/zig-out/tools/lib/netty-common-4.2.4.Final.jar
install -C /tmp/ztls-plc-cache/global/p/N-V-__8AAACiugX9TDNHS4gUMmDdAre7aDQZEvrSeorGViEk/lib/jackson-dataformat-yaml-2.20.0.jar /Users/matt/code/ztls/conformance/zig-out/tools/lib/jackson-dataformat-yaml-2.20.0.jar
install -C /tmp/ztls-plc-cache/global/p/N-V-__8AAACiugX9TDNHS4gUMmDdAre7aDQZEvrSeorGViEk/lib/jheaps-0.11.jar /Users/matt/code/ztls/conformance/zig-out/tools/lib/jheaps-0.11.jar
NO_COLOR=1 pkg-config --list-all
NO_COLOR=1 pkg-config --list-all
install -C /tmp/ztls-plc-cache/global/p/N-V-__8AAACiugX9TDNHS4gUMmDdAre7aDQZEvrSeorGViEk/lib/netty-transport-native-unix-common-4.2.4.Final.jar /Users/matt/code/ztls/conformance/zig-out/tools/lib/netty-transport-native-unix-common-4.2.4.Final.jar
install -C /tmp/ztls-plc-cache/global/p/N-V-__8AAACiugX9TDNHS4gUMmDdAre7aDQZEvrSeorGViEk/lib/docker-java-transport-3.6.0.jar /Users/matt/code/ztls/conformance/zig-out/tools/lib/docker-java-transport-3.6.0.jar
install -C /tmp/ztls-plc-cache/global/p/N-V-__8AAACiugX9TDNHS4gUMmDdAre7aDQZEvrSeorGViEk/lib/error_prone_annotations-2.36.0.jar /Users/matt/code/ztls/conformance/zig-out/tools/lib/error_prone_annotations-2.36.0.jar
install -C /tmp/ztls-plc-cache/global/p/N-V-__8AAACiugX9TDNHS4gUMmDdAre7aDQZEvrSeorGViEk/lib/jackson-databind-2.20.0.jar /Users/matt/code/ztls/conformance/zig-out/tools/lib/jackson-databind-2.20.0.jar
install -C /tmp/ztls-plc-cache/global/p/N-V-__8AAACiugX9TDNHS4gUMmDdAre7aDQZEvrSeorGViEk/lib/jersey-apache-connector-2.47.jar /Users/matt/code/ztls/conformance/zig-out/tools/lib/jersey-apache-connector-2.47.jar
install -C /tmp/ztls-plc-cache/global/p/N-V-__8AAACiugX9TDNHS4gUMmDdAre7aDQZEvrSeorGViEk/lib/jackson-datatype-joda-2.20.0.jar /Users/matt/code/ztls/conformance/zig-out/tools/lib/jackson-datatype-joda-2.20.0.jar
install -C /tmp/ztls-plc-cache/global/p/N-V-__8AAACiugX9TDNHS4gUMmDdAre7aDQZEvrSeorGViEk/lib/javassist-3.28.0-GA.jar /Users/matt/code/ztls/conformance/zig-out/tools/lib/javassist-3.28.0-GA.jar
install -C /tmp/ztls-plc-cache/global/p/N-V-__8AAACiugX9TDNHS4gUMmDdAre7aDQZEvrSeorGViEk/lib/tls-docker-library-3.2.2.jar /Users/matt/code/ztls/conformance/zig-out/tools/lib/tls-docker-library-3.2.2.jar
install -C /tmp/ztls-plc-cache/global/p/N-V-__8AAACiugX9TDNHS4gUMmDdAre7aDQZEvrSeorGViEk/lib/osgi-resource-locator-1.0.3.jar /Users/matt/code/ztls/conformance/zig-out/tools/lib/osgi-resource-locator-1.0.3.jar
install -C /tmp/ztls-plc-cache/global/p/N-V-__8AAACiugX9TDNHS4gUMmDdAre7aDQZEvrSeorGViEk/lib/log4j-bom-2.24.3.pom /Users/matt/code/ztls/conformance/zig-out/tools/lib/log4j-bom-2.24.3.pom
install -C /tmp/ztls-plc-cache/global/p/N-V-__8AAACiugX9TDNHS4gUMmDdAre7aDQZEvrSeorGViEk/lib/asn1-attacker-4.2.3.jar /Users/matt/code/ztls/conformance/zig-out/tools/lib/asn1-attacker-4.2.3.jar
install -C /tmp/ztls-plc-cache/global/p/N-V-__8AAACiugX9TDNHS4gUMmDdAre7aDQZEvrSeorGViEk/lib/jackson-core-2.20.0.jar /Users/matt/code/ztls/conformance/zig-out/tools/lib/jackson-core-2.20.0.jar
install -C /tmp/ztls-plc-cache/global/p/N-V-__8AAACiugX9TDNHS4gUMmDdAre7aDQZEvrSeorGViEk/lib/dnsjava-3.6.3.jar /Users/matt/code/ztls/conformance/zig-out/tools/lib/dnsjava-3.6.3.jar
install -C /tmp/ztls-plc-cache/global/p/N-V-__8AAACiugX9TDNHS4gUMmDdAre7aDQZEvrSeorGViEk/lib/jaxb-runtime-4.0.5.jar /Users/matt/code/ztls/conformance/zig-out/tools/lib/jaxb-runtime-4.0.5.jar
install -C /tmp/ztls-plc-cache/global/p/N-V-__8AAACiugX9TDNHS4gUMmDdAre7aDQZEvrSeorGViEk/lib/listenablefuture-9999.0-empty-to-avoid-conflict-with-guava.jar /Users/matt/code/ztls/conformance/zig-out/tools/lib/listenablefuture-9999.0-empty-to-avoid-conflict-with-guava.jar
install -C /tmp/ztls-plc-cache/global/p/N-V-__8AAACiugX9TDNHS4gUMmDdAre7aDQZEvrSeorGViEk/lib/docker-java-3.6.0.jar /Users/matt/code/ztls/conformance/zig-out/tools/lib/docker-java-3.6.0.jar
install -C /tmp/ztls-plc-cache/global/p/N-V-__8AAACiugX9TDNHS4gUMmDdAre7aDQZEvrSeorGViEk/lib/siv-mode-1.6.1.jar /Users/matt/code/ztls/conformance/zig-out/tools/lib/siv-mode-1.6.1.jar
install -C /tmp/ztls-plc-cache/global/p/N-V-__8AAACiugX9TDNHS4gUMmDdAre7aDQZEvrSeorGViEk/lib/bctls-jdk18on-1.81.jar /Users/matt/code/ztls/conformance/zig-out/tools/lib/bctls-jdk18on-1.81.jar
install -C /tmp/ztls-plc-cache/global/p/N-V-__8AAACiugX9TDNHS4gUMmDdAre7aDQZEvrSeorGViEk/lib/log4j-slf4j-impl-2.25.1.jar /Users/matt/code/ztls/conformance/zig-out/tools/lib/log4j-slf4j-impl-2.25.1.jar
install -C /tmp/ztls-plc-cache/global/p/N-V-__8AAACiugX9TDNHS4gUMmDdAre7aDQZEvrSeorGViEk/lib/j2objc-annotations-3.0.0.jar /Users/matt/code/ztls/conformance/zig-out/tools/lib/j2objc-annotations-3.0.0.jar
install -C /tmp/ztls-plc-cache/global/p/N-V-__8AAACiugX9TDNHS4gUMmDdAre7aDQZEvrSeorGViEk/lib/netty-codec-base-4.2.4.Final.jar /Users/matt/code/ztls/conformance/zig-out/tools/lib/netty-codec-base-4.2.4.Final.jar
install -C /tmp/ztls-plc-cache/global/p/N-V-__8AAACiugX9TDNHS4gUMmDdAre7aDQZEvrSeorGViEk/lib/tls-server-scanner-7.4.0.jar /Users/matt/code/ztls/conformance/zig-out/tools/lib/tls-server-scanner-7.4.0.jar
install -C /tmp/ztls-plc-cache/global/p/N-V-__8AAACiugX9TDNHS4gUMmDdAre7aDQZEvrSeorGViEk/lib/commons-math3-3.6.1.jar /Users/matt/code/ztls/conformance/zig-out/tools/lib/commons-math3-3.6.1.jar
install -C /tmp/ztls-plc-cache/global/p/N-V-__8AAACiugX9TDNHS4gUMmDdAre7aDQZEvrSeorGViEk/lib/jna-5.18.1.jar /Users/matt/code/ztls/conformance/zig-out/tools/lib/jna-5.18.1.jar
install -C /tmp/ztls-plc-cache/global/p/N-V-__8AAACiugX9TDNHS4gUMmDdAre7aDQZEvrSeorGViEk/lib/tls-client-scanner-7.4.0.jar /Users/matt/code/ztls/conformance/zig-out/tools/lib/tls-client-scanner-7.4.0.jar
install -C /tmp/ztls-plc-cache/global/p/N-V-__8AAACiugX9TDNHS4gUMmDdAre7aDQZEvrSeorGViEk/lib/docker-java-transport-jersey-3.6.0.jar /Users/matt/code/ztls/conformance/zig-out/tools/lib/docker-java-transport-jersey-3.6.0.jar
install -C /tmp/ztls-plc-cache/global/p/N-V-__8AAACiugX9TDNHS4gUMmDdAre7aDQZEvrSeorGViEk/lib/log4j-api-2.25.1.jar /Users/matt/code/ztls/conformance/zig-out/tools/lib/log4j-api-2.25.1.jar
install -C /tmp/ztls-plc-cache/global/p/N-V-__8AAACiugX9TDNHS4gUMmDdAre7aDQZEvrSeorGViEk/lib/JLargeArrays-1.5.jar /Users/matt/code/ztls/conformance/zig-out/tools/lib/JLargeArrays-1.5.jar
install -C /tmp/ztls-plc-cache/global/p/N-V-__8AAACiugX9TDNHS4gUMmDdAre7aDQZEvrSeorGViEk/lib/jsonschema-module-jackson-4.38.0.jar /Users/matt/code/ztls/conformance/zig-out/tools/lib/jsonschema-module-jackson-4.38.0.jar
install -C /tmp/ztls-plc-cache/global/p/N-V-__8AAACiugX9TDNHS4gUMmDdAre7aDQZEvrSeorGViEk/lib/jakarta.activation-api-2.1.3.jar /Users/matt/code/ztls/conformance/zig-out/tools/lib/jakarta.activation-api-2.1.3.jar
install -C /tmp/ztls-plc-cache/global/p/N-V-__8AAACiugX9TDNHS4gUMmDdAre7aDQZEvrSeorGViEk/lib/netty-buffer-4.2.4.Final.jar /Users/matt/code/ztls/conformance/zig-out/tools/lib/netty-buffer-4.2.4.Final.jar
install -C /tmp/ztls-plc-cache/global/p/N-V-__8AAACiugX9TDNHS4gUMmDdAre7aDQZEvrSeorGViEk/lib/anvil-core-2.3.4.jar /Users/matt/code/ztls/conformance/zig-out/tools/lib/anvil-core-2.3.4.jar
install -C /tmp/ztls-plc-cache/global/p/N-V-__8AAACiugX9TDNHS4gUMmDdAre7aDQZEvrSeorGViEk/lib/terminal-utils-1.0.0.jar /Users/matt/code/ztls/conformance/zig-out/tools/lib/terminal-utils-1.0.0.jar
install -C /tmp/ztls-plc-cache/global/p/N-V-__8AAACiugX9TDNHS4gUMmDdAre7aDQZEvrSeorGViEk/lib/choco-solver-4.10.18.jar /Users/matt/code/ztls/conformance/zig-out/tools/lib/choco-solver-4.10.18.jar
install -C /tmp/ztls-plc-cache/global/p/N-V-__8AAACiugX9TDNHS4gUMmDdAre7aDQZEvrSeorGViEk/lib/commons-text-1.14.0.jar /Users/matt/code/ztls/conformance/zig-out/tools/lib/commons-text-1.14.0.jar
install -C /tmp/ztls-plc-cache/global/p/N-V-__8AAACiugX9TDNHS4gUMmDdAre7aDQZEvrSeorGViEk/lib/pcap4j-core-1.8.2.jar /Users/matt/code/ztls/conformance/zig-out/tools/lib/pcap4j-core-1.8.2.jar
install -C /tmp/ztls-plc-cache/global/p/N-V-__8AAACiugX9TDNHS4gUMmDdAre7aDQZEvrSeorGViEk/lib/junit-jupiter-5.13.4.jar /Users/matt/code/ztls/conformance/zig-out/tools/lib/junit-jupiter-5.13.4.jar
install -C /tmp/ztls-plc-cache/global/p/N-V-__8AAACiugX9TDNHS4gUMmDdAre7aDQZEvrSeorGViEk/lib/netty-resolver-4.2.4.Final.jar /Users/matt/code/ztls/conformance/zig-out/tools/lib/netty-resolver-4.2.4.Final.jar
install -C /tmp/ztls-plc-cache/global/p/N-V-__8AAACiugX9TDNHS4gUMmDdAre7aDQZEvrSeorGViEk/lib/classmate-1.7.0.jar /Users/matt/code/ztls/conformance/zig-out/tools/lib/classmate-1.7.0.jar
install -C /tmp/ztls-plc-cache/global/p/N-V-__8AAACiugX9TDNHS4gUMmDdAre7aDQZEvrSeorGViEk/lib/txw2-4.0.5.jar /Users/matt/code/ztls/conformance/zig-out/tools/lib/txw2-4.0.5.jar
install -C /tmp/ztls-plc-cache/global/p/N-V-__8AAACiugX9TDNHS4gUMmDdAre7aDQZEvrSeorGViEk/lib/junixsocket-common-2.10.1.jar /Users/matt/code/ztls/conformance/zig-out/tools/lib/junixsocket-common-2.10.1.jar
install -C /tmp/ztls-plc-cache/global/p/N-V-__8AAACiugX9TDNHS4gUMmDdAre7aDQZEvrSeorGViEk/lib/scanner-core-6.3.0.jar /Users/matt/code/ztls/conformance/zig-out/tools/lib/scanner-core-6.3.0.jar
install -C /tmp/ztls-plc-cache/global/p/N-V-__8AAACiugX9TDNHS4gUMmDdAre7aDQZEvrSeorGViEk/lib/junit-4.10.jar /Users/matt/code/ztls/conformance/zig-out/tools/lib/junit-4.10.jar
install -C /tmp/ztls-plc-cache/global/p/N-V-__8AAACiugX9TDNHS4gUMmDdAre7aDQZEvrSeorGViEk/lib/log4j-jul-2.25.1.jar /Users/matt/code/ztls/conformance/zig-out/tools/lib/log4j-jul-2.25.1.jar
install -C /tmp/ztls-plc-cache/global/p/N-V-__8AAACiugX9TDNHS4gUMmDdAre7aDQZEvrSeorGViEk/lib/jersey-client-2.47.jar /Users/matt/code/ztls/conformance/zig-out/tools/lib/jersey-client-2.47.jar
install -C /tmp/ztls-plc-cache/global/p/N-V-__8AAACiugX9TDNHS4gUMmDdAre7aDQZEvrSeorGViEk/lib/commons-io-2.20.0.jar /Users/matt/code/ztls/conformance/zig-out/tools/lib/commons-io-2.20.0.jar
install -C /tmp/ztls-plc-cache/global/p/N-V-__8AAACiugX9TDNHS4gUMmDdAre7aDQZEvrSeorGViEk/lib/coffee4j-anvil-junit-jupiter-2.0.1.jar /Users/matt/code/ztls/conformance/zig-out/tools/lib/coffee4j-anvil-junit-jupiter-2.0.1.jar
install -C /tmp/ztls-plc-cache/global/p/N-V-__8AAACiugX9TDNHS4gUMmDdAre7aDQZEvrSeorGViEk/lib/jersey-hk2-2.47.jar /Users/matt/code/ztls/conformance/zig-out/tools/lib/jersey-hk2-2.47.jar
install -C /tmp/ztls-plc-cache/global/p/N-V-__8AAACiugX9TDNHS4gUMmDdAre7aDQZEvrSeorGViEk/lib/jackson-annotations-2.20.jar /Users/matt/code/ztls/conformance/zig-out/tools/lib/jackson-annotations-2.20.jar
install -C /tmp/ztls-plc-cache/global/p/N-V-__8AAACiugX9TDNHS4gUMmDdAre7aDQZEvrSeorGViEk/lib/json-simple-1.1.1.jar /Users/matt/code/ztls/conformance/zig-out/tools/lib/json-simple-1.1.1.jar
install -C /tmp/ztls-plc-cache/global/p/N-V-__8AAACiugX9TDNHS4gUMmDdAre7aDQZEvrSeorGViEk/lib/jakarta.inject-2.6.1.jar /Users/matt/code/ztls/conformance/zig-out/tools/lib/jakarta.inject-2.6.1.jar
install -C /tmp/ztls-plc-cache/global/p/N-V-__8AAACiugX9TDNHS4gUMmDdAre7aDQZEvrSeorGViEk/lib/junit-jupiter-params-5.13.4.jar /Users/matt/code/ztls/conformance/zig-out/tools/lib/junit-jupiter-params-5.13.4.jar
install -C /tmp/ztls-plc-cache/global/p/N-V-__8AAACiugX9TDNHS4gUMmDdAre7aDQZEvrSeorGViEk/lib/modifiable-variable-5.3.0.jar /Users/matt/code/ztls/conformance/zig-out/tools/lib/modifiable-variable-5.3.0.jar
install -C /tmp/ztls-plc-cache/global/p/N-V-__8AAACiugX9TDNHS4gUMmDdAre7aDQZEvrSeorGViEk/lib/jersey-common-2.47.jar /Users/matt/code/ztls/conformance/zig-out/tools/lib/jersey-common-2.47.jar
install -C /tmp/ztls-plc-cache/global/p/N-V-__8AAACiugX9TDNHS4gUMmDdAre7aDQZEvrSeorGViEk/lib/sizeof-0.4.3.jar /Users/matt/code/ztls/conformance/zig-out/tools/lib/sizeof-0.4.3.jar
install -C /tmp/ztls-plc-cache/global/p/N-V-__8AAACiugX9TDNHS4gUMmDdAre7aDQZEvrSeorGViEk/lib/jakarta.ws.rs-api-2.1.6.jar /Users/matt/code/ztls/conformance/zig-out/tools/lib/jakarta.ws.rs-api-2.1.6.jar
install -C /tmp/ztls-plc-cache/global/p/N-V-__8AAACiugX9TDNHS4gUMmDdAre7aDQZEvrSeorGViEk/lib/junit-platform-commons-1.13.4.jar /Users/matt/code/ztls/conformance/zig-out/tools/lib/junit-platform-commons-1.13.4.jar
install -C /tmp/ztls-plc-cache/global/p/N-V-__8AAACiugX9TDNHS4gUMmDdAre7aDQZEvrSeorGViEk/lib/JTransforms-3.1.jar /Users/matt/code/ztls/conformance/zig-out/tools/lib/JTransforms-3.1.jar
install -C /tmp/ztls-plc-cache/global/p/N-V-__8AAACiugX9TDNHS4gUMmDdAre7aDQZEvrSeorGViEk/lib/netty-transport-native-epoll-4.2.4.Final-linux-x86_64.jar /Users/matt/code/ztls/conformance/zig-out/tools/lib/netty-transport-native-epoll-4.2.4.Final-linux-x86_64.jar
install -C /tmp/ztls-plc-cache/global/p/N-V-__8AAACiugX9TDNHS4gUMmDdAre7aDQZEvrSeorGViEk/lib/httpcore5-5.3.4.jar /Users/matt/code/ztls/conformance/zig-out/tools/lib/httpcore5-5.3.4.jar
install -C /tmp/ztls-plc-cache/global/p/N-V-__8AAACiugX9TDNHS4gUMmDdAre7aDQZEvrSeorGViEk/lib/netty-codec-socks-4.2.4.Final.jar /Users/matt/code/ztls/conformance/zig-out/tools/lib/netty-codec-socks-4.2.4.Final.jar
install -C /tmp/ztls-plc-cache/global/p/N-V-__8AAACiugX9TDNHS4gUMmDdAre7aDQZEvrSeorGViEk/lib/netty-codec-compression-4.2.4.Final.jar /Users/matt/code/ztls/conformance/zig-out/tools/lib/netty-codec-compression-4.2.4.Final.jar
install -C /tmp/ztls-plc-cache/global/p/N-V-__8AAACiugX9TDNHS4gUMmDdAre7aDQZEvrSeorGViEk/lib/aopalliance-repackaged-2.6.1.jar /Users/matt/code/ztls/conformance/zig-out/tools/lib/aopalliance-repackaged-2.6.1.jar
install -C /tmp/ztls-plc-cache/global/p/N-V-__8AAACiugX9TDNHS4gUMmDdAre7aDQZEvrSeorGViEk/lib/docker-java-api-3.6.0.jar /Users/matt/code/ztls/conformance/zig-out/tools/lib/docker-java-api-3.6.0.jar
install -C /tmp/ztls-plc-cache/global/p/N-V-__8AAACiugX9TDNHS4gUMmDdAre7aDQZEvrSeorGViEk/lib/slf4j-api-1.7.32.jar /Users/matt/code/ztls/conformance/zig-out/tools/lib/slf4j-api-1.7.32.jar
install -C /tmp/ztls-plc-cache/global/p/N-V-__8AAACiugX9TDNHS4gUMmDdAre7aDQZEvrSeorGViEk/lib/commons-codec-1.19.0.jar /Users/matt/code/ztls/conformance/zig-out/tools/lib/commons-codec-1.19.0.jar
install -C /tmp/ztls-plc-cache/global/p/N-V-__8AAACiugX9TDNHS4gUMmDdAre7aDQZEvrSeorGViEk/lib/bcprov-jdk18on-1.81.jar /Users/matt/code/ztls/conformance/zig-out/tools/lib/bcprov-jdk18on-1.81.jar
install -C /tmp/ztls-plc-cache/global/p/N-V-__8AAACiugX9TDNHS4gUMmDdAre7aDQZEvrSeorGViEk/lib/commons-lang3-3.18.0.jar /Users/matt/code/ztls/conformance/zig-out/tools/lib/commons-lang3-3.18.0.jar
install -C /tmp/ztls-plc-cache/global/p/N-V-__8AAACiugX9TDNHS4gUMmDdAre7aDQZEvrSeorGViEk/lib/tls-core-7.7.0.jar /Users/matt/code/ztls/conformance/zig-out/tools/lib/tls-core-7.7.0.jar
install -C /tmp/ztls-plc-cache/global/p/N-V-__8AAACiugX9TDNHS4gUMmDdAre7aDQZEvrSeorGViEk/lib/failureaccess-1.0.3.jar /Users/matt/code/ztls/conformance/zig-out/tools/lib/failureaccess-1.0.3.jar
install -C /tmp/ztls-plc-cache/global/p/N-V-__8AAACiugX9TDNHS4gUMmDdAre7aDQZEvrSeorGViEk/lib/httpclient5-5.5.jar /Users/matt/code/ztls/conformance/zig-out/tools/lib/httpclient5-5.5.jar
install -C /tmp/ztls-plc-cache/global/p/N-V-__8AAACiugX9TDNHS4gUMmDdAre7aDQZEvrSeorGViEk/lib/jsoup-1.22.2.jar /Users/matt/code/ztls/conformance/zig-out/tools/lib/jsoup-1.22.2.jar
install -C /tmp/ztls-plc-cache/global/p/N-V-__8AAACiugX9TDNHS4gUMmDdAre7aDQZEvrSeorGViEk/lib/x509-attacker-4.3.10.jar /Users/matt/code/ztls/conformance/zig-out/tools/lib/x509-attacker-4.3.10.jar
install -C /tmp/ztls-plc-cache/global/p/N-V-__8AAACiugX9TDNHS4gUMmDdAre7aDQZEvrSeorGViEk/lib/httpcore5-h2-5.3.4.jar /Users/matt/code/ztls/conformance/zig-out/tools/lib/httpcore5-h2-5.3.4.jar
install -C /tmp/ztls-plc-cache/global/p/N-V-__8AAACiugX9TDNHS4gUMmDdAre7aDQZEvrSeorGViEk/lib/utils-7.7.0.jar /Users/matt/code/ztls/conformance/zig-out/tools/lib/utils-7.7.0.jar
install -C /tmp/ztls-plc-cache/global/p/N-V-__8AAACiugX9TDNHS4gUMmDdAre7aDQZEvrSeorGViEk/lib/junit-platform-launcher-1.13.4.jar /Users/matt/code/ztls/conformance/zig-out/tools/lib/junit-platform-launcher-1.13.4.jar
install -C /tmp/ztls-plc-cache/global/p/N-V-__8AAACiugX9TDNHS4gUMmDdAre7aDQZEvrSeorGViEk/lib/jakarta.xml.bind-api-4.0.2.jar /Users/matt/code/ztls/conformance/zig-out/tools/lib/jakarta.xml.bind-api-4.0.2.jar
install -C /tmp/ztls-plc-cache/global/p/N-V-__8AAACiugX9TDNHS4gUMmDdAre7aDQZEvrSeorGViEk/lib/log4j-iostreams-2.25.1.jar /Users/matt/code/ztls/conformance/zig-out/tools/lib/log4j-iostreams-2.25.1.jar
install -C /tmp/ztls-plc-cache/global/p/N-V-__8AAACiugX9TDNHS4gUMmDdAre7aDQZEvrSeorGViEk/lib/transport-7.7.0.jar /Users/matt/code/ztls/conformance/zig-out/tools/lib/transport-7.7.0.jar
install -C /tmp/ztls-plc-cache/global/p/N-V-__8AAACiugX9TDNHS4gUMmDdAre7aDQZEvrSeorGViEk/lib/bcpkix-jdk18on-1.81.jar /Users/matt/code/ztls/conformance/zig-out/tools/lib/bcpkix-jdk18on-1.81.jar
install -C /tmp/ztls-plc-cache/global/p/N-V-__8AAACiugX9TDNHS4gUMmDdAre7aDQZEvrSeorGViEk/lib/httpclient-4.5.12.jar /Users/matt/code/ztls/conformance/zig-out/tools/lib/httpclient-4.5.12.jar
install -C /tmp/ztls-plc-cache/global/p/N-V-__8AAACiugX9TDNHS4gUMmDdAre7aDQZEvrSeorGViEk/lib/jcl-over-slf4j-1.7.30.jar /Users/matt/code/ztls/conformance/zig-out/tools/lib/jcl-over-slf4j-1.7.30.jar
install -C /tmp/ztls-plc-cache/global/p/N-V-__8AAACiugX9TDNHS4gUMmDdAre7aDQZEvrSeorGViEk/lib/jsr305-3.0.2.jar /Users/matt/code/ztls/conformance/zig-out/tools/lib/jsr305-3.0.2.jar
install -C /tmp/ztls-plc-cache/global/p/N-V-__8AAACiugX9TDNHS4gUMmDdAre7aDQZEvrSeorGViEk/lib/opentest4j-1.3.0.jar /Users/matt/code/ztls/conformance/zig-out/tools/lib/opentest4j-1.3.0.jar
install -C /tmp/ztls-plc-cache/global/p/N-V-__8AAACiugX9TDNHS4gUMmDdAre7aDQZEvrSeorGViEk/lib/hk2-utils-2.6.1.jar /Users/matt/code/ztls/conformance/zig-out/tools/lib/hk2-utils-2.6.1.jar
install -C /tmp/ztls-plc-cache/global/p/N-V-__8AAACiugX9TDNHS4gUMmDdAre7aDQZEvrSeorGViEk/lib/trove4j-3.0.3.jar /Users/matt/code/ztls/conformance/zig-out/tools/lib/trove4j-3.0.3.jar
install -C /tmp/ztls-plc-cache/global/p/N-V-__8AAACiugX9TDNHS4gUMmDdAre7aDQZEvrSeorGViEk/lib/fastutil-8.5.15.jar /Users/matt/code/ztls/conformance/zig-out/tools/lib/fastutil-8.5.15.jar
install -C /tmp/ztls-plc-cache/global/p/N-V-__8AAACiugX9TDNHS4gUMmDdAre7aDQZEvrSeorGViEk/lib/jcommander-1.82.jar /Users/matt/code/ztls/conformance/zig-out/tools/lib/jcommander-1.82.jar
install -C /tmp/ztls-plc-cache/global/p/N-V-__8AAACiugX9TDNHS4gUMmDdAre7aDQZEvrSeorGViEk/lib/tls-scanner-core-7.4.0.jar /Users/matt/code/ztls/conformance/zig-out/tools/lib/tls-scanner-core-7.4.0.jar
install -C /tmp/ztls-plc-cache/global/p/N-V-__8AAACiugX9TDNHS4gUMmDdAre7aDQZEvrSeorGViEk/lib/protocol-attacker-2.2.2.jar /Users/matt/code/ztls/conformance/zig-out/tools/lib/protocol-attacker-2.2.2.jar
install -C /tmp/ztls-plc-cache/global/p/N-V-__8AAACiugX9TDNHS4gUMmDdAre7aDQZEvrSeorGViEk/lib/jsonschema-generator-4.38.0.jar /Users/matt/code/ztls/conformance/zig-out/tools/lib/jsonschema-generator-4.38.0.jar
install -C /tmp/ztls-plc-cache/global/p/N-V-__8AAACiugX9TDNHS4gUMmDdAre7aDQZEvrSeorGViEk/lib/junit-jupiter-api-5.13.4.jar /Users/matt/code/ztls/conformance/zig-out/tools/lib/junit-jupiter-api-5.13.4.jar
install -C /tmp/ztls-plc-cache/global/p/N-V-__8AAACiugX9TDNHS4gUMmDdAre7aDQZEvrSeorGViEk/lib/junixsocket-native-common-2.10.1.jar /Users/matt/code/ztls/conformance/zig-out/tools/lib/junixsocket-native-common-2.10.1.jar
install -C /tmp/ztls-plc-cache/global/p/N-V-__8AAACiugX9TDNHS4gUMmDdAre7aDQZEvrSeorGViEk/lib/apiguardian-api-1.1.2.jar /Users/matt/code/ztls/conformance/zig-out/tools/lib/apiguardian-api-1.1.2.jar
install -C /tmp/ztls-plc-cache/global/p/N-V-__8AAACiugX9TDNHS4gUMmDdAre7aDQZEvrSeorGViEk/lib/docker-java-transport-netty-3.6.0.jar /Users/matt/code/ztls/conformance/zig-out/tools/lib/docker-java-transport-netty-3.6.0.jar
install -C /tmp/ztls-plc-cache/global/p/N-V-__8AAACiugX9TDNHS4gUMmDdAre7aDQZEvrSeorGViEk/lib/hk2-api-2.6.1.jar /Users/matt/code/ztls/conformance/zig-out/tools/lib/hk2-api-2.6.1.jar
install -C /tmp/ztls-plc-cache/global/p/N-V-__8AAACiugX9TDNHS4gUMmDdAre7aDQZEvrSeorGViEk/lib/docker-java-core-3.6.0.jar /Users/matt/code/ztls/conformance/zig-out/tools/lib/docker-java-core-3.6.0.jar
install -C /tmp/ztls-plc-cache/global/p/N-V-__8AAACiugX9TDNHS4gUMmDdAre7aDQZEvrSeorGViEk/lib/jspecify-1.0.0.jar /Users/matt/code/ztls/conformance/zig-out/tools/lib/jspecify-1.0.0.jar
install -C /tmp/ztls-plc-cache/global/p/N-V-__8AAACiugX9TDNHS4gUMmDdAre7aDQZEvrSeorGViEk/lib/docker-java-transport-httpclient5-3.6.0.jar /Users/matt/code/ztls/conformance/zig-out/tools/lib/docker-java-transport-httpclient5-3.6.0.jar
install -C /tmp/ztls-plc-cache/global/p/N-V-__8AAACiugX9TDNHS4gUMmDdAre7aDQZEvrSeorGViEk/lib/coffee4j-anvil-model-2.0.1.jar /Users/matt/code/ztls/conformance/zig-out/tools/lib/coffee4j-anvil-model-2.0.1.jar
install -C /tmp/ztls-plc-cache/global/p/N-V-__8AAACiugX9TDNHS4gUMmDdAre7aDQZEvrSeorGViEk/lib/snakeyaml-2.4.jar /Users/matt/code/ztls/conformance/zig-out/tools/lib/snakeyaml-2.4.jar
install -C /tmp/ztls-plc-cache/global/p/N-V-__8AAACiugX9TDNHS4gUMmDdAre7aDQZEvrSeorGViEk/lib/hk2-locator-2.6.1.jar /Users/matt/code/ztls/conformance/zig-out/tools/lib/hk2-locator-2.6.1.jar
install -C /tmp/ztls-plc-cache/global/p/N-V-__8AAACiugX9TDNHS4gUMmDdAre7aDQZEvrSeorGViEk/lib/httpcore-4.4.16.jar /Users/matt/code/ztls/conformance/zig-out/tools/lib/httpcore-4.4.16.jar
install -C /tmp/ztls-plc-cache/global/p/N-V-__8AAACiugX9TDNHS4gUMmDdAre7aDQZEvrSeorGViEk/lib/log4j-core-2.25.1.jar /Users/matt/code/ztls/conformance/zig-out/tools/lib/log4j-core-2.25.1.jar
install -C /tmp/ztls-plc-cache/global/p/N-V-__8AAACiugX9TDNHS4gUMmDdAre7aDQZEvrSeorGViEk/lib/netty-transport-classes-kqueue-4.2.4.Final.jar /Users/matt/code/ztls/conformance/zig-out/tools/lib/netty-transport-classes-kqueue-4.2.4.Final.jar
install -C /tmp/ztls-plc-cache/global/p/N-V-__8AAACiugX9TDNHS4gUMmDdAre7aDQZEvrSeorGViEk/lib/jakarta.annotation-api-1.3.5.jar /Users/matt/code/ztls/conformance/zig-out/tools/lib/jakarta.annotation-api-1.3.5.jar
install -C /tmp/ztls-plc-cache/global/p/N-V-__8AAACiugX9TDNHS4gUMmDdAre7aDQZEvrSeorGViEk/lib/hamcrest-core-1.1.jar /Users/matt/code/ztls/conformance/zig-out/tools/lib/hamcrest-core-1.1.jar
install -C /tmp/ztls-plc-cache/global/p/N-V-__8AAACiugX9TDNHS4gUMmDdAre7aDQZEvrSeorGViEk/lib/istack-commons-runtime-4.1.2.jar /Users/matt/code/ztls/conformance/zig-out/tools/lib/istack-commons-runtime-4.1.2.jar
install -C /tmp/ztls-plc-cache/global/p/N-V-__8AAACiugX9TDNHS4gUMmDdAre7aDQZEvrSeorGViEk/lib/coffee4j-anvil-engine-2.0.1.jar /Users/matt/code/ztls/conformance/zig-out/tools/lib/coffee4j-anvil-engine-2.0.1.jar
install -C /tmp/ztls-plc-cache/global/p/N-V-__8AAACiugX9TDNHS4gUMmDdAre7aDQZEvrSeorGViEk/lib/netty-handler-proxy-4.2.4.Final.jar /Users/matt/code/ztls/conformance/zig-out/tools/lib/netty-handler-proxy-4.2.4.Final.jar
install -C /tmp/ztls-plc-cache/global/p/N-V-__8AAACiugX9TDNHS4gUMmDdAre7aDQZEvrSeorGViEk/lib/jaxb-core-4.0.5.jar /Users/matt/code/ztls/conformance/zig-out/tools/lib/jaxb-core-4.0.5.jar
install -C /tmp/ztls-plc-cache/global/p/N-V-__8AAACiugX9TDNHS4gUMmDdAre7aDQZEvrSeorGViEk/lib/netty-transport-classes-epoll-4.2.4.Final.jar /Users/matt/code/ztls/conformance/zig-out/tools/lib/netty-transport-classes-epoll-4.2.4.Final.jar
install -C /tmp/ztls-plc-cache/global/p/N-V-__8AAACiugX9TDNHS4gUMmDdAre7aDQZEvrSeorGViEk/lib/reflections-0.10.2.jar /Users/matt/code/ztls/conformance/zig-out/tools/lib/reflections-0.10.2.jar
install -C /tmp/ztls-plc-cache/global/p/N-V-__8AAACiugX9TDNHS4gUMmDdAre7aDQZEvrSeorGViEk/lib/jgrapht-core-1.4.0.jar /Users/matt/code/ztls/conformance/zig-out/tools/lib/jgrapht-core-1.4.0.jar
bash /Users/matt/code/ztls/conformance/scripts/anvil-chain-provider-patch/apply.sh /Users/matt/code/ztls/conformance/zig-out/tools/lib
patched X509CertificateChainProvider (basicConstraints cA) into /Users/matt/code/ztls/conformance/zig-out/tools/lib/tls-test-framework-1.5.0.jar
patched DateTimeAdapter (JAXB validity serialization) into /Users/matt/code/ztls/conformance/zig-out/tools/lib/x509-attacker-4.3.10.jar
NO_COLOR=1 pkg-config libcrypto --cflags --libs
NO_COLOR=1 pkg-config libcrypto --cflags --libs
/nix/store/HASH-zig-0.15.2/bin/zig build-exe -ODebug --dep ztls --dep net_compat --dep fixtures -Mroot=/Users/matt/code/ztls/conformance/src/tlsfuzzer_server.zig -I/nix/store/HASH-aws-lc-5.5.0-dev/include -L/nix/store/HASH-aws-lc-5.5.0/lib -lcrypto -ODebug --dep build_options -Mztls=/Users/matt/code/ztls/src/root.zig -ODebug -Mnet_compat=/Users/matt/code/ztls/shared/net_compat.zig -ODebug -Mfixtures=/Users/matt/code/ztls/tests/fixtures/fixtures.zig -Mbuild_options=/tmp/tmp.F3v0NNNUBu/conformance/c/5f561f0723d3bca47c7861e3338782bd/options.zig -lc --cache-dir /tmp/tmp.F3v0NNNUBu/conformance --global-cache-dir /tmp/ztls-plc-cache/global --name tlsfuzzer_server --zig-lib-dir /nix/store/HASH-zig-0.15.2/lib/zig/ --listen=-
/nix/store/HASH-zig-0.15.2/bin/zig build-exe -ODebug --dep ztls --dep net_compat --dep fixtures -Mroot=/Users/matt/code/ztls/conformance/src/anvil_client.zig -I/nix/store/HASH-aws-lc-5.5.0-dev/include -L/nix/store/HASH-aws-lc-5.5.0/lib -lcrypto -ODebug --dep build_options -Mztls=/Users/matt/code/ztls/src/root.zig -ODebug -Mnet_compat=/Users/matt/code/ztls/shared/net_compat.zig -ODebug -Mfixtures=/Users/matt/code/ztls/tests/fixtures/fixtures.zig -Mbuild_options=/tmp/tmp.F3v0NNNUBu/conformance/c/5f561f0723d3bca47c7861e3338782bd/options.zig -lc --cache-dir /tmp/tmp.F3v0NNNUBu/conformance --global-cache-dir /tmp/ztls-plc-cache/global --name anvil_client --zig-lib-dir /nix/store/HASH-zig-0.15.2/lib/zig/ --listen=-
install -C /tmp/tmp.F3v0NNNUBu/conformance/o/761d8e4b2abc3b297ed9b53add6b2863/anvil_client /Users/matt/code/ztls/conformance/zig-out/bin/anvil_client
install -C /tmp/tmp.F3v0NNNUBu/conformance/o/34b33e54118ede9b95b4a00c2a8e35ed/tlsfuzzer_server /Users/matt/code/ztls/conformance/zig-out/bin/tlsfuzzer_server

Build Summary: 9/9 steps succeeded
install success
+- install dependency to tools/TLS-Anvil.jar cached
+- install dependency/ success
+- run bash success 1s MaxRSS:180M
|  +- install dependency to tools/TLS-Anvil.jar (reused)
|  +- install dependency/ (reused)
+- install tlsfuzzer_server success
|  +- compile exe tlsfuzzer_server Debug native success 3s MaxRSS:410M
|     +- options success
+- install anvil_client success
   +- compile exe anvil_client Debug native success 3s MaxRSS:407M
      +- options (reused)

................                                                         [100%]
16 passed in 0.33s
zig fmt --check src/ examples/ bench/ shared/ tests/distribution-consumer/ build.zig
ziglint build.zig examples bench shared tests/distribution-consumer $(fd --extension zig --exclude certificate_parser.zig . src)
ast-grep scan --rule rules/no-ztls-owned-allocations.yml src --globs '*.zig' --globs '!src/test/**' --globs '!src/bench/**' --globs '!src/interop.zig' --report-style short
ast-grep scan --rule rules/no-c-pointer-types.yml src --globs '*.zig' --report-style short
# std-alias rules: enforce the aliases we always want. certificate_parser.zig
# is an upstream-derived std fork kept close to upstream, so it is excluded
# like ziglint does.
rc=0; for rule in rules/std-alias-*.yml; do ast-grep scan --rule "$rule" src examples bench shared --globs '*.zig' --globs '!src/certificate_parser.zig' --report-style short || rc=1; done; exit $rc
shellcheck --severity=warning scripts/*.sh infra/bench/*.sh infra/iam/*.sh
pinact run --fix=false --no-api .github/workflows/*.yml
zizmor .github
 INFO zizmor: 🌈 zizmor v1.30.1
 WARN audit: zizmor: zizmor is running in offline mode by default; some audits and auto-fixes will not be available. see https://docs.zizmor.sh/usage/#operating-modes for details
 INFO audit: zizmor: 🌈 completed .github/dependabot.yml
 INFO audit: zizmor: 🌈 completed .github/workflows/ci.yml
 INFO audit: zizmor: 🌈 completed .github/workflows/tls-anvil-client.yml
 INFO audit: zizmor: 🌈 completed .github/workflows/tls-anvil-server.yml
 INFO audit: zizmor: 🌈 completed .github/workflows/update-flake-lock.yml
 INFO audit: zizmor: 🌈 completed .github/workflows/zizmor.yml
No findings to report. Good job! (21 suppressed)
no status-language drift
no active-work headings referencing issues
README index matches research files
no closed-issue citations in research doc headings
no tracked binary fixture files
cargo fmt --check --manifest-path bench/rustls/Cargo.toml
cargo clippy --all-targets --release --manifest-path bench/rustls/Cargo.toml -- -D warnings
    Finished `release` profile [optimized] target(s) in 0.01s
just conformance/lint
uv run ruff format --check .
12 files already formatted
uv run ruff check .
All checks passed!
uv run ty check .
All checks passed!
zig fmt --check build.zig src/
ziglint build.zig src/
just --check --fmt --unstable --justfile justfile
./scripts/consumer-gate.sh --selftest
consumer-gate selftest: 23 checks passed
zig build example-tcp_loopback --summary all
[tcp]    server listening on 127.0.0.1:38529
[client] connected to 127.0.0.1:38529
[server] accepted connection
[client] ClientHello sent → state=wait_sh
[client] handshake complete (ALPN=h2)
[client] sent: GET / HTTP/1.0

[server] handshake complete (ALPN=h2)
[client] received: HTTP/1.0 200 OK
Content-Length: 5

hello

=== TCP loopback OK ===

Build Summary: 4/4 steps succeeded
example-tcp_loopback success
+- run exe tcp_loopback success 48ms MaxRSS:9M
   +- compile exe tcp_loopback Debug native-native success 3s MaxRSS:402M
      +- options cached

zig build example-in_memory_handshake --summary all
[client] ClientHello sent → state=wait_sh
[server] ServerHello sent → state=wait_client_finished
[client] handshake keys installed → state=wait_ee
[server] authenticated flight sent → state=wait_client_finished
[client] Finished sent → state=connected
[server] client Finished verified → state=connected

=== handshake complete (ALPN=h2) ===

[app]    client → server: ping
[app]    server → client: pong

=== in-memory handshake OK ===

Build Summary: 4/4 steps succeeded
example-in_memory_handshake success
+- run exe in_memory_handshake success 2ms MaxRSS:9M
   +- compile exe in_memory_handshake Debug native-native success 3s MaxRSS:395M
      +- options cached

zig build example-epoll_pingpong --summary all
[server] listening on 127.0.0.1:33893
[client] connected to 127.0.0.1:33893
[client] ClientHello sent → state=wait_sh
[server] accepted connection
[client] handshake complete (ALPN=pingpong)
[server] handshake complete (ALPN=pingpong)
[client] received: pong 1
[client] received: pong 2
[client] received: pong 3
[client] received: pong 4

=== epoll ping-pong OK ===

Build Summary: 4/4 steps succeeded
example-epoll_pingpong success
+- run exe epoll_pingpong success 52ms MaxRSS:9M
   +- compile exe epoll_pingpong Debug native-native success 3s MaxRSS:423M
      +- options cached

zig build example-iouring_pingpong --summary all
[iouring] server listening on 127.0.0.1:36093
[client] connected to 127.0.0.1:36093
[server] accepted connection
[client] ClientHello sent → state=wait_sh
[client] handshake complete (ALPN=pingpong)
[server] handshake complete (ALPN=pingpong)
[client] received: pong 1
[client] received: pong 2
[client] received: pong 3
[client] received: pong 4

=== io_uring ping-pong OK ===

Build Summary: 4/4 steps succeeded
example-iouring_pingpong success
+- run exe iouring_pingpong success 47ms MaxRSS:9M
   +- compile exe iouring_pingpong Debug native-native success 3s MaxRSS:403M
      +- options cached


Build Summary: 5/5 steps succeeded
install success
+- install ztls success
|  +- compile lib ztls Debug native-native success 3s MaxRSS:368M
|     +- options cached
+- install include/ztls.h to include/ztls.h cached

/tmp/ztls-signoff-20260919/resource-ci-cache/o/c40a415a34ced2252805335683b8bbd3/libztls_zcu.o
ClientHello: 247 bytes, header 0x16 0x03 0x03 — OK
record length field: 242 — OK
ztls C ABI example: OK
./scripts/distribution-smoke.sh core

Build Summary: 5/5 steps succeeded
install success
+- install ztls-distribution-consumer success
   +- compile exe ztls-distribution-consumer Debug native success 2s MaxRSS:358M
      +- options success
      +- options success

ztls core distribution smoke passed from an isolated fetched package
if [ "$(uname -s)" = Linux ]; then just check-memory; fi
Memory evidence: /Users/matt/code/ztls/zig-out/memory.sBTiPw
warning: Git tree '/Users/matt/code/ztls' is dirty
test: zero Memcheck errors
benchmark: zero Memcheck errors
Memory evidence retained: /Users/matt/code/ztls/zig-out/memory.sBTiPw
just conformance/ci
zig build test
just tlsfuzzer -v
zig build
patched X509CertificateChainProvider (basicConstraints cA) into /Users/matt/code/ztls/conformance/zig-out/tools/lib/tls-test-framework-1.5.0.jar
patched DateTimeAdapter (JAXB validity serialization) into /Users/matt/code/ztls/conformance/zig-out/tools/lib/x509-attacker-4.3.10.jar
uv run pytest -v
============================= test session starts ==============================
platform linux -- Python 3.14.7, pytest-9.0.3, pluggy-1.6.0 -- /Users/matt/code/ztls/conformance/.venv/bin/python
cachedir: .pytest_cache
rootdir: /Users/matt/code/ztls/conformance
configfile: pyproject.toml
collecting ... collected 102 items

tests/test_anvil_adapter.py::test_extract_feature_from_tls_anvil_class_id PASSED [  0%]
tests/test_anvil_adapter.py::test_extract_feature_unknown_when_id_shape_is_not_tls_anvil PASSED [  1%]
tests/test_anvil_adapter.py::test_adapter_normalizes_per_test_json_directory PASSED [  2%]
tests/test_anvil_adapter.py::test_adapter_prefers_class_method_over_opaque_test_id PASSED [  3%]
tests/test_anvil_adapter.py::test_adapter_accepts_report_json_with_normalized_tests PASSED [  4%]
tests/test_anvil_adapter.py::test_adapter_falls_back_to_per_test_files_when_report_json_is_not_normalized PASSED [  5%]
tests/test_anvil_adapter.py::test_adapter_to_report_matches_skip_patterns_by_stable_id PASSED [  6%]
tests/test_anvil_adapter.py::test_adapter_rejects_raw_tls_anvil_report_that_is_still_running PASSED [  7%]
tests/test_anvil_adapter.py::test_adapter_rejects_still_running_report_zip PASSED [  8%]
tests/test_anvil_adapter.py::test_adapter_allow_partial_accepts_still_running_report PASSED [  9%]
tests/test_anvil_adapter.py::test_adapter_allow_partial_accepts_still_running_report_zip PASSED [ 10%]
tests/test_anvil_adapter.py::test_adapter_rejects_directory_without_result_json PASSED [ 11%]
tests/test_anvil_adapter.py::test_adapter_marks_unknown_results_as_not_specified PASSED [ 12%]
tests/test_anvil_adapter.py::test_adapter_carries_failure_inducing_combinations PASSED [ 13%]
tests/test_anvil_adapter.py::test_adapter_carries_failure_combinations_from_normalized_report_json PASSED [ 14%]
tests/test_anvil_client.py::test_write_run_metadata_records_command_git_and_client_fields PASSED [ 15%]
tests/test_anvil_client.py::test_main_writes_run_metadata_before_launching_tls_anvil PASSED [ 16%]
tests/test_anvil_client.py::test_main_uses_tls_anvil_client_mode_with_trigger_script PASSED [ 17%]
tests/test_anvil_client.py::test_trigger_script_is_executable_stdlib_python_without_shell_helpers PASSED [ 18%]
tests/test_anvil_client.py::test_trigger_script_reads_the_clock_once_and_only_via_time_ns PASSED [ 19%]
tests/test_anvil_client.py::test_start_record_has_subsecond_utc_and_single_snapshot_identity PASSED [ 20%]
tests/test_anvil_client.py::test_each_invocation_is_attributable_via_ledger_not_filename_order PASSED [ 21%]
tests/test_anvil_client.py::test_trigger_script_quotes_paths_with_spaces_and_quotes PASSED [ 22%]
tests/test_anvil_client.py::test_trigger_fails_loudly_when_invocation_file_cannot_be_created PASSED [ 23%]
tests/test_anvil_client.py::test_trigger_script_preserves_client_signal_death PASSED [ 24%]
tests/test_anvil_client.py::test_invocation_header_constant_matches_generated_script PASSED [ 25%]
tests/test_anvil_report.py::test_skip_list_loaded PASSED                 [ 26%]
tests/test_anvil_report.py::test_synthetic_fixture_loads PASSED          [ 27%]
tests/test_anvil_report.py::test_pattern_hello_retry_request_reason_matches PASSED [ 28%]
tests/test_anvil_report.py::test_pattern_psk_disabled_reason_matches PASSED [ 29%]
tests/test_anvil_report.py::test_pattern_tls12_lowercase_id_matches PASSED [ 30%]
tests/test_anvil_report.py::test_named_group_disabled_cases_use_exact_ids PASSED [ 31%]
tests/test_anvil_report.py::test_end_of_early_data_pass_not_hidden_by_skip_list PASSED [ 32%]
tests/test_anvil_report.py::test_server_early_data_disabled_still_caught_by_skip_list PASSED [ 33%]
tests/test_anvil_report.py::test_end_of_early_data_pass_is_clean_pass_in_pipeline PASSED [ 34%]
tests/test_anvil_report.py::test_skip_pattern_falsification_caught PASSED [ 35%]
tests/test_anvil_report.py::test_skip_pattern_matches_disabled_reason_when_name_and_id_are_generic PASSED [ 36%]
tests/test_anvil_report.py::test_skip_pattern_matches_stable_test_id_when_name_is_generic PASSED [ 37%]
tests/test_anvil_report.py::test_report_on_synthetic_fixture PASSED      [ 38%]
tests/test_anvil_report.py::test_summary_json_structure PASSED           [ 39%]
tests/test_anvil_report.py::test_summary_json_counts_match_expected PASSED [ 40%]
tests/test_anvil_report.py::test_committed_skip_list_reports_unmatched_patterns_for_synthetic_fixture PASSED [ 41%]
tests/test_anvil_report.py::test_summary_json_unexpected_count_match_expected PASSED [ 42%]
tests/test_anvil_report.py::test_summary_json_feature_breakdown_size PASSED [ 43%]
tests/test_anvil_report.py::test_summary_json_unexpected_pass_has_rationale PASSED [ 44%]
tests/test_anvil_report.py::test_skip_pattern_does_not_hide_failed_test PASSED [ 45%]
tests/test_anvil_report.py::test_summary_json_unexpected_fail_has_rationale PASSED [ 46%]
tests/test_anvil_report.py::test_summary_json_and_txt_carry_provenance PASSED [ 47%]
tests/test_anvil_report.py::test_report_rejects_allow_partial_provenance PASSED [ 48%]
tests/test_anvil_report.py::test_report_rejects_incomplete_tls_anvil_provenance PASSED [ 49%]
tests/test_anvil_report.py::test_summary_txt_contains_counts PASSED      [ 50%]
tests/test_anvil_report.py::test_summary_txt_contains_per_feature PASSED [ 50%]
tests/test_anvil_report.py::test_unmatched_skip_patterns_reported PASSED [ 51%]
tests/test_anvil_report.py::test_failed_test_with_matching_disabled_reason_still_fails PASSED [ 52%]
tests/test_anvil_report.py::test_endpoint_mode_disabled_is_not_attempted PASSED [ 53%]
tests/test_anvil_report.py::test_disabled_reason_skip_pattern_counts_as_expected_skip PASSED [ 54%]
tests/test_anvil_report.py::test_unexpected_skipped_has_rationale PASSED [ 55%]
tests/test_anvil_report.py::test_all_passing_report_exits_zero PASSED    [ 56%]
tests/test_anvil_report.py::test_parser_rejects_missing_input PASSED     [ 57%]
tests/test_anvil_report.py::test_parser_rejects_missing_skip_list PASSED [ 58%]
tests/test_anvil_report.py::test_dsa_root_failure_classified_as_expected_failed PASSED [ 59%]
tests/test_anvil_report.py::test_dsa_root_failure_all_six_gated_ids PASSED [ 60%]
tests/test_anvil_report.py::test_non_dsa_root_failure_stays_unexpected PASSED [ 61%]
tests/test_anvil_report.py::test_dsa_root_failure_with_wrong_test_id_stays_unexpected PASSED [ 62%]
tests/test_anvil_report.py::test_dsa_root_failure_without_combinations_stays_unexpected PASSED [ 63%]
tests/test_anvil_report.py::test_mixed_combinations_with_non_dsa_stays_unexpected PASSED [ 64%]
tests/test_anvil_report.py::test_dsa_root_all_three_rsa_leaf_sizes PASSED [ 65%]
tests/test_anvil_report.py::test_dsa_root_non_rsa_leaf_stays_unexpected PASSED [ 66%]
tests/test_anvil_report.py::test_expected_failed_not_counted_as_unexpected_for_exit_code PASSED [ 67%]
tests/test_anvil_report.py::test_expected_failed_feature_breakdown PASSED [ 68%]
tests/test_anvil_report.py::test_expected_failed_not_in_expected_skipped PASSED [ 69%]
tests/test_anvil_server.py::test_write_run_metadata_records_command_and_git PASSED [ 70%]
tests/test_anvil_server.py::test_main_writes_run_metadata_before_launching_tls_anvil PASSED [ 71%]
tests/test_anvil_server.py::test_snapshot_logs_returns_empty_for_missing_or_empty_dir PASSED [ 72%]
tests/test_anvil_server.py::test_copy_new_logs_copies_only_new_or_changed_files PASSED [ 73%]
tests/test_anvil_server.py::test_copy_new_logs_ignores_missing_source PASSED [ 74%]
tests/test_anvil_server.py::test_copy_new_logs_ignores_unchanged_files PASSED [ 75%]
tests/test_anvil_server.py::test_chain_provider_provenance_detects_patched_artifact PASSED [ 76%]
tests/test_anvil_server.py::test_chain_provider_provenance_detects_unpatched_and_stale_artifacts PASSED [ 77%]
tests/test_anvil_server.py::test_write_run_metadata_records_chain_provider_provenance PASSED [ 78%]
tests/test_anvil_server.py::test_validity_adapter_provenance_detects_patched_artifact PASSED [ 79%]
tests/test_anvil_server.py::test_validity_adapter_provenance_detects_unpatched_tampered_and_stale PASSED [ 80%]
tests/test_anvil_server.py::test_write_run_metadata_records_validity_adapter_provenance PASSED [ 81%]
tests/test_tls13.py::test_tls13_handshake_and_application_echo PASSED    [ 82%]
tests/test_tls13.py::test_tls13_aes256_gcm_echo PASSED                   [ 83%]
tests/test_tls13.py::test_tls13_chacha20_poly1305_echo PASSED            [ 84%]
tests/test_tls13.py::test_tls13_keyupdate_update_requested PASSED        [ 85%]
tests/test_tls13.py::test_tls13_corrupted_app_data_record_is_rejected PASSED [ 86%]
tests/test_tls13.py::test_tls13_rejects_truncated_keyupdate PASSED       [ 87%]
tests/test_tls13.py::test_tls13_rejects_invalid_keyupdate_request PASSED [ 88%]
tests/test_tls13.py::test_tls13_oversized_record_is_rejected PASSED      [ 89%]
tests/test_tls13.py::test_tls13_close_notify_before_handshake PASSED     [ 90%]
tests/test_tls13.py::test_tls13_rejects_garbage_pre_handshake PASSED     [ 91%]
tests/test_tls13.py::test_tls13_rejects_finished_before_handshake PASSED [ 92%]
tests/test_tls13.py::test_tls13_rejects_truncated_client_hello_record PASSED [ 93%]
tests/test_tls13.py::test_tls13_rejects_empty_client_hello_record PASSED [ 94%]
tests/test_tls13.py::test_tls13_rejects_truncated_key_share_extension PASSED [ 95%]
tests/test_tls13.py::test_tls13_rejects_unshared_alpn PASSED             [ 96%]
tests/test_tls13.py::test_tls13_rejects_unsupported_cipher_suite PASSED  [ 97%]
tests/test_tls13_mlkem.py::test_upstream_tls13_mlkem_matrix PASSED       [ 98%]
tests/test_tlsanvil.py::test_tls_anvil_cli_dependencies_are_installed PASSED [ 99%]
tests/test_tlsanvil.py::test_tls_anvil_skip_list_uses_github_issue_refs PASSED [100%]

============================= 102 passed in 4.39s ==============================
just anvil-report-test
uv run pytest -q tests/test_anvil_report.py
.............................................                            [100%]
45 passed in 1.67s
just anvil-adapter-test
uv run pytest -q tests/test_anvil_adapter.py
...............                                                          [100%]
15 passed in 0.70s
just anvil-server-test
uv run pytest -q tests/test_anvil_server.py
............                                                             [100%]
12 passed in 0.05s
just anvil-client-test
uv run pytest -q tests/test_anvil_client.py
...........                                                              [100%]
11 passed in 0.22s
just anvil-chain-patch-test
zig build
patched X509CertificateChainProvider (basicConstraints cA) into /Users/matt/code/ztls/conformance/zig-out/tools/lib/tls-test-framework-1.5.0.jar
patched DateTimeAdapter (JAXB validity serialization) into /Users/matt/code/ztls/conformance/zig-out/tools/lib/x509-attacker-4.3.10.jar
bash scripts/anvil-chain-provider-patch/probe.sh
Note: /Users/matt/code/ztls/conformance/scripts/anvil-chain-provider-patch/ValidityRoundTripProbe.java uses or overrides a deprecated API.
Note: Recompile with -Xlint:deprecation for details.
code_source=file:/Users/matt/code/ztls/conformance/zig-out/tools/lib/tls-test-framework-1.5.0.jar
leaf_public_key_types=[dsa, ecdh_ecdsa, rsa, rsaes_oaep, rsassa_pss]
leaf_rsa_modulus_bits=[1024, 2048, 4096]
PROBE_OK signing-cert configs carry critical basicConstraints cA=true
config_code_source=file:/Users/matt/code/ztls/conformance/zig-out/tools/lib/x509-attacker-4.3.10.jar
ok   X509CertificateConfig loaded from installed x509-attacker-4.3.10.jar
adapter_code_source=file:/Users/matt/code/ztls/conformance/zig-out/tools/lib/x509-attacker-4.3.10.jar
ok   DateTimeAdapter loaded from installed x509-attacker-4.3.10.jar
ok   package-level @XmlJavaTypeAdapter(DateTimeAdapter) is effective
ok   unmarshal(null) returns null
ok   marshal(null) returns null
ok   adapter round trip preserves millis and +03:00 offset: 2019-07-06T05:06:07.891+03:00
ok   unmarshal(malformed string) throws IllegalArgumentException
ok   provider chain has leaf and signing configs
ok   baseline cert 0 notBefore is 2026: 2026-01-01T00:00:00.000Z
ok   baseline cert 0 notAfter is 2028: 2028-01-01T00:00:00.000Z
ok   baseline cert 1 notBefore is 2026: 2026-01-01T00:00:00.000Z
ok   baseline cert 1 notAfter is 2028: 2028-01-01T00:00:00.000Z
ok   createCopy x3 default window: all chain configs survive
ok   createCopy x3 default window: cert 0 notBefore preserved: 2026-01-01T00:00:00.000Z
ok   createCopy x3 default window: cert 0 notAfter preserved: 2028-01-01T00:00:00.000Z
ok   createCopy x3 default window: cert 1 notBefore preserved: 2026-01-01T00:00:00.000Z
ok   createCopy x3 default window: cert 1 notAfter preserved: 2028-01-01T00:00:00.000Z
ok   createCopy default window: built both chain certificates
ok   createCopy default window: DER cert 0 notBefore=Wed Dec 31 16:00:00 PST 2025 matches config 2026-01-01T00:00:00.000Z
ok   createCopy default window: DER cert 0 notAfter=Fri Dec 31 16:00:00 PST 2027 matches config 2028-01-01T00:00:00.000Z
ok   createCopy default window: DER cert 1 notBefore=Wed Dec 31 16:00:00 PST 2025 matches config 2026-01-01T00:00:00.000Z
ok   createCopy default window: DER cert 1 notAfter=Fri Dec 31 16:00:00 PST 2027 matches config 2028-01-01T00:00:00.000Z
ok   ConfigIO default window: all chain configs survive
ok   ConfigIO default window: cert 0 notBefore preserved: 2026-01-01T00:00:00.000Z
ok   ConfigIO default window: cert 0 notAfter preserved: 2028-01-01T00:00:00.000Z
ok   ConfigIO default window: cert 1 notBefore preserved: 2026-01-01T00:00:00.000Z
ok   ConfigIO default window: cert 1 notAfter preserved: 2028-01-01T00:00:00.000Z
ok   ConfigIO default window: built both chain certificates
ok   ConfigIO default window: DER cert 0 notBefore=Wed Dec 31 16:00:00 PST 2025 matches config 2026-01-01T00:00:00.000Z
ok   ConfigIO default window: DER cert 0 notAfter=Fri Dec 31 16:00:00 PST 2027 matches config 2028-01-01T00:00:00.000Z
ok   ConfigIO default window: DER cert 1 notBefore=Wed Dec 31 16:00:00 PST 2025 matches config 2026-01-01T00:00:00.000Z
ok   ConfigIO default window: DER cert 1 notAfter=Fri Dec 31 16:00:00 PST 2027 matches config 2028-01-01T00:00:00.000Z
ok   createCopy x3 custom windows: all chain configs survive
ok   createCopy x3 custom windows: cert 0 notBefore preserved: 2019-07-06T05:06:07.891+03:00
ok   createCopy x3 custom windows: cert 0 notAfter preserved: 2031-02-03T04:05:06.789-09:30
ok   createCopy x3 custom windows: cert 1 notBefore preserved: 2018-03-04T05:06:07.000Z
ok   createCopy x3 custom windows: cert 1 notAfter preserved: 2019-12-31T23:59:59.000Z
ok   createCopy custom windows: built both chain certificates
ok   createCopy custom windows: DER cert 0 notBefore=Fri Jul 05 19:06:07 PDT 2019 matches config 2019-07-06T05:06:07.891+03:00
ok   createCopy custom windows: DER cert 0 notAfter=Mon Feb 03 05:35:06 PST 2031 matches config 2031-02-03T04:05:06.789-09:30
ok   createCopy custom windows: DER cert 1 notBefore=Sat Mar 03 21:06:07 PST 2018 matches config 2018-03-04T05:06:07.000Z
ok   createCopy custom windows: DER cert 1 notAfter=Tue Dec 31 15:59:59 PST 2019 matches config 2019-12-31T23:59:59.000Z
ok   ConfigIO custom windows: all chain configs survive
ok   ConfigIO custom windows: cert 0 notBefore preserved: 2019-07-06T05:06:07.891+03:00
ok   ConfigIO custom windows: cert 0 notAfter preserved: 2031-02-03T04:05:06.789-09:30
ok   ConfigIO custom windows: cert 1 notBefore preserved: 2018-03-04T05:06:07.000Z
ok   ConfigIO custom windows: cert 1 notAfter preserved: 2019-12-31T23:59:59.000Z
ok   ConfigIO custom windows: built both chain certificates
ok   ConfigIO custom windows: DER cert 0 notBefore=Fri Jul 05 19:06:07 PDT 2019 matches config 2019-07-06T05:06:07.891+03:00
ok   ConfigIO custom windows: DER cert 0 notAfter=Mon Feb 03 05:35:06 PST 2031 matches config 2031-02-03T04:05:06.789-09:30
ok   ConfigIO custom windows: DER cert 1 notBefore=Sat Mar 03 21:06:07 PST 2018 matches config 2018-03-04T05:06:07.000Z
ok   ConfigIO custom windows: DER cert 1 notAfter=Tue Dec 31 15:59:59 PST 2019 matches config 2019-12-31T23:59:59.000Z
ok   future window: all chain configs survive
ok   future window: cert 0 notBefore preserved: 2040-01-01T00:00:00.000Z
ok   future window: cert 0 notAfter preserved: 2041-01-01T00:00:00.000Z
ok   future window: cert 1 notBefore preserved: 2018-03-04T05:06:07.000Z
ok   future window: cert 1 notAfter preserved: 2019-12-31T23:59:59.000Z
ok   future window: built both chain certificates
ok   future window: DER cert 0 notBefore=Sat Dec 31 16:00:00 PST 2039 matches config 2040-01-01T00:00:00.000Z
ok   future window: DER cert 0 notAfter=Mon Dec 31 16:00:00 PST 2040 matches config 2041-01-01T00:00:00.000Z
ok   future window: DER cert 1 notBefore=Sat Mar 03 21:06:07 PST 2018 matches config 2018-03-04T05:06:07.000Z
ok   future window: DER cert 1 notAfter=Tue Dec 31 15:59:59 PST 2019 matches config 2019-12-31T23:59:59.000Z
PASS validity round trip
