warning: Git tree '/Users/matt/code/ztls' is dirty
evaluation warning: stdenv.isLinux is deprecated, use stdenv.hostPlatform.isLinux instead
0.16.0
zig build test --summary all
encrypted-pem-check: ok (pipe, terminal)
errq-alloc-check: early client abort
errq-alloc-check: early server abort
errq-alloc-check: ok (allocs 113313, frees 107383, live 5930)
ztest: Running 850 tests...
[1/850] PASS: test_0 (468.47ms)
[2/850] PASS: Wycheproof: X25519 shared secret tcId 1 (469.26ms)
[3/850] PASS: Wycheproof boundary: X25519 identity element is rejected (469.32ms)
[4/850] PASS: Wycheproof boundary: X25519 small-order public key is rejected (469.38ms)
[5/850] PASS: Wycheproof: AES-128-GCM AAD/tag handling tcId 2 (469.61ms)
[6/850] PASS: Wycheproof boundary: AES-256-GCM AAD/tag handling (469.62ms)
[7/850] PASS: Wycheproof: ChaCha20-Poly1305 one-byte message tcId 4 (469.64ms)
[8/850] PASS: Wycheproof boundary: ChaCha20-Poly1305 AAD handling (469.65ms)
[9/850] PASS: OpenSSL s_server interoperates with ztls client (549.99ms)
[10/850] PASS: OpenSSL s_server interoperates with ztls P-384 client (580.25ms)
[11/850] PASS: OpenSSL s_server interoperates with ztls RFC 10024 client groups (654.86ms)
[12/850] PASS: ztls client resumes with OpenSSL s_server (PSK resumption) (681.52ms)
[13/850] PASS: ztls client sends 0-RTT early data to OpenSSL s_server (707.94ms)
[14/850] PASS: OpenSSL s_client interoperates with ztls server (746.96ms)
[15/850] PASS: OpenSSL s_client resumes with ztls server-issued ticket (773.53ms)
[16/850] PASS: OpenSSL s_client interoperates with ztls P-384 server (790.33ms)
[17/850] PASS: OpenSSL s_client interoperates with ztls RFC 10024 server groups (833.13ms)
[18/850] PASS: OpenSSL s_client with -cert interoperates with ztls server (required client auth) (850.29ms)
[19/850] PASS: ztls client with credentials interoperates with OpenSSL s_server -Verify (877.11ms)
[20/850] PASS: ztls-to-ztls TCP KeyUpdate round trip with ChaCha20-Poly1305 (924.11ms)
[21/850] PASS: backend.x25519: RFC 7748 §5.2 shared secret (924.20ms)
[22/850] PASS: backend.x25519: RFC 7748 §6.1 mutual key agreement (924.34ms)
[23/850] PASS: backend.x25519: Wycheproof tcId 1 shared secret (924.40ms)
[24/850] PASS: backend.x25519: all-zero public key is rejected (IdentityElement) (924.46ms)
[25/850] PASS: backend.x25519: small-order public key is rejected (IdentityElement) (924.52ms)
[26/850] PASS: backend.aead: round-trip for every advertised cipher suite (924.54ms)
[27/850] PASS: backend.aead: tag corruption is rejected for every advertised cipher suite (924.55ms)
[28/850] PASS: backend.aead: ciphertext corruption is rejected for every advertised cipher suite (924.56ms)
[29/850] PASS: backend.aead: Wycheproof AES-128-GCM tcId 2 (924.57ms)
[30/850] PASS: backend.aead: Wycheproof AES-256-GCM AAD boundary (924.59ms)
[31/850] PASS: backend.aead: Wycheproof ChaCha20-Poly1305 AAD boundary (924.60ms)
[32/850] PASS: backend.aead: ChaCha20-Poly1305 RFC 8439 §2.8.2 known-answer vector (924.62ms)
[33/850] PASS: backend.p256: mutual key agreement with fixed scalars (924.83ms)
[34/850] PASS: backend.p256: non-04 SEC1 prefix is rejected (924.87ms)
[35/850] PASS: backend.p256: off-curve point is rejected (924.88ms)
[36/850] PASS: backend.p256: zero scalar private key is rejected (924.88ms)
[37/850] PASS: backend.p256: Wycheproof tcId 1 shared secret (924.99ms)
[38/850] PASS: backend.p384: mutual key agreement with fixed scalars (928.50ms)
[39/850] PASS: backend.p384: non-04 SEC1 prefix is rejected (929.64ms)
[40/850] PASS: backend.p384: off-curve point is rejected (929.66ms)
[41/850] PASS: backend.p384: zero scalar private key is rejected (929.67ms)
[42/850] PASS: backend.p384: Wycheproof tcId 1 shared secret (931.40ms)
[43/850] PASS: backend.sign: RSA-PSS SHA-256 sign/verify round-trip (932.71ms)
[44/850] PASS: backend.sign: RSA-PSS SHA-256 rejects tampered signature (933.63ms)
[45/850] PASS: backend.sign: RSA-PSS SHA-384 sign/verify round-trip and tamper rejection (934.55ms)
[46/850] PASS: backend.sign: ECDSA P-256 SHA-256 sign/verify round-trip (934.70ms)
[47/850] PASS: backend.sign: ECDSA P-256 SHA-256 rejects tampered signature (934.78ms)
[48/850] PASS: backend.sign: ECDSA P-384 SHA-384 sign/verify round-trip and tamper rejection (937.06ms)
[49/850] PASS: backend.sign: BufferTooShort on undersized output (937.11ms)
[50/850] PASS: backend.sign: key/scheme mismatch is a libcrypto failure (937.15ms)
[51/850] PASS: backend.sign: Wycheproof RSA-PSS tcId 3 verify (937.20ms)
[52/850] PASS: backend.sign: Wycheproof RSA-PSS tcId 62 invalid signature (937.25ms)
[53/850] PASS: backend.sign: Wycheproof ECDSA P-256 tcId 1 verify (937.33ms)
[54/850] PASS: backend.sign: Wycheproof ECDSA P-256 tcId 6 invalid signature (937.36ms)
[55/850] PASS: backend.sign: Wycheproof ECDSA P-384 tcId 1 verify (937.88ms)
[56/850] PASS: backend.sign: Wycheproof ECDSA P-384 tcId 6 invalid signature (937.92ms)
[57/850] PASS: backend error-queue hygiene: malformed EC public key leaves no residue (#88) (937.93ms)
[58/850] PASS: backend error-queue hygiene: caller queue entries survive a failing wrapper (#88) (938.19ms)
[59/850] PASS: backend error-queue hygiene: scalar key load does not nest guards (#88) (938.27ms)
[60/850] PASS: backend error-queue hygiene: repeated failures leave the queue empty each round (#88) (938.36ms)
[61/850] PASS: backend error-queue hygiene: successful key load preserves caller entries (#88) (938.46ms)
[62/850] PASS: backend error-queue hygiene: failed signature verification leaves no residue (#88) (938.50ms)
[63/850] PASS: backend error-queue hygiene: failed record decrypt leaves no residue (#88) (938.52ms)
[64/850] PASS: backend error-queue hygiene: failed decrypt preserves caller entries exactly (#88) (938.60ms)
[65/850] PASS: backend error-queue hygiene: DER key load preservation is lane-dependent (#88) (938.71ms)
[66/850] PASS: backend error-queue hygiene: scheme inference preserves caller entries (#112) (938.81ms)
[67/850] PASS: backend error-queue hygiene: declined encrypted PEM loads leave no residue (#114) (938.88ms)
[68/850] PASS: backend error-queue hygiene: cert/key mismatch preservation is lane-dependent (#113) (939.10ms)
[69/850] PASS: RFC 5280 §4.2.1.10 name-constraint verdicts vs OpenSSL 3.6.3 ground truth (939.60ms)
[70/850] PASS: fuzz: verifyNameConstraints handles arbitrary NameConstraints and SAN DER (939.80ms)
[71/850] PASS: capi: ztls_version returns a non-empty string (939.81ms)
[72/850] PASS: capi: insecure client init is explicitly named (939.81ms)
[73/850] PASS: capi: size and alignment are non-zero and sane (939.82ms)
[74/850] PASS: capi: NULL parameters are rejected (939.82ms)
[75/850] PASS: capi: full client handshake through the C ABI (940.48ms)
[76/850] PASS: capi: send_application_data before connected fails (940.55ms)
[77/850] PASS: capi: KeyUpdate response is surfaced as a write event (941.11ms)
[78/850] PASS: capi: KeyUpdate without response maps to none without pending write (941.65ms)
[79/850] PASS: capi: NewSessionTicket maps to none without pending write (942.17ms)
[80/850] PASS: encrypt: rejects mismatched plaintext and ciphertext lengths (942.18ms)
[81/850] PASS: decrypt: rejects mismatched plaintext and ciphertext lengths (942.19ms)
[82/850] PASS: Aes128Gcm: encrypt/decrypt round-trip (942.20ms)
[83/850] PASS: Aes256Gcm: encrypt/decrypt round-trip (942.20ms)
[84/850] PASS: ChaCha20Poly1305: encrypt/decrypt round-trip (942.21ms)
[85/850] PASS: ChaCha20Poly1305: RFC 8439 known-answer vector (942.23ms)
[86/850] PASS: ChaCha20Poly1305: empty plaintext known-answer vector (942.24ms)
[87/850] PASS: ChaCha20Poly1305: authentication failure on tampered ciphertext (942.25ms)
[88/850] PASS: ChaCha20Poly1305: authentication failure on tampered tag (942.26ms)
[89/850] PASS: ChaCha20Poly1305: authentication failure on tampered ad (942.26ms)
[90/850] PASS: decrypt: authentication failure on tampered ciphertext (942.27ms)
[91/850] PASS: decrypt: authentication failure on tampered tag (942.28ms)
[92/850] PASS: decrypt: authentication failure on tampered ad (942.28ms)
[93/850] PASS: construct: seq 0 is just the IV (942.29ms)
[94/850] PASS: construct: seq increments flip the right bytes (942.30ms)
[95/850] PASS: construct: XOR with non-zero IV (942.31ms)
[96/850] PASS: construct: seq max u64 produces expected nonce (942.31ms)
[97/850] PASS: parse: close_notify (942.32ms)
[98/850] PASS: parse: warning-level error alert is fatal (942.32ms)
[99/850] PASS: parse: unknown alert description is fatal (942.33ms)
[100/850] PASS: parse: user_canceled is not fatal (942.33ms)
[101/850] PASS: parse: truncated (942.34ms)
[102/850] PASS: parse: rejects coalesced alert bytes (942.34ms)
[103/850] PASS: encode (942.35ms)
[104/850] PASS: fuzz: parse handles arbitrary input (942.47ms)
[105/850] PASS: alertForError: certificate failures map to certificate alerts (942.48ms)
[106/850] PASS: alertForError: parser and semantic failures map to protocol alerts (942.49ms)
[107/850] PASS: alertForError: provider failure maps to internal_error (942.49ms)
[108/850] PASS: alertForError: unknown error maps to internal_error (942.50ms)
[109/850] PASS: parse: oversized cert_len does not overflow bounds check (942.50ms)
[110/850] PASS: parseClientCertificate: oversized ctx_len does not overflow (942.51ms)
[111/850] PASS: parse: extracts public key from ECDSA P-256 certificate (942.53ms)
[112/850] PASS: parse: wrong handshake type (942.53ms)
[113/850] PASS: parse: rejects mismatched Certificate handshake body length (942.54ms)
[114/850] PASS: encodeWithRequestContext: encodes empty client certificate list (942.54ms)
[115/850] PASS: encodeWithRequestContext: rejects oversized request context (942.55ms)
[116/850] PASS: parseClientCertificate: accepts empty certificate with matching context (942.56ms)
[117/850] PASS: parseClientCertificate: rejects mismatched request context (942.56ms)
[118/850] PASS: parse: rejects non-empty server certificate request context (942.57ms)
[119/850] PASS: parse: rejects empty certificate list (942.57ms)
[120/850] PASS: parse: rejects certificate list length shorter than entries (942.58ms)
[121/850] PASS: encode: round trips certificate chain (949.51ms)
[122/850] PASS: parse: rejects unsupported CertificateEntry status_request (949.52ms)
[123/850] PASS: parse: rejects unsupported CertificateEntry SCT (949.52ms)
[124/850] PASS: parse: rejects forbidden CertificateEntry status_request_v2 (949.53ms)
[125/850] PASS: parse: rejects duplicate CertificateEntry status_request (949.54ms)
[126/850] PASS: parse: rejects malformed CertificateEntry extension length (949.54ms)
[127/850] PASS: parse: ignores unknown CertificateEntry extension (949.55ms)
[128/850] PASS: parse: validates hostname (949.56ms)
[129/850] PASS: parse: rejects hostname mismatch (949.57ms)
[130/850] PASS: parse: rejects missing trust anchor by default (949.58ms)
[131/850] PASS: parse: validates leaf against trust bundle (956.77ms)
[132/850] PASS: parse: validates leaf-intermediate-root chain (970.64ms)
[133/850] PASS: parse: rejects end-entity certificate used as issuer (970.74ms)
[134/850] PASS: parse: rejects chain with intermediate before leaf (970.83ms)
[135/850] PASS: parse: anchors chain below a cross-signed root (991.45ms)
[136/850] PASS: parse: rejects cross-signed root without a bundle anchor below it (1005.12ms)
[137/850] PASS: parse: rejects chain with missing intermediate (5.22ms)
[138/850] PASS: parse: rejects chain hostname mismatch (5.31ms)
[139/850] PASS: parse: rejects untrusted leaf when bundle misses issuer (5.32ms)
[140/850] PASS: parse: accepts chain with matching DNS name constraints (19.06ms)
[141/850] PASS: parse: rejects chain with excluded DNS name constraints (32.85ms)
[142/850] PASS: parse: rejects chain outside permitted DNS name constraints (46.69ms)
[143/850] PASS: parse: insecure no-anchor path still enforces name constraints (53.53ms)
[144/850] PASS: parse: rejects signed unprocessed critical extension for both roles (53.63ms)
[145/850] PASS: parse: accepts signed noncritical extension and supported critical extensions (81.20ms)
[146/850] PASS: parse: rejects signed SAN with an invalid wrapper (81.34ms)
[147/850] PASS: parse: rejects chain exceeding pathLenConstraint zero (102.17ms)
[148/850] PASS: parse: accepts pathLenConstraint zero with a CA target (115.94ms)
[149/850] PASS: parse: rejects chain exceeding pathLenConstraint one (143.44ms)
[150/850] PASS: parse: accepts chain at pathLenConstraint one (164.05ms)
[151/850] PASS: parse: imposes no path-length limit when pathLenConstraint is absent (184.78ms)
[152/850] PASS: parse: enforces the tightest of multiple pathLenConstraints (212.33ms)
[153/850] PASS: parse: accepts multiple satisfied pathLenConstraints (232.99ms)
[154/850] PASS: parse: self-issued intermediate does not consume path length (253.73ms)
[155/850] PASS: parse: intermediate below a self-issued certificate still counts (281.50ms)
[156/850] PASS: parse: trust anchor pathLenConstraint limits intermediates below it (302.33ms)
[157/850] PASS: parse: trust anchor pathLenConstraint satisfied (316.05ms)
[158/850] PASS: parse: certificates above the anchored path are outside the path (343.56ms)
[159/850] PASS: parse: cross-signed root constraint binds inside the anchored path (371.18ms)
[160/850] PASS: parseClientChain: rejects client chain exceeding pathLenConstraint zero (391.93ms)
[161/850] PASS: parseClientChain: accepts client chain at pathLenConstraint zero (405.82ms)
[162/850] PASS: parse: insecure no-anchor path still enforces pathLenConstraint (419.56ms)
[163/850] PASS: parse: insecure no-anchor path accepts constrained chain with self-issued steps (433.37ms)
[164/850] PASS: parse: malformed DER length is rejected, not crashed (433.38ms)
[165/850] PASS: certificate_policy.verifyServerAuth: non-v3 certificates are rejected (433.38ms)
[166/850] PASS: certificate_policy.verifyServerAuth: KeyUsage without digitalSignature is rejected (433.39ms)
[167/850] PASS: certificate_policy.verifyServerAuth: EKU without serverAuth is rejected (433.39ms)
[168/850] PASS: certificate_policy.verifyClientAuth: EKU without clientAuth is rejected (433.40ms)
[169/850] PASS: certificate_policy.verifyClientAuth: KeyUsage without digitalSignature is rejected (433.41ms)
[170/850] PASS: certificate_policy.verifyClientAuth: clientAuth EKU is accepted (433.41ms)
[171/850] PASS: certificate_policy.verifyServerAuth: legacy certificate signatures are rejected (433.42ms)
[172/850] PASS: certificate_policy.verifyServerAuth: RSA PKCS1 SHA-256 certificate signature is accepted (433.42ms)
[173/850] PASS: certificate_policy: Ed25519 chain signature algorithm accepted when advertised (433.43ms)
[174/850] PASS: certificate_policy: Ed25519 chain signature algorithm rejected when not advertised (433.43ms)
[175/850] PASS: parse: Ed25519 self-signed certificate verified via std.crypto (433.44ms)
[176/850] PASS: certificate_policy.verifyServerAuth: rejects certificate signature outside policy (433.45ms)
[177/850] PASS: certificate signature policy checks non-self-signed chain certificates (433.45ms)
[178/850] PASS: certificate signature policy skips self-signed chain certificates (433.46ms)
[179/850] PASS: certificate_policy.verifyServerAuth: unrestricted supported leaf is accepted (433.47ms)
[180/850] PASS: encodeCertificateVerify: wraps signature (433.47ms)
[181/850] PASS: verifySignature: valid ECDSA P-256 signature (433.59ms)
[182/850] PASS: verifySignature: valid RSA-PSS SHA-256 signature (433.65ms)
[183/850] PASS: verifySignature: rejects RSA-PSS signature with wrong salt length (433.70ms)
[184/850] PASS: verifySignature: wrong transcript hash (433.78ms)
[185/850] PASS: verifySignature: rejects scheme absent from offered list (433.79ms)
[186/850] PASS: verifySignature: client CV rejects scheme absent from offered list (433.80ms)
[187/850] PASS: verifySignature: rejects RSA PKCS1 CertificateVerify scheme (433.81ms)
[188/850] PASS: verifySignature: rejects certificate key and scheme mismatch (433.83ms)
[189/850] PASS: verifySignature: server signature is not valid for client context (433.91ms)
[190/850] PASS: verifySignature: wrong handshake type (433.92ms)
[191/850] PASS: parse: extracts critical name constraints (433.94ms)
[192/850] PASS: parse: extracts non-critical name constraints (433.95ms)
[193/850] PASS: fuzz: parse handles arbitrary input (434.02ms)
[194/850] PASS: CertificateChain: single certificate view (434.03ms)
[195/850] PASS: CertificateChain.fromPem: decodes a certificate chain (434.05ms)
[196/850] PASS: CertificateChain.fromPem: rejects malformed input (434.06ms)
[197/850] PASS: CertificateChain.fromPem: rejects exhausted caller storage (434.07ms)
[198/850] PASS: fuzz: CertificateChain.fromPem handles arbitrary input (434.14ms)
[199/850] PASS: active backend identity matches the private provider facade (434.15ms)
[200/850] PASS: hybrid capability queries match the active backend (434.15ms)
[201/850] PASS: validateHybridGroups reports local policy faults (434.16ms)
[202/850] PASS: requiresP384 identifies only P-384 hybrid policy (434.17ms)
[203/850] PASS: CipherSuite wire values (434.17ms)
[204/850] PASS: PskOfferIter: walks identity/binder pairs in offer order (434.18ms)
[205/850] PASS: PskOfferIter: rejects oversized lengths (434.19ms)
[206/850] PASS: PskOfferIter: rejects a slack-byte identities vector (434.19ms)
[207/850] PASS: PskOfferIter: rejects more binders than identities (434.20ms)
[208/850] PASS: encode: size matches encodedLen (434.20ms)
[209/850] PASS: encodeWithPsk: pre_shared_key is last, binder prefix and offset are correct (434.21ms)
[210/850] PASS: encodeWithPsk: rejects unsupported binder length (434.22ms)
[211/850] PASS: parse: ClientHello with pre_shared_key round-trips (434.23ms)
[212/850] PASS: encodeWithP256: size matches encodedLenWithP256 (434.24ms)
[213/850] PASS: encode: handshake type and legacy version (434.24ms)
[214/850] PASS: encode: cipher suites match backend capabilities (434.25ms)
[215/850] PASS: encode: legacy_session_id is empty (434.25ms)
[216/850] PASS: encode: supported_groups contains X25519 (434.26ms)
[217/850] PASS: encode: key_share contains public key (434.27ms)
[218/850] PASS: encodeWithP256: includes X25519 and secp256r1 key shares (434.28ms)
[219/850] PASS: encodeWithP256P384: includes X25519, secp256r1, and secp384r1 key shares (434.29ms)
[220/850] PASS: encodeWithP256P384: size matches encodedLenWithP256P384 (434.29ms)
[221/850] PASS: parse: accepts secp384r1 key share (435.44ms)
[222/850] PASS: parse: rejects compressed secp384r1 key share (435.45ms)
[223/850] PASS: encodeRetryAfterHrr: secp384r1 selected, no cookie (435.46ms)
[224/850] PASS: encode: SNI present when server_name set (435.47ms)
[225/850] PASS: encode: SNI absent when server_name is null (435.48ms)
[226/850] PASS: encode: supported_versions contains TLS 1.3 (435.48ms)
[227/850] PASS: encode: signature_algorithms match backend capabilities (435.49ms)
[228/850] PASS: encode: signature_algorithms_cert match backend capabilities (435.50ms)
[229/850] PASS: encode: ALPN present when protocols set (435.50ms)
[230/850] PASS: encode: rejects invalid ALPN protocols (435.51ms)
[231/850] PASS: parse: encoded ClientHello (435.52ms)
[232/850] PASS: parse: tracks offered SNI extension presence (435.53ms)
[233/850] PASS: parse: tracks offered record_size_limit extension presence (435.53ms)
[234/850] PASS: parse: accepts secp256r1 supported group and key share (435.57ms)
[235/850] PASS: parseSupportedGroups: records RFC 10024 groups (435.58ms)
[236/850] PASS: parse: rejects malformed X25519 key share (435.59ms)
[237/850] PASS: parse: rejects key share outside supported_groups (435.62ms)
[238/850] PASS: parse: rejects oversized legacy_session_id (435.63ms)
[239/850] PASS: parse: rejects SSLv3-or-lower legacy_version (435.64ms)
[240/850] PASS: parse: rejects missing supported_versions (435.65ms)
[241/850] PASS: parse: rejects supported_versions without TLS 1.3 (435.65ms)
[242/850] PASS: parse: rejects missing supported_groups (435.66ms)
[243/850] PASS: parse: rejects missing signature_algorithms (435.67ms)
[244/850] PASS: parse: rejects malformed signature_algorithms (435.68ms)
[245/850] PASS: parse: rejects signature_algorithms without TLS 1.3 handshake scheme (435.68ms)
[246/850] PASS: parse: rejects malformed ClientHello (435.69ms)
[247/850] PASS: parse: rejects malformed compression methods (435.70ms)
[248/850] PASS: parse: no shared supported group is rejected (435.71ms)
[249/850] PASS: parse: rejects duplicate x25519 key share entries (435.72ms)
[250/850] PASS: parseKeyShare: retains all RFC 10024 hybrid entries (435.73ms)
[251/850] PASS: encode: buffer too short (435.73ms)
[252/850] PASS: encode: server_name too long (435.74ms)
[253/850] PASS: parse: rejects duplicate supported_groups (435.74ms)
[254/850] PASS: parse: missing X25519 key share leaves public key null (435.75ms)
[255/850] PASS: parse: rejects duplicate signature_algorithms (435.76ms)
[256/850] PASS: parse: rejects duplicate signature_algorithms_cert (435.77ms)
[257/850] PASS: parse: ignores unknown extension (435.77ms)
[258/850] PASS: parse: ignores unknown supported_groups entries (435.78ms)
[259/850] PASS: fuzz: parse handles arbitrary input (435.85ms)
[260/850] PASS: encodeRetryAfterHrr: X25519 selected, no cookie (435.86ms)
[261/850] PASS: encodeRetryAfterHrr: preserves PSK key exchange mode (435.86ms)
[262/850] PASS: encodeRetryAfterHrr: secp256r1 selected, no cookie (435.87ms)
[263/850] PASS: encodeRetryAfterHrr: includes cookie when provided (435.88ms)
[264/850] PASS: encodeRetryAfterHrr: preserves SNI and ALPN from ClientHello1 (435.89ms)
[265/850] PASS: encodeRetryAfterHrr: rejects unsupported group (435.89ms)
[266/850] PASS: encodeRetryAfterHrr: missing configured hybrid share is a policy error (435.90ms)
[267/850] PASS: encodeWithHybridGroups: rejects unknown share group without panic (435.91ms)
[268/850] PASS: KEM key_share round-trip: ClientHello encode → parse preserves 1216-byte public key (435.93ms)
[269/850] PASS: parse: psk_key_exchange_modes list_len 0xFF rejected without overflow (435.93ms)
[270/850] PASS: SessionTicket.secureZero erases identity, PSK, and metadata (435.94ms)
[271/850] PASS: HybridPolicy.validate rejects an initial share outside its group list (435.95ms)
[272/850] PASS: Config.validate reports unavailable groups and missing P-384 material (436.02ms)
[273/850] PASS: start validates hybrid policy before key generation and output (436.14ms)
[274/850] PASS: transcript hash: RFC 8448 §3 ClientHello || ServerHello (436.18ms)
[275/850] PASS: deriveHandshakeKeys: RFC 8448 §3 server handshake key/iv/finished (436.27ms)
[276/850] PASS: processServerHello: RFC 8448 §3 installs server handshake keys (436.41ms)
[277/850] PASS: processServerHello: accepts secp256r1 key_share (436.60ms)
[278/850] PASS: processServerHello: rejects invalid secp256r1 point (436.67ms)
[279/850] PASS: processServerHello: rejects unoffered secp256r1 key_share (436.74ms)
[280/850] PASS: processServerHello: rejects mismatched session id echo (436.78ms)
[281/850] PASS: processServerHello: rejects unoffered cipher suite (436.84ms)
[282/850] PASS: processFlight: stores selected ALPN (436.97ms)
[283/850] PASS: processFlight: rejects unoffered ALPN (437.09ms)
[284/850] PASS: processFlight: rejects unanchored Certificate by default (437.67ms)
[285/850] PASS: processFlight: rejects non-empty server Certificate request context (438.07ms)
[286/850] PASS: processFlight: rejects empty server Certificate list (438.47ms)
[287/850] PASS: processFlight: rejects unsolicited EncryptedExtensions ALPN (438.60ms)
[288/850] PASS: processFlight: rejects unrequested server CertificateEntry status_request (438.99ms)
[289/850] PASS: processFlight: RFC 8448 §3 full server flight to connected (439.43ms)
[290/850] PASS: processFlight: rejects handshake message after server Finished (439.86ms)
[291/850] PASS: processFlight: handshake message spanning records needs buffer (440.29ms)
[292/850] PASS: processFlight: reassembles handshake message split across records (440.73ms)
[293/850] PASS: processFlight: buffered path rejects handshake message after server Finished (441.16ms)
[294/850] PASS: processFlight: RFC 8448 §3 flight split one message per record (441.59ms)
[295/850] PASS: handleRecord: malformed ServerHello is rejected (441.64ms)
[296/850] PASS: processFlight: rejects Finished before EncryptedExtensions (441.77ms)
[297/850] PASS: processFlight: rejects CertificateVerify before Certificate (442.17ms)
[298/850] PASS: processFlight: rejects Finished before CertificateVerify (442.58ms)
[299/850] PASS: processFlight: rejects unoffered CertificateVerify scheme (442.99ms)
[300/850] PASS: processFlight: rejects wrong CertificateVerify signature (443.41ms)
[301/850] PASS: processFlight: rejects wrong server Finished verify_data (443.84ms)
[302/850] PASS: handleRecord: plaintext fatal alert in wait_sh (443.91ms)
[303/850] PASS: handleRecord: malformed alert record does not set or replace lastPeerAlert (443.95ms)
[304/850] PASS: handleRecord: unknown alert codes are preserved (443.99ms)
[305/850] PASS: handleRecord: lastPeerAlert replaced by later alert, preserved by close/malformed (444.05ms)
[306/850] PASS: handleRecord: rejects ChangeCipherSpec before ClientHello (444.09ms)
[307/850] PASS: handleRecord: drops valid ChangeCipherSpec after ClientHello (444.13ms)
[308/850] PASS: handleRecord: rejects malformed ChangeCipherSpec payload (444.17ms)
[309/850] PASS: handleRecord: encrypted fatal alert during server flight (444.32ms)
[310/850] PASS: handleRecord: rejects server KeyUpdate before Finished (444.44ms)
[311/850] PASS: handleRecord: truncated encrypted flight is rejected (444.84ms)
[312/850] PASS: handleRecord: corrupted encrypted flight is rejected (445.24ms)
[313/850] PASS: handleRecord: post-handshake unexpected inner content type is rejected (445.72ms)
[314/850] PASS: handleRecord: encrypted application data during server flight is rejected (445.85ms)
[315/850] PASS: clientFinished: RFC 8448 §3 emits Finished and upgrades to app keys (446.32ms)
[316/850] PASS: processFlight: accepts CertificateRequest before server Certificate (446.72ms)
[317/850] PASS: processFlight: rejects non-empty handshake CertificateRequest context (447.12ms)
[318/850] PASS: clientFinished: sends empty Certificate before Finished for CertificateRequest (447.57ms)
[319/850] PASS: clientFinished: empty CertificateRequest with no credentials still finishes (448.05ms)
[320/850] PASS: client auth: setCredentials stores client credentials (448.11ms)
[321/850] PASS: ratchetClientKey: RFC 8446 §7.2 next application write key (448.61ms)
[322/850] PASS: handleRecord: application data resets both post-handshake flood counters (449.08ms)
[323/850] PASS: receiveRecord: RX progresses while a client TX record is pending (449.57ms)
[324/850] PASS: receiveKtlsRecord: client processes kernel-decrypted records (450.05ms)
[325/850] PASS: receiveKtlsRecord: client finds KeyUpdate after NewSessionTicket (450.53ms)
[326/850] PASS: ratchetKtlsTx: client advances only an idle TX epoch (451.01ms)
[327/850] PASS: handleRecord: server KeyUpdate(update_requested) ratchets rx and responds (451.50ms)
[328/850] PASS: handleRecord: KeyUpdate not at record boundary is rejected (451.97ms)
[329/850] PASS: handleRecord: invalid server KeyUpdate request is rejected (452.48ms)
[330/850] PASS: handleRecord: server KeyUpdate(update_not_requested) surfaces key_update rx only (452.97ms)
[331/850] PASS: handleRecord: self-initiated sendKeyUpdate response surfaces rx only (453.45ms)
[332/850] PASS: sendAlert: plaintext fatal alert before ServerHello (453.49ms)
[333/850] PASS: sendAlert: encrypted close_notify after handshake (453.96ms)
[334/850] PASS: handleRecord: close_notify returns closed (454.43ms)
[335/850] PASS: handleRecord: fatal alert returns PeerAlert (454.90ms)
[336/850] PASS: handleRecord: NewSessionTicket is surfaced as an event (455.38ms)
[337/850] PASS: clientFinished: RFC 8448 §4 resumption_master_secret over the live transcript (455.85ms)
[338/850] PASS: startWithPsk: binder matches an independent HMAC over the prefix (455.95ms)
[339/850] PASS: startWithPsk: advertises configured RFC 10024 key share (456.16ms)
[340/850] PASS: startWithPsk: ticket without early-data permission omits early_data (456.26ms)
[341/850] PASS: EncryptedExtensions: rejects early_data when server declined PSK (456.43ms)
[342/850] PASS: EncryptedExtensions: rejects early_data without early traffic keys (456.59ms)
[343/850] PASS: EncryptedExtensions: rejects early_data after HelloRetryRequest (456.76ms)
[344/850] PASS: processServerHello rejects selected PSK with incompatible cipher suite hash (456.96ms)
[345/850] PASS: handleRecord: PSK-offering client rejects bare Finished unless server selected PSK (457.38ms)
[346/850] PASS: handleRecord: accepts 17 consecutive NewSessionTickets (457.99ms)
[347/850] PASS: handleRecord: NewSessionTicket flood is rejected with ticket-specific error (458.61ms)
[348/850] PASS: handleRecord: malformed NewSessionTicket is rejected (459.20ms)
[349/850] PASS: handleRecord: KeyUpdate flood is rejected (460.02ms)
[350/850] PASS: handleRecord: empty application data does not reset flood counters (460.57ms)
[351/850] PASS: handleRecord: KeyUpdate flood cap fires despite empty app-data interleaving (461.33ms)
[352/850] PASS: start: uses Config host_name for SNI and policy (461.38ms)
[353/850] PASS: handleRecord: drives RFC 8448 §3 handshake to connected (461.86ms)
[354/850] PASS: handleRecord: unacknowledged write blocks further calls (462.32ms)
[355/850] PASS: sendEarlyData: unacknowledged write blocks further early data (462.42ms)
[356/850] PASS: handleRecord: zero-length plaintext handshake is rejected (462.46ms)
[357/850] PASS: handleRecord: zero-length encrypted handshake is rejected (462.58ms)
[358/850] PASS: handleRecord: all-zero inner plaintext maps to unexpected_message (463.06ms)
[359/850] PASS: handleRecord: application_data before ServerHello is rejected (463.10ms)
[360/850] PASS: HandshakeReader: splits coalesced messages (463.11ms)
[361/850] PASS: HandshakeReader: truncated body is UnexpectedEof (463.11ms)
[362/850] PASS: fuzz: HandshakeReader handles arbitrary input (463.16ms)
[363/850] PASS: fuzz: processFlight handles arbitrary decrypted bytes (463.69ms)
[364/850] PASS: fuzz: 0-RTT client state machine handles arbitrary inbound records (463.94ms)
[365/850] PASS: processHelloRetryRequest: rejects already-offered key_share group (463.99ms)
[366/850] PASS: processHelloRetryRequest: secp256r1 selected produces ClientHello2 (464.10ms)
[367/850] PASS: processHelloRetryRequest: transcript collapse matches §4.4.1 (464.15ms)
[368/850] PASS: processHelloRetryRequest: removes PSK with incompatible hash (464.33ms)
[369/850] PASS: processHelloRetryRequest: rejects second HRR (464.37ms)
[370/850] PASS: processHelloRetryRequest: rejects unoffered selected_group (464.41ms)
[371/850] PASS: processServerHello: post-HRR rejects mismatched cipher suite (464.46ms)
[372/850] PASS: processServerHello: post-HRR rejects mismatched key_share group (464.51ms)
[373/850] PASS: processServerHello: post-HRR accepts matching ServerHello (464.70ms)
[374/850] PASS: handleRecord: HRR returns ClientHello2 as write event (464.75ms)
[375/850] PASS: processHelloRetryRequest: returns null for normal ServerHello (464.79ms)
[376/850] PASS: processHelloRetryRequest: HRR with cookie echoes cookie in CH2 (464.84ms)
[377/850] PASS: deinit leaves caller-owned buffers to the caller (465.34ms)
[378/850] PASS: secureZero zeroes all secret material (466.53ms)
[379/850] PASS: Array.secureZero clears contents (466.53ms)
[380/850] PASS: lastIndexOfNonZero: last byte non-zero (fast path) (466.54ms)
[381/850] PASS: lastIndexOfNonZero: all zeros (466.54ms)
[382/850] PASS: lastIndexOfNonZero: single non-zero byte at start (466.55ms)
[383/850] PASS: lastIndexOfNonZero: single byte, non-zero (466.55ms)
[384/850] PASS: lastIndexOfNonZero: single byte, zero (466.56ms)
[385/850] PASS: lastIndexOfNonZero: non-zero in scalar tail (466.56ms)
[386/850] PASS: lastIndexOfNonZero: exactly chunk_len bytes, non-zero at start (466.57ms)
[387/850] PASS: lastIndexOfNonZero: exactly chunk_len bytes, all zeros (466.57ms)
[388/850] PASS: lastIndexOfNonZero: large buffer, non-zero in first chunk (466.58ms)
[389/850] PASS: lastIndexOfNonZero: large buffer, non-zero in middle chunk (466.58ms)
[390/850] PASS: lastIndexOfNonZero: large buffer, all zeros (466.59ms)
[391/850] PASS: encrypt: buffer too short (466.60ms)
[392/850] PASS: encrypt: sequence number overflow (466.60ms)
[393/850] PASS: deinit: clears caller-visible traffic key material (466.61ms)
[394/850] PASS: ktlsInfo: AES-GCM salt and IV reconstruct RFC 8446 nonce (466.63ms)
[395/850] PASS: ktlsInfo: cipher type uses Linux UAPI values (466.64ms)
[396/850] PASS: ktlsInfo: exported key material survives RecordLayer deinit (466.65ms)
[397/850] PASS: KtlsInfo.secureZero erases exported traffic material (466.66ms)
[398/850] PASS: encrypt/decrypt: key update required at AEAD usage limit (466.66ms)
[399/850] PASS: encryptPrepared/decrypt: round-trip (466.67ms)
[400/850] PASS: encrypt/decrypt: round-trip (466.68ms)
[401/850] PASS: encrypt/decrypt: sequence numbers advance (466.69ms)
[402/850] PASS: decrypt: failed auth exposes backend failure buffer behavior (466.70ms)
[403/850] PASS: decrypt: replayed record is rejected (466.71ms)
[404/850] PASS: encrypt/decrypt: zero-length application data (466.72ms)
[405/850] PASS: decrypt: rejects all-zero inner plaintext (466.73ms)
[406/850] PASS: encrypt/decrypt: maximum plaintext fragment length (466.83ms)
[407/850] PASS: decrypt: wrong content type (466.83ms)
[408/850] PASS: decrypt: payload shorter than tag (466.84ms)
[409/850] PASS: decrypt: truncated ciphertext record (466.85ms)
[410/850] PASS: decrypt: sequence number overflow (466.85ms)
[411/850] PASS: fuzz: decrypt handles arbitrary input (467.09ms)
[412/850] PASS: PendingWrite: mark and clear (467.10ms)
[413/850] PASS: SliceBuffer: append and retain (467.10ms)
[414/850] PASS: append and slice (467.11ms)
[415/850] PASS: appendAssumeCapacity (467.11ms)
[416/850] PASS: secureZero clears full storage and length (467.12ms)
[417/850] PASS: append returns error on overflow (467.12ms)
[418/850] PASS: clear resets length (467.13ms)
[419/850] PASS: Reader iterates coalesced messages (467.13ms)
[420/850] PASS: parseKeyUpdate (467.14ms)
[421/850] PASS: rejectDuplicateExtensions: rejects more than the extension count cap (467.14ms)
[422/850] PASS: rejectDuplicateExtensions: rejects duplicate unknown type (467.15ms)
[423/850] PASS: rejectDuplicateExtensions: accepts distinct extension types (467.15ms)
[424/850] PASS: ExtensionType.isGrease: detects reserved GREASE extension code points (467.16ms)
[425/850] PASS: rejectDuplicateExtensions: rejects malformed block (467.16ms)
[426/850] PASS: RFC 10024 hybrid groups round-trip (473.59ms)
[427/850] PASS: hybrid decapsulation rejects wrong server share length (473.68ms)
[428/850] PASS: NamedGroup wire identifiers (473.68ms)
[429/850] PASS: RFC 10024 hybrid group sizes (473.69ms)
[430/850] PASS: HkdfSha256.trafficKey: RFC 8448 §3 server handshake (473.70ms)
[431/850] PASS: HkdfSha384: traffic key/iv, finished key, traffic-upd (independent vector) (473.76ms)
[432/850] PASS: HkdfSha256.trafficIv: RFC 8448 §3 server handshake (473.77ms)
[433/850] PASS: HkdfSha256.earlySecret: RFC 8448 §3 (473.77ms)
[434/850] PASS: HkdfSha256: RFC 8448 §3/§4 PSK and resumption secrets (473.80ms)
[435/850] PASS: HkdfSha256.handshakeSecret: RFC 8448 §3 (473.82ms)
[436/850] PASS: HkdfSha256.masterSecret: RFC 8448 §3 (473.83ms)
[437/850] PASS: HkdfSha256.clientHandshakeTrafficSecret: RFC 8448 §3 (473.84ms)
[438/850] PASS: HkdfSha256.finishedKey: RFC 8448 §3 server (473.85ms)
[439/850] PASS: HkdfSha256.nextTrafficSecret: RFC 8446 §7.2 (473.86ms)
[440/850] PASS: HkdfSha256.serverHandshakeTrafficSecret: RFC 8448 §3 (473.87ms)
[441/850] PASS: sharedSecret: RFC 7748 X25519 vector (473.93ms)
[442/850] PASS: KeyPair.generateDeterministic: RFC 7748 public keys (473.98ms)
[443/850] PASS: KeyPair.generateDeterministic emits uncompressed SEC1 public key (474.01ms)
[444/850] PASS: sharedSecret: P-256 deterministic peers agree (474.25ms)
[445/850] PASS: KeyPair.generate: healthy entropy path (474.30ms)
[446/850] PASS: KeyPair.secureZero erases secret and public material (474.33ms)
[447/850] PASS: generateRetry: a LibcryptoFailed attempt is terminal, not retried (474.34ms)
[448/850] PASS: generateRetry: an invalid scalar retries exactly to the bound (474.36ms)
[449/850] PASS: generateRetry: retries a bad draw and succeeds (474.39ms)
[450/850] PASS: KeyPair.generateDeterministic enforces the scalar range [1, n-1] (474.43ms)
[451/850] PASS: sharedSecret: rejects compressed P-256 point (474.49ms)
[452/850] PASS: KeyPair.generateDeterministic emits uncompressed SEC1 public key (475.62ms)
[453/850] PASS: KeyPair.secureZero erases secret and public material (476.84ms)
[454/850] PASS: sharedSecret: P-384 deterministic peers agree (482.55ms)
[455/850] PASS: generateRetry: a LibcryptoFailed attempt is terminal, not retried (482.56ms)
[456/850] PASS: generateRetry: an invalid scalar retries exactly to the bound (482.60ms)
[457/850] PASS: generateRetry: retries a bad draw and succeeds (483.74ms)
[458/850] PASS: KeyPair.generateDeterministic enforces the scalar range [1, n-1] (484.87ms)
[459/850] PASS: sharedSecret: rejects compressed P-384 point (487.13ms)
[460/850] PASS: active backend matches the selected libcrypto headers (487.14ms)
[461/850] PASS: capabilities are non-empty for the active backend (487.14ms)
[462/850] PASS: x25519 handle shape matches active backend (487.15ms)
[463/850] PASS: client group capabilities match implemented client key-share plumbing (487.15ms)
[464/850] PASS: aead context shape matches active backend (487.16ms)
[465/850] SKIP: aws-lc aead deinit clears inline context (487.16ms)
[466/850] PASS: capability helpers recognize advertised algorithms (487.17ms)
[467/850] PASS: fips: chacha20_poly1305_sha256 excluded from FIPS cipher_suites (487.17ms)
[468/850] PASS: fips: rsa_pkcs1_sha* excluded from FIPS certificate_signature_schemes (487.18ms)
[469/850] PASS: fips: ed25519 excluded from FIPS certificate_signature_schemes (487.19ms)
[470/850] PASS: fips: ML-KEM disabled in FIPS capability table (487.19ms)
[471/850] PASS: fips: FIPS capabilities are a subset of non-FIPS capabilities (487.20ms)
[472/850] PASS: fips: active capabilities follow FIPS identity (487.20ms)
[473/850] PASS: OpenSSL AEAD initialization rejects wrong key length (487.21ms)
[474/850] PASS: Parsed.verifyHostName rejects universal tag 2 as dNSName (487.21ms)
[475/850] PASS: Parsed.verifyHostName requires dNSName SAN (487.22ms)
[476/850] PASS: Parsed.checkHostName rejects public suffix wildcard (487.23ms)
[477/850] PASS: Parsed.checkHostName RFC 6125 compliance (487.24ms)
[478/850] PASS: Parsed.allowsKeyUsage reads digitalSignature (487.24ms)
[479/850] PASS: Parsed.allowsKeyUsage rejects malformed empty bit payload (487.25ms)
[480/850] PASS: Parsed.allowsExtKeyUsage finds serverAuth (487.25ms)
[481/850] PASS: Parsed.allowsExtKeyUsage rejects non-SEQUENCE wrapper (487.26ms)
[482/850] PASS: Parsed.nameConstraints extracts extension value (487.26ms)
[483/850] PASS: Parsed.nameConstraints absent returns empty (487.27ms)
[484/850] PASS: Parsed.verifyNameConstraints: DNS permitted subtree (487.28ms)
[485/850] PASS: Parsed.verifyNameConstraints: DNS permitted subtree mismatch (487.28ms)
[486/850] PASS: Parsed.verifyNameConstraints: DNS excluded subtree (487.29ms)
[487/850] PASS: Parsed.verifyNameConstraints: mixed DNS SAN violation is rejected (487.30ms)
[488/850] PASS: Parsed.verifyNameConstraints: DNS common name fallback (487.30ms)
[489/850] PASS: Parsed.verifyNameConstraints: IP permitted subnet (487.31ms)
[490/850] PASS: Parsed.verifyNameConstraints: permitted subtrees are type-specific (487.31ms)
[491/850] PASS: Parsed.verifyNameConstraints: email permitted subtree (487.32ms)
[492/850] PASS: Parsed.verifyNameConstraints: email mailbox local part is case-sensitive (487.33ms)
[493/850] PASS: Parsed.verifyNameConstraints: URI excluded subtree (487.33ms)
[494/850] PASS: Parsed.verifyNameConstraints: URI strips userinfo before host matching (487.34ms)
[495/850] PASS: Parsed.verifyNameConstraints: explicit minimum zero is accepted (487.35ms)
[496/850] PASS: Parsed.verifyNameConstraints: critical unsupported subtree is rejected (487.35ms)
[497/850] PASS: Parsed.verifyNameConstraints: non-critical unsupported subtree is ignored (487.36ms)
[498/850] PASS: parseBasicConstraints rejects pathLenConstraint without cA (487.36ms)
[499/850] PASS: parse rejects unknown critical extension (487.37ms)
[500/850] PASS: parse rejects duplicate recognized extensions (487.38ms)
[501/850] PASS: parse accepts old and new authority key identifier OIDs (487.39ms)
[502/850] PASS: parseBitString rejects empty bit string content (487.40ms)
[503/850] PASS: parseTime maps UTCTime centuries and expires 1999 certificates (487.41ms)
[504/850] PASS: parseTime enforces GeneralizedTime certificate grammar (487.41ms)
[505/850] PASS: parseTime rejects impossible dates and accepts leap day (487.42ms)
[506/850] PASS: certificate_parser.decltest.parseTimeDigits (487.42ms)
[507/850] PASS: certificate_parser.decltest.parseYear4 (487.43ms)
[508/850] PASS: certificate_parser.test_0 (487.43ms)
[509/850] PASS: PrivateKey.sign: RSA-PSS SHA-256 uses TLS parameters (488.37ms)
[510/850] PASS: PrivateKey.sign: short RSA-PSS output buffer is rejected (488.41ms)
[511/850] PASS: PrivateKey.sign: key and scheme mismatch is a libcrypto failure (488.46ms)
[512/850] PASS: PrivateKey.sign: deterministic ECDSA matches the RFC 6979 vector (488.60ms)
[513/850] PASS: PrivateKey.sign: deterministic ECDSA P-384 matches the RFC 6979 A.2.6 vector (490.94ms)
[514/850] PASS: PrivateKey.sign: deterministic nonce with RSA-PSS is rejected (490.98ms)
[515/850] PASS: PrivateKey.fromPemAuto: RSA PKCS#8 and PKCS#1 both infer rsa_pss_rsae_sha256 (491.88ms)
[516/850] PASS: PrivateKey.fromPemAuto: P-256 infers ecdsa_secp256r1_sha256 and signs (491.94ms)
[517/850] PASS: PrivateKey.fromPemAuto: P-384 infers ecdsa_secp384r1_sha384 and signs (492.61ms)
[518/850] PASS: PrivateKey.fromPemAuto: P-521 is rejected at load by the capability gate (492.72ms)
[519/850] PASS: PrivateKey.fromPemAuto: Ed25519 is rejected at load by the capability gate (492.80ms)
[520/850] PASS: PrivateKey.fromPemAuto: secp224r1 has no CertificateVerify scheme (492.84ms)
[521/850] PASS: PrivateKey.fromPemAuto: garbage PEM fails at load (492.86ms)
[522/850] PASS: PrivateKey.fromPem: encrypted PEM fails at load (492.94ms)
[523/850] PASS: PrivateKey.fromPemAuto: encrypted PEM fails at load (492.99ms)
[524/850] PASS: PrivateKey.pairsWith: P-256 scalar key pairs with its leaf certificate (493.18ms)
[525/850] PASS: PrivateKey.pairsWith: auto-inferred RSA and P-256 keys pair with their leaves (493.29ms)
[526/850] PASS: PrivateKey.pairsWith: same-algorithm mismatch is a named error (493.35ms)
[527/850] PASS: PrivateKey.pairsWith: cross-algorithm mismatch is a named error (493.39ms)
[528/850] PASS: PrivateKey.pairsWith: garbage leaf DER is not a certificate (493.42ms)
[529/850] PASS: PrivateKey.pairsWith: trailing bytes make leaf DER invalid (493.46ms)
[530/850] PASS: ML-KEM-768 encapsulate/decapsulate round-trip (493.55ms)
[531/850] PASS: ML-KEM-1024 encapsulate/decapsulate round-trip (493.66ms)
[532/850] PASS: ML-KEM encapsulation-key modulus boundary (493.68ms)
[533/850] PASS: ML-KEM rejects non-canonical encapsulation keys (493.69ms)
[534/850] PASS: ML-KEM rejects a wrong-length ciphertext (493.72ms)
[535/850] PASS: classify: bounded PSK identity admission is a buffer-class limit (493.72ms)
[536/850] PASS: classify: certificate failures never fall into a generic bucket (493.73ms)
[537/850] PASS: classify: authentication failures are their own class (493.73ms)
[538/850] PASS: classify: remaining buckets (493.74ms)
[539/850] PASS: parseHeader: valid plaintext record (493.74ms)
[540/850] PASS: parseHeader: application_data record (TLSCiphertext) (493.75ms)
[541/850] PASS: parseHeader: ignores legacy_record_version (493.75ms)
[542/850] PASS: parseHeader: buffer too short (493.76ms)
[543/850] PASS: parseHeader: exactly 5 bytes (header only, no fragment) (493.76ms)
[544/850] PASS: parseHeader: max valid length (493.77ms)
[545/850] PASS: parseHeader: length exceeds max (493.77ms)
[546/850] PASS: Header.init round-trips with parseHeader (493.78ms)
[547/850] PASS: Header.write: emits TLS 1.2 legacy_record_version (493.78ms)
[548/850] PASS: fuzz: parseHeader handles arbitrary input (494.03ms)
[549/850] PASS: kernel cipher_type values match KtlsCipherType (494.03ms)
[550/850] PASS: kernel socket option constants (494.04ms)
[551/850] PASS: packed kTLS info secureZero methods erase every byte (494.05ms)
[552/850] PASS: packAesGcm128 splits the 12-byte IV and copies key/seq (494.05ms)
[553/850] PASS: packAesGcm128 rejects a non-AES-GCM-128 info (494.06ms)
[554/850] PASS: packChaCha20Poly1305 uses the full 12-byte IV (494.07ms)
[555/850] PASS: packAesGcm256 copies the 32-byte key and splits the IV (494.07ms)
[556/850] PASS: install errno decode maps onto InstallError (494.08ms)
[557/850] PASS: a record-type cmsg occupies the kernel's CMSG_LEN and CMSG_SPACE (494.08ms)
[558/850] PASS: ControlBuffer.init writes one cmsg and zeroes the padding (494.09ms)
[559/850] PASS: parseRecordType rejects control data off the kTLS contract (494.10ms)
[560/850] PASS: ulpInstall attaches once, and only to an established TCP socket (494.20ms)
[561/850] PASS: txInstall and rxInstall accept a synthetic TLS 1.3 AES-128-GCM key (494.25ms)
[562/850] PASS: installs without the ULP are typed Unavailable errors, not panics (494.28ms)
[563/850] PASS: a crypto_info the kernel cannot use is a typed EINVAL failure (494.31ms)
[564/850] PASS: record-type cmsg round-trips through a live kTLS pair (494.37ms)
[565/850] PASS: Outbox: fresh outbox is not write-blocked (494.37ms)
[566/850] PASS: Outbox: send drains fully and completes write once (494.38ms)
[567/850] PASS: Outbox: partial send stays blocked and does not complete write (494.39ms)
[568/850] PASS: Outbox: zero-byte progress stays blocked (494.39ms)
[569/850] PASS: Outbox: idle flush is drained without completing write (494.40ms)
[570/850] PASS: Outbox: partial drain resumes across flush calls (494.40ms)
[571/850] PASS: Outbox: queue while blocked returns PendingWrite (494.41ms)
[572/850] PASS: Outbox: writer error leaves pending tail and does not complete write (494.41ms)
[573/850] PASS: Outbox: writer over-reporting bytes returns WriteOverflow (494.42ms)
[574/850] PASS: Outbox: sequential records complete once each (494.42ms)
[575/850] PASS: next: two records coalesced in one fill (494.44ms)
[576/850] PASS: next: record split across two fills (494.45ms)
[577/850] PASS: next: truncated records return null (494.47ms)
[578/850] PASS: next: in-place mutation of a returned record survives across next() (494.48ms)
[579/850] PASS: next: oversized length is rejected (494.49ms)
[580/850] PASS: isEmpty distinguishes drained, partial, and complete records (494.50ms)
[581/850] PASS: parse: rejects oversized legacy_session_id_echo without overflow (494.50ms)
[582/850] PASS: encode: round trips through parse (494.51ms)
[583/850] PASS: parse: accepts secp256r1 key_share (494.52ms)
[584/850] PASS: parse: rejects compressed secp256r1 key_share (494.53ms)
[585/850] PASS: parse: accepts secp384r1 key_share (494.54ms)
[586/850] PASS: parse: rejects compressed secp384r1 key_share (494.54ms)
[587/850] PASS: encode: echoes session id (494.55ms)
[588/850] PASS: parse: RFC 8448 §3 ServerHello (494.56ms)
[589/850] PASS: parse: wrong handshake type (494.56ms)
[590/850] PASS: parse: truncated message (494.57ms)
[591/850] PASS: parse: rejects HelloRetryRequest (494.58ms)
[592/850] PASS: parse: missing extensions / no supported_versions yields UnsupportedTlsVersion (494.58ms)
[593/850] PASS: parse: rejects mismatched handshake length (494.59ms)
[594/850] PASS: parse: rejects unknown cipher suite (494.59ms)
[595/850] PASS: parse: rejects oversized extensions block (494.60ms)
[596/850] PASS: parse: rejects duplicate supported_versions (494.60ms)
[597/850] PASS: parse: rejects duplicate key_share (494.61ms)
[598/850] PASS: parse: rejects unknown unsolicited extension (494.62ms)
[599/850] PASS: parse: rejects GREASE ServerHello extension (494.62ms)
[600/850] PASS: parse: rejects forbidden signature_algorithms extension (494.63ms)
[601/850] PASS: parse: rejects forbidden heartbeat extension (494.64ms)
[602/850] PASS: parse: rejects record_size_limit in ServerHello (494.65ms)
[603/850] PASS: parse: rejects key_share for unsupported group (494.65ms)
[604/850] PASS: parse: unsupported TLS version in supported_versions is illegal_parameter (494.66ms)
[605/850] PASS: parse: rejects TLS 1.2 downgrade sentinel (494.67ms)
[606/850] PASS: parse: rejects TLS 1.1 downgrade sentinel (494.67ms)
[607/850] PASS: parse: rejects downgrade sentinel when supported_versions selects TLS 1.3 (494.68ms)
[608/850] PASS: parse: accepts non-0x0303 legacy_version when supported_versions selects TLS 1.3 (494.69ms)
[609/850] PASS: parse: no supported_versions + downgrade sentinel yields IllegalParameter (494.70ms)
[610/850] PASS: parse: rejects ServerHello without supported_versions as legacy (494.70ms)
[611/850] PASS: parse: rejects SSLv3-or-lower legacy version (494.71ms)
[612/850] PASS: parse: rejects mismatched session id echo (494.72ms)
[613/850] PASS: parse: rejects non-zero compression method (494.72ms)
[614/850] PASS: fuzz: parse handles arbitrary input (494.79ms)
[615/850] PASS: encodeHelloRetryRequest: parse round-trip (494.80ms)
[616/850] PASS: parseHelloRetryRequest: rejects mismatched session id echo (494.80ms)
[617/850] PASS: parseHelloRetryRequest: RFC 8448 §5 (494.81ms)
[618/850] PASS: parseHelloRetryRequest: no cookie (494.81ms)
[619/850] PASS: parseHelloRetryRequest: rejects non-HRR Random (494.82ms)
[620/850] PASS: parseHelloRetryRequest: rejects wrong type (494.82ms)
[621/850] PASS: parseHelloRetryRequest: rejects TLS 1.2 in supported_versions (494.83ms)
[622/850] PASS: parseHelloRetryRequest: ignores non-0x0303 legacy_version (494.84ms)
[623/850] PASS: parseHelloRetryRequest: rejects SSLv3-or-lower legacy version (494.84ms)
[624/850] PASS: parseHelloRetryRequest: rejects non-zero compression method (494.85ms)
[625/850] PASS: parseHelloRetryRequest: rejects unknown cipher suite (494.85ms)
[626/850] PASS: parseHelloRetryRequest: rejects trailing bytes after extensions (494.86ms)
[627/850] PASS: parseHelloRetryRequest: rejects cookie extension trailing bytes (494.86ms)
[628/850] PASS: parseHelloRetryRequest: rejects missing supported_versions (494.87ms)
[629/850] PASS: parseHelloRetryRequest: rejects unknown unsolicited extension (494.88ms)
[630/850] PASS: parseHelloRetryRequest: rejects record_size_limit (494.88ms)
[631/850] PASS: KEM key_share round-trip: ServerHello encode → parse preserves 1120-byte ciphertext (494.91ms)
[632/850] PASS: fuzz: parseHelloRetryRequest handles arbitrary input (494.97ms)
[633/850] PASS: Config.validate reports invalid lists and missing P-384 material (495.04ms)
[634/850] PASS: sendAlert: plaintext fatal alert before ClientHello (495.11ms)
[635/850] PASS: sendAlert: encrypted close_notify after handshake (495.37ms)
[636/850] PASS: handleRecord: rejects ChangeCipherSpec before ClientHello (495.44ms)
[637/850] PASS: handleRecord: drops valid ChangeCipherSpec while waiting for client Finished (495.61ms)
[638/850] PASS: handleRecord: rejects malformed ChangeCipherSpec payload (495.78ms)
[639/850] PASS: handleRecord: ClientHello returns ServerHello write and enforces pending write (495.95ms)
[640/850] PASS: handleRecord: zero-length plaintext handshake is rejected (496.04ms)
[641/850] PASS: handleRecord: rejects application_data before connected (496.11ms)
[642/850] PASS: acceptClientHello: emits ServerHello and installs handshake keys (496.42ms)
[643/850] PASS: acceptClientHello: negotiates secp256r1 key share (496.67ms)
[644/850] PASS: acceptClientHello: negotiates secp384r1 key share (502.57ms)
[645/850] PASS: acceptClientHello: emits HelloRetryRequest for missing secp256r1 key share (502.70ms)
[646/850] PASS: acceptClientHello: rejects ClientHello2 with changed SNI or ALPN after HRR (502.88ms)
[647/850] PASS: acceptClientHello: rejects early_data in ClientHello2 after HRR (502.99ms)
[648/850] PASS: acceptClientHello: rejects replaced PSK identity in ClientHello2 despite valid binder (503.12ms)
[649/850] PASS: acceptClientHello: rejects added, reordered, or dropped PSK identities in CH2 (503.42ms)
[650/850] PASS: acceptClientHello: accepts permitted ClientHello2 PSK updates after HRR (504.03ms)
[651/850] PASS: acceptClientHello: bounded PSK identity admission before HelloRetryRequest (504.31ms)
[652/850] PASS: acceptClientHello: rejects removal of an unknown identity whose binder claims the HRR hash (504.42ms)
[653/850] PASS: acceptClientHello: HRR path rejects a slack-byte identities vector in CH1 (504.51ms)
[654/850] PASS: acceptClientHello: HRR path rejects a slack-byte identities vector in CH2 (504.62ms)
[655/850] PASS: acceptClientHello: PSK selection rejects a slack-byte identities vector (504.71ms)
[656/850] PASS: acceptClientHello: rejects ClientHello2 that ignores HRR selected group (504.83ms)
[657/850] PASS: acceptClientHello: rejects ClientHello2 with extra key share (504.95ms)
[658/850] PASS: acceptClientHello: HRR sends at most one compatibility ChangeCipherSpec (505.13ms)
[659/850] PASS: acceptClientHello: emits compatibility ChangeCipherSpec for non-empty legacy_session_id (505.30ms)
[660/850] PASS: sendAnonymousFlightForTest: client decrypts EncryptedExtensions and Finished (505.62ms)
[661/850] PASS: sendPreparedServerFlight: credentials and pending write are enforced (506.02ms)
[662/850] PASS: sendPreparedServerFlight: encryption failure preserves handshake write epoch (506.38ms)
[663/850] PASS: sendAuthenticatedFlight: client decrypts authenticated server flight (506.75ms)
[664/850] PASS: sendAuthenticatedFlight: optional client auth sends CertificateRequest (507.11ms)
[665/850] PASS: NewSessionTicket emission derives matching client and server PSKs (507.64ms)
[666/850] PASS: NewSessionTicket emission rejects stale prepared PSK objects (508.20ms)
[667/850] PASS: server-issued NewSessionTicket resumes and can be renewed (509.19ms)
[668/850] PASS: NewSessionTicket emission owns unique bounded nonces (509.81ms)
[669/850] PASS: NewSessionTicket emission enforces write and kTLS ordering (510.32ms)
[670/850] PASS: NewSessionTicket emission preserves state on encoding failure (510.84ms)
[671/850] PASS: discardTicketPsk burns nonce and erases key material (511.34ms)
[672/850] PASS: processClientFinished: optional client auth accepts empty Certificate (511.85ms)
[673/850] PASS: processClientFinished: required client auth rejects empty Certificate (512.37ms)
[674/850] PASS: processClientFinished: required client auth verifies real client Certificate + CV (513.04ms)
[675/850] PASS: processClientFinished: bad client Finished does not retain identity (513.66ms)
[676/850] PASS: processClientFinished: client identity requires caller-owned storage (514.30ms)
[677/850] PASS: processClientFinished: required client auth rejects forged CertificateVerify (514.92ms)
[678/850] PASS: sendAuthenticatedFlight: client processes CertificateVerify and Finished (515.36ms)
[679/850] PASS: processClientFinished: verifies Finished and installs app keys (515.57ms)
[680/850] PASS: processClientFinished: rejects bad verify_data (515.77ms)
[681/850] PASS: processClientFinished: rejects EndOfEarlyData when 0-RTT was not accepted (515.96ms)
[682/850] PASS: handleRecord: rejects second plaintext ClientHello before Finished (516.16ms)
[683/850] PASS: handleRecord: rejects protected ClientHello after connected (516.40ms)
[684/850] PASS: handleRecord: rejects client KeyUpdate before Finished (516.59ms)
[685/850] PASS: receiveRecord: RX progresses while a server TX record is pending (516.81ms)
[686/850] PASS: receiveKtlsRecord: server processes kernel-decrypted records (517.05ms)
[687/850] PASS: ratchetKtlsTx: server advances only an idle TX epoch (517.27ms)
[688/850] PASS: handleRecord: client KeyUpdate(update_requested) ratchets rx and responds (517.50ms)
[689/850] PASS: handleRecord: client KeyUpdate(update_not_requested) ratchets rx only (517.72ms)
[690/850] PASS: sendKeyUpdate: server-initiated KeyUpdate encrypts under old key then ratchets tx (517.94ms)
[691/850] PASS: handleRecord: self-initiated sendKeyUpdate response surfaces rx only (518.17ms)
[692/850] PASS: handleRecord: KeyUpdate not at record boundary is rejected (518.38ms)
[693/850] PASS: handleRecord: invalid client KeyUpdate request is rejected (518.59ms)
[694/850] PASS: handleRecord: zero-length encrypted handshake is rejected (518.81ms)
[695/850] PASS: handleRecord: all-zero inner plaintext maps to unexpected_message (519.02ms)
[696/850] PASS: handleRecord: illegal post-handshake inner content type is rejected (519.23ms)
[697/850] PASS: handleRecord: empty application data does not reset post-handshake flood counter (519.45ms)
[698/850] PASS: handleRecord: KeyUpdate flood is rejected (519.92ms)
[699/850] PASS: handleRecord: KeyUpdate flood cap fires despite empty app-data interleaving (520.34ms)
[700/850] PASS: EstablishedSession: struct stays compact against the handshake engine (520.35ms)
[701/850] PASS: extractEstablished: connected events match the handshake engine (520.82ms)
[702/850] PASS: extractEstablished: engine is consumed and immediate deinit is safe (521.03ms)
[703/850] PASS: extractEstablished: moved-from rx/tx are wiped, the session's copies stay live (521.24ms)
[704/850] PASS: extractEstablished: deferred KeyUpdate obligation blocks application writes (521.47ms)
[705/850] PASS: extractEstablished: KeyUpdate flood cap survives extraction and resets on app data (521.84ms)
[706/850] PASS: extractEstablished: KeyUpdate fragment carries across extraction (522.07ms)
[707/850] PASS: extractEstablished: KeyUpdate record-boundary and fragment rules hold (522.28ms)
[708/850] PASS: extractEstablished: close_notify and fatal alerts keep server semantics (522.49ms)
[709/850] PASS: extractEstablished: sendAlert latches and ratchetTx advances the TX epoch (522.71ms)
[710/850] PASS: extractEstablished: SHA-384 suite ratchets and exchanges app data (523.33ms)
[711/850] PASS: extractEstablished: NewSessionTicket is issued before extraction (523.85ms)
[712/850] PASS: key update: simultaneous update_requested remains connected (524.46ms)
[713/850] PASS: fuzz: ServerHandshake.handleRecord rejects arbitrary input (524.57ms)
[714/850] PASS: fuzz: connected ServerHandshake.handleRecord rejects arbitrary input (525.91ms)
[715/850] PASS: application data: server sends and receives (526.13ms)
[716/850] PASS: in-memory authenticated client-server handshake reaches app data (526.64ms)
[717/850] PASS: in-memory authenticated client-server handshake suite matrix (528.75ms)
[718/850] PASS: in-memory KeyUpdate round trip across all cipher suites (531.05ms)
[719/850] PASS: selectPsk: verifies the binder for a matching PSK identity (531.15ms)
[720/850] PASS: selectPsk: returns null when the PSK binder does not verify (531.24ms)
[721/850] PASS: selectPsk: oversized binders_len does not overflow (531.32ms)
[722/850] PASS: PSK offer without psk_key_exchange_modes aborts (531.46ms)
[723/850] PASS: PSK offer with only psk_ke disables resumption and ticket issuance (531.70ms)
[724/850] PASS: client authentication policy declines PSK resumption (532.37ms)
[725/850] PASS: PSK selection skips cipher suites with an incompatible hash (533.00ms)
[726/850] PASS: in-memory PSK resumption reaches app data (533.42ms)
[727/850] PASS: in-memory RFC 10024 PSK resumption matrix reaches app data (540.88ms)
[728/850] PASS: in-memory RFC 10024 PSK resumption survives HRR (548.31ms)
[729/850] PASS: in-memory RFC 10024 SHA-384 PSK resumption survives HRR (558.54ms)
[730/850] PASS: PSK fast-path rejects bare Finished when server did NOT select PSK (558.85ms)
[731/850] PASS: in-memory 0-RTT early data is decrypted by the server (559.31ms)
[732/850] PASS: 0-RTT: accepted early data distinguishes authentication and handshake errors (560.15ms)
[733/850] PASS: 0-RTT: server rejects early data exceeding max_early_data_size (560.44ms)
[734/850] PASS: 0-RTT: max u32 early-data limit rejects bytes beyond remaining budget (560.51ms)
[735/850] PASS: 0-RTT: no PSK selected means early data is skipped and 1-RTT completes (561.05ms)
[736/850] PASS: 0-RTT: declined early records in flight are skipped and 1-RTT completes (561.49ms)
[737/850] PASS: 0-RTT: required client auth declines PSK, skips early data, completes 1-RTT (562.16ms)
[738/850] PASS: 0-RTT: decline skip budget exhaustion aborts the handshake (562.40ms)
[739/850] PASS: 0-RTT: corrupted record after the skip window aborts (562.72ms)
[740/850] PASS: 0-RTT: HRR decline skips in-flight early data and the retry handshake completes (563.30ms)
[741/850] PASS: 0-RTT: default decline-skip budget covers a full max-size early record (563.85ms)
[742/850] PASS: 0-RTT: HRR decline skip budget exhaustion aborts the handshake (564.03ms)
[743/850] PASS: 0-RTT: HRR decline skip rejects malformed application_data records (564.19ms)
[744/850] PASS: 0-RTT: HRR skip window closes at ClientHello2 (564.55ms)
[745/850] PASS: 0-RTT: server declines, client sends no EndOfEarlyData (564.98ms)
[746/850] PASS: 0-RTT: client rejects server-sent EndOfEarlyData (565.05ms)
[747/850] PASS: 0-RTT: processClientFinished rejects Finished before EndOfEarlyData (565.35ms)
[748/850] PASS: preferredHybridShare follows server preference (565.41ms)
[749/850] PASS: in-memory RFC 10024 hybrid group matrix reaches app data (573.05ms)
[750/850] PASS: RFC 10024 hybrid group matrix negotiates through HRR (579.97ms)
[751/850] PASS: hybrid share requires explicit server policy (580.21ms)
[752/850] PASS: in-memory HRR round trip reaches app data (580.75ms)
[753/850] PASS: acceptClientHello: server suite preference (580.93ms)
[754/850] PASS: acceptClientHello: exposes SNI via clientServerName (581.10ms)
[755/850] PASS: acceptClientHello: clientServerName is null when SNI absent (581.27ms)
[756/850] PASS: acceptClientHello: rejects unsupported suite (581.36ms)
[757/850] PASS: acceptClientHello: ignores unknown cipher suites in mixed list (581.67ms)
[758/850] PASS: acceptClientHello: rejects ClientHello with no shared group (581.76ms)
[759/850] PASS: handleRecord: reassembles ClientHello split across records (581.93ms)
[760/850] PASS: handleRecord: reassembles ClientHello with header and body in separate records (582.10ms)
[761/850] PASS: handleRecord: rejects CCS while ClientHello fragment pending (582.19ms)
[762/850] PASS: handleRecord: processes alert while ClientHello fragment pending (582.27ms)
[763/850] PASS: handleRecord: plaintext fatal alert in wait_ch records detail (582.39ms)
[764/850] PASS: handleRecord: unknown alert codes are preserved (582.46ms)
[765/850] PASS: handleRecord: lastPeerAlert replaced by later alert, preserved by close/malformed (582.52ms)
[766/850] PASS: handleRecord: rejects fragmented ClientHello without reassembly buffer (582.61ms)
[767/850] PASS: handleRecord: state reset after invalid fragmented ClientHello (582.78ms)
[768/850] PASS: handleRecord: rejects trailing bytes after fragmented ClientHello (582.95ms)
[769/850] PASS: handleRecord: reassembles ClientHello2 split across records after HRR (583.13ms)
[770/850] PASS: handleRecord: reassembles fragmented client Finished across encrypted records (583.34ms)
[771/850] PASS: handleRecord: rejects interleaved alert during Finished fragment reassembly (583.53ms)
[772/850] PASS: handleRecord: rejects plaintext alert during Finished fragment reassembly (583.72ms)
[773/850] PASS: handleRecord: encrypted fatal alert while waiting for Finished records detail (583.91ms)
[774/850] PASS: handleRecord: rejects plaintext alert while waiting for Finished (584.10ms)
[775/850] PASS: handleRecord: rejects zero-length encrypted handshake while waiting for Finished (584.31ms)
[776/850] PASS: handleRecord: reassembles ClientHello when handshake header is split after 1 byte (584.48ms)
[777/850] PASS: handleRecord: server reassembles 1-byte fragmented KeyUpdate(update_requested) (584.72ms)
[778/850] PASS: handleRecord: fragmented KeyUpdate(update_not_requested) works (584.95ms)
[779/850] PASS: handleRecord: non-KeyUpdate fragment starts are rejected (585.16ms)
[780/850] PASS: handleRecord: KeyUpdate with trailing record bytes is rejected before ratchet (585.37ms)
[781/850] PASS: handleRecord: app-data interleaving during KeyUpdate reassembly is rejected (585.59ms)
[782/850] PASS: receiveApplicationData: app-data interleaving during KeyUpdate reassembly is rejected (585.80ms)
[783/850] PASS: handleRecord: alert interleaving during KeyUpdate reassembly is rejected (586.01ms)
[784/850] PASS: handleRecord: connected close_notify is clean, fatal alert records detail (586.22ms)
[785/850] PASS: handleRecord: zero-length handshake during KeyUpdate reassembly is rejected (586.43ms)
[786/850] PASS: handleRecord: ClientHello body_len 0xFFFFFF rejected without overflow (fast path) (586.50ms)
[787/850] PASS: handleRecord: split-header reassembly body_len 0xFFFFFF rejected without overflow (586.57ms)
[788/850] PASS: deinit leaves caller-owned buffers to the caller (586.75ms)
[789/850] PASS: fill writes caller buffer (586.75ms)
[790/850] PASS: encode: empty EncryptedExtensions (586.76ms)
[791/850] PASS: encode: ALPN EncryptedExtensions (586.76ms)
[792/850] PASS: encode: early_data accepted in EncryptedExtensions (586.77ms)
[793/850] PASS: encode: early_data omitted when not accepted (586.78ms)
[794/850] PASS: parse: valid EncryptedExtensions (586.78ms)
[795/850] PASS: parse: ALPN selection (586.79ms)
[796/850] PASS: parse: rejects unsolicited ALPN (586.79ms)
[797/850] PASS: parse: rejects unoffered ALPN (586.80ms)
[798/850] PASS: parse: rejects duplicate ALPN extension (586.80ms)
[799/850] PASS: parse: rejects multiple ALPN protocols (586.81ms)
[800/850] PASS: parse: rejects forbidden supported_versions extension (586.81ms)
[801/850] PASS: parse: rejects forbidden key_share extension (586.82ms)
[802/850] PASS: parse: rejects forbidden heartbeat extension (586.82ms)
[803/850] PASS: parse: rejects GREASE EncryptedExtensions extension (586.83ms)
[804/850] PASS: parse: rejects unknown unsolicited extension (586.83ms)
[805/850] PASS: parse: accepts server_name acknowledgment when SNI offered (586.84ms)
[806/850] PASS: parse: rejects server_name when SNI not offered (586.84ms)
[807/850] PASS: parse: rejects server_name acknowledgment with non-empty extension_data (586.85ms)
[808/850] PASS: parse: rejects unoffered record_size_limit in EncryptedExtensions (586.86ms)
[809/850] PASS: parse: accepts offered record_size_limit in EncryptedExtensions (586.86ms)
[810/850] PASS: parse: rejects malformed record_size_limit in EncryptedExtensions (586.87ms)
[811/850] PASS: parse: ignores supported_groups extension (586.87ms)
[812/850] PASS: parse: wrong handshake type (586.88ms)
[813/850] PASS: parse: truncated (586.88ms)
[814/850] PASS: encode round-trips via parse (586.89ms)
[815/850] PASS: parse rejects wrong handshake type (586.89ms)
[816/850] PASS: parse rejects missing signature_algorithms (586.90ms)
[817/850] PASS: parse rejects duplicate signature_algorithms (586.90ms)
[818/850] PASS: encodedLen is accurate (586.91ms)
[819/850] PASS: verify: wrong verify_data (586.92ms)
[820/850] PASS: verify: wrong handshake type (586.92ms)
[821/850] PASS: encode then verify round-trip (586.93ms)
[822/850] PASS: encode and parse NewSessionTicket round trip (586.94ms)
[823/850] PASS: encode validates NewSessionTicket bounds before writing (586.94ms)
[824/850] PASS: parse: valid NewSessionTicket (586.95ms)
[825/850] PASS: parse: captures early_data max_early_data_size (586.96ms)
[826/850] PASS: parse: skips unknown ticket extension (586.96ms)
[827/850] PASS: parse: skips GREASE ticket extension (586.97ms)
[828/850] PASS: parse: rejects duplicate early_data extension (586.97ms)
[829/850] PASS: parse: rejects malformed early_data length (586.98ms)
[830/850] PASS: parse: wrong handshake type (586.98ms)
[831/850] PASS: parse: rejects length mismatch (586.99ms)
[832/850] PASS: parse: rejects empty ticket (586.99ms)
[833/850] PASS: parse: rejects malformed extensions length (587.00ms)
[834/850] PASS: fuzz: parse handles arbitrary input (587.04ms)
[835/850] PASS: Writer.append: u8 (587.05ms)
[836/850] PASS: Writer.append: u16 big-endian (587.05ms)
[837/850] PASS: Writer.append: u24 big-endian (587.06ms)
[838/850] PASS: Writer.appendSlice (587.06ms)
[839/850] PASS: Writer.append: enum (587.07ms)
[840/850] PASS: Reader.read: u8 (587.07ms)
[841/850] PASS: Reader.read: u16 big-endian (587.08ms)
[842/850] PASS: Reader.read: enum (587.08ms)
[843/850] PASS: Reader.readSlice: zero-copy (587.09ms)
[844/850] PASS: Reader.read: UnexpectedEof (587.09ms)
[845/850] PASS: Reader assume methods skip bounds checks after caller validation (587.10ms)
[846/850] PASS: Writer.reserve: write directly into buffer (587.10ms)
[847/850] PASS: Writer: sequential appends (587.11ms)
[848/850] PASS: messageHashSynthetic: SHA-256 header (587.11ms)
[849/850] PASS: messageHashSynthetic: SHA-384 header (587.12ms)
[850/850] PASS: messageHashSynthetic: RFC 8448 §5 ClientHello1 SHA-256 (587.13ms)

ztest: 849 passed, 0 failed, 1 skipped (of 850 total) in 1587ms
ALL TESTS PASSED
Build Summary: 8/8 steps succeeded
test success
+- run test success 1s
|  +- compile test Debug native-native success 17s MaxRSS:710M
|     +- options cached
+- run exe errq-alloc-check success 38ms
|  +- compile exe errq-alloc-check Debug native-native success 2s MaxRSS:319M
|     +- options (reused)
+- run exe encrypted-pem-check success 2ms
   +- compile exe encrypted-pem-check Debug native-native success 2s MaxRSS:290M
      +- options (reused)

libcrypto family: aws-lc (/nix/store/HASH-aws-lc-5.5.0-dev/include)
encrypted-pem-check: ok (pipe, terminal)
errq-alloc-check: early client abort
errq-alloc-check: early server abort
errq-alloc-check: ok (allocs 6120, frees 6120, live 0)
ztest: Running 850 tests...
[1/850] PASS: test_0 (733.97ms)
[2/850] PASS: Wycheproof: X25519 shared secret tcId 1 (734.03ms)
[3/850] PASS: Wycheproof boundary: X25519 identity element is rejected (734.06ms)
[4/850] PASS: Wycheproof boundary: X25519 small-order public key is rejected (734.09ms)
[5/850] PASS: Wycheproof: AES-128-GCM AAD/tag handling tcId 2 (734.12ms)
[6/850] PASS: Wycheproof boundary: AES-256-GCM AAD/tag handling (734.13ms)
[7/850] PASS: Wycheproof: ChaCha20-Poly1305 one-byte message tcId 4 (734.15ms)
[8/850] PASS: Wycheproof boundary: ChaCha20-Poly1305 AAD handling (734.16ms)
[9/850] PASS: OpenSSL s_server interoperates with ztls client (813.38ms)
[10/850] PASS: OpenSSL s_server interoperates with ztls P-384 client (840.82ms)
[11/850] PASS: OpenSSL s_server interoperates with ztls RFC 10024 client groups (939.01ms)
[12/850] PASS: ztls client resumes with OpenSSL s_server (PSK resumption) (965.99ms)
[13/850] PASS: ztls client sends 0-RTT early data to OpenSSL s_server (992.63ms)
[14/850] PASS: OpenSSL s_client interoperates with ztls server (1031.46ms)
[15/850] PASS: OpenSSL s_client resumes with ztls server-issued ticket (57.81ms)
[16/850] PASS: OpenSSL s_client interoperates with ztls P-384 server (72.62ms)
[17/850] PASS: OpenSSL s_client interoperates with ztls RFC 10024 server groups (112.24ms)
[18/850] PASS: OpenSSL s_client with -cert interoperates with ztls server (required client auth) (129.37ms)
[19/850] PASS: ztls client with credentials interoperates with OpenSSL s_server -Verify (156.19ms)
[20/850] PASS: ztls-to-ztls TCP KeyUpdate round trip with ChaCha20-Poly1305 (200.14ms)
[21/850] PASS: backend.x25519: RFC 7748 §5.2 shared secret (200.20ms)
[22/850] PASS: backend.x25519: RFC 7748 §6.1 mutual key agreement (200.29ms)
[23/850] PASS: backend.x25519: Wycheproof tcId 1 shared secret (200.32ms)
[24/850] PASS: backend.x25519: all-zero public key is rejected (IdentityElement) (200.35ms)
[25/850] PASS: backend.x25519: small-order public key is rejected (IdentityElement) (200.38ms)
[26/850] PASS: backend.aead: round-trip for every advertised cipher suite (200.40ms)
[27/850] PASS: backend.aead: tag corruption is rejected for every advertised cipher suite (200.42ms)
[28/850] PASS: backend.aead: ciphertext corruption is rejected for every advertised cipher suite (200.43ms)
[29/850] PASS: backend.aead: Wycheproof AES-128-GCM tcId 2 (200.44ms)
[30/850] PASS: backend.aead: Wycheproof AES-256-GCM AAD boundary (200.45ms)
[31/850] PASS: backend.aead: Wycheproof ChaCha20-Poly1305 AAD boundary (200.46ms)
[32/850] PASS: backend.aead: ChaCha20-Poly1305 RFC 8439 §2.8.2 known-answer vector (200.48ms)
[33/850] PASS: backend.p256: mutual key agreement with fixed scalars (200.61ms)
[34/850] PASS: backend.p256: non-04 SEC1 prefix is rejected (200.63ms)
[35/850] PASS: backend.p256: off-curve point is rejected (200.64ms)
[36/850] PASS: backend.p256: zero scalar private key is rejected (200.64ms)
[37/850] PASS: backend.p256: Wycheproof tcId 1 shared secret (200.70ms)
[38/850] PASS: backend.p384: mutual key agreement with fixed scalars (201.17ms)
[39/850] PASS: backend.p384: non-04 SEC1 prefix is rejected (201.28ms)
[40/850] PASS: backend.p384: off-curve point is rejected (201.28ms)
[41/850] PASS: backend.p384: zero scalar private key is rejected (201.29ms)
[42/850] PASS: backend.p384: Wycheproof tcId 1 shared secret (201.52ms)
[43/850] PASS: backend.sign: RSA-PSS SHA-256 sign/verify round-trip (202.39ms)
[44/850] PASS: backend.sign: RSA-PSS SHA-256 rejects tampered signature (203.22ms)
[45/850] PASS: backend.sign: RSA-PSS SHA-384 sign/verify round-trip and tamper rejection (204.08ms)
[46/850] PASS: backend.sign: ECDSA P-256 SHA-256 sign/verify round-trip (204.16ms)
[47/850] PASS: backend.sign: ECDSA P-256 SHA-256 rejects tampered signature (204.20ms)
[48/850] PASS: backend.sign: ECDSA P-384 SHA-384 sign/verify round-trip and tamper rejection (204.57ms)
[49/850] PASS: backend.sign: BufferTooShort on undersized output (204.69ms)
[50/850] PASS: backend.sign: key/scheme mismatch is a libcrypto failure (204.71ms)
[51/850] PASS: backend.sign: Wycheproof RSA-PSS tcId 3 verify (204.75ms)
[52/850] PASS: backend.sign: Wycheproof RSA-PSS tcId 62 invalid signature (204.79ms)
[53/850] PASS: backend.sign: Wycheproof ECDSA P-256 tcId 1 verify (204.84ms)
[54/850] PASS: backend.sign: Wycheproof ECDSA P-256 tcId 6 invalid signature (204.85ms)
[55/850] PASS: backend.sign: Wycheproof ECDSA P-384 tcId 1 verify (205.04ms)
[56/850] PASS: backend.sign: Wycheproof ECDSA P-384 tcId 6 invalid signature (205.05ms)
[57/850] PASS: backend error-queue hygiene: malformed EC public key leaves no residue (#88) (205.06ms)
[58/850] PASS: backend error-queue hygiene: caller queue entries survive a failing wrapper (#88) (205.06ms)
[59/850] PASS: backend error-queue hygiene: scalar key load does not nest guards (#88) (205.07ms)
[60/850] PASS: backend error-queue hygiene: repeated failures leave the queue empty each round (#88) (205.08ms)
[61/850] PASS: backend error-queue hygiene: successful key load preserves caller entries (#88) (205.10ms)
[62/850] PASS: backend error-queue hygiene: failed signature verification leaves no residue (#88) (205.12ms)
[63/850] PASS: backend error-queue hygiene: failed record decrypt leaves no residue (#88) (205.13ms)
[64/850] PASS: backend error-queue hygiene: failed decrypt preserves caller entries exactly (#88) (205.14ms)
[65/850] PASS: backend error-queue hygiene: DER key load preservation is lane-dependent (#88) (205.15ms)
[66/850] PASS: backend error-queue hygiene: scheme inference preserves caller entries (#112) (205.17ms)
[67/850] PASS: backend error-queue hygiene: declined encrypted PEM loads leave no residue (#114) (205.19ms)
[68/850] PASS: backend error-queue hygiene: cert/key mismatch preservation is lane-dependent (#113) (205.23ms)
[69/850] PASS: RFC 5280 §4.2.1.10 name-constraint verdicts vs OpenSSL 3.6.3 ground truth (205.73ms)
[70/850] PASS: fuzz: verifyNameConstraints handles arbitrary NameConstraints and SAN DER (205.92ms)
[71/850] PASS: capi: ztls_version returns a non-empty string (205.93ms)
[72/850] PASS: capi: insecure client init is explicitly named (205.93ms)
[73/850] PASS: capi: size and alignment are non-zero and sane (205.94ms)
[74/850] PASS: capi: NULL parameters are rejected (205.94ms)
[75/850] PASS: capi: full client handshake through the C ABI (206.40ms)
[76/850] PASS: capi: send_application_data before connected fails (206.44ms)
[77/850] PASS: capi: KeyUpdate response is surfaced as a write event (206.84ms)
[78/850] PASS: capi: KeyUpdate without response maps to none without pending write (207.22ms)
[79/850] PASS: capi: NewSessionTicket maps to none without pending write (207.59ms)
[80/850] PASS: encrypt: rejects mismatched plaintext and ciphertext lengths (207.60ms)
[81/850] PASS: decrypt: rejects mismatched plaintext and ciphertext lengths (207.60ms)
[82/850] PASS: Aes128Gcm: encrypt/decrypt round-trip (207.61ms)
[83/850] PASS: Aes256Gcm: encrypt/decrypt round-trip (207.62ms)
[84/850] PASS: ChaCha20Poly1305: encrypt/decrypt round-trip (207.62ms)
[85/850] PASS: ChaCha20Poly1305: RFC 8439 known-answer vector (207.64ms)
[86/850] PASS: ChaCha20Poly1305: empty plaintext known-answer vector (207.65ms)
[87/850] PASS: ChaCha20Poly1305: authentication failure on tampered ciphertext (207.66ms)
[88/850] PASS: ChaCha20Poly1305: authentication failure on tampered tag (207.67ms)
[89/850] PASS: ChaCha20Poly1305: authentication failure on tampered ad (207.67ms)
[90/850] PASS: decrypt: authentication failure on tampered ciphertext (207.68ms)
[91/850] PASS: decrypt: authentication failure on tampered tag (207.69ms)
[92/850] PASS: decrypt: authentication failure on tampered ad (207.69ms)
[93/850] PASS: construct: seq 0 is just the IV (207.70ms)
[94/850] PASS: construct: seq increments flip the right bytes (207.71ms)
[95/850] PASS: construct: XOR with non-zero IV (207.71ms)
[96/850] PASS: construct: seq max u64 produces expected nonce (207.72ms)
[97/850] PASS: parse: close_notify (207.72ms)
[98/850] PASS: parse: warning-level error alert is fatal (207.73ms)
[99/850] PASS: parse: unknown alert description is fatal (207.73ms)
[100/850] PASS: parse: user_canceled is not fatal (207.74ms)
[101/850] PASS: parse: truncated (207.74ms)
[102/850] PASS: parse: rejects coalesced alert bytes (207.75ms)
[103/850] PASS: encode (207.75ms)
[104/850] PASS: fuzz: parse handles arbitrary input (207.88ms)
[105/850] PASS: alertForError: certificate failures map to certificate alerts (207.88ms)
[106/850] PASS: alertForError: parser and semantic failures map to protocol alerts (207.89ms)
[107/850] PASS: alertForError: provider failure maps to internal_error (207.89ms)
[108/850] PASS: alertForError: unknown error maps to internal_error (207.90ms)
[109/850] PASS: parse: oversized cert_len does not overflow bounds check (207.90ms)
[110/850] PASS: parseClientCertificate: oversized ctx_len does not overflow (207.91ms)
[111/850] PASS: parse: extracts public key from ECDSA P-256 certificate (207.93ms)
[112/850] PASS: parse: wrong handshake type (207.93ms)
[113/850] PASS: parse: rejects mismatched Certificate handshake body length (207.94ms)
[114/850] PASS: encodeWithRequestContext: encodes empty client certificate list (207.94ms)
[115/850] PASS: encodeWithRequestContext: rejects oversized request context (207.95ms)
[116/850] PASS: parseClientCertificate: accepts empty certificate with matching context (207.96ms)
[117/850] PASS: parseClientCertificate: rejects mismatched request context (207.96ms)
[118/850] PASS: parse: rejects non-empty server certificate request context (207.97ms)
[119/850] PASS: parse: rejects empty certificate list (207.97ms)
[120/850] PASS: parse: rejects certificate list length shorter than entries (207.98ms)
[121/850] PASS: encode: round trips certificate chain (214.92ms)
[122/850] PASS: parse: rejects unsupported CertificateEntry status_request (214.93ms)
[123/850] PASS: parse: rejects unsupported CertificateEntry SCT (214.94ms)
[124/850] PASS: parse: rejects forbidden CertificateEntry status_request_v2 (214.95ms)
[125/850] PASS: parse: rejects duplicate CertificateEntry status_request (214.95ms)
[126/850] PASS: parse: rejects malformed CertificateEntry extension length (214.96ms)
[127/850] PASS: parse: ignores unknown CertificateEntry extension (214.97ms)
[128/850] PASS: parse: validates hostname (214.98ms)
[129/850] PASS: parse: rejects hostname mismatch (214.99ms)
[130/850] PASS: parse: rejects missing trust anchor by default (215.00ms)
[131/850] PASS: parse: validates leaf against trust bundle (222.16ms)
[132/850] PASS: parse: validates leaf-intermediate-root chain (235.97ms)
[133/850] PASS: parse: rejects end-entity certificate used as issuer (236.07ms)
[134/850] PASS: parse: rejects chain with intermediate before leaf (236.16ms)
[135/850] PASS: parse: anchors chain below a cross-signed root (256.74ms)
[136/850] PASS: parse: rejects cross-signed root without a bundle anchor below it (270.43ms)
[137/850] PASS: parse: rejects chain with missing intermediate (270.53ms)
[138/850] PASS: parse: rejects chain hostname mismatch (270.62ms)
[139/850] PASS: parse: rejects untrusted leaf when bundle misses issuer (270.63ms)
[140/850] PASS: parse: accepts chain with matching DNS name constraints (284.51ms)
[141/850] PASS: parse: rejects chain with excluded DNS name constraints (298.25ms)
[142/850] PASS: parse: rejects chain outside permitted DNS name constraints (312.02ms)
[143/850] PASS: parse: insecure no-anchor path still enforces name constraints (322.93ms)
[144/850] PASS: parse: rejects signed unprocessed critical extension for both roles (323.09ms)
[145/850] PASS: parse: accepts signed noncritical extension and supported critical extensions (352.66ms)
[146/850] PASS: parse: rejects signed SAN with an invalid wrapper (352.80ms)
[147/850] PASS: parse: rejects chain exceeding pathLenConstraint zero (373.87ms)
[148/850] PASS: parse: accepts pathLenConstraint zero with a CA target (393.79ms)
[149/850] PASS: parse: rejects chain exceeding pathLenConstraint one (421.37ms)
[150/850] PASS: parse: accepts chain at pathLenConstraint one (442.04ms)
[151/850] PASS: parse: imposes no path-length limit when pathLenConstraint is absent (462.79ms)
[152/850] PASS: parse: enforces the tightest of multiple pathLenConstraints (490.27ms)
[153/850] PASS: parse: accepts multiple satisfied pathLenConstraints (511.08ms)
[154/850] PASS: parse: self-issued intermediate does not consume path length (531.88ms)
[155/850] PASS: parse: intermediate below a self-issued certificate still counts (559.44ms)
[156/850] PASS: parse: trust anchor pathLenConstraint limits intermediates below it (580.18ms)
[157/850] PASS: parse: trust anchor pathLenConstraint satisfied (594.02ms)
[158/850] PASS: parse: certificates above the anchored path are outside the path (621.70ms)
[159/850] PASS: parse: cross-signed root constraint binds inside the anchored path (649.17ms)
[160/850] PASS: parseClientChain: rejects client chain exceeding pathLenConstraint zero (669.84ms)
[161/850] PASS: parseClientChain: accepts client chain at pathLenConstraint zero (683.64ms)
[162/850] PASS: parse: insecure no-anchor path still enforces pathLenConstraint (697.45ms)
[163/850] PASS: parse: insecure no-anchor path accepts constrained chain with self-issued steps (712.00ms)
[164/850] PASS: parse: malformed DER length is rejected, not crashed (712.02ms)
[165/850] PASS: certificate_policy.verifyServerAuth: non-v3 certificates are rejected (712.03ms)
[166/850] PASS: certificate_policy.verifyServerAuth: KeyUsage without digitalSignature is rejected (712.03ms)
[167/850] PASS: certificate_policy.verifyServerAuth: EKU without serverAuth is rejected (712.04ms)
[168/850] PASS: certificate_policy.verifyClientAuth: EKU without clientAuth is rejected (712.05ms)
[169/850] PASS: certificate_policy.verifyClientAuth: KeyUsage without digitalSignature is rejected (712.05ms)
[170/850] PASS: certificate_policy.verifyClientAuth: clientAuth EKU is accepted (712.06ms)
[171/850] PASS: certificate_policy.verifyServerAuth: legacy certificate signatures are rejected (712.06ms)
[172/850] PASS: certificate_policy.verifyServerAuth: RSA PKCS1 SHA-256 certificate signature is accepted (712.07ms)
[173/850] PASS: certificate_policy: Ed25519 chain signature algorithm accepted when advertised (712.07ms)
[174/850] PASS: certificate_policy: Ed25519 chain signature algorithm rejected when not advertised (712.08ms)
[175/850] PASS: parse: Ed25519 self-signed certificate verified via std.crypto (712.09ms)
[176/850] PASS: certificate_policy.verifyServerAuth: rejects certificate signature outside policy (712.10ms)
[177/850] PASS: certificate signature policy checks non-self-signed chain certificates (712.10ms)
[178/850] PASS: certificate signature policy skips self-signed chain certificates (712.11ms)
[179/850] PASS: certificate_policy.verifyServerAuth: unrestricted supported leaf is accepted (712.11ms)
[180/850] PASS: encodeCertificateVerify: wraps signature (712.12ms)
[181/850] PASS: verifySignature: valid ECDSA P-256 signature (712.20ms)
[182/850] PASS: verifySignature: valid RSA-PSS SHA-256 signature (712.25ms)
[183/850] PASS: verifySignature: rejects RSA-PSS signature with wrong salt length (712.28ms)
[184/850] PASS: verifySignature: wrong transcript hash (712.34ms)
[185/850] PASS: verifySignature: rejects scheme absent from offered list (712.35ms)
[186/850] PASS: verifySignature: client CV rejects scheme absent from offered list (712.37ms)
[187/850] PASS: verifySignature: rejects RSA PKCS1 CertificateVerify scheme (712.38ms)
[188/850] PASS: verifySignature: rejects certificate key and scheme mismatch (712.39ms)
[189/850] PASS: verifySignature: server signature is not valid for client context (712.44ms)
[190/850] PASS: verifySignature: wrong handshake type (712.45ms)
[191/850] PASS: parse: extracts critical name constraints (712.46ms)
[192/850] PASS: parse: extracts non-critical name constraints (712.48ms)
[193/850] PASS: fuzz: parse handles arbitrary input (712.55ms)
[194/850] PASS: CertificateChain: single certificate view (712.56ms)
[195/850] PASS: CertificateChain.fromPem: decodes a certificate chain (712.57ms)
[196/850] PASS: CertificateChain.fromPem: rejects malformed input (712.58ms)
[197/850] PASS: CertificateChain.fromPem: rejects exhausted caller storage (712.59ms)
[198/850] PASS: fuzz: CertificateChain.fromPem handles arbitrary input (712.66ms)
[199/850] PASS: active backend identity matches the private provider facade (712.67ms)
[200/850] PASS: hybrid capability queries match the active backend (712.68ms)
[201/850] PASS: validateHybridGroups reports local policy faults (712.69ms)
[202/850] PASS: requiresP384 identifies only P-384 hybrid policy (712.69ms)
[203/850] PASS: CipherSuite wire values (712.70ms)
[204/850] PASS: PskOfferIter: walks identity/binder pairs in offer order (712.70ms)
[205/850] PASS: PskOfferIter: rejects oversized lengths (712.71ms)
[206/850] PASS: PskOfferIter: rejects a slack-byte identities vector (712.72ms)
[207/850] PASS: PskOfferIter: rejects more binders than identities (712.72ms)
[208/850] PASS: encode: size matches encodedLen (712.73ms)
[209/850] PASS: encodeWithPsk: pre_shared_key is last, binder prefix and offset are correct (712.74ms)
[210/850] PASS: encodeWithPsk: rejects unsupported binder length (712.74ms)
[211/850] PASS: parse: ClientHello with pre_shared_key round-trips (712.76ms)
[212/850] PASS: encodeWithP256: size matches encodedLenWithP256 (712.76ms)
[213/850] PASS: encode: handshake type and legacy version (712.77ms)
[214/850] PASS: encode: cipher suites match backend capabilities (712.78ms)
[215/850] PASS: encode: legacy_session_id is empty (712.78ms)
[216/850] PASS: encode: supported_groups contains X25519 (712.79ms)
[217/850] PASS: encode: key_share contains public key (712.79ms)
[218/850] PASS: encodeWithP256: includes X25519 and secp256r1 key shares (712.80ms)
[219/850] PASS: encodeWithP256P384: includes X25519, secp256r1, and secp384r1 key shares (712.81ms)
[220/850] PASS: encodeWithP256P384: size matches encodedLenWithP256P384 (712.82ms)
[221/850] PASS: parse: accepts secp384r1 key share (712.93ms)
[222/850] PASS: parse: rejects compressed secp384r1 key share (712.94ms)
[223/850] PASS: encodeRetryAfterHrr: secp384r1 selected, no cookie (712.95ms)
[224/850] PASS: encode: SNI present when server_name set (712.96ms)
[225/850] PASS: encode: SNI absent when server_name is null (712.97ms)
[226/850] PASS: encode: supported_versions contains TLS 1.3 (712.97ms)
[227/850] PASS: encode: signature_algorithms match backend capabilities (712.98ms)
[228/850] PASS: encode: signature_algorithms_cert match backend capabilities (712.99ms)
[229/850] PASS: encode: ALPN present when protocols set (712.99ms)
[230/850] PASS: encode: rejects invalid ALPN protocols (713.00ms)
[231/850] PASS: parse: encoded ClientHello (713.01ms)
[232/850] PASS: parse: tracks offered SNI extension presence (713.02ms)
[233/850] PASS: parse: tracks offered record_size_limit extension presence (713.03ms)
[234/850] PASS: parse: accepts secp256r1 supported group and key share (713.06ms)
[235/850] PASS: parseSupportedGroups: records RFC 10024 groups (713.07ms)
[236/850] PASS: parse: rejects malformed X25519 key share (713.07ms)
[237/850] PASS: parse: rejects key share outside supported_groups (713.10ms)
[238/850] PASS: parse: rejects oversized legacy_session_id (713.11ms)
[239/850] PASS: parse: rejects SSLv3-or-lower legacy_version (713.12ms)
[240/850] PASS: parse: rejects missing supported_versions (713.13ms)
[241/850] PASS: parse: rejects supported_versions without TLS 1.3 (713.14ms)
[242/850] PASS: parse: rejects missing supported_groups (713.15ms)
[243/850] PASS: parse: rejects missing signature_algorithms (713.16ms)
[244/850] PASS: parse: rejects malformed signature_algorithms (713.16ms)
[245/850] PASS: parse: rejects signature_algorithms without TLS 1.3 handshake scheme (713.17ms)
[246/850] PASS: parse: rejects malformed ClientHello (713.18ms)
[247/850] PASS: parse: rejects malformed compression methods (713.19ms)
[248/850] PASS: parse: no shared supported group is rejected (713.20ms)
[249/850] PASS: parse: rejects duplicate x25519 key share entries (713.20ms)
[250/850] PASS: parseKeyShare: retains all RFC 10024 hybrid entries (713.21ms)
[251/850] PASS: encode: buffer too short (713.22ms)
[252/850] PASS: encode: server_name too long (713.22ms)
[253/850] PASS: parse: rejects duplicate supported_groups (713.23ms)
[254/850] PASS: parse: missing X25519 key share leaves public key null (713.24ms)
[255/850] PASS: parse: rejects duplicate signature_algorithms (713.25ms)
[256/850] PASS: parse: rejects duplicate signature_algorithms_cert (713.25ms)
[257/850] PASS: parse: ignores unknown extension (713.26ms)
[258/850] PASS: parse: ignores unknown supported_groups entries (713.27ms)
[259/850] PASS: fuzz: parse handles arbitrary input (713.33ms)
[260/850] PASS: encodeRetryAfterHrr: X25519 selected, no cookie (713.34ms)
[261/850] PASS: encodeRetryAfterHrr: preserves PSK key exchange mode (713.35ms)
[262/850] PASS: encodeRetryAfterHrr: secp256r1 selected, no cookie (713.36ms)
[263/850] PASS: encodeRetryAfterHrr: includes cookie when provided (713.37ms)
[264/850] PASS: encodeRetryAfterHrr: preserves SNI and ALPN from ClientHello1 (713.38ms)
[265/850] PASS: encodeRetryAfterHrr: rejects unsupported group (713.38ms)
[266/850] PASS: encodeRetryAfterHrr: missing configured hybrid share is a policy error (713.39ms)
[267/850] PASS: encodeWithHybridGroups: rejects unknown share group without panic (713.40ms)
[268/850] PASS: KEM key_share round-trip: ClientHello encode → parse preserves 1216-byte public key (713.42ms)
[269/850] PASS: parse: psk_key_exchange_modes list_len 0xFF rejected without overflow (713.42ms)
[270/850] PASS: SessionTicket.secureZero erases identity, PSK, and metadata (713.43ms)
[271/850] PASS: HybridPolicy.validate rejects an initial share outside its group list (713.43ms)
[272/850] PASS: Config.validate reports unavailable groups and missing P-384 material (713.47ms)
[273/850] PASS: start validates hybrid policy before key generation and output (713.56ms)
[274/850] PASS: transcript hash: RFC 8448 §3 ClientHello || ServerHello (713.60ms)
[275/850] PASS: deriveHandshakeKeys: RFC 8448 §3 server handshake key/iv/finished (713.66ms)
[276/850] PASS: processServerHello: RFC 8448 §3 installs server handshake keys (713.75ms)
[277/850] PASS: processServerHello: accepts secp256r1 key_share (713.88ms)
[278/850] PASS: processServerHello: rejects invalid secp256r1 point (713.93ms)
[279/850] PASS: processServerHello: rejects unoffered secp256r1 key_share (713.98ms)
[280/850] PASS: processServerHello: rejects mismatched session id echo (714.01ms)
[281/850] PASS: processServerHello: rejects unoffered cipher suite (714.05ms)
[282/850] PASS: processFlight: stores selected ALPN (714.14ms)
[283/850] PASS: processFlight: rejects unoffered ALPN (714.22ms)
[284/850] PASS: processFlight: rejects unanchored Certificate by default (714.76ms)
[285/850] PASS: processFlight: rejects non-empty server Certificate request context (715.11ms)
[286/850] PASS: processFlight: rejects empty server Certificate list (715.46ms)
[287/850] PASS: processFlight: rejects unsolicited EncryptedExtensions ALPN (715.55ms)
[288/850] PASS: processFlight: rejects unrequested server CertificateEntry status_request (715.89ms)
[289/850] PASS: processFlight: RFC 8448 §3 full server flight to connected (716.30ms)
[290/850] PASS: processFlight: rejects handshake message after server Finished (716.67ms)
[291/850] PASS: processFlight: handshake message spanning records needs buffer (717.01ms)
[292/850] PASS: processFlight: reassembles handshake message split across records (717.38ms)
[293/850] PASS: processFlight: buffered path rejects handshake message after server Finished (717.74ms)
[294/850] PASS: processFlight: RFC 8448 §3 flight split one message per record (718.10ms)
[295/850] PASS: handleRecord: malformed ServerHello is rejected (718.14ms)
[296/850] PASS: processFlight: rejects Finished before EncryptedExtensions (718.22ms)
[297/850] PASS: processFlight: rejects CertificateVerify before Certificate (718.57ms)
[298/850] PASS: processFlight: rejects Finished before CertificateVerify (718.91ms)
[299/850] PASS: processFlight: rejects unoffered CertificateVerify scheme (719.27ms)
[300/850] PASS: processFlight: rejects wrong CertificateVerify signature (719.64ms)
[301/850] PASS: processFlight: rejects wrong server Finished verify_data (719.99ms)
[302/850] PASS: handleRecord: plaintext fatal alert in wait_sh (720.06ms)
[303/850] PASS: handleRecord: malformed alert record does not set or replace lastPeerAlert (720.09ms)
[304/850] PASS: handleRecord: unknown alert codes are preserved (720.13ms)
[305/850] PASS: handleRecord: lastPeerAlert replaced by later alert, preserved by close/malformed (720.16ms)
[306/850] PASS: handleRecord: rejects ChangeCipherSpec before ClientHello (720.18ms)
[307/850] PASS: handleRecord: drops valid ChangeCipherSpec after ClientHello (720.22ms)
[308/850] PASS: handleRecord: rejects malformed ChangeCipherSpec payload (720.26ms)
[309/850] PASS: handleRecord: encrypted fatal alert during server flight (720.35ms)
[310/850] PASS: handleRecord: rejects server KeyUpdate before Finished (720.43ms)
[311/850] PASS: handleRecord: truncated encrypted flight is rejected (720.78ms)
[312/850] PASS: handleRecord: corrupted encrypted flight is rejected (721.12ms)
[313/850] PASS: handleRecord: post-handshake unexpected inner content type is rejected (721.56ms)
[314/850] PASS: handleRecord: encrypted application data during server flight is rejected (721.64ms)
[315/850] PASS: clientFinished: RFC 8448 §3 emits Finished and upgrades to app keys (722.04ms)
[316/850] PASS: processFlight: accepts CertificateRequest before server Certificate (722.39ms)
[317/850] PASS: processFlight: rejects non-empty handshake CertificateRequest context (722.73ms)
[318/850] PASS: clientFinished: sends empty Certificate before Finished for CertificateRequest (723.13ms)
[319/850] PASS: clientFinished: empty CertificateRequest with no credentials still finishes (723.53ms)
[320/850] PASS: client auth: setCredentials stores client credentials (723.56ms)
[321/850] PASS: ratchetClientKey: RFC 8446 §7.2 next application write key (723.96ms)
[322/850] PASS: handleRecord: application data resets both post-handshake flood counters (724.41ms)
[323/850] PASS: receiveRecord: RX progresses while a client TX record is pending (724.86ms)
[324/850] PASS: receiveKtlsRecord: client processes kernel-decrypted records (725.29ms)
[325/850] PASS: receiveKtlsRecord: client finds KeyUpdate after NewSessionTicket (725.72ms)
[326/850] PASS: ratchetKtlsTx: client advances only an idle TX epoch (726.14ms)
[327/850] PASS: handleRecord: server KeyUpdate(update_requested) ratchets rx and responds (726.58ms)
[328/850] PASS: handleRecord: KeyUpdate not at record boundary is rejected (727.00ms)
[329/850] PASS: handleRecord: invalid server KeyUpdate request is rejected (727.42ms)
[330/850] PASS: handleRecord: server KeyUpdate(update_not_requested) surfaces key_update rx only (727.84ms)
[331/850] PASS: handleRecord: self-initiated sendKeyUpdate response surfaces rx only (728.32ms)
[332/850] PASS: sendAlert: plaintext fatal alert before ServerHello (728.35ms)
[333/850] PASS: sendAlert: encrypted close_notify after handshake (728.76ms)
[334/850] PASS: handleRecord: close_notify returns closed (729.18ms)
[335/850] PASS: handleRecord: fatal alert returns PeerAlert (729.59ms)
[336/850] PASS: handleRecord: NewSessionTicket is surfaced as an event (730.02ms)
[337/850] PASS: clientFinished: RFC 8448 §4 resumption_master_secret over the live transcript (730.44ms)
[338/850] PASS: startWithPsk: binder matches an independent HMAC over the prefix (730.52ms)
[339/850] PASS: startWithPsk: advertises configured RFC 10024 key share (730.64ms)
[340/850] PASS: startWithPsk: ticket without early-data permission omits early_data (730.69ms)
[341/850] PASS: EncryptedExtensions: rejects early_data when server declined PSK (730.80ms)
[342/850] PASS: EncryptedExtensions: rejects early_data without early traffic keys (730.91ms)
[343/850] PASS: EncryptedExtensions: rejects early_data after HelloRetryRequest (731.02ms)
[344/850] PASS: processServerHello rejects selected PSK with incompatible cipher suite hash (731.16ms)
[345/850] PASS: handleRecord: PSK-offering client rejects bare Finished unless server selected PSK (731.45ms)
[346/850] PASS: handleRecord: accepts 17 consecutive NewSessionTickets (731.89ms)
[347/850] PASS: handleRecord: NewSessionTicket flood is rejected with ticket-specific error (732.38ms)
[348/850] PASS: handleRecord: malformed NewSessionTicket is rejected (732.81ms)
[349/850] PASS: handleRecord: KeyUpdate flood is rejected (733.49ms)
[350/850] PASS: handleRecord: empty application data does not reset flood counters (733.91ms)
[351/850] PASS: handleRecord: KeyUpdate flood cap fires despite empty app-data interleaving (734.62ms)
[352/850] PASS: start: uses Config host_name for SNI and policy (734.66ms)
[353/850] PASS: handleRecord: drives RFC 8448 §3 handshake to connected (735.08ms)
[354/850] PASS: handleRecord: unacknowledged write blocks further calls (735.49ms)
[355/850] PASS: sendEarlyData: unacknowledged write blocks further early data (735.56ms)
[356/850] PASS: handleRecord: zero-length plaintext handshake is rejected (735.60ms)
[357/850] PASS: handleRecord: zero-length encrypted handshake is rejected (735.68ms)
[358/850] PASS: handleRecord: all-zero inner plaintext maps to unexpected_message (736.16ms)
[359/850] PASS: handleRecord: application_data before ServerHello is rejected (736.19ms)
[360/850] PASS: HandshakeReader: splits coalesced messages (736.20ms)
[361/850] PASS: HandshakeReader: truncated body is UnexpectedEof (736.21ms)
[362/850] PASS: fuzz: HandshakeReader handles arbitrary input (736.27ms)
[363/850] PASS: fuzz: processFlight handles arbitrary decrypted bytes (736.69ms)
[364/850] PASS: fuzz: 0-RTT client state machine handles arbitrary inbound records (736.92ms)
[365/850] PASS: processHelloRetryRequest: rejects already-offered key_share group (736.95ms)
[366/850] PASS: processHelloRetryRequest: secp256r1 selected produces ClientHello2 (736.99ms)
[367/850] PASS: processHelloRetryRequest: transcript collapse matches §4.4.1 (737.03ms)
[368/850] PASS: processHelloRetryRequest: removes PSK with incompatible hash (737.16ms)
[369/850] PASS: processHelloRetryRequest: rejects second HRR (737.19ms)
[370/850] PASS: processHelloRetryRequest: rejects unoffered selected_group (737.22ms)
[371/850] PASS: processServerHello: post-HRR rejects mismatched cipher suite (737.26ms)
[372/850] PASS: processServerHello: post-HRR rejects mismatched key_share group (737.30ms)
[373/850] PASS: processServerHello: post-HRR accepts matching ServerHello (737.43ms)
[374/850] PASS: handleRecord: HRR returns ClientHello2 as write event (737.47ms)
[375/850] PASS: processHelloRetryRequest: returns null for normal ServerHello (737.50ms)
[376/850] PASS: processHelloRetryRequest: HRR with cookie echoes cookie in CH2 (737.54ms)
[377/850] PASS: deinit leaves caller-owned buffers to the caller (738.02ms)
[378/850] PASS: secureZero zeroes all secret material (738.14ms)
[379/850] PASS: Array.secureZero clears contents (738.15ms)
[380/850] PASS: lastIndexOfNonZero: last byte non-zero (fast path) (738.15ms)
[381/850] PASS: lastIndexOfNonZero: all zeros (738.16ms)
[382/850] PASS: lastIndexOfNonZero: single non-zero byte at start (738.16ms)
[383/850] PASS: lastIndexOfNonZero: single byte, non-zero (738.17ms)
[384/850] PASS: lastIndexOfNonZero: single byte, zero (738.17ms)
[385/850] PASS: lastIndexOfNonZero: non-zero in scalar tail (738.18ms)
[386/850] PASS: lastIndexOfNonZero: exactly chunk_len bytes, non-zero at start (738.19ms)
[387/850] PASS: lastIndexOfNonZero: exactly chunk_len bytes, all zeros (738.20ms)
[388/850] PASS: lastIndexOfNonZero: large buffer, non-zero in first chunk (738.20ms)
[389/850] PASS: lastIndexOfNonZero: large buffer, non-zero in middle chunk (738.21ms)
[390/850] PASS: lastIndexOfNonZero: large buffer, all zeros (738.21ms)
[391/850] PASS: encrypt: buffer too short (738.22ms)
[392/850] PASS: encrypt: sequence number overflow (738.22ms)
[393/850] PASS: deinit: clears caller-visible traffic key material (738.23ms)
[394/850] PASS: ktlsInfo: AES-GCM salt and IV reconstruct RFC 8446 nonce (738.24ms)
[395/850] PASS: ktlsInfo: cipher type uses Linux UAPI values (738.25ms)
[396/850] PASS: ktlsInfo: exported key material survives RecordLayer deinit (738.26ms)
[397/850] PASS: KtlsInfo.secureZero erases exported traffic material (738.26ms)
[398/850] PASS: encrypt/decrypt: key update required at AEAD usage limit (738.27ms)
[399/850] PASS: encryptPrepared/decrypt: round-trip (738.28ms)
[400/850] PASS: encrypt/decrypt: round-trip (738.29ms)
[401/850] PASS: encrypt/decrypt: sequence numbers advance (738.30ms)
[402/850] PASS: decrypt: failed auth exposes backend failure buffer behavior (738.31ms)
[403/850] PASS: decrypt: replayed record is rejected (738.32ms)
[404/850] PASS: encrypt/decrypt: zero-length application data (738.32ms)
[405/850] PASS: decrypt: rejects all-zero inner plaintext (738.33ms)
[406/850] PASS: encrypt/decrypt: maximum plaintext fragment length (738.43ms)
[407/850] PASS: decrypt: wrong content type (738.44ms)
[408/850] PASS: decrypt: payload shorter than tag (738.44ms)
[409/850] PASS: decrypt: truncated ciphertext record (738.45ms)
[410/850] PASS: decrypt: sequence number overflow (738.45ms)
[411/850] PASS: fuzz: decrypt handles arbitrary input (738.66ms)
[412/850] PASS: PendingWrite: mark and clear (738.66ms)
[413/850] PASS: SliceBuffer: append and retain (738.67ms)
[414/850] PASS: append and slice (738.67ms)
[415/850] PASS: appendAssumeCapacity (738.68ms)
[416/850] PASS: secureZero clears full storage and length (738.68ms)
[417/850] PASS: append returns error on overflow (738.69ms)
[418/850] PASS: clear resets length (738.69ms)
[419/850] PASS: Reader iterates coalesced messages (738.70ms)
[420/850] PASS: parseKeyUpdate (738.71ms)
[421/850] PASS: rejectDuplicateExtensions: rejects more than the extension count cap (738.71ms)
[422/850] PASS: rejectDuplicateExtensions: rejects duplicate unknown type (738.72ms)
[423/850] PASS: rejectDuplicateExtensions: accepts distinct extension types (738.72ms)
[424/850] PASS: ExtensionType.isGrease: detects reserved GREASE extension code points (738.73ms)
[425/850] PASS: rejectDuplicateExtensions: rejects malformed block (738.73ms)
[426/850] PASS: RFC 10024 hybrid groups round-trip (739.69ms)
[427/850] PASS: hybrid decapsulation rejects wrong server share length (739.73ms)
[428/850] PASS: NamedGroup wire identifiers (739.74ms)
[429/850] PASS: RFC 10024 hybrid group sizes (739.74ms)
[430/850] PASS: HkdfSha256.trafficKey: RFC 8448 §3 server handshake (739.75ms)
[431/850] PASS: HkdfSha384: traffic key/iv, finished key, traffic-upd (independent vector) (739.81ms)
[432/850] PASS: HkdfSha256.trafficIv: RFC 8448 §3 server handshake (739.82ms)
[433/850] PASS: HkdfSha256.earlySecret: RFC 8448 §3 (739.82ms)
[434/850] PASS: HkdfSha256: RFC 8448 §3/§4 PSK and resumption secrets (739.85ms)
[435/850] PASS: HkdfSha256.handshakeSecret: RFC 8448 §3 (739.86ms)
[436/850] PASS: HkdfSha256.masterSecret: RFC 8448 §3 (739.88ms)
[437/850] PASS: HkdfSha256.clientHandshakeTrafficSecret: RFC 8448 §3 (739.89ms)
[438/850] PASS: HkdfSha256.finishedKey: RFC 8448 §3 server (739.89ms)
[439/850] PASS: HkdfSha256.nextTrafficSecret: RFC 8446 §7.2 (739.90ms)
[440/850] PASS: HkdfSha256.serverHandshakeTrafficSecret: RFC 8448 §3 (739.91ms)
[441/850] PASS: sharedSecret: RFC 7748 X25519 vector (739.95ms)
[442/850] PASS: KeyPair.generateDeterministic: RFC 7748 public keys (739.97ms)
[443/850] PASS: KeyPair.generateDeterministic emits uncompressed SEC1 public key (739.99ms)
[444/850] PASS: sharedSecret: P-256 deterministic peers agree (740.15ms)
[445/850] PASS: KeyPair.generate: healthy entropy path (740.19ms)
[446/850] PASS: KeyPair.secureZero erases secret and public material (740.21ms)
[447/850] PASS: generateRetry: a LibcryptoFailed attempt is terminal, not retried (740.21ms)
[448/850] PASS: generateRetry: an invalid scalar retries exactly to the bound (740.22ms)
[449/850] PASS: generateRetry: retries a bad draw and succeeds (740.26ms)
[450/850] PASS: KeyPair.generateDeterministic enforces the scalar range [1, n-1] (740.28ms)
[451/850] PASS: sharedSecret: rejects compressed P-256 point (740.32ms)
[452/850] PASS: KeyPair.generateDeterministic emits uncompressed SEC1 public key (740.42ms)
[453/850] PASS: KeyPair.secureZero erases secret and public material (740.51ms)
[454/850] PASS: sharedSecret: P-384 deterministic peers agree (741.14ms)
[455/850] PASS: generateRetry: a LibcryptoFailed attempt is terminal, not retried (741.15ms)
[456/850] PASS: generateRetry: an invalid scalar retries exactly to the bound (741.15ms)
[457/850] PASS: generateRetry: retries a bad draw and succeeds (741.25ms)
[458/850] PASS: KeyPair.generateDeterministic enforces the scalar range [1, n-1] (741.35ms)
[459/850] PASS: sharedSecret: rejects compressed P-384 point (741.53ms)
[460/850] PASS: active backend matches the selected libcrypto headers (741.54ms)
[461/850] PASS: capabilities are non-empty for the active backend (741.55ms)
[462/850] PASS: x25519 handle shape matches active backend (741.55ms)
[463/850] PASS: client group capabilities match implemented client key-share plumbing (741.56ms)
[464/850] PASS: aead context shape matches active backend (741.56ms)
[465/850] PASS: aws-lc aead deinit clears inline context (741.57ms)
[466/850] PASS: capability helpers recognize advertised algorithms (741.58ms)
[467/850] PASS: fips: chacha20_poly1305_sha256 excluded from FIPS cipher_suites (741.58ms)
[468/850] PASS: fips: rsa_pkcs1_sha* excluded from FIPS certificate_signature_schemes (741.59ms)
[469/850] PASS: fips: ed25519 excluded from FIPS certificate_signature_schemes (741.59ms)
[470/850] PASS: fips: ML-KEM disabled in FIPS capability table (741.60ms)
[471/850] PASS: fips: FIPS capabilities are a subset of non-FIPS capabilities (741.60ms)
[472/850] PASS: fips: active capabilities follow FIPS identity (741.61ms)
[473/850] PASS: Parsed.verifyHostName rejects universal tag 2 as dNSName (741.62ms)
[474/850] PASS: Parsed.verifyHostName requires dNSName SAN (741.62ms)
[475/850] PASS: Parsed.checkHostName rejects public suffix wildcard (741.63ms)
[476/850] PASS: Parsed.checkHostName RFC 6125 compliance (741.64ms)
[477/850] PASS: Parsed.allowsKeyUsage reads digitalSignature (741.64ms)
[478/850] PASS: Parsed.allowsKeyUsage rejects malformed empty bit payload (741.65ms)
[479/850] PASS: Parsed.allowsExtKeyUsage finds serverAuth (741.65ms)
[480/850] PASS: Parsed.allowsExtKeyUsage rejects non-SEQUENCE wrapper (741.66ms)
[481/850] PASS: Parsed.nameConstraints extracts extension value (741.67ms)
[482/850] PASS: Parsed.nameConstraints absent returns empty (741.67ms)
[483/850] PASS: Parsed.verifyNameConstraints: DNS permitted subtree (741.68ms)
[484/850] PASS: Parsed.verifyNameConstraints: DNS permitted subtree mismatch (741.69ms)
[485/850] PASS: Parsed.verifyNameConstraints: DNS excluded subtree (741.69ms)
[486/850] PASS: Parsed.verifyNameConstraints: mixed DNS SAN violation is rejected (741.70ms)
[487/850] PASS: Parsed.verifyNameConstraints: DNS common name fallback (741.70ms)
[488/850] PASS: Parsed.verifyNameConstraints: IP permitted subnet (741.71ms)
[489/850] PASS: Parsed.verifyNameConstraints: permitted subtrees are type-specific (741.72ms)
[490/850] PASS: Parsed.verifyNameConstraints: email permitted subtree (741.72ms)
[491/850] PASS: Parsed.verifyNameConstraints: email mailbox local part is case-sensitive (741.73ms)
[492/850] PASS: Parsed.verifyNameConstraints: URI excluded subtree (741.74ms)
[493/850] PASS: Parsed.verifyNameConstraints: URI strips userinfo before host matching (741.74ms)
[494/850] PASS: Parsed.verifyNameConstraints: explicit minimum zero is accepted (741.75ms)
[495/850] PASS: Parsed.verifyNameConstraints: critical unsupported subtree is rejected (741.76ms)
[496/850] PASS: Parsed.verifyNameConstraints: non-critical unsupported subtree is ignored (741.76ms)
[497/850] PASS: parseBasicConstraints rejects pathLenConstraint without cA (741.77ms)
[498/850] PASS: parse rejects unknown critical extension (741.78ms)
[499/850] PASS: parse rejects duplicate recognized extensions (741.78ms)
[500/850] PASS: parse accepts old and new authority key identifier OIDs (741.79ms)
[501/850] PASS: parseBitString rejects empty bit string content (741.80ms)
[502/850] PASS: parseTime maps UTCTime centuries and expires 1999 certificates (741.80ms)
[503/850] PASS: parseTime enforces GeneralizedTime certificate grammar (741.81ms)
[504/850] PASS: parseTime rejects impossible dates and accepts leap day (741.82ms)
[505/850] PASS: certificate_parser.decltest.parseTimeDigits (741.82ms)
[506/850] PASS: certificate_parser.decltest.parseYear4 (741.83ms)
[507/850] PASS: certificate_parser.test_0 (741.83ms)
[508/850] PASS: PrivateKey.sign: RSA-PSS SHA-256 uses TLS parameters (742.66ms)
[509/850] PASS: PrivateKey.sign: short RSA-PSS output buffer is rejected (742.78ms)
[510/850] PASS: PrivateKey.sign: key and scheme mismatch is a libcrypto failure (742.80ms)
[511/850] PASS: PrivateKey.sign: deterministic ECDSA matches the RFC 6979 vector (742.82ms)
[512/850] PASS: PrivateKey.sign: deterministic ECDSA P-384 matches the RFC 6979 A.2.6 vector (742.92ms)
[513/850] PASS: PrivateKey.sign: deterministic nonce with RSA-PSS is rejected (743.04ms)
[514/850] PASS: PrivateKey.fromPemAuto: RSA PKCS#8 and PKCS#1 both infer rsa_pss_rsae_sha256 (743.96ms)
[515/850] PASS: PrivateKey.fromPemAuto: P-256 infers ecdsa_secp256r1_sha256 and signs (744.05ms)
[516/850] PASS: PrivateKey.fromPemAuto: P-384 infers ecdsa_secp384r1_sha384 and signs (744.18ms)
[517/850] PASS: PrivateKey.fromPemAuto: P-521 is rejected at load by the capability gate (744.36ms)
[518/850] PASS: PrivateKey.fromPemAuto: Ed25519 is rejected at load by the capability gate (744.39ms)
[519/850] PASS: PrivateKey.fromPemAuto: secp224r1 has no CertificateVerify scheme (744.41ms)
[520/850] PASS: PrivateKey.fromPemAuto: garbage PEM fails at load (744.42ms)
[521/850] PASS: PrivateKey.fromPem: encrypted PEM fails at load (744.56ms)
[522/850] PASS: PrivateKey.fromPemAuto: encrypted PEM fails at load (744.58ms)
[523/850] PASS: PrivateKey.pairsWith: P-256 scalar key pairs with its leaf certificate (744.62ms)
[524/850] PASS: PrivateKey.pairsWith: auto-inferred RSA and P-256 keys pair with their leaves (744.77ms)
[525/850] PASS: PrivateKey.pairsWith: same-algorithm mismatch is a named error (744.80ms)
[526/850] PASS: PrivateKey.pairsWith: cross-algorithm mismatch is a named error (744.82ms)
[527/850] PASS: PrivateKey.pairsWith: garbage leaf DER is not a certificate (744.84ms)
[528/850] PASS: PrivateKey.pairsWith: trailing bytes make leaf DER invalid (744.97ms)
[529/850] PASS: OpenSSL AEAD initialization rejects wrong key length (744.98ms)
[530/850] PASS: ML-KEM-768 encapsulate/decapsulate round-trip (745.02ms)
[531/850] PASS: ML-KEM-1024 encapsulate/decapsulate round-trip (745.08ms)
[532/850] PASS: ML-KEM encapsulation-key modulus boundary (745.10ms)
[533/850] PASS: ML-KEM rejects non-canonical encapsulation keys (745.11ms)
[534/850] PASS: ML-KEM rejects a wrong-length ciphertext (745.12ms)
[535/850] PASS: classify: bounded PSK identity admission is a buffer-class limit (745.13ms)
[536/850] PASS: classify: certificate failures never fall into a generic bucket (745.13ms)
[537/850] PASS: classify: authentication failures are their own class (745.14ms)
[538/850] PASS: classify: remaining buckets (745.15ms)
[539/850] PASS: parseHeader: valid plaintext record (745.15ms)
[540/850] PASS: parseHeader: application_data record (TLSCiphertext) (745.16ms)
[541/850] PASS: parseHeader: ignores legacy_record_version (745.16ms)
[542/850] PASS: parseHeader: buffer too short (745.17ms)
[543/850] PASS: parseHeader: exactly 5 bytes (header only, no fragment) (745.17ms)
[544/850] PASS: parseHeader: max valid length (745.18ms)
[545/850] PASS: parseHeader: length exceeds max (745.18ms)
[546/850] PASS: Header.init round-trips with parseHeader (745.19ms)
[547/850] PASS: Header.write: emits TLS 1.2 legacy_record_version (745.19ms)
[548/850] PASS: fuzz: parseHeader handles arbitrary input (745.49ms)
[549/850] PASS: kernel cipher_type values match KtlsCipherType (745.50ms)
[550/850] PASS: kernel socket option constants (745.50ms)
[551/850] PASS: packed kTLS info secureZero methods erase every byte (745.51ms)
[552/850] PASS: packAesGcm128 splits the 12-byte IV and copies key/seq (745.52ms)
[553/850] PASS: packAesGcm128 rejects a non-AES-GCM-128 info (745.52ms)
[554/850] PASS: packChaCha20Poly1305 uses the full 12-byte IV (745.53ms)
[555/850] PASS: packAesGcm256 copies the 32-byte key and splits the IV (745.53ms)
[556/850] PASS: install errno decode maps onto InstallError (745.54ms)
[557/850] PASS: a record-type cmsg occupies the kernel's CMSG_LEN and CMSG_SPACE (745.54ms)
[558/850] PASS: ControlBuffer.init writes one cmsg and zeroes the padding (745.55ms)
[559/850] PASS: parseRecordType rejects control data off the kTLS contract (745.56ms)
[560/850] PASS: ulpInstall attaches once, and only to an established TCP socket (745.66ms)
[561/850] PASS: txInstall and rxInstall accept a synthetic TLS 1.3 AES-128-GCM key (745.71ms)
[562/850] PASS: installs without the ULP are typed Unavailable errors, not panics (745.75ms)
[563/850] PASS: a crypto_info the kernel cannot use is a typed EINVAL failure (745.78ms)
[564/850] PASS: record-type cmsg round-trips through a live kTLS pair (745.83ms)
[565/850] PASS: Outbox: fresh outbox is not write-blocked (745.84ms)
[566/850] PASS: Outbox: send drains fully and completes write once (745.85ms)
[567/850] PASS: Outbox: partial send stays blocked and does not complete write (745.85ms)
[568/850] PASS: Outbox: zero-byte progress stays blocked (745.86ms)
[569/850] PASS: Outbox: idle flush is drained without completing write (745.86ms)
[570/850] PASS: Outbox: partial drain resumes across flush calls (745.87ms)
[571/850] PASS: Outbox: queue while blocked returns PendingWrite (745.87ms)
[572/850] PASS: Outbox: writer error leaves pending tail and does not complete write (745.88ms)
[573/850] PASS: Outbox: writer over-reporting bytes returns WriteOverflow (745.88ms)
[574/850] PASS: Outbox: sequential records complete once each (745.89ms)
[575/850] PASS: next: two records coalesced in one fill (745.90ms)
[576/850] PASS: next: record split across two fills (745.91ms)
[577/850] PASS: next: truncated records return null (745.93ms)
[578/850] PASS: next: in-place mutation of a returned record survives across next() (745.94ms)
[579/850] PASS: next: oversized length is rejected (745.95ms)
[580/850] PASS: isEmpty distinguishes drained, partial, and complete records (745.96ms)
[581/850] PASS: parse: rejects oversized legacy_session_id_echo without overflow (745.97ms)
[582/850] PASS: encode: round trips through parse (745.98ms)
[583/850] PASS: parse: accepts secp256r1 key_share (745.99ms)
[584/850] PASS: parse: rejects compressed secp256r1 key_share (745.99ms)
[585/850] PASS: parse: accepts secp384r1 key_share (746.00ms)
[586/850] PASS: parse: rejects compressed secp384r1 key_share (746.01ms)
[587/850] PASS: encode: echoes session id (746.02ms)
[588/850] PASS: parse: RFC 8448 §3 ServerHello (746.02ms)
[589/850] PASS: parse: wrong handshake type (746.03ms)
[590/850] PASS: parse: truncated message (746.03ms)
[591/850] PASS: parse: rejects HelloRetryRequest (746.04ms)
[592/850] PASS: parse: missing extensions / no supported_versions yields UnsupportedTlsVersion (746.05ms)
[593/850] PASS: parse: rejects mismatched handshake length (746.05ms)
[594/850] PASS: parse: rejects unknown cipher suite (746.06ms)
[595/850] PASS: parse: rejects oversized extensions block (746.06ms)
[596/850] PASS: parse: rejects duplicate supported_versions (746.07ms)
[597/850] PASS: parse: rejects duplicate key_share (746.08ms)
[598/850] PASS: parse: rejects unknown unsolicited extension (746.08ms)
[599/850] PASS: parse: rejects GREASE ServerHello extension (746.09ms)
[600/850] PASS: parse: rejects forbidden signature_algorithms extension (746.10ms)
[601/850] PASS: parse: rejects forbidden heartbeat extension (746.10ms)
[602/850] PASS: parse: rejects record_size_limit in ServerHello (746.11ms)
[603/850] PASS: parse: rejects key_share for unsupported group (746.12ms)
[604/850] PASS: parse: unsupported TLS version in supported_versions is illegal_parameter (746.13ms)
[605/850] PASS: parse: rejects TLS 1.2 downgrade sentinel (746.13ms)
[606/850] PASS: parse: rejects TLS 1.1 downgrade sentinel (746.14ms)
[607/850] PASS: parse: rejects downgrade sentinel when supported_versions selects TLS 1.3 (746.15ms)
[608/850] PASS: parse: accepts non-0x0303 legacy_version when supported_versions selects TLS 1.3 (746.15ms)
[609/850] PASS: parse: no supported_versions + downgrade sentinel yields IllegalParameter (746.16ms)
[610/850] PASS: parse: rejects ServerHello without supported_versions as legacy (746.17ms)
[611/850] PASS: parse: rejects SSLv3-or-lower legacy version (746.17ms)
[612/850] PASS: parse: rejects mismatched session id echo (746.18ms)
[613/850] PASS: parse: rejects non-zero compression method (746.19ms)
[614/850] PASS: fuzz: parse handles arbitrary input (746.27ms)
[615/850] PASS: encodeHelloRetryRequest: parse round-trip (746.28ms)
[616/850] PASS: parseHelloRetryRequest: rejects mismatched session id echo (746.28ms)
[617/850] PASS: parseHelloRetryRequest: RFC 8448 §5 (746.29ms)
[618/850] PASS: parseHelloRetryRequest: no cookie (746.29ms)
[619/850] PASS: parseHelloRetryRequest: rejects non-HRR Random (746.30ms)
[620/850] PASS: parseHelloRetryRequest: rejects wrong type (746.30ms)
[621/850] PASS: parseHelloRetryRequest: rejects TLS 1.2 in supported_versions (746.31ms)
[622/850] PASS: parseHelloRetryRequest: ignores non-0x0303 legacy_version (746.32ms)
[623/850] PASS: parseHelloRetryRequest: rejects SSLv3-or-lower legacy version (746.32ms)
[624/850] PASS: parseHelloRetryRequest: rejects non-zero compression method (746.33ms)
[625/850] PASS: parseHelloRetryRequest: rejects unknown cipher suite (746.33ms)
[626/850] PASS: parseHelloRetryRequest: rejects trailing bytes after extensions (746.34ms)
[627/850] PASS: parseHelloRetryRequest: rejects cookie extension trailing bytes (746.34ms)
[628/850] PASS: parseHelloRetryRequest: rejects missing supported_versions (746.35ms)
[629/850] PASS: parseHelloRetryRequest: rejects unknown unsolicited extension (746.36ms)
[630/850] PASS: parseHelloRetryRequest: rejects record_size_limit (746.36ms)
[631/850] PASS: KEM key_share round-trip: ServerHello encode → parse preserves 1120-byte ciphertext (746.39ms)
[632/850] PASS: fuzz: parseHelloRetryRequest handles arbitrary input (746.47ms)
[633/850] PASS: Config.validate reports invalid lists and missing P-384 material (746.50ms)
[634/850] PASS: sendAlert: plaintext fatal alert before ClientHello (746.55ms)
[635/850] PASS: sendAlert: encrypted close_notify after handshake (746.74ms)
[636/850] PASS: handleRecord: rejects ChangeCipherSpec before ClientHello (746.79ms)
[637/850] PASS: handleRecord: drops valid ChangeCipherSpec while waiting for client Finished (746.90ms)
[638/850] PASS: handleRecord: rejects malformed ChangeCipherSpec payload (747.01ms)
[639/850] PASS: handleRecord: ClientHello returns ServerHello write and enforces pending write (747.12ms)
[640/850] PASS: handleRecord: zero-length plaintext handshake is rejected (747.16ms)
[641/850] PASS: handleRecord: rejects application_data before connected (747.20ms)
[642/850] PASS: acceptClientHello: emits ServerHello and installs handshake keys (747.39ms)
[643/850] PASS: acceptClientHello: negotiates secp256r1 key share (747.55ms)
[644/850] PASS: acceptClientHello: negotiates secp384r1 key share (748.36ms)
[645/850] PASS: acceptClientHello: emits HelloRetryRequest for missing secp256r1 key share (748.45ms)
[646/850] PASS: acceptClientHello: rejects ClientHello2 with changed SNI or ALPN after HRR (748.57ms)
[647/850] PASS: acceptClientHello: rejects early_data in ClientHello2 after HRR (748.65ms)
[648/850] PASS: acceptClientHello: rejects replaced PSK identity in ClientHello2 despite valid binder (748.74ms)
[649/850] PASS: acceptClientHello: rejects added, reordered, or dropped PSK identities in CH2 (748.97ms)
[650/850] PASS: acceptClientHello: accepts permitted ClientHello2 PSK updates after HRR (749.41ms)
[651/850] PASS: acceptClientHello: bounded PSK identity admission before HelloRetryRequest (749.57ms)
[652/850] PASS: acceptClientHello: rejects removal of an unknown identity whose binder claims the HRR hash (749.65ms)
[653/850] PASS: acceptClientHello: HRR path rejects a slack-byte identities vector in CH1 (749.70ms)
[654/850] PASS: acceptClientHello: HRR path rejects a slack-byte identities vector in CH2 (749.77ms)
[655/850] PASS: acceptClientHello: PSK selection rejects a slack-byte identities vector (749.82ms)
[656/850] PASS: acceptClientHello: rejects ClientHello2 that ignores HRR selected group (749.90ms)
[657/850] PASS: acceptClientHello: rejects ClientHello2 with extra key share (749.98ms)
[658/850] PASS: acceptClientHello: HRR sends at most one compatibility ChangeCipherSpec (750.10ms)
[659/850] PASS: acceptClientHello: emits compatibility ChangeCipherSpec for non-empty legacy_session_id (750.21ms)
[660/850] PASS: sendAnonymousFlightForTest: client decrypts EncryptedExtensions and Finished (750.42ms)
[661/850] PASS: sendPreparedServerFlight: credentials and pending write are enforced (750.67ms)
[662/850] PASS: sendPreparedServerFlight: encryption failure preserves handshake write epoch (750.91ms)
[663/850] PASS: sendAuthenticatedFlight: client decrypts authenticated server flight (751.15ms)
[664/850] PASS: sendAuthenticatedFlight: optional client auth sends CertificateRequest (751.38ms)
[665/850] PASS: NewSessionTicket emission derives matching client and server PSKs (751.76ms)
[666/850] PASS: NewSessionTicket emission rejects stale prepared PSK objects (752.15ms)
[667/850] PASS: server-issued NewSessionTicket resumes and can be renewed (752.86ms)
[668/850] PASS: NewSessionTicket emission owns unique bounded nonces (753.33ms)
[669/850] PASS: NewSessionTicket emission enforces write and kTLS ordering (753.67ms)
[670/850] PASS: NewSessionTicket emission preserves state on encoding failure (754.03ms)
[671/850] PASS: discardTicketPsk burns nonce and erases key material (754.38ms)
[672/850] PASS: processClientFinished: optional client auth accepts empty Certificate (754.73ms)
[673/850] PASS: processClientFinished: required client auth rejects empty Certificate (755.06ms)
[674/850] PASS: processClientFinished: required client auth verifies real client Certificate + CV (755.50ms)
[675/850] PASS: processClientFinished: bad client Finished does not retain identity (755.92ms)
[676/850] PASS: processClientFinished: client identity requires caller-owned storage (756.38ms)
[677/850] PASS: processClientFinished: required client auth rejects forged CertificateVerify (756.79ms)
[678/850] PASS: sendAuthenticatedFlight: client processes CertificateVerify and Finished (757.08ms)
[679/850] PASS: processClientFinished: verifies Finished and installs app keys (757.22ms)
[680/850] PASS: processClientFinished: rejects bad verify_data (757.35ms)
[681/850] PASS: processClientFinished: rejects EndOfEarlyData when 0-RTT was not accepted (757.48ms)
[682/850] PASS: handleRecord: rejects second plaintext ClientHello before Finished (757.60ms)
[683/850] PASS: handleRecord: rejects protected ClientHello after connected (757.76ms)
[684/850] PASS: handleRecord: rejects client KeyUpdate before Finished (757.88ms)
[685/850] PASS: receiveRecord: RX progresses while a server TX record is pending (758.04ms)
[686/850] PASS: receiveKtlsRecord: server processes kernel-decrypted records (758.21ms)
[687/850] PASS: ratchetKtlsTx: server advances only an idle TX epoch (758.37ms)
[688/850] PASS: handleRecord: client KeyUpdate(update_requested) ratchets rx and responds (758.54ms)
[689/850] PASS: handleRecord: client KeyUpdate(update_not_requested) ratchets rx only (758.70ms)
[690/850] PASS: sendKeyUpdate: server-initiated KeyUpdate encrypts under old key then ratchets tx (758.86ms)
[691/850] PASS: handleRecord: self-initiated sendKeyUpdate response surfaces rx only (759.02ms)
[692/850] PASS: handleRecord: KeyUpdate not at record boundary is rejected (759.17ms)
[693/850] PASS: handleRecord: invalid client KeyUpdate request is rejected (759.32ms)
[694/850] PASS: handleRecord: zero-length encrypted handshake is rejected (759.47ms)
[695/850] PASS: handleRecord: all-zero inner plaintext maps to unexpected_message (759.62ms)
[696/850] PASS: handleRecord: illegal post-handshake inner content type is rejected (759.76ms)
[697/850] PASS: handleRecord: empty application data does not reset post-handshake flood counter (759.91ms)
[698/850] PASS: handleRecord: KeyUpdate flood is rejected (760.39ms)
[699/850] PASS: handleRecord: KeyUpdate flood cap fires despite empty app-data interleaving (760.73ms)
[700/850] PASS: EstablishedSession: struct stays compact against the handshake engine (760.73ms)
[701/850] PASS: extractEstablished: connected events match the handshake engine (761.06ms)
[702/850] PASS: extractEstablished: engine is consumed and immediate deinit is safe (761.22ms)
[703/850] PASS: extractEstablished: moved-from rx/tx are wiped, the session's copies stay live (761.37ms)
[704/850] PASS: extractEstablished: deferred KeyUpdate obligation blocks application writes (761.54ms)
[705/850] PASS: extractEstablished: KeyUpdate flood cap survives extraction and resets on app data (761.85ms)
[706/850] PASS: extractEstablished: KeyUpdate fragment carries across extraction (762.01ms)
[707/850] PASS: extractEstablished: KeyUpdate record-boundary and fragment rules hold (762.16ms)
[708/850] PASS: extractEstablished: close_notify and fatal alerts keep server semantics (762.31ms)
[709/850] PASS: extractEstablished: sendAlert latches and ratchetTx advances the TX epoch (762.47ms)
[710/850] PASS: extractEstablished: SHA-384 suite ratchets and exchanges app data (763.01ms)
[711/850] PASS: extractEstablished: NewSessionTicket is issued before extraction (763.38ms)
[712/850] PASS: key update: simultaneous update_requested remains connected (763.80ms)
[713/850] PASS: fuzz: ServerHandshake.handleRecord rejects arbitrary input (763.89ms)
[714/850] PASS: fuzz: connected ServerHandshake.handleRecord rejects arbitrary input (764.95ms)
[715/850] PASS: application data: server sends and receives (765.11ms)
[716/850] PASS: in-memory authenticated client-server handshake reaches app data (765.46ms)
[717/850] PASS: in-memory authenticated client-server handshake suite matrix (767.05ms)
[718/850] PASS: in-memory KeyUpdate round trip across all cipher suites (768.90ms)
[719/850] PASS: selectPsk: verifies the binder for a matching PSK identity (768.97ms)
[720/850] PASS: selectPsk: returns null when the PSK binder does not verify (769.04ms)
[721/850] PASS: selectPsk: oversized binders_len does not overflow (769.09ms)
[722/850] PASS: PSK offer without psk_key_exchange_modes aborts (769.19ms)
[723/850] PASS: PSK offer with only psk_ke disables resumption and ticket issuance (769.35ms)
[724/850] PASS: client authentication policy declines PSK resumption (769.80ms)
[725/850] PASS: PSK selection skips cipher suites with an incompatible hash (770.27ms)
[726/850] PASS: in-memory PSK resumption reaches app data (770.58ms)
[727/850] PASS: in-memory RFC 10024 PSK resumption matrix reaches app data (772.49ms)
[728/850] PASS: in-memory RFC 10024 PSK resumption survives HRR (774.37ms)
[729/850] PASS: in-memory RFC 10024 SHA-384 PSK resumption survives HRR (779.03ms)
[730/850] PASS: PSK fast-path rejects bare Finished when server did NOT select PSK (779.23ms)
[731/850] PASS: in-memory 0-RTT early data is decrypted by the server (779.57ms)
[732/850] PASS: 0-RTT: accepted early data distinguishes authentication and handshake errors (780.18ms)
[733/850] PASS: 0-RTT: server rejects early data exceeding max_early_data_size (780.39ms)
[734/850] PASS: 0-RTT: max u32 early-data limit rejects bytes beyond remaining budget (780.42ms)
[735/850] PASS: 0-RTT: no PSK selected means early data is skipped and 1-RTT completes (780.81ms)
[736/850] PASS: 0-RTT: declined early records in flight are skipped and 1-RTT completes (781.13ms)
[737/850] PASS: 0-RTT: required client auth declines PSK, skips early data, completes 1-RTT (781.59ms)
[738/850] PASS: 0-RTT: decline skip budget exhaustion aborts the handshake (781.75ms)
[739/850] PASS: 0-RTT: corrupted record after the skip window aborts (781.97ms)
[740/850] PASS: 0-RTT: HRR decline skips in-flight early data and the retry handshake completes (782.39ms)
[741/850] PASS: 0-RTT: default decline-skip budget covers a full max-size early record (782.78ms)
[742/850] PASS: 0-RTT: HRR decline skip budget exhaustion aborts the handshake (782.89ms)
[743/850] PASS: 0-RTT: HRR decline skip rejects malformed application_data records (783.01ms)
[744/850] PASS: 0-RTT: HRR skip window closes at ClientHello2 (783.24ms)
[745/850] PASS: 0-RTT: server declines, client sends no EndOfEarlyData (783.55ms)
[746/850] PASS: 0-RTT: client rejects server-sent EndOfEarlyData (783.59ms)
[747/850] PASS: 0-RTT: processClientFinished rejects Finished before EndOfEarlyData (783.81ms)
[748/850] PASS: preferredHybridShare follows server preference (783.85ms)
[749/850] PASS: in-memory RFC 10024 hybrid group matrix reaches app data (785.83ms)
[750/850] PASS: RFC 10024 hybrid group matrix negotiates through HRR (787.24ms)
[751/850] PASS: hybrid share requires explicit server policy (787.38ms)
[752/850] PASS: in-memory HRR round trip reaches app data (787.74ms)
[753/850] PASS: acceptClientHello: server suite preference (787.85ms)
[754/850] PASS: acceptClientHello: exposes SNI via clientServerName (787.95ms)
[755/850] PASS: acceptClientHello: clientServerName is null when SNI absent (788.07ms)
[756/850] PASS: acceptClientHello: rejects unsupported suite (788.12ms)
[757/850] PASS: acceptClientHello: ignores unknown cipher suites in mixed list (788.38ms)
[758/850] PASS: acceptClientHello: rejects ClientHello with no shared group (788.44ms)
[759/850] PASS: handleRecord: reassembles ClientHello split across records (788.54ms)
[760/850] PASS: handleRecord: reassembles ClientHello with header and body in separate records (788.65ms)
[761/850] PASS: handleRecord: rejects CCS while ClientHello fragment pending (788.70ms)
[762/850] PASS: handleRecord: processes alert while ClientHello fragment pending (788.75ms)
[763/850] PASS: handleRecord: plaintext fatal alert in wait_ch records detail (788.83ms)
[764/850] PASS: handleRecord: unknown alert codes are preserved (788.87ms)
[765/850] PASS: handleRecord: lastPeerAlert replaced by later alert, preserved by close/malformed (788.91ms)
[766/850] PASS: handleRecord: rejects fragmented ClientHello without reassembly buffer (788.96ms)
[767/850] PASS: handleRecord: state reset after invalid fragmented ClientHello (789.07ms)
[768/850] PASS: handleRecord: rejects trailing bytes after fragmented ClientHello (789.18ms)
[769/850] PASS: handleRecord: reassembles ClientHello2 split across records after HRR (789.29ms)
[770/850] PASS: handleRecord: reassembles fragmented client Finished across encrypted records (789.44ms)
[771/850] PASS: handleRecord: rejects interleaved alert during Finished fragment reassembly (789.57ms)
[772/850] PASS: handleRecord: rejects plaintext alert during Finished fragment reassembly (789.69ms)
[773/850] PASS: handleRecord: encrypted fatal alert while waiting for Finished records detail (789.81ms)
[774/850] PASS: handleRecord: rejects plaintext alert while waiting for Finished (789.93ms)
[775/850] PASS: handleRecord: rejects zero-length encrypted handshake while waiting for Finished (790.06ms)
[776/850] PASS: handleRecord: reassembles ClientHello when handshake header is split after 1 byte (790.17ms)
[777/850] PASS: handleRecord: server reassembles 1-byte fragmented KeyUpdate(update_requested) (790.34ms)
[778/850] PASS: handleRecord: fragmented KeyUpdate(update_not_requested) works (790.50ms)
[779/850] PASS: handleRecord: non-KeyUpdate fragment starts are rejected (790.65ms)
[780/850] PASS: handleRecord: KeyUpdate with trailing record bytes is rejected before ratchet (790.80ms)
[781/850] PASS: handleRecord: app-data interleaving during KeyUpdate reassembly is rejected (790.95ms)
[782/850] PASS: receiveApplicationData: app-data interleaving during KeyUpdate reassembly is rejected (791.10ms)
[783/850] PASS: handleRecord: alert interleaving during KeyUpdate reassembly is rejected (791.24ms)
[784/850] PASS: handleRecord: connected close_notify is clean, fatal alert records detail (791.39ms)
[785/850] PASS: handleRecord: zero-length handshake during KeyUpdate reassembly is rejected (791.54ms)
[786/850] PASS: handleRecord: ClientHello body_len 0xFFFFFF rejected without overflow (fast path) (791.58ms)
[787/850] PASS: handleRecord: split-header reassembly body_len 0xFFFFFF rejected without overflow (791.62ms)
[788/850] PASS: deinit leaves caller-owned buffers to the caller (791.78ms)
[789/850] PASS: fill writes caller buffer (791.78ms)
[790/850] PASS: encode: empty EncryptedExtensions (791.79ms)
[791/850] PASS: encode: ALPN EncryptedExtensions (791.79ms)
[792/850] PASS: encode: early_data accepted in EncryptedExtensions (791.80ms)
[793/850] PASS: encode: early_data omitted when not accepted (791.81ms)
[794/850] PASS: parse: valid EncryptedExtensions (791.81ms)
[795/850] PASS: parse: ALPN selection (791.82ms)
[796/850] PASS: parse: rejects unsolicited ALPN (791.82ms)
[797/850] PASS: parse: rejects unoffered ALPN (791.83ms)
[798/850] PASS: parse: rejects duplicate ALPN extension (791.83ms)
[799/850] PASS: parse: rejects multiple ALPN protocols (791.84ms)
[800/850] PASS: parse: rejects forbidden supported_versions extension (791.84ms)
[801/850] PASS: parse: rejects forbidden key_share extension (791.85ms)
[802/850] PASS: parse: rejects forbidden heartbeat extension (791.85ms)
[803/850] PASS: parse: rejects GREASE EncryptedExtensions extension (791.86ms)
[804/850] PASS: parse: rejects unknown unsolicited extension (791.86ms)
[805/850] PASS: parse: accepts server_name acknowledgment when SNI offered (791.87ms)
[806/850] PASS: parse: rejects server_name when SNI not offered (791.87ms)
[807/850] PASS: parse: rejects server_name acknowledgment with non-empty extension_data (791.88ms)
[808/850] PASS: parse: rejects unoffered record_size_limit in EncryptedExtensions (791.89ms)
[809/850] PASS: parse: accepts offered record_size_limit in EncryptedExtensions (791.89ms)
[810/850] PASS: parse: rejects malformed record_size_limit in EncryptedExtensions (791.90ms)
[811/850] PASS: parse: ignores supported_groups extension (791.90ms)
[812/850] PASS: parse: wrong handshake type (791.91ms)
[813/850] PASS: parse: truncated (791.91ms)
[814/850] PASS: encode round-trips via parse (791.92ms)
[815/850] PASS: parse rejects wrong handshake type (791.92ms)
[816/850] PASS: parse rejects missing signature_algorithms (791.93ms)
[817/850] PASS: parse rejects duplicate signature_algorithms (791.93ms)
[818/850] PASS: encodedLen is accurate (791.94ms)
[819/850] PASS: verify: wrong verify_data (791.95ms)
[820/850] PASS: verify: wrong handshake type (791.95ms)
[821/850] PASS: encode then verify round-trip (791.96ms)
[822/850] PASS: encode and parse NewSessionTicket round trip (791.97ms)
[823/850] PASS: encode validates NewSessionTicket bounds before writing (791.97ms)
[824/850] PASS: parse: valid NewSessionTicket (791.98ms)
[825/850] PASS: parse: captures early_data max_early_data_size (791.99ms)
[826/850] PASS: parse: skips unknown ticket extension (791.99ms)
[827/850] PASS: parse: skips GREASE ticket extension (792.00ms)
[828/850] PASS: parse: rejects duplicate early_data extension (792.01ms)
[829/850] PASS: parse: rejects malformed early_data length (792.02ms)
[830/850] PASS: parse: wrong handshake type (792.02ms)
[831/850] PASS: parse: rejects length mismatch (792.03ms)
[832/850] PASS: parse: rejects empty ticket (792.03ms)
[833/850] PASS: parse: rejects malformed extensions length (792.04ms)
[834/850] PASS: fuzz: parse handles arbitrary input (792.08ms)
[835/850] PASS: Writer.append: u8 (792.09ms)
[836/850] PASS: Writer.append: u16 big-endian (792.09ms)
[837/850] PASS: Writer.append: u24 big-endian (792.10ms)
[838/850] PASS: Writer.appendSlice (792.11ms)
[839/850] PASS: Writer.append: enum (792.11ms)
[840/850] PASS: Reader.read: u8 (792.12ms)
[841/850] PASS: Reader.read: u16 big-endian (792.12ms)
[842/850] PASS: Reader.read: enum (792.13ms)
[843/850] PASS: Reader.readSlice: zero-copy (792.13ms)
[844/850] PASS: Reader.read: UnexpectedEof (792.13ms)
[845/850] PASS: Reader assume methods skip bounds checks after caller validation (792.14ms)
[846/850] PASS: Writer.reserve: write directly into buffer (792.15ms)
[847/850] PASS: Writer: sequential appends (792.15ms)
[848/850] PASS: messageHashSynthetic: SHA-256 header (792.16ms)
[849/850] PASS: messageHashSynthetic: SHA-384 header (792.16ms)
[850/850] PASS: messageHashSynthetic: RFC 8448 §5 ClientHello1 SHA-256 (792.17ms)

ztest: 850 passed, 0 failed, 0 skipped (of 850 total) in 1792ms
ALL TESTS PASSED
Build Summary: 8/8 steps succeeded
test success
+- run test success 1s
|  +- compile test Debug native-native success 46s MaxRSS:715M
|     +- options success
+- run exe errq-alloc-check success 24ms
|  +- compile exe errq-alloc-check Debug native-native success 31s MaxRSS:864M
|     +- options (reused)
+- run exe encrypted-pem-check success 6ms
   +- compile exe encrypted-pem-check Debug native-native success 31s MaxRSS:295M
      +- options (reused)

libcrypto family: boringssl (/nix/store/HASH-boringssl-0.20260803.0-dev/include)
errq-alloc-check: skipped for boringssl
encrypted-pem-check: ok (pipe, terminal)
ztest: Running 850 tests...
[1/850] PASS: test_0 (596.75ms)
[2/850] PASS: Wycheproof: X25519 shared secret tcId 1 (596.82ms)
[3/850] PASS: Wycheproof boundary: X25519 identity element is rejected (596.86ms)
[4/850] PASS: Wycheproof boundary: X25519 small-order public key is rejected (596.89ms)
[5/850] PASS: Wycheproof: AES-128-GCM AAD/tag handling tcId 2 (596.92ms)
[6/850] PASS: Wycheproof boundary: AES-256-GCM AAD/tag handling (596.94ms)
[7/850] PASS: Wycheproof: ChaCha20-Poly1305 one-byte message tcId 4 (596.96ms)
[8/850] PASS: Wycheproof boundary: ChaCha20-Poly1305 AAD handling (596.97ms)
[9/850] PASS: OpenSSL s_server interoperates with ztls client (692.75ms)
[10/850] PASS: OpenSSL s_server interoperates with ztls P-384 client (729.53ms)
[11/850] PASS: OpenSSL s_server interoperates with ztls RFC 10024 client groups (823.41ms)
[12/850] PASS: ztls client resumes with OpenSSL s_server (PSK resumption) (857.28ms)
[13/850] PASS: ztls client sends 0-RTT early data to OpenSSL s_server (885.79ms)
[14/850] PASS: OpenSSL s_client interoperates with ztls server (937.75ms)
[15/850] PASS: OpenSSL s_client resumes with ztls server-issued ticket (964.55ms)
[16/850] PASS: OpenSSL s_client interoperates with ztls P-384 server (980.18ms)
[17/850] PASS: OpenSSL s_client interoperates with ztls RFC 10024 server groups (1022.01ms)
[18/850] PASS: OpenSSL s_client with -cert interoperates with ztls server (required client auth) (40.36ms)
[19/850] PASS: ztls client with credentials interoperates with OpenSSL s_server -Verify (49.36ms)
[20/850] PASS: ztls-to-ztls TCP KeyUpdate round trip with ChaCha20-Poly1305 (92.12ms)
[21/850] PASS: backend.x25519: RFC 7748 §5.2 shared secret (92.18ms)
[22/850] PASS: backend.x25519: RFC 7748 §6.1 mutual key agreement (92.30ms)
[23/850] PASS: backend.x25519: Wycheproof tcId 1 shared secret (92.34ms)
[24/850] PASS: backend.x25519: all-zero public key is rejected (IdentityElement) (92.37ms)
[25/850] PASS: backend.x25519: small-order public key is rejected (IdentityElement) (92.41ms)
[26/850] PASS: backend.aead: round-trip for every advertised cipher suite (92.42ms)
[27/850] PASS: backend.aead: tag corruption is rejected for every advertised cipher suite (92.44ms)
[28/850] PASS: backend.aead: ciphertext corruption is rejected for every advertised cipher suite (92.45ms)
[29/850] PASS: backend.aead: Wycheproof AES-128-GCM tcId 2 (92.46ms)
[30/850] PASS: backend.aead: Wycheproof AES-256-GCM AAD boundary (92.47ms)
[31/850] PASS: backend.aead: Wycheproof ChaCha20-Poly1305 AAD boundary (92.48ms)
[32/850] PASS: backend.aead: ChaCha20-Poly1305 RFC 8439 §2.8.2 known-answer vector (92.51ms)
[33/850] PASS: backend.p256: mutual key agreement with fixed scalars (92.64ms)
[34/850] PASS: backend.p256: non-04 SEC1 prefix is rejected (92.67ms)
[35/850] PASS: backend.p256: off-curve point is rejected (92.67ms)
[36/850] PASS: backend.p256: zero scalar private key is rejected (92.68ms)
[37/850] PASS: backend.p256: Wycheproof tcId 1 shared secret (92.74ms)
[38/850] PASS: backend.p384: mutual key agreement with fixed scalars (94.67ms)
[39/850] PASS: backend.p384: non-04 SEC1 prefix is rejected (95.32ms)
[40/850] PASS: backend.p384: off-curve point is rejected (95.32ms)
[41/850] PASS: backend.p384: zero scalar private key is rejected (95.33ms)
[42/850] PASS: backend.p384: Wycheproof tcId 1 shared secret (96.29ms)
[43/850] PASS: backend.sign: RSA-PSS SHA-256 sign/verify round-trip (97.09ms)
[44/850] PASS: backend.sign: RSA-PSS SHA-256 rejects tampered signature (97.85ms)
[45/850] PASS: backend.sign: RSA-PSS SHA-384 sign/verify round-trip and tamper rejection (98.62ms)
[46/850] PASS: backend.sign: ECDSA P-256 SHA-256 sign/verify round-trip (98.71ms)
[47/850] PASS: backend.sign: ECDSA P-256 SHA-256 rejects tampered signature (98.76ms)
[48/850] PASS: backend.sign: ECDSA P-384 SHA-384 sign/verify round-trip and tamper rejection (100.10ms)
[49/850] PASS: backend.sign: BufferTooShort on undersized output (100.19ms)
[50/850] PASS: backend.sign: key/scheme mismatch is a libcrypto failure (100.21ms)
[51/850] PASS: backend.sign: Wycheproof RSA-PSS tcId 3 verify (100.26ms)
[52/850] PASS: backend.sign: Wycheproof RSA-PSS tcId 62 invalid signature (100.30ms)
[53/850] PASS: backend.sign: Wycheproof ECDSA P-256 tcId 1 verify (100.35ms)
[54/850] PASS: backend.sign: Wycheproof ECDSA P-256 tcId 6 invalid signature (100.36ms)
[55/850] PASS: backend.sign: Wycheproof ECDSA P-384 tcId 1 verify (100.71ms)
[56/850] PASS: backend.sign: Wycheproof ECDSA P-384 tcId 6 invalid signature (100.72ms)
[57/850] PASS: backend error-queue hygiene: malformed EC public key leaves no residue (#88) (100.73ms)
[58/850] PASS: backend error-queue hygiene: caller queue entries survive a failing wrapper (#88) (100.74ms)
[59/850] PASS: backend error-queue hygiene: scalar key load does not nest guards (#88) (100.75ms)
[60/850] PASS: backend error-queue hygiene: repeated failures leave the queue empty each round (#88) (100.75ms)
[61/850] PASS: backend error-queue hygiene: successful key load preserves caller entries (#88) (100.77ms)
[62/850] PASS: backend error-queue hygiene: failed signature verification leaves no residue (#88) (100.79ms)
[63/850] PASS: backend error-queue hygiene: failed record decrypt leaves no residue (#88) (100.80ms)
[64/850] PASS: backend error-queue hygiene: failed decrypt preserves caller entries exactly (#88) (100.81ms)
[65/850] PASS: backend error-queue hygiene: DER key load preservation is lane-dependent (#88) (100.82ms)
[66/850] PASS: backend error-queue hygiene: scheme inference preserves caller entries (#112) (100.84ms)
[67/850] PASS: backend error-queue hygiene: declined encrypted PEM loads leave no residue (#114) (100.87ms)
[68/850] PASS: backend error-queue hygiene: cert/key mismatch preservation is lane-dependent (#113) (100.90ms)
[69/850] PASS: RFC 5280 §4.2.1.10 name-constraint verdicts vs OpenSSL 3.6.3 ground truth (101.40ms)
[70/850] PASS: fuzz: verifyNameConstraints handles arbitrary NameConstraints and SAN DER (101.63ms)
[71/850] PASS: capi: ztls_version returns a non-empty string (101.63ms)
[72/850] PASS: capi: insecure client init is explicitly named (101.64ms)
[73/850] PASS: capi: size and alignment are non-zero and sane (101.64ms)
[74/850] PASS: capi: NULL parameters are rejected (101.65ms)
[75/850] PASS: capi: full client handshake through the C ABI (102.16ms)
[76/850] PASS: capi: send_application_data before connected fails (102.20ms)
[77/850] PASS: capi: KeyUpdate response is surfaced as a write event (102.65ms)
[78/850] PASS: capi: KeyUpdate without response maps to none without pending write (103.08ms)
[79/850] PASS: capi: NewSessionTicket maps to none without pending write (103.49ms)
[80/850] PASS: encrypt: rejects mismatched plaintext and ciphertext lengths (103.50ms)
[81/850] PASS: decrypt: rejects mismatched plaintext and ciphertext lengths (103.50ms)
[82/850] PASS: Aes128Gcm: encrypt/decrypt round-trip (103.51ms)
[83/850] PASS: Aes256Gcm: encrypt/decrypt round-trip (103.52ms)
[84/850] PASS: ChaCha20Poly1305: encrypt/decrypt round-trip (103.52ms)
[85/850] PASS: ChaCha20Poly1305: RFC 8439 known-answer vector (103.54ms)
[86/850] PASS: ChaCha20Poly1305: empty plaintext known-answer vector (103.55ms)
[87/850] PASS: ChaCha20Poly1305: authentication failure on tampered ciphertext (103.56ms)
[88/850] PASS: ChaCha20Poly1305: authentication failure on tampered tag (103.56ms)
[89/850] PASS: ChaCha20Poly1305: authentication failure on tampered ad (103.57ms)
[90/850] PASS: decrypt: authentication failure on tampered ciphertext (103.58ms)
[91/850] PASS: decrypt: authentication failure on tampered tag (103.58ms)
[92/850] PASS: decrypt: authentication failure on tampered ad (103.59ms)
[93/850] PASS: construct: seq 0 is just the IV (103.60ms)
[94/850] PASS: construct: seq increments flip the right bytes (103.60ms)
[95/850] PASS: construct: XOR with non-zero IV (103.61ms)
[96/850] PASS: construct: seq max u64 produces expected nonce (103.61ms)
[97/850] PASS: parse: close_notify (103.62ms)
[98/850] PASS: parse: warning-level error alert is fatal (103.62ms)
[99/850] PASS: parse: unknown alert description is fatal (103.63ms)
[100/850] PASS: parse: user_canceled is not fatal (103.63ms)
[101/850] PASS: parse: truncated (103.64ms)
[102/850] PASS: parse: rejects coalesced alert bytes (103.64ms)
[103/850] PASS: encode (103.65ms)
[104/850] PASS: fuzz: parse handles arbitrary input (103.80ms)
[105/850] PASS: alertForError: certificate failures map to certificate alerts (103.80ms)
[106/850] PASS: alertForError: parser and semantic failures map to protocol alerts (103.81ms)
[107/850] PASS: alertForError: provider failure maps to internal_error (103.82ms)
[108/850] PASS: alertForError: unknown error maps to internal_error (103.82ms)
[109/850] PASS: parse: oversized cert_len does not overflow bounds check (103.83ms)
[110/850] PASS: parseClientCertificate: oversized ctx_len does not overflow (103.83ms)
[111/850] PASS: parse: extracts public key from ECDSA P-256 certificate (103.85ms)
[112/850] PASS: parse: wrong handshake type (103.86ms)
[113/850] PASS: parse: rejects mismatched Certificate handshake body length (103.86ms)
[114/850] PASS: encodeWithRequestContext: encodes empty client certificate list (103.87ms)
[115/850] PASS: encodeWithRequestContext: rejects oversized request context (103.87ms)
[116/850] PASS: parseClientCertificate: accepts empty certificate with matching context (103.88ms)
[117/850] PASS: parseClientCertificate: rejects mismatched request context (103.89ms)
[118/850] PASS: parse: rejects non-empty server certificate request context (103.89ms)
[119/850] PASS: parse: rejects empty certificate list (103.90ms)
[120/850] PASS: parse: rejects certificate list length shorter than entries (103.90ms)
[121/850] PASS: encode: round trips certificate chain (110.84ms)
[122/850] PASS: parse: rejects unsupported CertificateEntry status_request (110.86ms)
[123/850] PASS: parse: rejects unsupported CertificateEntry SCT (110.86ms)
[124/850] PASS: parse: rejects forbidden CertificateEntry status_request_v2 (110.87ms)
[125/850] PASS: parse: rejects duplicate CertificateEntry status_request (110.88ms)
[126/850] PASS: parse: rejects malformed CertificateEntry extension length (110.88ms)
[127/850] PASS: parse: ignores unknown CertificateEntry extension (110.89ms)
[128/850] PASS: parse: validates hostname (110.90ms)
[129/850] PASS: parse: rejects hostname mismatch (110.91ms)
[130/850] PASS: parse: rejects missing trust anchor by default (110.92ms)
[131/850] PASS: parse: validates leaf against trust bundle (118.12ms)
[132/850] PASS: parse: validates leaf-intermediate-root chain (132.03ms)
[133/850] PASS: parse: rejects end-entity certificate used as issuer (132.13ms)
[134/850] PASS: parse: rejects chain with intermediate before leaf (132.28ms)
[135/850] PASS: parse: anchors chain below a cross-signed root (152.93ms)
[136/850] PASS: parse: rejects cross-signed root without a bundle anchor below it (166.62ms)
[137/850] PASS: parse: rejects chain with missing intermediate (166.72ms)
[138/850] PASS: parse: rejects chain hostname mismatch (166.81ms)
[139/850] PASS: parse: rejects untrusted leaf when bundle misses issuer (166.82ms)
[140/850] PASS: parse: accepts chain with matching DNS name constraints (180.60ms)
[141/850] PASS: parse: rejects chain with excluded DNS name constraints (194.51ms)
[142/850] PASS: parse: rejects chain outside permitted DNS name constraints (208.52ms)
[143/850] PASS: parse: insecure no-anchor path still enforces name constraints (215.35ms)
[144/850] PASS: parse: rejects signed unprocessed critical extension for both roles (215.46ms)
[145/850] PASS: parse: accepts signed noncritical extension and supported critical extensions (243.13ms)
[146/850] PASS: parse: rejects signed SAN with an invalid wrapper (243.27ms)
[147/850] PASS: parse: rejects chain exceeding pathLenConstraint zero (264.12ms)
[148/850] PASS: parse: accepts pathLenConstraint zero with a CA target (277.87ms)
[149/850] PASS: parse: rejects chain exceeding pathLenConstraint one (305.48ms)
[150/850] PASS: parse: accepts chain at pathLenConstraint one (326.21ms)
[151/850] PASS: parse: imposes no path-length limit when pathLenConstraint is absent (346.96ms)
[152/850] PASS: parse: enforces the tightest of multiple pathLenConstraints (374.51ms)
[153/850] PASS: parse: accepts multiple satisfied pathLenConstraints (395.21ms)
[154/850] PASS: parse: self-issued intermediate does not consume path length (415.98ms)
[155/850] PASS: parse: intermediate below a self-issued certificate still counts (443.73ms)
[156/850] PASS: parse: trust anchor pathLenConstraint limits intermediates below it (464.64ms)
[157/850] PASS: parse: trust anchor pathLenConstraint satisfied (478.54ms)
[158/850] PASS: parse: certificates above the anchored path are outside the path (506.29ms)
[159/850] PASS: parse: cross-signed root constraint binds inside the anchored path (534.46ms)
[160/850] PASS: parseClientChain: rejects client chain exceeding pathLenConstraint zero (555.42ms)
[161/850] PASS: parseClientChain: accepts client chain at pathLenConstraint zero (569.45ms)
[162/850] PASS: parse: insecure no-anchor path still enforces pathLenConstraint (583.26ms)
[163/850] PASS: parse: insecure no-anchor path accepts constrained chain with self-issued steps (597.08ms)
[164/850] PASS: parse: malformed DER length is rejected, not crashed (597.09ms)
[165/850] PASS: certificate_policy.verifyServerAuth: non-v3 certificates are rejected (597.10ms)
[166/850] PASS: certificate_policy.verifyServerAuth: KeyUsage without digitalSignature is rejected (597.10ms)
[167/850] PASS: certificate_policy.verifyServerAuth: EKU without serverAuth is rejected (597.11ms)
[168/850] PASS: certificate_policy.verifyClientAuth: EKU without clientAuth is rejected (597.11ms)
[169/850] PASS: certificate_policy.verifyClientAuth: KeyUsage without digitalSignature is rejected (597.12ms)
[170/850] PASS: certificate_policy.verifyClientAuth: clientAuth EKU is accepted (597.13ms)
[171/850] PASS: certificate_policy.verifyServerAuth: legacy certificate signatures are rejected (597.13ms)
[172/850] PASS: certificate_policy.verifyServerAuth: RSA PKCS1 SHA-256 certificate signature is accepted (597.14ms)
[173/850] PASS: certificate_policy: Ed25519 chain signature algorithm accepted when advertised (597.14ms)
[174/850] PASS: certificate_policy: Ed25519 chain signature algorithm rejected when not advertised (597.15ms)
[175/850] PASS: parse: Ed25519 self-signed certificate verified via std.crypto (597.16ms)
[176/850] PASS: certificate_policy.verifyServerAuth: rejects certificate signature outside policy (597.16ms)
[177/850] PASS: certificate signature policy checks non-self-signed chain certificates (597.17ms)
[178/850] PASS: certificate signature policy skips self-signed chain certificates (597.18ms)
[179/850] PASS: certificate_policy.verifyServerAuth: unrestricted supported leaf is accepted (597.19ms)
[180/850] PASS: encodeCertificateVerify: wraps signature (597.19ms)
[181/850] PASS: verifySignature: valid ECDSA P-256 signature (597.27ms)
[182/850] PASS: verifySignature: valid RSA-PSS SHA-256 signature (597.31ms)
[183/850] PASS: verifySignature: rejects RSA-PSS signature with wrong salt length (597.33ms)
[184/850] PASS: verifySignature: wrong transcript hash (597.39ms)
[185/850] PASS: verifySignature: rejects scheme absent from offered list (597.40ms)
[186/850] PASS: verifySignature: client CV rejects scheme absent from offered list (597.41ms)
[187/850] PASS: verifySignature: rejects RSA PKCS1 CertificateVerify scheme (597.42ms)
[188/850] PASS: verifySignature: rejects certificate key and scheme mismatch (597.43ms)
[189/850] PASS: verifySignature: server signature is not valid for client context (597.48ms)
[190/850] PASS: verifySignature: wrong handshake type (597.49ms)
[191/850] PASS: parse: extracts critical name constraints (597.50ms)
[192/850] PASS: parse: extracts non-critical name constraints (597.52ms)
[193/850] PASS: fuzz: parse handles arbitrary input (597.59ms)
[194/850] PASS: CertificateChain: single certificate view (597.60ms)
[195/850] PASS: CertificateChain.fromPem: decodes a certificate chain (597.61ms)
[196/850] PASS: CertificateChain.fromPem: rejects malformed input (597.62ms)
[197/850] PASS: CertificateChain.fromPem: rejects exhausted caller storage (597.63ms)
[198/850] PASS: fuzz: CertificateChain.fromPem handles arbitrary input (597.70ms)
[199/850] PASS: active backend identity matches the private provider facade (597.71ms)
[200/850] PASS: hybrid capability queries match the active backend (597.72ms)
[201/850] PASS: validateHybridGroups reports local policy faults (597.73ms)
[202/850] PASS: requiresP384 identifies only P-384 hybrid policy (597.73ms)
[203/850] PASS: CipherSuite wire values (597.74ms)
[204/850] PASS: PskOfferIter: walks identity/binder pairs in offer order (597.74ms)
[205/850] PASS: PskOfferIter: rejects oversized lengths (597.75ms)
[206/850] PASS: PskOfferIter: rejects a slack-byte identities vector (597.75ms)
[207/850] PASS: PskOfferIter: rejects more binders than identities (597.76ms)
[208/850] PASS: encode: size matches encodedLen (597.77ms)
[209/850] PASS: encodeWithPsk: pre_shared_key is last, binder prefix and offset are correct (597.77ms)
[210/850] PASS: encodeWithPsk: rejects unsupported binder length (597.78ms)
[211/850] PASS: parse: ClientHello with pre_shared_key round-trips (597.79ms)
[212/850] PASS: encodeWithP256: size matches encodedLenWithP256 (597.80ms)
[213/850] PASS: encode: handshake type and legacy version (597.81ms)
[214/850] PASS: encode: cipher suites match backend capabilities (597.81ms)
[215/850] PASS: encode: legacy_session_id is empty (597.82ms)
[216/850] PASS: encode: supported_groups contains X25519 (597.83ms)
[217/850] PASS: encode: key_share contains public key (597.83ms)
[218/850] PASS: encodeWithP256: includes X25519 and secp256r1 key shares (597.84ms)
[219/850] PASS: encodeWithP256P384: includes X25519, secp256r1, and secp384r1 key shares (597.85ms)
[220/850] PASS: encodeWithP256P384: size matches encodedLenWithP256P384 (597.86ms)
[221/850] PASS: parse: accepts secp384r1 key share (598.51ms)
[222/850] PASS: parse: rejects compressed secp384r1 key share (598.52ms)
[223/850] PASS: encodeRetryAfterHrr: secp384r1 selected, no cookie (598.53ms)
[224/850] PASS: encode: SNI present when server_name set (598.54ms)
[225/850] PASS: encode: SNI absent when server_name is null (598.54ms)
[226/850] PASS: encode: supported_versions contains TLS 1.3 (598.55ms)
[227/850] PASS: encode: signature_algorithms match backend capabilities (598.56ms)
[228/850] PASS: encode: signature_algorithms_cert match backend capabilities (598.56ms)
[229/850] PASS: encode: ALPN present when protocols set (598.57ms)
[230/850] PASS: encode: rejects invalid ALPN protocols (598.57ms)
[231/850] PASS: parse: encoded ClientHello (598.58ms)
[232/850] PASS: parse: tracks offered SNI extension presence (598.59ms)
[233/850] PASS: parse: tracks offered record_size_limit extension presence (598.60ms)
[234/850] PASS: parse: accepts secp256r1 supported group and key share (598.64ms)
[235/850] PASS: parseSupportedGroups: records RFC 10024 groups (598.65ms)
[236/850] PASS: parse: rejects malformed X25519 key share (598.65ms)
[237/850] PASS: parse: rejects key share outside supported_groups (598.68ms)
[238/850] PASS: parse: rejects oversized legacy_session_id (598.69ms)
[239/850] PASS: parse: rejects SSLv3-or-lower legacy_version (598.70ms)
[240/850] PASS: parse: rejects missing supported_versions (598.71ms)
[241/850] PASS: parse: rejects supported_versions without TLS 1.3 (598.71ms)
[242/850] PASS: parse: rejects missing supported_groups (598.72ms)
[243/850] PASS: parse: rejects missing signature_algorithms (598.73ms)
[244/850] PASS: parse: rejects malformed signature_algorithms (598.74ms)
[245/850] PASS: parse: rejects signature_algorithms without TLS 1.3 handshake scheme (598.74ms)
[246/850] PASS: parse: rejects malformed ClientHello (598.75ms)
[247/850] PASS: parse: rejects malformed compression methods (598.76ms)
[248/850] PASS: parse: no shared supported group is rejected (598.77ms)
[249/850] PASS: parse: rejects duplicate x25519 key share entries (598.77ms)
[250/850] PASS: parseKeyShare: retains all RFC 10024 hybrid entries (598.79ms)
[251/850] PASS: encode: buffer too short (598.79ms)
[252/850] PASS: encode: server_name too long (598.80ms)
[253/850] PASS: parse: rejects duplicate supported_groups (598.80ms)
[254/850] PASS: parse: missing X25519 key share leaves public key null (598.81ms)
[255/850] PASS: parse: rejects duplicate signature_algorithms (598.82ms)
[256/850] PASS: parse: rejects duplicate signature_algorithms_cert (598.82ms)
[257/850] PASS: parse: ignores unknown extension (598.83ms)
[258/850] PASS: parse: ignores unknown supported_groups entries (598.84ms)
[259/850] PASS: fuzz: parse handles arbitrary input (598.90ms)
[260/850] PASS: encodeRetryAfterHrr: X25519 selected, no cookie (598.91ms)
[261/850] PASS: encodeRetryAfterHrr: preserves PSK key exchange mode (598.92ms)
[262/850] PASS: encodeRetryAfterHrr: secp256r1 selected, no cookie (598.93ms)
[263/850] PASS: encodeRetryAfterHrr: includes cookie when provided (598.94ms)
[264/850] PASS: encodeRetryAfterHrr: preserves SNI and ALPN from ClientHello1 (598.95ms)
[265/850] PASS: encodeRetryAfterHrr: rejects unsupported group (598.95ms)
[266/850] PASS: encodeRetryAfterHrr: missing configured hybrid share is a policy error (598.96ms)
[267/850] PASS: encodeWithHybridGroups: rejects unknown share group without panic (598.97ms)
[268/850] PASS: KEM key_share round-trip: ClientHello encode → parse preserves 1216-byte public key (598.99ms)
[269/850] PASS: parse: psk_key_exchange_modes list_len 0xFF rejected without overflow (598.99ms)
[270/850] PASS: SessionTicket.secureZero erases identity, PSK, and metadata (599.00ms)
[271/850] PASS: HybridPolicy.validate rejects an initial share outside its group list (599.00ms)
[272/850] PASS: Config.validate reports unavailable groups and missing P-384 material (599.05ms)
[273/850] PASS: start validates hybrid policy before key generation and output (599.16ms)
[274/850] PASS: transcript hash: RFC 8448 §3 ClientHello || ServerHello (599.20ms)
[275/850] PASS: deriveHandshakeKeys: RFC 8448 §3 server handshake key/iv/finished (599.26ms)
[276/850] PASS: processServerHello: RFC 8448 §3 installs server handshake keys (599.36ms)
[277/850] PASS: processServerHello: accepts secp256r1 key_share (599.50ms)
[278/850] PASS: processServerHello: rejects invalid secp256r1 point (599.55ms)
[279/850] PASS: processServerHello: rejects unoffered secp256r1 key_share (599.61ms)
[280/850] PASS: processServerHello: rejects mismatched session id echo (599.64ms)
[281/850] PASS: processServerHello: rejects unoffered cipher suite (599.70ms)
[282/850] PASS: processFlight: stores selected ALPN (599.79ms)
[283/850] PASS: processFlight: rejects unoffered ALPN (599.89ms)
[284/850] PASS: processFlight: rejects unanchored Certificate by default (600.47ms)
[285/850] PASS: processFlight: rejects non-empty server Certificate request context (600.86ms)
[286/850] PASS: processFlight: rejects empty server Certificate list (601.22ms)
[287/850] PASS: processFlight: rejects unsolicited EncryptedExtensions ALPN (601.32ms)
[288/850] PASS: processFlight: rejects unrequested server CertificateEntry status_request (601.69ms)
[289/850] PASS: processFlight: RFC 8448 §3 full server flight to connected (602.08ms)
[290/850] PASS: processFlight: rejects handshake message after server Finished (602.45ms)
[291/850] PASS: processFlight: handshake message spanning records needs buffer (602.82ms)
[292/850] PASS: processFlight: reassembles handshake message split across records (603.22ms)
[293/850] PASS: processFlight: buffered path rejects handshake message after server Finished (603.61ms)
[294/850] PASS: processFlight: RFC 8448 §3 flight split one message per record (603.99ms)
[295/850] PASS: handleRecord: malformed ServerHello is rejected (604.04ms)
[296/850] PASS: processFlight: rejects Finished before EncryptedExtensions (604.15ms)
[297/850] PASS: processFlight: rejects CertificateVerify before Certificate (604.55ms)
[298/850] PASS: processFlight: rejects Finished before CertificateVerify (604.93ms)
[299/850] PASS: processFlight: rejects unoffered CertificateVerify scheme (605.39ms)
[300/850] PASS: processFlight: rejects wrong CertificateVerify signature (605.80ms)
[301/850] PASS: processFlight: rejects wrong server Finished verify_data (606.18ms)
[302/850] PASS: handleRecord: plaintext fatal alert in wait_sh (606.24ms)
[303/850] PASS: handleRecord: malformed alert record does not set or replace lastPeerAlert (606.28ms)
[304/850] PASS: handleRecord: unknown alert codes are preserved (606.31ms)
[305/850] PASS: handleRecord: lastPeerAlert replaced by later alert, preserved by close/malformed (606.35ms)
[306/850] PASS: handleRecord: rejects ChangeCipherSpec before ClientHello (606.38ms)
[307/850] PASS: handleRecord: drops valid ChangeCipherSpec after ClientHello (606.41ms)
[308/850] PASS: handleRecord: rejects malformed ChangeCipherSpec payload (606.45ms)
[309/850] PASS: handleRecord: encrypted fatal alert during server flight (606.55ms)
[310/850] PASS: handleRecord: rejects server KeyUpdate before Finished (606.64ms)
[311/850] PASS: handleRecord: truncated encrypted flight is rejected (607.00ms)
[312/850] PASS: handleRecord: corrupted encrypted flight is rejected (607.38ms)
[313/850] PASS: handleRecord: post-handshake unexpected inner content type is rejected (607.82ms)
[314/850] PASS: handleRecord: encrypted application data during server flight is rejected (607.92ms)
[315/850] PASS: clientFinished: RFC 8448 §3 emits Finished and upgrades to app keys (608.37ms)
[316/850] PASS: processFlight: accepts CertificateRequest before server Certificate (608.75ms)
[317/850] PASS: processFlight: rejects non-empty handshake CertificateRequest context (609.11ms)
[318/850] PASS: clientFinished: sends empty Certificate before Finished for CertificateRequest (609.53ms)
[319/850] PASS: clientFinished: empty CertificateRequest with no credentials still finishes (609.95ms)
[320/850] PASS: client auth: setCredentials stores client credentials (609.99ms)
[321/850] PASS: ratchetClientKey: RFC 8446 §7.2 next application write key (610.41ms)
[322/850] PASS: handleRecord: application data resets both post-handshake flood counters (610.84ms)
[323/850] PASS: receiveRecord: RX progresses while a client TX record is pending (611.27ms)
[324/850] PASS: receiveKtlsRecord: client processes kernel-decrypted records (611.71ms)
[325/850] PASS: receiveKtlsRecord: client finds KeyUpdate after NewSessionTicket (612.16ms)
[326/850] PASS: ratchetKtlsTx: client advances only an idle TX epoch (612.61ms)
[327/850] PASS: handleRecord: server KeyUpdate(update_requested) ratchets rx and responds (613.06ms)
[328/850] PASS: handleRecord: KeyUpdate not at record boundary is rejected (613.48ms)
[329/850] PASS: handleRecord: invalid server KeyUpdate request is rejected (613.91ms)
[330/850] PASS: handleRecord: server KeyUpdate(update_not_requested) surfaces key_update rx only (614.34ms)
[331/850] PASS: handleRecord: self-initiated sendKeyUpdate response surfaces rx only (614.78ms)
[332/850] PASS: sendAlert: plaintext fatal alert before ServerHello (614.81ms)
[333/850] PASS: sendAlert: encrypted close_notify after handshake (615.23ms)
[334/850] PASS: handleRecord: close_notify returns closed (615.66ms)
[335/850] PASS: handleRecord: fatal alert returns PeerAlert (616.12ms)
[336/850] PASS: handleRecord: NewSessionTicket is surfaced as an event (616.58ms)
[337/850] PASS: clientFinished: RFC 8448 §4 resumption_master_secret over the live transcript (616.99ms)
[338/850] PASS: startWithPsk: binder matches an independent HMAC over the prefix (617.08ms)
[339/850] PASS: startWithPsk: advertises configured RFC 10024 key share (617.22ms)
[340/850] PASS: startWithPsk: ticket without early-data permission omits early_data (617.29ms)
[341/850] PASS: EncryptedExtensions: rejects early_data when server declined PSK (617.42ms)
[342/850] PASS: EncryptedExtensions: rejects early_data without early traffic keys (617.55ms)
[343/850] PASS: EncryptedExtensions: rejects early_data after HelloRetryRequest (617.68ms)
[344/850] PASS: processServerHello rejects selected PSK with incompatible cipher suite hash (617.85ms)
[345/850] PASS: handleRecord: PSK-offering client rejects bare Finished unless server selected PSK (618.19ms)
[346/850] PASS: handleRecord: accepts 17 consecutive NewSessionTickets (618.63ms)
[347/850] PASS: handleRecord: NewSessionTicket flood is rejected with ticket-specific error (619.08ms)
[348/850] PASS: handleRecord: malformed NewSessionTicket is rejected (619.51ms)
[349/850] PASS: handleRecord: KeyUpdate flood is rejected (620.20ms)
[350/850] PASS: handleRecord: empty application data does not reset flood counters (620.64ms)
[351/850] PASS: handleRecord: KeyUpdate flood cap fires despite empty app-data interleaving (621.36ms)
[352/850] PASS: start: uses Config host_name for SNI and policy (621.40ms)
[353/850] PASS: handleRecord: drives RFC 8448 §3 handshake to connected (621.82ms)
[354/850] PASS: handleRecord: unacknowledged write blocks further calls (622.25ms)
[355/850] PASS: sendEarlyData: unacknowledged write blocks further early data (622.33ms)
[356/850] PASS: handleRecord: zero-length plaintext handshake is rejected (622.37ms)
[357/850] PASS: handleRecord: zero-length encrypted handshake is rejected (622.46ms)
[358/850] PASS: handleRecord: all-zero inner plaintext maps to unexpected_message (622.88ms)
[359/850] PASS: handleRecord: application_data before ServerHello is rejected (622.92ms)
[360/850] PASS: HandshakeReader: splits coalesced messages (622.93ms)
[361/850] PASS: HandshakeReader: truncated body is UnexpectedEof (622.93ms)
[362/850] PASS: fuzz: HandshakeReader handles arbitrary input (622.98ms)
[363/850] PASS: fuzz: processFlight handles arbitrary decrypted bytes (623.46ms)
[364/850] PASS: fuzz: 0-RTT client state machine handles arbitrary inbound records (623.70ms)
[365/850] PASS: processHelloRetryRequest: rejects already-offered key_share group (623.73ms)
[366/850] PASS: processHelloRetryRequest: secp256r1 selected produces ClientHello2 (623.78ms)
[367/850] PASS: processHelloRetryRequest: transcript collapse matches §4.4.1 (623.82ms)
[368/850] PASS: processHelloRetryRequest: removes PSK with incompatible hash (623.96ms)
[369/850] PASS: processHelloRetryRequest: rejects second HRR (624.01ms)
[370/850] PASS: processHelloRetryRequest: rejects unoffered selected_group (624.05ms)
[371/850] PASS: processServerHello: post-HRR rejects mismatched cipher suite (624.09ms)
[372/850] PASS: processServerHello: post-HRR rejects mismatched key_share group (624.13ms)
[373/850] PASS: processServerHello: post-HRR accepts matching ServerHello (624.29ms)
[374/850] PASS: handleRecord: HRR returns ClientHello2 as write event (624.33ms)
[375/850] PASS: processHelloRetryRequest: returns null for normal ServerHello (624.37ms)
[376/850] PASS: processHelloRetryRequest: HRR with cookie echoes cookie in CH2 (624.41ms)
[377/850] PASS: deinit leaves caller-owned buffers to the caller (624.90ms)
[378/850] PASS: secureZero zeroes all secret material (625.59ms)
[379/850] PASS: Array.secureZero clears contents (625.59ms)
[380/850] PASS: lastIndexOfNonZero: last byte non-zero (fast path) (625.60ms)
[381/850] PASS: lastIndexOfNonZero: all zeros (625.60ms)
[382/850] PASS: lastIndexOfNonZero: single non-zero byte at start (625.61ms)
[383/850] PASS: lastIndexOfNonZero: single byte, non-zero (625.61ms)
[384/850] PASS: lastIndexOfNonZero: single byte, zero (625.62ms)
[385/850] PASS: lastIndexOfNonZero: non-zero in scalar tail (625.62ms)
[386/850] PASS: lastIndexOfNonZero: exactly chunk_len bytes, non-zero at start (625.63ms)
[387/850] PASS: lastIndexOfNonZero: exactly chunk_len bytes, all zeros (625.63ms)
[388/850] PASS: lastIndexOfNonZero: large buffer, non-zero in first chunk (625.64ms)
[389/850] PASS: lastIndexOfNonZero: large buffer, non-zero in middle chunk (625.64ms)
[390/850] PASS: lastIndexOfNonZero: large buffer, all zeros (625.65ms)
[391/850] PASS: encrypt: buffer too short (625.66ms)
[392/850] PASS: encrypt: sequence number overflow (625.66ms)
[393/850] PASS: deinit: clears caller-visible traffic key material (625.67ms)
[394/850] PASS: ktlsInfo: AES-GCM salt and IV reconstruct RFC 8446 nonce (625.68ms)
[395/850] PASS: ktlsInfo: cipher type uses Linux UAPI values (625.69ms)
[396/850] PASS: ktlsInfo: exported key material survives RecordLayer deinit (625.69ms)
[397/850] PASS: KtlsInfo.secureZero erases exported traffic material (625.70ms)
[398/850] PASS: encrypt/decrypt: key update required at AEAD usage limit (625.71ms)
[399/850] PASS: encryptPrepared/decrypt: round-trip (625.72ms)
[400/850] PASS: encrypt/decrypt: round-trip (625.73ms)
[401/850] PASS: encrypt/decrypt: sequence numbers advance (625.73ms)
[402/850] PASS: decrypt: failed auth exposes backend failure buffer behavior (625.74ms)
[403/850] PASS: decrypt: replayed record is rejected (625.75ms)
[404/850] PASS: encrypt/decrypt: zero-length application data (625.76ms)
[405/850] PASS: decrypt: rejects all-zero inner plaintext (625.77ms)
[406/850] PASS: encrypt/decrypt: maximum plaintext fragment length (625.86ms)
[407/850] PASS: decrypt: wrong content type (625.87ms)
[408/850] PASS: decrypt: payload shorter than tag (625.88ms)
[409/850] PASS: decrypt: truncated ciphertext record (625.88ms)
[410/850] PASS: decrypt: sequence number overflow (625.89ms)
[411/850] PASS: fuzz: decrypt handles arbitrary input (626.09ms)
[412/850] PASS: PendingWrite: mark and clear (626.10ms)
[413/850] PASS: SliceBuffer: append and retain (626.10ms)
[414/850] PASS: append and slice (626.11ms)
[415/850] PASS: appendAssumeCapacity (626.11ms)
[416/850] PASS: secureZero clears full storage and length (626.12ms)
[417/850] PASS: append returns error on overflow (626.12ms)
[418/850] PASS: clear resets length (626.13ms)
[419/850] PASS: Reader iterates coalesced messages (626.13ms)
[420/850] PASS: parseKeyUpdate (626.14ms)
[421/850] PASS: rejectDuplicateExtensions: rejects more than the extension count cap (626.14ms)
[422/850] PASS: rejectDuplicateExtensions: rejects duplicate unknown type (626.15ms)
[423/850] PASS: rejectDuplicateExtensions: accepts distinct extension types (626.15ms)
[424/850] PASS: ExtensionType.isGrease: detects reserved GREASE extension code points (626.16ms)
[425/850] PASS: rejectDuplicateExtensions: rejects malformed block (626.16ms)
[426/850] PASS: RFC 10024 hybrid groups round-trip (629.84ms)
[427/850] PASS: hybrid decapsulation rejects wrong server share length (629.91ms)
[428/850] PASS: NamedGroup wire identifiers (629.92ms)
[429/850] PASS: RFC 10024 hybrid group sizes (629.92ms)
[430/850] PASS: HkdfSha256.trafficKey: RFC 8448 §3 server handshake (629.93ms)
[431/850] PASS: HkdfSha384: traffic key/iv, finished key, traffic-upd (independent vector) (629.99ms)
[432/850] PASS: HkdfSha256.trafficIv: RFC 8448 §3 server handshake (630.00ms)
[433/850] PASS: HkdfSha256.earlySecret: RFC 8448 §3 (630.01ms)
[434/850] PASS: HkdfSha256: RFC 8448 §3/§4 PSK and resumption secrets (630.03ms)
[435/850] PASS: HkdfSha256.handshakeSecret: RFC 8448 §3 (630.04ms)
[436/850] PASS: HkdfSha256.masterSecret: RFC 8448 §3 (630.06ms)
[437/850] PASS: HkdfSha256.clientHandshakeTrafficSecret: RFC 8448 §3 (630.07ms)
[438/850] PASS: HkdfSha256.finishedKey: RFC 8448 §3 server (630.08ms)
[439/850] PASS: HkdfSha256.nextTrafficSecret: RFC 8446 §7.2 (630.09ms)
[440/850] PASS: HkdfSha256.serverHandshakeTrafficSecret: RFC 8448 §3 (630.10ms)
[441/850] PASS: sharedSecret: RFC 7748 X25519 vector (630.14ms)
[442/850] PASS: KeyPair.generateDeterministic: RFC 7748 public keys (630.18ms)
[443/850] PASS: KeyPair.generateDeterministic emits uncompressed SEC1 public key (630.20ms)
[444/850] PASS: sharedSecret: P-256 deterministic peers agree (630.35ms)
[445/850] PASS: KeyPair.generate: healthy entropy path (630.40ms)
[446/850] PASS: KeyPair.secureZero erases secret and public material (630.42ms)
[447/850] PASS: generateRetry: a LibcryptoFailed attempt is terminal, not retried (630.43ms)
[448/850] PASS: generateRetry: an invalid scalar retries exactly to the bound (630.43ms)
[449/850] PASS: generateRetry: retries a bad draw and succeeds (630.46ms)
[450/850] PASS: KeyPair.generateDeterministic enforces the scalar range [1, n-1] (630.49ms)
[451/850] PASS: sharedSecret: rejects compressed P-256 point (630.53ms)
[452/850] PASS: KeyPair.generateDeterministic emits uncompressed SEC1 public key (631.17ms)
[453/850] PASS: KeyPair.secureZero erases secret and public material (631.82ms)
[454/850] PASS: sharedSecret: P-384 deterministic peers agree (634.95ms)
[455/850] PASS: generateRetry: a LibcryptoFailed attempt is terminal, not retried (634.96ms)
[456/850] PASS: generateRetry: an invalid scalar retries exactly to the bound (634.96ms)
[457/850] PASS: generateRetry: retries a bad draw and succeeds (635.61ms)
[458/850] PASS: KeyPair.generateDeterministic enforces the scalar range [1, n-1] (636.31ms)
[459/850] PASS: sharedSecret: rejects compressed P-384 point (637.55ms)
[460/850] PASS: active backend matches the selected libcrypto headers (637.56ms)
[461/850] PASS: capabilities are non-empty for the active backend (637.56ms)
[462/850] PASS: x25519 handle shape matches active backend (637.57ms)
[463/850] PASS: client group capabilities match implemented client key-share plumbing (637.57ms)
[464/850] PASS: aead context shape matches active backend (637.58ms)
[465/850] SKIP: aws-lc aead deinit clears inline context (637.59ms)
[466/850] PASS: capability helpers recognize advertised algorithms (637.59ms)
[467/850] SKIP: fips: chacha20_poly1305_sha256 excluded from FIPS cipher_suites (637.60ms)
[468/850] SKIP: fips: rsa_pkcs1_sha* excluded from FIPS certificate_signature_schemes (637.60ms)
[469/850] SKIP: fips: ed25519 excluded from FIPS certificate_signature_schemes (637.61ms)
[470/850] SKIP: fips: ML-KEM disabled in FIPS capability table (637.61ms)
[471/850] SKIP: fips: FIPS capabilities are a subset of non-FIPS capabilities (637.62ms)
[472/850] PASS: fips: active capabilities follow FIPS identity (637.62ms)
[473/850] PASS: Parsed.verifyHostName rejects universal tag 2 as dNSName (637.63ms)
[474/850] PASS: Parsed.verifyHostName requires dNSName SAN (637.63ms)
[475/850] PASS: Parsed.checkHostName rejects public suffix wildcard (637.64ms)
[476/850] PASS: Parsed.checkHostName RFC 6125 compliance (637.65ms)
[477/850] PASS: Parsed.allowsKeyUsage reads digitalSignature (637.65ms)
[478/850] PASS: Parsed.allowsKeyUsage rejects malformed empty bit payload (637.66ms)
[479/850] PASS: Parsed.allowsExtKeyUsage finds serverAuth (637.67ms)
[480/850] PASS: Parsed.allowsExtKeyUsage rejects non-SEQUENCE wrapper (637.67ms)
[481/850] PASS: Parsed.nameConstraints extracts extension value (637.68ms)
[482/850] PASS: Parsed.nameConstraints absent returns empty (637.68ms)
[483/850] PASS: Parsed.verifyNameConstraints: DNS permitted subtree (637.69ms)
[484/850] PASS: Parsed.verifyNameConstraints: DNS permitted subtree mismatch (637.70ms)
[485/850] PASS: Parsed.verifyNameConstraints: DNS excluded subtree (637.70ms)
[486/850] PASS: Parsed.verifyNameConstraints: mixed DNS SAN violation is rejected (637.71ms)
[487/850] PASS: Parsed.verifyNameConstraints: DNS common name fallback (637.72ms)
[488/850] PASS: Parsed.verifyNameConstraints: IP permitted subnet (637.72ms)
[489/850] PASS: Parsed.verifyNameConstraints: permitted subtrees are type-specific (637.73ms)
[490/850] PASS: Parsed.verifyNameConstraints: email permitted subtree (637.73ms)
[491/850] PASS: Parsed.verifyNameConstraints: email mailbox local part is case-sensitive (637.74ms)
[492/850] PASS: Parsed.verifyNameConstraints: URI excluded subtree (637.75ms)
[493/850] PASS: Parsed.verifyNameConstraints: URI strips userinfo before host matching (637.75ms)
[494/850] PASS: Parsed.verifyNameConstraints: explicit minimum zero is accepted (637.76ms)
[495/850] PASS: Parsed.verifyNameConstraints: critical unsupported subtree is rejected (637.77ms)
[496/850] PASS: Parsed.verifyNameConstraints: non-critical unsupported subtree is ignored (637.77ms)
[497/850] PASS: parseBasicConstraints rejects pathLenConstraint without cA (637.78ms)
[498/850] PASS: parse rejects unknown critical extension (637.79ms)
[499/850] PASS: parse rejects duplicate recognized extensions (637.79ms)
[500/850] PASS: parse accepts old and new authority key identifier OIDs (637.80ms)
[501/850] PASS: parseBitString rejects empty bit string content (637.81ms)
[502/850] PASS: parseTime maps UTCTime centuries and expires 1999 certificates (637.81ms)
[503/850] PASS: parseTime enforces GeneralizedTime certificate grammar (637.82ms)
[504/850] PASS: parseTime rejects impossible dates and accepts leap day (637.83ms)
[505/850] PASS: certificate_parser.decltest.parseTimeDigits (637.83ms)
[506/850] PASS: certificate_parser.decltest.parseYear4 (637.84ms)
[507/850] PASS: certificate_parser.test_0 (637.84ms)
[508/850] PASS: PrivateKey.sign: RSA-PSS SHA-256 uses TLS parameters (638.61ms)
[509/850] PASS: PrivateKey.sign: short RSA-PSS output buffer is rejected (638.69ms)
[510/850] PASS: PrivateKey.sign: key and scheme mismatch is a libcrypto failure (638.71ms)
[511/850] PASS: PrivateKey.sign: deterministic ECDSA matches the RFC 6979 vector (638.73ms)
[512/850] PASS: PrivateKey.sign: deterministic ECDSA P-384 matches the RFC 6979 A.2.6 vector (639.33ms)
[513/850] PASS: PrivateKey.sign: deterministic nonce with RSA-PSS is rejected (639.42ms)
[514/850] PASS: PrivateKey.fromPemAuto: RSA PKCS#8 and PKCS#1 both infer rsa_pss_rsae_sha256 (640.27ms)
[515/850] PASS: PrivateKey.fromPemAuto: P-256 infers ecdsa_secp256r1_sha256 and signs (640.31ms)
[516/850] PASS: PrivateKey.fromPemAuto: P-384 infers ecdsa_secp384r1_sha384 and signs (640.96ms)
[517/850] PASS: PrivateKey.fromPemAuto: P-521 is rejected at load by the capability gate (642.53ms)
[518/850] PASS: PrivateKey.fromPemAuto: Ed25519 is rejected at load by the capability gate (642.57ms)
[519/850] PASS: PrivateKey.fromPemAuto: secp224r1 has no CertificateVerify scheme (642.66ms)
[520/850] PASS: PrivateKey.fromPemAuto: garbage PEM fails at load (642.67ms)
[521/850] PASS: PrivateKey.fromPem: encrypted PEM fails at load (642.78ms)
[522/850] PASS: PrivateKey.fromPemAuto: encrypted PEM fails at load (642.80ms)
[523/850] PASS: PrivateKey.pairsWith: P-256 scalar key pairs with its leaf certificate (642.83ms)
[524/850] PASS: PrivateKey.pairsWith: auto-inferred RSA and P-256 keys pair with their leaves (642.94ms)
[525/850] PASS: PrivateKey.pairsWith: same-algorithm mismatch is a named error (642.97ms)
[526/850] PASS: PrivateKey.pairsWith: cross-algorithm mismatch is a named error (642.99ms)
[527/850] PASS: PrivateKey.pairsWith: garbage leaf DER is not a certificate (643.01ms)
[528/850] PASS: PrivateKey.pairsWith: trailing bytes make leaf DER invalid (643.10ms)
[529/850] SKIP: OpenSSL AEAD initialization rejects wrong key length (643.11ms)
[530/850] PASS: ML-KEM-768 encapsulate/decapsulate round-trip (643.18ms)
[531/850] PASS: ML-KEM-1024 encapsulate/decapsulate round-trip (643.28ms)
[532/850] PASS: ML-KEM encapsulation-key modulus boundary (643.31ms)
[533/850] PASS: ML-KEM rejects non-canonical encapsulation keys (643.31ms)
[534/850] PASS: ML-KEM rejects a wrong-length ciphertext (643.34ms)
[535/850] PASS: classify: bounded PSK identity admission is a buffer-class limit (643.35ms)
[536/850] PASS: classify: certificate failures never fall into a generic bucket (643.35ms)
[537/850] PASS: classify: authentication failures are their own class (643.36ms)
[538/850] PASS: classify: remaining buckets (643.36ms)
[539/850] PASS: parseHeader: valid plaintext record (643.37ms)
[540/850] PASS: parseHeader: application_data record (TLSCiphertext) (643.37ms)
[541/850] PASS: parseHeader: ignores legacy_record_version (643.38ms)
[542/850] PASS: parseHeader: buffer too short (643.38ms)
[543/850] PASS: parseHeader: exactly 5 bytes (header only, no fragment) (643.39ms)
[544/850] PASS: parseHeader: max valid length (643.39ms)
[545/850] PASS: parseHeader: length exceeds max (643.40ms)
[546/850] PASS: Header.init round-trips with parseHeader (643.40ms)
[547/850] PASS: Header.write: emits TLS 1.2 legacy_record_version (643.41ms)
[548/850] PASS: fuzz: parseHeader handles arbitrary input (643.71ms)
[549/850] PASS: kernel cipher_type values match KtlsCipherType (643.71ms)
[550/850] PASS: kernel socket option constants (643.72ms)
[551/850] PASS: packed kTLS info secureZero methods erase every byte (643.72ms)
[552/850] PASS: packAesGcm128 splits the 12-byte IV and copies key/seq (643.73ms)
[553/850] PASS: packAesGcm128 rejects a non-AES-GCM-128 info (643.74ms)
[554/850] PASS: packChaCha20Poly1305 uses the full 12-byte IV (643.74ms)
[555/850] PASS: packAesGcm256 copies the 32-byte key and splits the IV (643.75ms)
[556/850] PASS: install errno decode maps onto InstallError (643.75ms)
[557/850] PASS: a record-type cmsg occupies the kernel's CMSG_LEN and CMSG_SPACE (643.76ms)
[558/850] PASS: ControlBuffer.init writes one cmsg and zeroes the padding (643.76ms)
[559/850] PASS: parseRecordType rejects control data off the kTLS contract (643.77ms)
[560/850] PASS: ulpInstall attaches once, and only to an established TCP socket (643.87ms)
[561/850] PASS: txInstall and rxInstall accept a synthetic TLS 1.3 AES-128-GCM key (643.93ms)
[562/850] PASS: installs without the ULP are typed Unavailable errors, not panics (643.96ms)
[563/850] PASS: a crypto_info the kernel cannot use is a typed EINVAL failure (643.99ms)
[564/850] PASS: record-type cmsg round-trips through a live kTLS pair (644.07ms)
[565/850] PASS: Outbox: fresh outbox is not write-blocked (644.08ms)
[566/850] PASS: Outbox: send drains fully and completes write once (644.09ms)
[567/850] PASS: Outbox: partial send stays blocked and does not complete write (644.09ms)
[568/850] PASS: Outbox: zero-byte progress stays blocked (644.10ms)
[569/850] PASS: Outbox: idle flush is drained without completing write (644.10ms)
[570/850] PASS: Outbox: partial drain resumes across flush calls (644.11ms)
[571/850] PASS: Outbox: queue while blocked returns PendingWrite (644.11ms)
[572/850] PASS: Outbox: writer error leaves pending tail and does not complete write (644.12ms)
[573/850] PASS: Outbox: writer over-reporting bytes returns WriteOverflow (644.13ms)
[574/850] PASS: Outbox: sequential records complete once each (644.13ms)
[575/850] PASS: next: two records coalesced in one fill (644.14ms)
[576/850] PASS: next: record split across two fills (644.15ms)
[577/850] PASS: next: truncated records return null (644.18ms)
[578/850] PASS: next: in-place mutation of a returned record survives across next() (644.19ms)
[579/850] PASS: next: oversized length is rejected (644.20ms)
[580/850] PASS: isEmpty distinguishes drained, partial, and complete records (644.21ms)
[581/850] PASS: parse: rejects oversized legacy_session_id_echo without overflow (644.21ms)
[582/850] PASS: encode: round trips through parse (644.22ms)
[583/850] PASS: parse: accepts secp256r1 key_share (644.25ms)
[584/850] PASS: parse: rejects compressed secp256r1 key_share (644.26ms)
[585/850] PASS: parse: accepts secp384r1 key_share (644.27ms)
[586/850] PASS: parse: rejects compressed secp384r1 key_share (644.27ms)
[587/850] PASS: encode: echoes session id (644.28ms)
[588/850] PASS: parse: RFC 8448 §3 ServerHello (644.29ms)
[589/850] PASS: parse: wrong handshake type (644.29ms)
[590/850] PASS: parse: truncated message (644.30ms)
[591/850] PASS: parse: rejects HelloRetryRequest (644.31ms)
[592/850] PASS: parse: missing extensions / no supported_versions yields UnsupportedTlsVersion (644.31ms)
[593/850] PASS: parse: rejects mismatched handshake length (644.32ms)
[594/850] PASS: parse: rejects unknown cipher suite (644.33ms)
[595/850] PASS: parse: rejects oversized extensions block (644.33ms)
[596/850] PASS: parse: rejects duplicate supported_versions (644.34ms)
[597/850] PASS: parse: rejects duplicate key_share (644.34ms)
[598/850] PASS: parse: rejects unknown unsolicited extension (644.35ms)
[599/850] PASS: parse: rejects GREASE ServerHello extension (644.36ms)
[600/850] PASS: parse: rejects forbidden signature_algorithms extension (644.36ms)
[601/850] PASS: parse: rejects forbidden heartbeat extension (644.37ms)
[602/850] PASS: parse: rejects record_size_limit in ServerHello (644.38ms)
[603/850] PASS: parse: rejects key_share for unsupported group (644.38ms)
[604/850] PASS: parse: unsupported TLS version in supported_versions is illegal_parameter (644.39ms)
[605/850] PASS: parse: rejects TLS 1.2 downgrade sentinel (644.40ms)
[606/850] PASS: parse: rejects TLS 1.1 downgrade sentinel (644.41ms)
[607/850] PASS: parse: rejects downgrade sentinel when supported_versions selects TLS 1.3 (644.41ms)
[608/850] PASS: parse: accepts non-0x0303 legacy_version when supported_versions selects TLS 1.3 (644.42ms)
[609/850] PASS: parse: no supported_versions + downgrade sentinel yields IllegalParameter (644.43ms)
[610/850] PASS: parse: rejects ServerHello without supported_versions as legacy (644.43ms)
[611/850] PASS: parse: rejects SSLv3-or-lower legacy version (644.44ms)
[612/850] PASS: parse: rejects mismatched session id echo (644.45ms)
[613/850] PASS: parse: rejects non-zero compression method (644.45ms)
[614/850] PASS: fuzz: parse handles arbitrary input (644.53ms)
[615/850] PASS: encodeHelloRetryRequest: parse round-trip (644.54ms)
[616/850] PASS: parseHelloRetryRequest: rejects mismatched session id echo (644.54ms)
[617/850] PASS: parseHelloRetryRequest: RFC 8448 §5 (644.55ms)
[618/850] PASS: parseHelloRetryRequest: no cookie (644.55ms)
[619/850] PASS: parseHelloRetryRequest: rejects non-HRR Random (644.56ms)
[620/850] PASS: parseHelloRetryRequest: rejects wrong type (644.56ms)
[621/850] PASS: parseHelloRetryRequest: rejects TLS 1.2 in supported_versions (644.57ms)
[622/850] PASS: parseHelloRetryRequest: ignores non-0x0303 legacy_version (644.58ms)
[623/850] PASS: parseHelloRetryRequest: rejects SSLv3-or-lower legacy version (644.58ms)
[624/850] PASS: parseHelloRetryRequest: rejects non-zero compression method (644.59ms)
[625/850] PASS: parseHelloRetryRequest: rejects unknown cipher suite (644.59ms)
[626/850] PASS: parseHelloRetryRequest: rejects trailing bytes after extensions (644.60ms)
[627/850] PASS: parseHelloRetryRequest: rejects cookie extension trailing bytes (644.60ms)
[628/850] PASS: parseHelloRetryRequest: rejects missing supported_versions (644.61ms)
[629/850] PASS: parseHelloRetryRequest: rejects unknown unsolicited extension (644.62ms)
[630/850] PASS: parseHelloRetryRequest: rejects record_size_limit (644.62ms)
[631/850] PASS: KEM key_share round-trip: ServerHello encode → parse preserves 1120-byte ciphertext (644.65ms)
[632/850] PASS: fuzz: parseHelloRetryRequest handles arbitrary input (644.75ms)
[633/850] PASS: Config.validate reports invalid lists and missing P-384 material (644.80ms)
[634/850] PASS: sendAlert: plaintext fatal alert before ClientHello (644.86ms)
[635/850] PASS: sendAlert: encrypted close_notify after handshake (645.08ms)
[636/850] PASS: handleRecord: rejects ChangeCipherSpec before ClientHello (645.14ms)
[637/850] PASS: handleRecord: drops valid ChangeCipherSpec while waiting for client Finished (645.28ms)
[638/850] PASS: handleRecord: rejects malformed ChangeCipherSpec payload (645.42ms)
[639/850] PASS: handleRecord: ClientHello returns ServerHello write and enforces pending write (645.56ms)
[640/850] PASS: handleRecord: zero-length plaintext handshake is rejected (645.61ms)
[641/850] PASS: handleRecord: rejects application_data before connected (645.67ms)
[642/850] PASS: acceptClientHello: emits ServerHello and installs handshake keys (645.90ms)
[643/850] PASS: acceptClientHello: negotiates secp256r1 key share (646.09ms)
[644/850] PASS: acceptClientHello: negotiates secp384r1 key share (649.39ms)
[645/850] PASS: acceptClientHello: emits HelloRetryRequest for missing secp256r1 key share (649.50ms)
[646/850] PASS: acceptClientHello: rejects ClientHello2 with changed SNI or ALPN after HRR (649.66ms)
[647/850] PASS: acceptClientHello: rejects early_data in ClientHello2 after HRR (649.76ms)
[648/850] PASS: acceptClientHello: rejects replaced PSK identity in ClientHello2 despite valid binder (649.87ms)
[649/850] PASS: acceptClientHello: rejects added, reordered, or dropped PSK identities in CH2 (650.15ms)
[650/850] PASS: acceptClientHello: accepts permitted ClientHello2 PSK updates after HRR (650.66ms)
[651/850] PASS: acceptClientHello: bounded PSK identity admission before HelloRetryRequest (650.87ms)
[652/850] PASS: acceptClientHello: rejects removal of an unknown identity whose binder claims the HRR hash (650.97ms)
[653/850] PASS: acceptClientHello: HRR path rejects a slack-byte identities vector in CH1 (651.05ms)
[654/850] PASS: acceptClientHello: HRR path rejects a slack-byte identities vector in CH2 (651.13ms)
[655/850] PASS: acceptClientHello: PSK selection rejects a slack-byte identities vector (651.21ms)
[656/850] PASS: acceptClientHello: rejects ClientHello2 that ignores HRR selected group (651.32ms)
[657/850] PASS: acceptClientHello: rejects ClientHello2 with extra key share (651.42ms)
[658/850] PASS: acceptClientHello: HRR sends at most one compatibility ChangeCipherSpec (651.57ms)
[659/850] PASS: acceptClientHello: emits compatibility ChangeCipherSpec for non-empty legacy_session_id (651.71ms)
[660/850] PASS: sendAnonymousFlightForTest: client decrypts EncryptedExtensions and Finished (651.95ms)
[661/850] PASS: sendPreparedServerFlight: credentials and pending write are enforced (652.28ms)
[662/850] PASS: sendPreparedServerFlight: encryption failure preserves handshake write epoch (652.57ms)
[663/850] PASS: sendAuthenticatedFlight: client decrypts authenticated server flight (652.84ms)
[664/850] PASS: sendAuthenticatedFlight: optional client auth sends CertificateRequest (653.12ms)
[665/850] PASS: NewSessionTicket emission derives matching client and server PSKs (653.59ms)
[666/850] PASS: NewSessionTicket emission rejects stale prepared PSK objects (654.01ms)
[667/850] PASS: server-issued NewSessionTicket resumes and can be renewed (654.79ms)
[668/850] PASS: NewSessionTicket emission owns unique bounded nonces (655.29ms)
[669/850] PASS: NewSessionTicket emission enforces write and kTLS ordering (655.69ms)
[670/850] PASS: NewSessionTicket emission preserves state on encoding failure (656.10ms)
[671/850] PASS: discardTicketPsk burns nonce and erases key material (656.52ms)
[672/850] PASS: processClientFinished: optional client auth accepts empty Certificate (656.92ms)
[673/850] PASS: processClientFinished: required client auth rejects empty Certificate (657.29ms)
[674/850] PASS: processClientFinished: required client auth verifies real client Certificate + CV (657.78ms)
[675/850] PASS: processClientFinished: bad client Finished does not retain identity (658.24ms)
[676/850] PASS: processClientFinished: client identity requires caller-owned storage (658.70ms)
[677/850] PASS: processClientFinished: required client auth rejects forged CertificateVerify (659.21ms)
[678/850] PASS: sendAuthenticatedFlight: client processes CertificateVerify and Finished (659.54ms)
[679/850] PASS: processClientFinished: verifies Finished and installs app keys (659.72ms)
[680/850] PASS: processClientFinished: rejects bad verify_data (659.88ms)
[681/850] PASS: processClientFinished: rejects EndOfEarlyData when 0-RTT was not accepted (660.04ms)
[682/850] PASS: handleRecord: rejects second plaintext ClientHello before Finished (660.19ms)
[683/850] PASS: handleRecord: rejects protected ClientHello after connected (660.39ms)
[684/850] PASS: handleRecord: rejects client KeyUpdate before Finished (660.56ms)
[685/850] PASS: receiveRecord: RX progresses while a server TX record is pending (660.74ms)
[686/850] PASS: receiveKtlsRecord: server processes kernel-decrypted records (660.94ms)
[687/850] PASS: ratchetKtlsTx: server advances only an idle TX epoch (661.13ms)
[688/850] PASS: handleRecord: client KeyUpdate(update_requested) ratchets rx and responds (661.33ms)
[689/850] PASS: handleRecord: client KeyUpdate(update_not_requested) ratchets rx only (661.52ms)
[690/850] PASS: sendKeyUpdate: server-initiated KeyUpdate encrypts under old key then ratchets tx (661.70ms)
[691/850] PASS: handleRecord: self-initiated sendKeyUpdate response surfaces rx only (661.89ms)
[692/850] PASS: handleRecord: KeyUpdate not at record boundary is rejected (662.07ms)
[693/850] PASS: handleRecord: invalid client KeyUpdate request is rejected (662.25ms)
[694/850] PASS: handleRecord: zero-length encrypted handshake is rejected (662.42ms)
[695/850] PASS: handleRecord: all-zero inner plaintext maps to unexpected_message (662.60ms)
[696/850] PASS: handleRecord: illegal post-handshake inner content type is rejected (662.78ms)
[697/850] PASS: handleRecord: empty application data does not reset post-handshake flood counter (662.95ms)
[698/850] PASS: handleRecord: KeyUpdate flood is rejected (663.39ms)
[699/850] PASS: handleRecord: KeyUpdate flood cap fires despite empty app-data interleaving (663.75ms)
[700/850] PASS: EstablishedSession: struct stays compact against the handshake engine (663.76ms)
[701/850] PASS: extractEstablished: connected events match the handshake engine (664.15ms)
[702/850] PASS: extractEstablished: engine is consumed and immediate deinit is safe (664.36ms)
[703/850] PASS: extractEstablished: moved-from rx/tx are wiped, the session's copies stay live (664.54ms)
[704/850] PASS: extractEstablished: deferred KeyUpdate obligation blocks application writes (664.74ms)
[705/850] PASS: extractEstablished: KeyUpdate flood cap survives extraction and resets on app data (665.08ms)
[706/850] PASS: extractEstablished: KeyUpdate fragment carries across extraction (665.27ms)
[707/850] PASS: extractEstablished: KeyUpdate record-boundary and fragment rules hold (665.45ms)
[708/850] PASS: extractEstablished: close_notify and fatal alerts keep server semantics (665.63ms)
[709/850] PASS: extractEstablished: sendAlert latches and ratchetTx advances the TX epoch (665.82ms)
[710/850] PASS: extractEstablished: SHA-384 suite ratchets and exchanges app data (666.39ms)
[711/850] PASS: extractEstablished: NewSessionTicket is issued before extraction (666.79ms)
[712/850] PASS: key update: simultaneous update_requested remains connected (667.25ms)
[713/850] PASS: fuzz: ServerHandshake.handleRecord rejects arbitrary input (667.36ms)
[714/850] PASS: fuzz: connected ServerHandshake.handleRecord rejects arbitrary input (668.62ms)
[715/850] PASS: application data: server sends and receives (668.81ms)
[716/850] PASS: in-memory authenticated client-server handshake reaches app data (669.20ms)
[717/850] PASS: in-memory authenticated client-server handshake suite matrix (670.93ms)
[718/850] PASS: in-memory KeyUpdate round trip across all cipher suites (673.06ms)
[719/850] PASS: selectPsk: verifies the binder for a matching PSK identity (673.14ms)
[720/850] PASS: selectPsk: returns null when the PSK binder does not verify (673.23ms)
[721/850] PASS: selectPsk: oversized binders_len does not overflow (673.30ms)
[722/850] PASS: PSK offer without psk_key_exchange_modes aborts (673.42ms)
[723/850] PASS: PSK offer with only psk_ke disables resumption and ticket issuance (673.61ms)
[724/850] PASS: client authentication policy declines PSK resumption (674.10ms)
[725/850] PASS: PSK selection skips cipher suites with an incompatible hash (674.64ms)
[726/850] PASS: in-memory PSK resumption reaches app data (674.99ms)
[727/850] PASS: in-memory RFC 10024 PSK resumption matrix reaches app data (679.57ms)
[728/850] PASS: in-memory RFC 10024 PSK resumption survives HRR (684.14ms)
[729/850] PASS: in-memory RFC 10024 SHA-384 PSK resumption survives HRR (691.58ms)
[730/850] PASS: PSK fast-path rejects bare Finished when server did NOT select PSK (691.83ms)
[731/850] PASS: in-memory 0-RTT early data is decrypted by the server (692.21ms)
[732/850] PASS: 0-RTT: accepted early data distinguishes authentication and handshake errors (692.93ms)
[733/850] PASS: 0-RTT: server rejects early data exceeding max_early_data_size (693.15ms)
[734/850] PASS: 0-RTT: max u32 early-data limit rejects bytes beyond remaining budget (693.20ms)
[735/850] PASS: 0-RTT: no PSK selected means early data is skipped and 1-RTT completes (693.62ms)
[736/850] PASS: 0-RTT: declined early records in flight are skipped and 1-RTT completes (693.98ms)
[737/850] PASS: 0-RTT: required client auth declines PSK, skips early data, completes 1-RTT (694.48ms)
[738/850] PASS: 0-RTT: decline skip budget exhaustion aborts the handshake (694.68ms)
[739/850] PASS: 0-RTT: corrupted record after the skip window aborts (694.93ms)
[740/850] PASS: 0-RTT: HRR decline skips in-flight early data and the retry handshake completes (695.42ms)
[741/850] PASS: 0-RTT: default decline-skip budget covers a full max-size early record (695.85ms)
[742/850] PASS: 0-RTT: HRR decline skip budget exhaustion aborts the handshake (695.99ms)
[743/850] PASS: 0-RTT: HRR decline skip rejects malformed application_data records (696.14ms)
[744/850] PASS: 0-RTT: HRR skip window closes at ClientHello2 (696.45ms)
[745/850] PASS: 0-RTT: server declines, client sends no EndOfEarlyData (696.80ms)
[746/850] PASS: 0-RTT: client rejects server-sent EndOfEarlyData (696.86ms)
[747/850] PASS: 0-RTT: processClientFinished rejects Finished before EndOfEarlyData (697.11ms)
[748/850] PASS: preferredHybridShare follows server preference (697.16ms)
[749/850] PASS: in-memory RFC 10024 hybrid group matrix reaches app data (701.89ms)
[750/850] PASS: RFC 10024 hybrid group matrix negotiates through HRR (706.02ms)
[751/850] PASS: hybrid share requires explicit server policy (706.21ms)
[752/850] PASS: in-memory HRR round trip reaches app data (706.61ms)
[753/850] PASS: acceptClientHello: server suite preference (706.75ms)
[754/850] PASS: acceptClientHello: exposes SNI via clientServerName (706.88ms)
[755/850] PASS: acceptClientHello: clientServerName is null when SNI absent (707.02ms)
[756/850] PASS: acceptClientHello: rejects unsupported suite (707.09ms)
[757/850] PASS: acceptClientHello: ignores unknown cipher suites in mixed list (707.37ms)
[758/850] PASS: acceptClientHello: rejects ClientHello with no shared group (707.44ms)
[759/850] PASS: handleRecord: reassembles ClientHello split across records (707.58ms)
[760/850] PASS: handleRecord: reassembles ClientHello with header and body in separate records (707.71ms)
[761/850] PASS: handleRecord: rejects CCS while ClientHello fragment pending (707.79ms)
[762/850] PASS: handleRecord: processes alert while ClientHello fragment pending (707.86ms)
[763/850] PASS: handleRecord: plaintext fatal alert in wait_ch records detail (707.96ms)
[764/850] PASS: handleRecord: unknown alert codes are preserved (708.03ms)
[765/850] PASS: handleRecord: lastPeerAlert replaced by later alert, preserved by close/malformed (708.08ms)
[766/850] PASS: handleRecord: rejects fragmented ClientHello without reassembly buffer (708.15ms)
[767/850] PASS: handleRecord: state reset after invalid fragmented ClientHello (708.31ms)
[768/850] PASS: handleRecord: rejects trailing bytes after fragmented ClientHello (708.44ms)
[769/850] PASS: handleRecord: reassembles ClientHello2 split across records after HRR (708.59ms)
[770/850] PASS: handleRecord: reassembles fragmented client Finished across encrypted records (708.80ms)
[771/850] PASS: handleRecord: rejects interleaved alert during Finished fragment reassembly (708.96ms)
[772/850] PASS: handleRecord: rejects plaintext alert during Finished fragment reassembly (709.12ms)
[773/850] PASS: handleRecord: encrypted fatal alert while waiting for Finished records detail (709.27ms)
[774/850] PASS: handleRecord: rejects plaintext alert while waiting for Finished (709.42ms)
[775/850] PASS: handleRecord: rejects zero-length encrypted handshake while waiting for Finished (709.58ms)
[776/850] PASS: handleRecord: reassembles ClientHello when handshake header is split after 1 byte (709.72ms)
[777/850] PASS: handleRecord: server reassembles 1-byte fragmented KeyUpdate(update_requested) (709.92ms)
[778/850] PASS: handleRecord: fragmented KeyUpdate(update_not_requested) works (710.11ms)
[779/850] PASS: handleRecord: non-KeyUpdate fragment starts are rejected (710.29ms)
[780/850] PASS: handleRecord: KeyUpdate with trailing record bytes is rejected before ratchet (710.46ms)
[781/850] PASS: handleRecord: app-data interleaving during KeyUpdate reassembly is rejected (710.64ms)
[782/850] PASS: receiveApplicationData: app-data interleaving during KeyUpdate reassembly is rejected (710.82ms)
[783/850] PASS: handleRecord: alert interleaving during KeyUpdate reassembly is rejected (710.99ms)
[784/850] PASS: handleRecord: connected close_notify is clean, fatal alert records detail (711.17ms)
[785/850] PASS: handleRecord: zero-length handshake during KeyUpdate reassembly is rejected (711.35ms)
[786/850] PASS: handleRecord: ClientHello body_len 0xFFFFFF rejected without overflow (fast path) (711.40ms)
[787/850] PASS: handleRecord: split-header reassembly body_len 0xFFFFFF rejected without overflow (711.46ms)
[788/850] PASS: deinit leaves caller-owned buffers to the caller (711.62ms)
[789/850] PASS: fill writes caller buffer (711.63ms)
[790/850] PASS: encode: empty EncryptedExtensions (711.64ms)
[791/850] PASS: encode: ALPN EncryptedExtensions (711.64ms)
[792/850] PASS: encode: early_data accepted in EncryptedExtensions (711.65ms)
[793/850] PASS: encode: early_data omitted when not accepted (711.65ms)
[794/850] PASS: parse: valid EncryptedExtensions (711.66ms)
[795/850] PASS: parse: ALPN selection (711.66ms)
[796/850] PASS: parse: rejects unsolicited ALPN (711.67ms)
[797/850] PASS: parse: rejects unoffered ALPN (711.67ms)
[798/850] PASS: parse: rejects duplicate ALPN extension (711.68ms)
[799/850] PASS: parse: rejects multiple ALPN protocols (711.68ms)
[800/850] PASS: parse: rejects forbidden supported_versions extension (711.69ms)
[801/850] PASS: parse: rejects forbidden key_share extension (711.69ms)
[802/850] PASS: parse: rejects forbidden heartbeat extension (711.70ms)
[803/850] PASS: parse: rejects GREASE EncryptedExtensions extension (711.71ms)
[804/850] PASS: parse: rejects unknown unsolicited extension (711.71ms)
[805/850] PASS: parse: accepts server_name acknowledgment when SNI offered (711.72ms)
[806/850] PASS: parse: rejects server_name when SNI not offered (711.72ms)
[807/850] PASS: parse: rejects server_name acknowledgment with non-empty extension_data (711.73ms)
[808/850] PASS: parse: rejects unoffered record_size_limit in EncryptedExtensions (711.73ms)
[809/850] PASS: parse: accepts offered record_size_limit in EncryptedExtensions (711.74ms)
[810/850] PASS: parse: rejects malformed record_size_limit in EncryptedExtensions (711.74ms)
[811/850] PASS: parse: ignores supported_groups extension (711.75ms)
[812/850] PASS: parse: wrong handshake type (711.75ms)
[813/850] PASS: parse: truncated (711.76ms)
[814/850] PASS: encode round-trips via parse (711.77ms)
[815/850] PASS: parse rejects wrong handshake type (711.77ms)
[816/850] PASS: parse rejects missing signature_algorithms (711.78ms)
[817/850] PASS: parse rejects duplicate signature_algorithms (711.78ms)
[818/850] PASS: encodedLen is accurate (711.79ms)
[819/850] PASS: verify: wrong verify_data (711.79ms)
[820/850] PASS: verify: wrong handshake type (711.80ms)
[821/850] PASS: encode then verify round-trip (711.81ms)
[822/850] PASS: encode and parse NewSessionTicket round trip (711.81ms)
[823/850] PASS: encode validates NewSessionTicket bounds before writing (711.82ms)
[824/850] PASS: parse: valid NewSessionTicket (711.83ms)
[825/850] PASS: parse: captures early_data max_early_data_size (711.83ms)
[826/850] PASS: parse: skips unknown ticket extension (711.84ms)
[827/850] PASS: parse: skips GREASE ticket extension (711.84ms)
[828/850] PASS: parse: rejects duplicate early_data extension (711.85ms)
[829/850] PASS: parse: rejects malformed early_data length (711.86ms)
[830/850] PASS: parse: wrong handshake type (711.86ms)
[831/850] PASS: parse: rejects length mismatch (711.87ms)
[832/850] PASS: parse: rejects empty ticket (711.87ms)
[833/850] PASS: parse: rejects malformed extensions length (711.88ms)
[834/850] PASS: fuzz: parse handles arbitrary input (711.92ms)
[835/850] PASS: Writer.append: u8 (711.93ms)
[836/850] PASS: Writer.append: u16 big-endian (711.93ms)
[837/850] PASS: Writer.append: u24 big-endian (711.94ms)
[838/850] PASS: Writer.appendSlice (711.94ms)
[839/850] PASS: Writer.append: enum (711.95ms)
[840/850] PASS: Reader.read: u8 (711.95ms)
[841/850] PASS: Reader.read: u16 big-endian (711.96ms)
[842/850] PASS: Reader.read: enum (711.96ms)
[843/850] PASS: Reader.readSlice: zero-copy (711.97ms)
[844/850] PASS: Reader.read: UnexpectedEof (711.97ms)
[845/850] PASS: Reader assume methods skip bounds checks after caller validation (711.98ms)
[846/850] PASS: Writer.reserve: write directly into buffer (711.98ms)
[847/850] PASS: Writer: sequential appends (711.99ms)
[848/850] PASS: messageHashSynthetic: SHA-256 header (711.99ms)
[849/850] PASS: messageHashSynthetic: SHA-384 header (712.00ms)
[850/850] PASS: messageHashSynthetic: RFC 8448 §5 ClientHello1 SHA-256 (712.01ms)

ztest: 843 passed, 0 failed, 7 skipped (of 850 total) in 1712ms
ALL TESTS PASSED
Build Summary: 8/8 steps succeeded
test success
+- run test success 1s
|  +- compile test Debug native-native success 19s MaxRSS:715M
|     +- options success
+- run exe errq-alloc-check success 1ms
|  +- compile exe errq-alloc-check Debug native-native success 2s MaxRSS:272M
|     +- options (reused)
+- run exe encrypted-pem-check success 2ms
   +- compile exe encrypted-pem-check Debug native-native success 3s MaxRSS:294M
      +- options (reused)

zig fmt --check src/ examples/ bench/ shared/ tests/distribution-consumer/ build.zig
ziglint build.zig examples bench shared tests/distribution-consumer $(fd --extension zig --exclude certificate_parser.zig . src)
ast-grep scan --rule rules/no-ztls-owned-allocations.yml src --globs '*.zig' --globs '!src/test/**' --globs '!src/bench/**' --globs '!src/interop.zig' --report-style short
ast-grep scan --rule rules/no-c-pointer-types.yml src --globs '*.zig' --report-style short
# std-alias rules: enforce the aliases we always want. certificate_parser.zig
# is an upstream-derived std fork kept close to upstream, so it is excluded
# like ziglint does.
rc=0; for rule in rules/std-alias-*.yml; do ast-grep scan --rule "$rule" src examples bench shared --globs '*.zig' --globs '!src/certificate_parser.zig' --report-style short || rc=1; done; exit $rc
shellcheck --severity=warning scripts/*.sh infra/bench/*.sh infra/iam/*.sh
pinact run --fix=false --no-api .github/workflows/*.yml
zizmor .github
 INFO zizmor: 🌈 zizmor v1.30.1
 WARN audit: zizmor: zizmor is running in offline mode by default; some audits and auto-fixes will not be available. see https://docs.zizmor.sh/usage/#operating-modes for details
 INFO audit: zizmor: 🌈 completed .github/dependabot.yml
 INFO audit: zizmor: 🌈 completed .github/workflows/ci.yml
 INFO audit: zizmor: 🌈 completed .github/workflows/tls-anvil-client.yml
 INFO audit: zizmor: 🌈 completed .github/workflows/tls-anvil-server.yml
 INFO audit: zizmor: 🌈 completed .github/workflows/update-flake-lock.yml
 INFO audit: zizmor: 🌈 completed .github/workflows/zizmor.yml
No findings to report. Good job! (21 suppressed)
no status-language drift
no active-work headings referencing issues
README index matches research files
no closed-issue citations in research doc headings
no tracked binary fixture files
cargo fmt --check --manifest-path bench/rustls/Cargo.toml
cargo clippy --all-targets --release --manifest-path bench/rustls/Cargo.toml -- -D warnings
    Finished `release` profile [optimized] target(s) in 0.07s
just conformance/lint
uv run ruff format --check .
12 files already formatted
uv run ruff check .
All checks passed!
uv run ty check .
All checks passed!
zig fmt --check build.zig src/
ziglint build.zig src/
just --check --fmt --unstable --justfile justfile
./scripts/consumer-gate.sh --selftest
consumer-gate selftest: 23 checks passed
zig build example-tcp_loopback --summary all
[tcp]    server listening on 127.0.0.1:45781
[client] connected to 127.0.0.1:45781
[client] ClientHello sent → state=wait_sh
[server] accepted connection
[client] handshake complete (ALPN=h2)
[client] sent: GET / HTTP/1.0

[server] handshake complete (ALPN=h2)
[client] received: HTTP/1.0 200 OK
Content-Length: 5

hello

=== TCP loopback OK ===
Build Summary: 4/4 steps succeeded
example-tcp_loopback success
+- run exe tcp_loopback success 46ms
   +- compile exe tcp_loopback Debug native-native success 5s MaxRSS:437M
      +- options cached

zig build example-in_memory_handshake --summary all
[client] ClientHello sent → state=wait_sh
[server] ServerHello sent → state=wait_client_finished
[client] handshake keys installed → state=wait_ee
[server] authenticated flight sent → state=wait_client_finished
[client] Finished sent → state=connected
[server] client Finished verified → state=connected

=== handshake complete (ALPN=h2) ===

[app]    client → server: ping
[app]    server → client: pong

=== in-memory handshake OK ===
Build Summary: 4/4 steps succeeded
example-in_memory_handshake success
+- run exe in_memory_handshake success 9ms
   +- compile exe in_memory_handshake Debug native-native success 4s MaxRSS:432M
      +- options cached

zig build example-epoll_pingpong --summary all
[server] listening on 127.0.0.1:37203
[server] accepted connection
[client] connected to 127.0.0.1:37203
[client] ClientHello sent → state=wait_sh
[server] handshake complete (ALPN=pingpong)
[client] handshake complete (ALPN=pingpong)
[client] received: pong 1
[client] received: pong 2
[client] received: pong 3
[client] received: pong 4

=== epoll ping-pong OK ===
Build Summary: 4/4 steps succeeded
example-epoll_pingpong success
+- run exe epoll_pingpong success 72ms
   +- compile exe epoll_pingpong Debug native-native success 5s MaxRSS:457M
      +- options cached

zig build example-iouring_pingpong --summary all
[iouring] server listening on 127.0.0.1:36131
[client] connected to 127.0.0.1:36131
[server] accepted connection
[client] ClientHello sent → state=wait_sh
[client] handshake complete (ALPN=pingpong)
[server] handshake complete (ALPN=pingpong)
[client] received: pong 1
[client] received: pong 2
[client] received: pong 3
[client] received: pong 4

=== io_uring ping-pong OK ===
Build Summary: 4/4 steps succeeded
example-iouring_pingpong success
+- run exe iouring_pingpong success 66ms
   +- compile exe iouring_pingpong Debug native-native success 4s MaxRSS:439M
      +- options cached

just integrations/ztls-std/ci
zig fmt --check build.zig src/ examples/
ziglint build.zig src/ examples/
rc=0; for rule in ../../rules/std-alias-*.yml; do ast-grep scan --rule "$rule" src examples --globs '*.zig' --report-style short || rc=1; done; exit $rc
just --check --fmt --unstable --justfile justfile
zig build test --summary all
ztest: Running 1 test...
[1/1] PASS: smoke: ztls_std import resolves (552.81ms)

ztest: 1 passed, 0 failed, 0 skipped (of 1 total) in 553ms
ALL TESTS PASSED
ztest: Running 5 tests...
[1/5] PASS: public error mapping: a cert failure never degrades to a protocol error (865.13ms)
[2/5] PASS: public error mapping: client-credential faults are InvalidOptions (865.14ms)
[3/5] PASS: public error mapping: undersized client-identity storage is HandshakeBufferTooShort (865.15ms)
[4/5] PASS: alert fidelity: specific descriptions, silence after a peer alert (865.15ms)
[5/5] PASS: Config: buffer sizing is the whole story of the Stream footprint (865.16ms)

ztest: 5 passed, 0 failed, 0 skipped (of 5 total) in 865ms
ALL TESTS PASSED
ztest: Running 36 tests...
[1/36] PASS: option preflight reports hybrid policy faults without a socket (575.89ms)
[2/36] PASS: round-trip: handshake, both directions, ALPN, close_notify (587.30ms)
[3/36] PASS: split halves: blocked read permits write progress (593.62ms)
[4/36] PASS: split halves: KeyUpdate response precedes concurrent application data (608.34ms)
[5/36] PASS: split halves: writer drains a published KeyUpdate request (609.35ms)
[6/36] PASS: split halves: closeWrite drains a published KeyUpdate request (610.12ms)
[7/36] PASS: split halves: KeyUpdate response precedes concurrent close_notify (611.65ms)
[8/36] PASS: split halves: torn TX poisons later writes (616.45ms)
[9/36] PASS: split halves: abort wakes blocked read before teardown (624.39ms)
[10/36] PASS: split halves: abort wakes blocked write before teardown (628.84ms)
[11/36] PASS: info: peer_chain is empty without peer_chain_storage (629.54ms)
[12/36] PASS: deinit zeroes the wrapper's own buffers, including the retained chain (630.93ms)
[13/36] PASS: reader: peek past the current record keeps the unconsumed tail (681.80ms)
[14/36] PASS: reader: takeDelimiterInclusive spans a record boundary (733.39ms)
[15/36] PASS: reader: a line longer than read_buffer reports StreamTooLong (736.78ms)
[16/36] PASS: reader: stream to a writer drains the connection (738.12ms)
[17/36] PASS: closeWrite: preserves the peer's response (740.08ms)
[18/36] PASS: closeWrite: reads through a later KeyUpdate request (745.32ms)
[19/36] PASS: close: flushes staged plaintext before close_notify (747.03ms)
[20/36] PASS: writer: a large write spans multiple records (747.95ms)
[21/36] PASS: writer: rejects writes after closeWrite (748.54ms)
[22/36] PASS: accept: empty cert_chain fails and cleans up after itself (748.60ms)
[23/36] PASS: abortBeforeInit: peer sees EOF and deinit stays a no-op (748.64ms)
[24/36] PASS: connect: hostname mismatch surfaces as CertificateVerificationFailed (749.16ms)
[25/36] PASS: alpn: no overlap fails both sides with a reason (750.49ms)
[26/36] PASS: readError: a forged record is reported as TlsDecryptError (751.38ms)
[27/36] PASS: readError: a peer fatal alert is reported as TlsAlertReceived (754.10ms)
[28/36] PASS: readError: null on a healthy connection (756.07ms)
[29/36] PASS: reader: a flood of empty records is bounded, not an infinite read (758.12ms)
[30/36] PASS: reader: a few empty records are skipped, then real data arrives (758.88ms)
[31/36] PASS: hasBuffered: drains coalesced records without a transport read (768.67ms)
[32/36] PASS: client auth: required insecure mTLS retains the exact client leaf DER (769.62ms)
[33/36] PASS: client auth: optional with no client certificate succeeds, identity null (770.47ms)
[34/36] PASS: client auth: required with no client certificate is rejected (771.20ms)
[35/36] PASS: client credentials: empty chain is InvalidOptions before wire I/O (771.44ms)
[36/36] PASS: client auth: undersized identity storage surfaces HandshakeBufferTooShort (772.33ms)

ztest: 36 passed, 0 failed, 0 skipped (of 36 total) in 772ms
ALL TESTS PASSED
ztest: Running 2 tests...
[1/2] PASS: crlfTranslate: bare LF becomes CRLF, existing CRLF is untouched (976.45ms)
[2/2] PASS: crlfTranslate: carries CR state across chunks (976.46ms)

ztest: 2 passed, 0 failed, 0 skipped (of 2 total) in 976ms
ALL TESTS PASSED
ztest: Running 6 tests...
[1/6] PASS: ztls_std.Client interoperates with openssl s_server (631.30ms)
[2/6] PASS: openssl s_client interoperates with ztls_std.Server (639.18ms)
[3/6] PASS: ztls_std.Client credentials interoperate with openssl s_server -Verify (669.84ms)
[4/6] PASS: ztls_std.Client without credentials is rejected by openssl s_server -Verify (711.84ms)
[5/6] PASS: openssl s_client credentials interoperate with a requiring ztls_std.Server (800.32ms)
[6/6] PASS: openssl s_client without credentials receives certificate_required from ztls_std.Server (813.63ms)

ztest: 6 passed, 0 failed, 0 skipped (of 6 total) in 814ms
ALL TESTS PASSED
no tests found
Build Summary: 15/15 steps succeeded
test success
+- run test success 1ms
|  +- compile test Debug native success 2s MaxRSS:298M
|     +- options cached
+- run test success 199ms
|  +- compile test Debug native success 5s MaxRSS:487M
|     +- options (reused)
+- run test success 227ms
|  +- compile test Debug native success 6s MaxRSS:474M
|     +- options (reused)
+- run test success 1ms
|  +- compile test Debug native success 2s MaxRSS:284M
|     +- options (reused)
+- run test success 1ms
|  +- compile test Debug native success 2s MaxRSS:286M
|     +- options (reused)
+- run test success 1ms
   +- compile test Debug native success 2s MaxRSS:290M
      +- options (reused)
      +- options cached

zig build build-examples
just integrations/ztls-xev/ci
zig fmt --check build.zig src/ examples/
ziglint build.zig src/ examples/
rc=0; for rule in ../../rules/std-alias-*.yml; do ast-grep scan --rule "$rule" src examples --globs '*.zig' --report-style short || rc=1; done; exit $rc
just --check --fmt --unstable --justfile justfile
zig build test --summary all
ztest: Running 1 test...
[1/1] PASS: resolve: an IP literal needs no DNS (114.61ms)

ztest: 1 passed, 0 failed, 0 skipped (of 1 total) in 115ms
ALL TESTS PASSED
ztest: Running 1 test...
[1/1] PASS: credentials build from the embedded fixture (200.45ms)

ztest: 1 passed, 0 failed, 0 skipped (of 1 total) in 200ms
ALL TESTS PASSED
ztest: Running 17 tests...
[1/17] PASS: State.isShuttingDown: classifies every state, and only the closing pair (409.59ms)
[2/17] PASS: isTls: only the TLS Handshake ContentType qualifies (409.60ms)
[3/17] PASS: fromCore: projections that matter (409.61ms)
[4/17] PASS: root.test_0 (409.61ms)
[5/17] PASS: init: insecure config needs no allocator and anchors nothing (409.62ms)
[6/17] PASS: init: a borrowed bundle is anchored and not owned (409.63ms)
[7/17] PASS: init: local policy faults are explicit (409.63ms)
[8/17] PASS: initSystemBundle: policy validation precedes trust-store allocation (409.64ms)
[9/17] PASS: config is reusable across connections: no per-connection state (409.64ms)
[10/17] PASS: init: credentials are borrowed verbatim (410.05ms)
[11/17] PASS: init: local policy faults are explicit (410.08ms)
[12/17] PASS: config is reusable across connections: no per-connection state (410.08ms)
[13/17] PASS: TestConn.Storage: every field owns its bytes inline, so a whole-struct wipe is sound (410.09ms)
[14/17] PASS: TestConn.Storage: secureZero clears all three buffers in one pass (410.55ms)
[15/17] PASS: Buffers: documented minimums match what init asserts (410.56ms)
[16/17] PASS: TestConn.alertFor: every error is classified, and peer-fault errors get an alert (410.56ms)
[17/17] PASS: Slot: take clears before invoking so a callback may re-arm (410.57ms)

ztest: 17 passed, 0 failed, 0 skipped (of 17 total) in 411ms
ALL TESTS PASSED
ztest: Running 9 tests...
[1/9] PASS: libxev backend matches the platform (42.74ms)
[2/9] PASS: the close thread-pool guard is active exactly where close needs a pool (42.75ms)
[3/9] PASS: xev client: handshake, write, read, close_notify (53.07ms)
[4/9] PASS: xev server: handshake, echo, and close against an xev client (53.92ms)
[5/9] PASS: xev server: a client that handshakes then leaves without speaking (54.55ms)
[6/9] PASS: close: closeReset with a read in flight cancels it, then closes (60.87ms)
[7/9] PASS: close: orderly close with a read in flight still sends close_notify (66.87ms)
[8/9] PASS: close: closeReset with a write in flight cancels it, then closes (73.42ms)
[9/9] PASS: close: orderly close with a write in flight abandons close_notify (79.91ms)

ztest: 9 passed, 0 failed, 0 skipped (of 9 total) in 80ms
ALL TESTS PASSED
Build Summary: 10/10 steps succeeded
test success
+- run test success 2ms
|  +- compile test Debug native success 2s MaxRSS:322M
|     +- options cached
+- run test success 40ms
|  +- compile test Debug native success 4s MaxRSS:491M
|     +- options (reused)
+- run test success 1ms
|  +- compile test Debug native success 2s MaxRSS:286M
|     +- options (reused)
+- run test success 2ms
   +- compile test Debug native success 2s MaxRSS:300M
      +- options (reused)

zig build build-examples
if [ "$(uname -s)" = Linux ]; then just integrations/ztls-ktls/ci; else echo "ztls-ktls: Linux-only, skipped"; fi
zig fmt --check build.zig src/ examples/
ziglint build.zig src/ examples/
rc=0; for rule in ../../rules/std-alias-*.yml; do ast-grep scan --rule "$rule" src examples --globs '*.zig' --report-style short || rc=1; done; exit $rc
just --check --fmt --unstable --justfile justfile
zig build test --summary all
ztest: Running 5 tests...
[1/5] PASS: empty application data is not a clean TLS close (423.89ms)
[2/5] PASS: received bytes require kTLS record metadata (423.90ms)
[3/5] PASS: root.test_0 (423.91ms)
[4/5] PASS: record reports require MSG_EOR in this integration (423.91ms)
[5/5] PASS: client and server connection types share the core KeyUpdate enum (423.92ms)

ztest: 5 passed, 0 failed, 0 skipped (of 5 total) in 424ms
ALL TESTS PASSED
ztest: Running 11 tests...
[1/11] PASS: Linux kTLS AES-128-GCM handoff, rekey, and clean closure (200.33ms)
[2/11] PASS: Linux kTLS AES-256-GCM handoff, rekey, and clean closure (248.47ms)
[3/11] PASS: Linux kTLS ChaCha20-Poly1305 handoff, rekey, and clean closure (292.21ms)
[4/11] PASS: Linux kTLS client and server roles interoperate (336.23ms)
[5/11] PASS: Linux kTLS handles empty data then coalesced ticket and KeyUpdate (428.14ms)
[6/11] PASS: Linux kTLS drains forced read-ahead before handoff (428.95ms)
[7/11] PASS: Linux kTLS pending-write handoff drains existing read-ahead (429.66ms)
[8/11] PASS: Linux kTLS rejects handoff until NewSessionTicket is flushed (430.34ms)
[9/11] PASS: Linux kTLS rejects handoff with a KeyUpdate response owed (476.23ms)
[10/11] PASS: Linux kTLS rejects a bare FIN as truncated TLS (520.12ms)
[11/11] PASS: Linux kTLS rejects fragmented KeyUpdate without hanging (568.12ms)

ztest: 11 passed, 0 failed, 0 skipped (of 11 total) in 568ms
ALL TESTS PASSED
Build Summary: 6/6 steps succeeded
test success
+- run test success 1ms
|  +- compile test Debug native success 1s MaxRSS:286M
|     +- options cached
+- run test success 414ms
   +- compile test Debug native success 4s MaxRSS:480M
      +- options (reused)

zig build build-examples
./scripts/distribution-smoke.sh integrations
Build Summary: 5/5 steps succeeded
install success
+- install ztls-distribution-consumer success
   +- compile exe ztls-distribution-consumer Debug native success 3s MaxRSS:376M
      +- options success
      +- options success

Build Summary: 5/5 steps succeeded
install success
+- install ztls-distribution-consumer success
   +- compile exe ztls-distribution-consumer Debug native success 1s MaxRSS:269M
      +- options success
      +- options cached

Build Summary: 5/5 steps succeeded
install success
+- install ztls-distribution-consumer success
   +- compile exe ztls-distribution-consumer Debug native success 1s MaxRSS:274M
      +- options success
      +- options cached

ztls integrations distribution smoke passed from an isolated fetched package
if [ "$(uname -s)" = Linux ]; then just check-memory-units; fi
Memory evidence: /Users/matt/code/ztls/zig-out/memory.81pdcj
warning: Git tree '/Users/matt/code/ztls' is dirty
test: zero Memcheck errors
Memory evidence retained: /Users/matt/code/ztls/zig-out/memory.81pdcj
just conformance/ci
zig build test
just tlsfuzzer -v
zig build
patched X509CertificateChainProvider (basicConstraints cA) into /Users/matt/code/ztls/conformance/zig-out/tools/lib/tls-test-framework-1.5.0.jar
patched DateTimeAdapter (JAXB validity serialization) into /Users/matt/code/ztls/conformance/zig-out/tools/lib/x509-attacker-4.3.10.jar
uv run pytest -v
============================= test session starts ==============================
platform linux -- Python 3.14.7, pytest-9.0.3, pluggy-1.6.0 -- /Users/matt/code/ztls/conformance/.venv/bin/python
cachedir: .pytest_cache
rootdir: /Users/matt/code/ztls/conformance
configfile: pyproject.toml
collecting ... collected 102 items

tests/test_anvil_adapter.py::test_extract_feature_from_tls_anvil_class_id PASSED [  0%]
tests/test_anvil_adapter.py::test_extract_feature_unknown_when_id_shape_is_not_tls_anvil PASSED [  1%]
tests/test_anvil_adapter.py::test_adapter_normalizes_per_test_json_directory PASSED [  2%]
tests/test_anvil_adapter.py::test_adapter_prefers_class_method_over_opaque_test_id PASSED [  3%]
tests/test_anvil_adapter.py::test_adapter_accepts_report_json_with_normalized_tests PASSED [  4%]
tests/test_anvil_adapter.py::test_adapter_falls_back_to_per_test_files_when_report_json_is_not_normalized PASSED [  5%]
tests/test_anvil_adapter.py::test_adapter_to_report_matches_skip_patterns_by_stable_id PASSED [  6%]
tests/test_anvil_adapter.py::test_adapter_rejects_raw_tls_anvil_report_that_is_still_running PASSED [  7%]
tests/test_anvil_adapter.py::test_adapter_rejects_still_running_report_zip PASSED [  8%]
tests/test_anvil_adapter.py::test_adapter_allow_partial_accepts_still_running_report PASSED [  9%]
tests/test_anvil_adapter.py::test_adapter_allow_partial_accepts_still_running_report_zip PASSED [ 10%]
tests/test_anvil_adapter.py::test_adapter_rejects_directory_without_result_json PASSED [ 11%]
tests/test_anvil_adapter.py::test_adapter_marks_unknown_results_as_not_specified PASSED [ 12%]
tests/test_anvil_adapter.py::test_adapter_carries_failure_inducing_combinations PASSED [ 13%]
tests/test_anvil_adapter.py::test_adapter_carries_failure_combinations_from_normalized_report_json PASSED [ 14%]
tests/test_anvil_client.py::test_write_run_metadata_records_command_git_and_client_fields PASSED [ 15%]
tests/test_anvil_client.py::test_main_writes_run_metadata_before_launching_tls_anvil PASSED [ 16%]
tests/test_anvil_client.py::test_main_uses_tls_anvil_client_mode_with_trigger_script PASSED [ 17%]
tests/test_anvil_client.py::test_trigger_script_is_executable_stdlib_python_without_shell_helpers PASSED [ 18%]
tests/test_anvil_client.py::test_trigger_script_reads_the_clock_once_and_only_via_time_ns PASSED [ 19%]
tests/test_anvil_client.py::test_start_record_has_subsecond_utc_and_single_snapshot_identity PASSED [ 20%]
tests/test_anvil_client.py::test_each_invocation_is_attributable_via_ledger_not_filename_order PASSED [ 21%]
tests/test_anvil_client.py::test_trigger_script_quotes_paths_with_spaces_and_quotes PASSED [ 22%]
tests/test_anvil_client.py::test_trigger_fails_loudly_when_invocation_file_cannot_be_created PASSED [ 23%]
tests/test_anvil_client.py::test_trigger_script_preserves_client_signal_death PASSED [ 24%]
tests/test_anvil_client.py::test_invocation_header_constant_matches_generated_script PASSED [ 25%]
tests/test_anvil_report.py::test_skip_list_loaded PASSED                 [ 26%]
tests/test_anvil_report.py::test_synthetic_fixture_loads PASSED          [ 27%]
tests/test_anvil_report.py::test_pattern_hello_retry_request_reason_matches PASSED [ 28%]
tests/test_anvil_report.py::test_pattern_psk_disabled_reason_matches PASSED [ 29%]
tests/test_anvil_report.py::test_pattern_tls12_lowercase_id_matches PASSED [ 30%]
tests/test_anvil_report.py::test_named_group_disabled_cases_use_exact_ids PASSED [ 31%]
tests/test_anvil_report.py::test_end_of_early_data_pass_not_hidden_by_skip_list PASSED [ 32%]
tests/test_anvil_report.py::test_server_early_data_disabled_still_caught_by_skip_list PASSED [ 33%]
tests/test_anvil_report.py::test_end_of_early_data_pass_is_clean_pass_in_pipeline PASSED [ 34%]
tests/test_anvil_report.py::test_skip_pattern_falsification_caught PASSED [ 35%]
tests/test_anvil_report.py::test_skip_pattern_matches_disabled_reason_when_name_and_id_are_generic PASSED [ 36%]
tests/test_anvil_report.py::test_skip_pattern_matches_stable_test_id_when_name_is_generic PASSED [ 37%]
tests/test_anvil_report.py::test_report_on_synthetic_fixture PASSED      [ 38%]
tests/test_anvil_report.py::test_summary_json_structure PASSED           [ 39%]
tests/test_anvil_report.py::test_summary_json_counts_match_expected PASSED [ 40%]
tests/test_anvil_report.py::test_committed_skip_list_reports_unmatched_patterns_for_synthetic_fixture PASSED [ 41%]
tests/test_anvil_report.py::test_summary_json_unexpected_count_match_expected PASSED [ 42%]
tests/test_anvil_report.py::test_summary_json_feature_breakdown_size PASSED [ 43%]
tests/test_anvil_report.py::test_summary_json_unexpected_pass_has_rationale PASSED [ 44%]
tests/test_anvil_report.py::test_skip_pattern_does_not_hide_failed_test PASSED [ 45%]
tests/test_anvil_report.py::test_summary_json_unexpected_fail_has_rationale PASSED [ 46%]
tests/test_anvil_report.py::test_summary_json_and_txt_carry_provenance PASSED [ 47%]
tests/test_anvil_report.py::test_report_rejects_allow_partial_provenance PASSED [ 48%]
tests/test_anvil_report.py::test_report_rejects_incomplete_tls_anvil_provenance PASSED [ 49%]
tests/test_anvil_report.py::test_summary_txt_contains_counts PASSED      [ 50%]
tests/test_anvil_report.py::test_summary_txt_contains_per_feature PASSED [ 50%]
tests/test_anvil_report.py::test_unmatched_skip_patterns_reported PASSED [ 51%]
tests/test_anvil_report.py::test_failed_test_with_matching_disabled_reason_still_fails PASSED [ 52%]
tests/test_anvil_report.py::test_endpoint_mode_disabled_is_not_attempted PASSED [ 53%]
tests/test_anvil_report.py::test_disabled_reason_skip_pattern_counts_as_expected_skip PASSED [ 54%]
tests/test_anvil_report.py::test_unexpected_skipped_has_rationale PASSED [ 55%]
tests/test_anvil_report.py::test_all_passing_report_exits_zero PASSED    [ 56%]
tests/test_anvil_report.py::test_parser_rejects_missing_input PASSED     [ 57%]
tests/test_anvil_report.py::test_parser_rejects_missing_skip_list PASSED [ 58%]
tests/test_anvil_report.py::test_dsa_root_failure_classified_as_expected_failed PASSED [ 59%]
tests/test_anvil_report.py::test_dsa_root_failure_all_six_gated_ids PASSED [ 60%]
tests/test_anvil_report.py::test_non_dsa_root_failure_stays_unexpected PASSED [ 61%]
tests/test_anvil_report.py::test_dsa_root_failure_with_wrong_test_id_stays_unexpected PASSED [ 62%]
tests/test_anvil_report.py::test_dsa_root_failure_without_combinations_stays_unexpected PASSED [ 63%]
tests/test_anvil_report.py::test_mixed_combinations_with_non_dsa_stays_unexpected PASSED [ 64%]
tests/test_anvil_report.py::test_dsa_root_all_three_rsa_leaf_sizes PASSED [ 65%]
tests/test_anvil_report.py::test_dsa_root_non_rsa_leaf_stays_unexpected PASSED [ 66%]
tests/test_anvil_report.py::test_expected_failed_not_counted_as_unexpected_for_exit_code PASSED [ 67%]
tests/test_anvil_report.py::test_expected_failed_feature_breakdown PASSED [ 68%]
tests/test_anvil_report.py::test_expected_failed_not_in_expected_skipped PASSED [ 69%]
tests/test_anvil_server.py::test_write_run_metadata_records_command_and_git PASSED [ 70%]
tests/test_anvil_server.py::test_main_writes_run_metadata_before_launching_tls_anvil PASSED [ 71%]
tests/test_anvil_server.py::test_snapshot_logs_returns_empty_for_missing_or_empty_dir PASSED [ 72%]
tests/test_anvil_server.py::test_copy_new_logs_copies_only_new_or_changed_files PASSED [ 73%]
tests/test_anvil_server.py::test_copy_new_logs_ignores_missing_source PASSED [ 74%]
tests/test_anvil_server.py::test_copy_new_logs_ignores_unchanged_files PASSED [ 75%]
tests/test_anvil_server.py::test_chain_provider_provenance_detects_patched_artifact PASSED [ 76%]
tests/test_anvil_server.py::test_chain_provider_provenance_detects_unpatched_and_stale_artifacts PASSED [ 77%]
tests/test_anvil_server.py::test_write_run_metadata_records_chain_provider_provenance PASSED [ 78%]
tests/test_anvil_server.py::test_validity_adapter_provenance_detects_patched_artifact PASSED [ 79%]
tests/test_anvil_server.py::test_validity_adapter_provenance_detects_unpatched_tampered_and_stale PASSED [ 80%]
tests/test_anvil_server.py::test_write_run_metadata_records_validity_adapter_provenance PASSED [ 81%]
tests/test_tls13.py::test_tls13_handshake_and_application_echo PASSED    [ 82%]
tests/test_tls13.py::test_tls13_aes256_gcm_echo PASSED                   [ 83%]
tests/test_tls13.py::test_tls13_chacha20_poly1305_echo PASSED            [ 84%]
tests/test_tls13.py::test_tls13_keyupdate_update_requested PASSED        [ 85%]
tests/test_tls13.py::test_tls13_corrupted_app_data_record_is_rejected PASSED [ 86%]
tests/test_tls13.py::test_tls13_rejects_truncated_keyupdate PASSED       [ 87%]
tests/test_tls13.py::test_tls13_rejects_invalid_keyupdate_request PASSED [ 88%]
tests/test_tls13.py::test_tls13_oversized_record_is_rejected PASSED      [ 89%]
tests/test_tls13.py::test_tls13_close_notify_before_handshake PASSED     [ 90%]
tests/test_tls13.py::test_tls13_rejects_garbage_pre_handshake PASSED     [ 91%]
tests/test_tls13.py::test_tls13_rejects_finished_before_handshake PASSED [ 92%]
tests/test_tls13.py::test_tls13_rejects_truncated_client_hello_record PASSED [ 93%]
tests/test_tls13.py::test_tls13_rejects_empty_client_hello_record PASSED [ 94%]
tests/test_tls13.py::test_tls13_rejects_truncated_key_share_extension PASSED [ 95%]
tests/test_tls13.py::test_tls13_rejects_unshared_alpn PASSED             [ 96%]
tests/test_tls13.py::test_tls13_rejects_unsupported_cipher_suite PASSED  [ 97%]
tests/test_tls13_mlkem.py::test_upstream_tls13_mlkem_matrix PASSED       [ 98%]
tests/test_tlsanvil.py::test_tls_anvil_cli_dependencies_are_installed PASSED [ 99%]
tests/test_tlsanvil.py::test_tls_anvil_skip_list_uses_github_issue_refs PASSED [100%]

============================= 102 passed in 4.27s ==============================
just anvil-report-test
uv run pytest -q tests/test_anvil_report.py
.............................................                            [100%]
45 passed in 1.67s
just anvil-adapter-test
uv run pytest -q tests/test_anvil_adapter.py
...............                                                          [100%]
15 passed in 0.70s
just anvil-server-test
uv run pytest -q tests/test_anvil_server.py
............                                                             [100%]
12 passed in 0.05s
just anvil-client-test
uv run pytest -q tests/test_anvil_client.py
...........                                                              [100%]
11 passed in 0.22s
just anvil-chain-patch-test
zig build
patched X509CertificateChainProvider (basicConstraints cA) into /Users/matt/code/ztls/conformance/zig-out/tools/lib/tls-test-framework-1.5.0.jar
patched DateTimeAdapter (JAXB validity serialization) into /Users/matt/code/ztls/conformance/zig-out/tools/lib/x509-attacker-4.3.10.jar
bash scripts/anvil-chain-provider-patch/probe.sh
Note: /Users/matt/code/ztls/conformance/scripts/anvil-chain-provider-patch/ValidityRoundTripProbe.java uses or overrides a deprecated API.
Note: Recompile with -Xlint:deprecation for details.
code_source=file:/Users/matt/code/ztls/conformance/zig-out/tools/lib/tls-test-framework-1.5.0.jar
leaf_public_key_types=[dsa, ecdh_ecdsa, rsa, rsaes_oaep, rsassa_pss]
leaf_rsa_modulus_bits=[1024, 2048, 4096]
PROBE_OK signing-cert configs carry critical basicConstraints cA=true
config_code_source=file:/Users/matt/code/ztls/conformance/zig-out/tools/lib/x509-attacker-4.3.10.jar
ok   X509CertificateConfig loaded from installed x509-attacker-4.3.10.jar
adapter_code_source=file:/Users/matt/code/ztls/conformance/zig-out/tools/lib/x509-attacker-4.3.10.jar
ok   DateTimeAdapter loaded from installed x509-attacker-4.3.10.jar
ok   package-level @XmlJavaTypeAdapter(DateTimeAdapter) is effective
ok   unmarshal(null) returns null
ok   marshal(null) returns null
ok   adapter round trip preserves millis and +03:00 offset: 2019-07-06T05:06:07.891+03:00
ok   unmarshal(malformed string) throws IllegalArgumentException
ok   provider chain has leaf and signing configs
ok   baseline cert 0 notBefore is 2026: 2026-01-01T00:00:00.000Z
ok   baseline cert 0 notAfter is 2028: 2028-01-01T00:00:00.000Z
ok   baseline cert 1 notBefore is 2026: 2026-01-01T00:00:00.000Z
ok   baseline cert 1 notAfter is 2028: 2028-01-01T00:00:00.000Z
ok   createCopy x3 default window: all chain configs survive
ok   createCopy x3 default window: cert 0 notBefore preserved: 2026-01-01T00:00:00.000Z
ok   createCopy x3 default window: cert 0 notAfter preserved: 2028-01-01T00:00:00.000Z
ok   createCopy x3 default window: cert 1 notBefore preserved: 2026-01-01T00:00:00.000Z
ok   createCopy x3 default window: cert 1 notAfter preserved: 2028-01-01T00:00:00.000Z
ok   createCopy default window: built both chain certificates
ok   createCopy default window: DER cert 0 notBefore=Wed Dec 31 16:00:00 PST 2025 matches config 2026-01-01T00:00:00.000Z
ok   createCopy default window: DER cert 0 notAfter=Fri Dec 31 16:00:00 PST 2027 matches config 2028-01-01T00:00:00.000Z
ok   createCopy default window: DER cert 1 notBefore=Wed Dec 31 16:00:00 PST 2025 matches config 2026-01-01T00:00:00.000Z
ok   createCopy default window: DER cert 1 notAfter=Fri Dec 31 16:00:00 PST 2027 matches config 2028-01-01T00:00:00.000Z
ok   ConfigIO default window: all chain configs survive
ok   ConfigIO default window: cert 0 notBefore preserved: 2026-01-01T00:00:00.000Z
ok   ConfigIO default window: cert 0 notAfter preserved: 2028-01-01T00:00:00.000Z
ok   ConfigIO default window: cert 1 notBefore preserved: 2026-01-01T00:00:00.000Z
ok   ConfigIO default window: cert 1 notAfter preserved: 2028-01-01T00:00:00.000Z
ok   ConfigIO default window: built both chain certificates
ok   ConfigIO default window: DER cert 0 notBefore=Wed Dec 31 16:00:00 PST 2025 matches config 2026-01-01T00:00:00.000Z
ok   ConfigIO default window: DER cert 0 notAfter=Fri Dec 31 16:00:00 PST 2027 matches config 2028-01-01T00:00:00.000Z
ok   ConfigIO default window: DER cert 1 notBefore=Wed Dec 31 16:00:00 PST 2025 matches config 2026-01-01T00:00:00.000Z
ok   ConfigIO default window: DER cert 1 notAfter=Fri Dec 31 16:00:00 PST 2027 matches config 2028-01-01T00:00:00.000Z
ok   createCopy x3 custom windows: all chain configs survive
ok   createCopy x3 custom windows: cert 0 notBefore preserved: 2019-07-06T05:06:07.891+03:00
ok   createCopy x3 custom windows: cert 0 notAfter preserved: 2031-02-03T04:05:06.789-09:30
ok   createCopy x3 custom windows: cert 1 notBefore preserved: 2018-03-04T05:06:07.000Z
ok   createCopy x3 custom windows: cert 1 notAfter preserved: 2019-12-31T23:59:59.000Z
ok   createCopy custom windows: built both chain certificates
ok   createCopy custom windows: DER cert 0 notBefore=Fri Jul 05 19:06:07 PDT 2019 matches config 2019-07-06T05:06:07.891+03:00
ok   createCopy custom windows: DER cert 0 notAfter=Mon Feb 03 05:35:06 PST 2031 matches config 2031-02-03T04:05:06.789-09:30
ok   createCopy custom windows: DER cert 1 notBefore=Sat Mar 03 21:06:07 PST 2018 matches config 2018-03-04T05:06:07.000Z
ok   createCopy custom windows: DER cert 1 notAfter=Tue Dec 31 15:59:59 PST 2019 matches config 2019-12-31T23:59:59.000Z
ok   ConfigIO custom windows: all chain configs survive
ok   ConfigIO custom windows: cert 0 notBefore preserved: 2019-07-06T05:06:07.891+03:00
ok   ConfigIO custom windows: cert 0 notAfter preserved: 2031-02-03T04:05:06.789-09:30
ok   ConfigIO custom windows: cert 1 notBefore preserved: 2018-03-04T05:06:07.000Z
ok   ConfigIO custom windows: cert 1 notAfter preserved: 2019-12-31T23:59:59.000Z
ok   ConfigIO custom windows: built both chain certificates
ok   ConfigIO custom windows: DER cert 0 notBefore=Fri Jul 05 19:06:07 PDT 2019 matches config 2019-07-06T05:06:07.891+03:00
ok   ConfigIO custom windows: DER cert 0 notAfter=Mon Feb 03 05:35:06 PST 2031 matches config 2031-02-03T04:05:06.789-09:30
ok   ConfigIO custom windows: DER cert 1 notBefore=Sat Mar 03 21:06:07 PST 2018 matches config 2018-03-04T05:06:07.000Z
ok   ConfigIO custom windows: DER cert 1 notAfter=Tue Dec 31 15:59:59 PST 2019 matches config 2019-12-31T23:59:59.000Z
ok   future window: all chain configs survive
ok   future window: cert 0 notBefore preserved: 2040-01-01T00:00:00.000Z
ok   future window: cert 0 notAfter preserved: 2041-01-01T00:00:00.000Z
ok   future window: cert 1 notBefore preserved: 2018-03-04T05:06:07.000Z
ok   future window: cert 1 notAfter preserved: 2019-12-31T23:59:59.000Z
ok   future window: built both chain certificates
ok   future window: DER cert 0 notBefore=Sat Dec 31 16:00:00 PST 2039 matches config 2040-01-01T00:00:00.000Z
ok   future window: DER cert 0 notAfter=Mon Dec 31 16:00:00 PST 2040 matches config 2041-01-01T00:00:00.000Z
ok   future window: DER cert 1 notBefore=Sat Mar 03 21:06:07 PST 2018 matches config 2018-03-04T05:06:07.000Z
ok   future window: DER cert 1 notAfter=Tue Dec 31 15:59:59 PST 2019 matches config 2019-12-31T23:59:59.000Z
PASS validity round trip
