BenchmarkRecordEncryptPrepared/TLS_AES_128_GCM_SHA256/1350	       1	       303.0 ns/op	4455.45 MB/s
O_COLOR=1 pkg-config libcrypto --cflags --libs
NO_COLOR=1 pkg-config libcrypto --cflags --libs
NO_COLOR=1 pkg-config libcrypto --cflags --libs
/nix/store/HASH-zig-0.15.2/bin/zig build-exe -I/nix/store/HASH-boringssl-0.20260803.0-dev/include -L/nix/store/HASH-boringssl-0.20260803.0/lib -lcrypto -ODebug -target native-native -mcpu apple_m1 --dep ztls --dep fixtures -Mroot=/Users/matt/code/ztls/src/test/errq_alloc_check.zig -I/nix/store/HASH-boringssl-0.20260803.0-dev/include -ODebug -target native-native -mcpu apple_m1 --dep build_options -Mztls=/Users/matt/code/ztls/src/root.zig -ODebug -target native-native -mcpu apple_m1 -Mfixtures=/Users/matt/code/ztls/tests/fixtures/fixtures.zig -Mbuild_options=/tmp/tmp.bw7894mKhm/c/5f561f0723d3bca47c7861e3338782bd/options.zig -lc --cache-dir /tmp/tmp.bw7894mKhm --global-cache-dir /tmp/ztls-plc-cache/global --name errq-alloc-check --zig-lib-dir /nix/store/HASH-zig-0.15.2/lib/zig/ --listen=-
/nix/store/HASH-zig-0.15.2/bin/zig build-exe -I/nix/store/HASH-boringssl-0.20260803.0-dev/include -L/nix/store/HASH-boringssl-0.20260803.0/lib -lcrypto -ODebug -target native-native -mcpu apple_m1 --dep ztls --dep fixtures -Mroot=/Users/matt/code/ztls/src/test/encrypted_pem_check.zig -I/nix/store/HASH-boringssl-0.20260803.0-dev/include -ODebug -target native-native -mcpu apple_m1 --dep build_options -Mztls=/Users/matt/code/ztls/src/root.zig -ODebug -target native-native -mcpu apple_m1 -Mfixtures=/Users/matt/code/ztls/tests/fixtures/fixtures.zig -Mbuild_options=/tmp/tmp.bw7894mKhm/c/5f561f0723d3bca47c7861e3338782bd/options.zig -lc --cache-dir /tmp/tmp.bw7894mKhm --global-cache-dir /tmp/ztls-plc-cache/global --name encrypted-pem-check --zig-lib-dir /nix/store/HASH-zig-0.15.2/lib/zig/ --listen=-
/nix/store/HASH-zig-0.15.2/bin/zig test -I/nix/store/HASH-boringssl-0.20260803.0-dev/include -L/nix/store/HASH-boringssl-0.20260803.0/lib -lcrypto -ODebug -target native-native -mcpu apple_m1 --dep build_options --dep txtar --dep fixtures -Mroot=/Users/matt/code/ztls/src/test.zig -Mbuild_options=/tmp/tmp.bw7894mKhm/c/5f561f0723d3bca47c7861e3338782bd/options.zig -ODebug -target native-native -mcpu apple_m1 -Mtxtar=/tmp/ztls-plc-cache/global/p/txtar-0.1.0-RyJLBJ5rAABCV5lD0YSt048wd3l9Nk9a4_TnEnm0MZ9P/src/root.zig -ODebug -target native-native -mcpu apple_m1 -Mfixtures=/Users/matt/code/ztls/tests/fixtures/fixtures.zig -lc --test-runner /tmp/ztls-plc-cache/global/p/ztest-0.2.0-h6PBzyKEAAC49mtm1NO2CTeniItVuL0l06TpBDMDTe19/src/test_runner.zig --cache-dir /tmp/tmp.bw7894mKhm --global-cache-dir /tmp/ztls-plc-cache/global --name test --zig-lib-dir /nix/store/HASH-zig-0.15.2/lib/zig/ --listen=-
/tmp/tmp.bw7894mKhm/o/ef603fd6dc66b52162d85c99f5989a03/errq-alloc-check
errq-alloc-check: skipped for boringssl
/tmp/tmp.bw7894mKhm/o/56b0e0dc62963d8248be7cde527dbc7f/encrypted-pem-check
encrypted-pem-check: ok (pipe, terminal)
/tmp/tmp.bw7894mKhm/o/fe84127fc441d98e566a10c5149f1985/test
ztest: Running 850 tests...
[1/850] PASS: test_0 (573.08ms)
[2/850] PASS: Wycheproof: X25519 shared secret tcId 1 (573.15ms)
[3/850] PASS: Wycheproof boundary: X25519 identity element is rejected (573.19ms)
[4/850] PASS: Wycheproof boundary: X25519 small-order public key is rejected (573.22ms)
[5/850] PASS: Wycheproof: AES-128-GCM AAD/tag handling tcId 2 (573.25ms)
[6/850] PASS: Wycheproof boundary: AES-256-GCM AAD/tag handling (573.26ms)
[7/850] PASS: Wycheproof: ChaCha20-Poly1305 one-byte message tcId 4 (573.28ms)
[8/850] PASS: Wycheproof boundary: ChaCha20-Poly1305 AAD handling (573.28ms)
[9/850] PASS: OpenSSL s_server interoperates with ztls client (642.10ms)
[10/850] PASS: OpenSSL s_server interoperates with ztls P-384 client (669.90ms)
[11/850] PASS: OpenSSL s_server interoperates with ztls RFC 10024 client groups (741.02ms)
[12/850] PASS: ztls client resumes with OpenSSL s_server (PSK resumption) (766.62ms)
[13/850] PASS: ztls client sends 0-RTT early data to OpenSSL s_server (792.06ms)
[14/850] PASS: OpenSSL s_client interoperates with ztls server (829.21ms)
[15/850] PASS: OpenSSL s_client resumes with ztls server-issued ticket (853.74ms)
[16/850] PASS: OpenSSL s_client interoperates with ztls P-384 server (867.99ms)
[17/850] PASS: OpenSSL s_client interoperates with ztls RFC 10024 server groups (906.57ms)
[18/850] PASS: OpenSSL s_client with -cert interoperates with ztls server (required client auth) (922.91ms)
[19/850] PASS: ztls client with credentials interoperates with OpenSSL s_server -Verify (948.58ms)
[20/850] PASS: ztls-to-ztls TCP KeyUpdate round trip with ChaCha20-Poly1305 (992.08ms)
[21/850] PASS: backend.x25519: RFC 7748 §5.2 shared secret (992.12ms)
[22/850] PASS: backend.x25519: RFC 7748 §6.1 mutual key agreement (992.24ms)
[23/850] PASS: backend.x25519: Wycheproof tcId 1 shared secret (992.28ms)
[24/850] PASS: backend.x25519: all-zero public key is rejected (IdentityElement) (992.31ms)
[25/850] PASS: backend.x25519: small-order public key is rejected (IdentityElement) (992.34ms)
[26/850] PASS: backend.aead: round-trip for every advertised cipher suite (992.35ms)
[27/850] PASS: backend.aead: tag corruption is rejected for every advertised cipher suite (992.36ms)
[28/850] PASS: backend.aead: ciphertext corruption is rejected for every advertised cipher suite (992.36ms)
[29/850] PASS: backend.aead: Wycheproof AES-128-GCM tcId 2 (992.37ms)
[30/850] PASS: backend.aead: Wycheproof AES-256-GCM AAD boundary (992.38ms)
[31/850] PASS: backend.aead: Wycheproof ChaCha20-Poly1305 AAD boundary (992.38ms)
[32/850] PASS: backend.aead: ChaCha20-Poly1305 RFC 8439 §2.8.2 known-answer vector (992.40ms)
[33/850] PASS: backend.p256: mutual key agreement with fixed scalars (992.52ms)
[34/850] PASS: backend.p256: non-04 SEC1 prefix is rejected (992.55ms)
[35/850] PASS: backend.p256: off-curve point is rejected (992.55ms)
[36/850] PASS: backend.p256: zero scalar private key is rejected (992.56ms)
[37/850] PASS: backend.p256: Wycheproof tcId 1 shared secret (992.61ms)
[38/850] PASS: backend.p384: mutual key agreement with fixed scalars (994.54ms)
[39/850] PASS: backend.p384: non-04 SEC1 prefix is rejected (995.18ms)
[40/850] PASS: backend.p384: off-curve point is rejected (995.18ms)
[41/850] PASS: backend.p384: zero scalar private key is rejected (995.19ms)
[42/850] PASS: backend.p384: Wycheproof tcId 1 shared secret (996.15ms)
[43/850] PASS: backend.sign: RSA-PSS SHA-256 sign/verify round-trip (996.94ms)
[44/850] PASS: backend.sign: RSA-PSS SHA-256 rejects tampered signature (997.70ms)
[45/850] PASS: backend.sign: RSA-PSS SHA-384 sign/verify round-trip and tamper rejection (998.47ms)
[46/850] PASS: backend.sign: ECDSA P-256 SHA-256 sign/verify round-trip (998.56ms)
[47/850] PASS: backend.sign: ECDSA P-256 SHA-256 rejects tampered signature (998.60ms)
[48/850] PASS: backend.sign: ECDSA P-384 SHA-384 sign/verify round-trip and tamper rejection (999.92ms)
[49/850] PASS: backend.sign: BufferTooShort on undersized output (1000.02ms)
[50/850] PASS: backend.sign: key/scheme mismatch is a libcrypto failure (0.04ms)
[51/850] PASS: backend.sign: Wycheproof RSA-PSS tcId 3 verify (0.07ms)
[52/850] PASS: backend.sign: Wycheproof RSA-PSS tcId 62 invalid signature (0.10ms)
[53/850] PASS: backend.sign: Wycheproof ECDSA P-256 tcId 1 verify (0.17ms)
[54/850] PASS: backend.sign: Wycheproof ECDSA P-256 tcId 6 invalid signature (0.17ms)
[55/850] PASS: backend.sign: Wycheproof ECDSA P-384 tcId 1 verify (0.52ms)
[56/850] PASS: backend.sign: Wycheproof ECDSA P-384 tcId 6 invalid signature (0.53ms)
[57/850] PASS: backend error-queue hygiene: malformed EC public key leaves no residue (#88) (0.53ms)
[58/850] PASS: backend error-queue hygiene: caller queue entries survive a failing wrapper (#88) (0.54ms)
[59/850] PASS: backend error-queue hygiene: scalar key load does not nest guards (#88) (0.54ms)
[60/850] PASS: backend error-queue hygiene: repeated failures leave the queue empty each round (#88) (0.55ms)
[61/850] PASS: backend error-queue hygiene: successful key load preserves caller entries (#88) (0.57ms)
[62/850] PASS: backend error-queue hygiene: failed signature verification leaves no residue (#88) (0.58ms)
[63/850] PASS: backend error-queue hygiene: failed record decrypt leaves no residue (#88) (0.59ms)
[64/850] PASS: backend error-queue hygiene: failed decrypt preserves caller entries exactly (#88) (0.59ms)
[65/850] PASS: backend error-queue hygiene: DER key load preservation is lane-dependent (#88) (0.60ms)
[66/850] PASS: backend error-queue hygiene: scheme inference preserves caller entries (#112) (0.61ms)
[67/850] PASS: backend error-queue hygiene: declined encrypted PEM loads leave no residue (#114) (0.64ms)
[68/850] PASS: backend error-queue hygiene: cert/key mismatch preservation is lane-dependent (#113) (0.67ms)
[69/850] PASS: RFC 5280 §4.2.1.10 name-constraint verdicts vs OpenSSL 3.6.3 ground truth (1.14ms)
[70/850] PASS: fuzz: verifyNameConstraints handles arbitrary NameConstraints and SAN DER (1.14ms)
[71/850] PASS: capi: ztls_version returns a non-empty string (1.15ms)
[72/850] PASS: capi: insecure client init is explicitly named (1.15ms)
[73/850] PASS: capi: size and alignment are non-zero and sane (1.15ms)
[74/850] PASS: capi: NULL parameters are rejected (1.15ms)
[75/850] PASS: capi: full client handshake through the C ABI (1.54ms)
[76/850] PASS: capi: send_application_data before connected fails (1.58ms)
[77/850] PASS: capi: KeyUpdate response is surfaced as a write event (1.92ms)
[78/850] PASS: capi: KeyUpdate without response maps to none without pending write (2.25ms)
[79/850] PASS: capi: NewSessionTicket maps to none without pending write (2.57ms)
[80/850] PASS: encrypt: rejects mismatched plaintext and ciphertext lengths (2.58ms)
[81/850] PASS: decrypt: rejects mismatched plaintext and ciphertext lengths (2.58ms)
[82/850] PASS: Aes128Gcm: encrypt/decrypt round-trip (2.58ms)
[83/850] PASS: Aes256Gcm: encrypt/decrypt round-trip (2.59ms)
[84/850] PASS: ChaCha20Poly1305: encrypt/decrypt round-trip (2.59ms)
[85/850] PASS: ChaCha20Poly1305: RFC 8439 known-answer vector (2.60ms)
[86/850] PASS: ChaCha20Poly1305: empty plaintext known-answer vector (2.61ms)
[87/850] PASS: ChaCha20Poly1305: authentication failure on tampered ciphertext (2.61ms)
[88/850] PASS: ChaCha20Poly1305: authentication failure on tampered tag (2.61ms)
[89/850] PASS: ChaCha20Poly1305: authentication failure on tampered ad (2.62ms)
[90/850] PASS: decrypt: authentication failure on tampered ciphertext (2.62ms)
[91/850] PASS: decrypt: authentication failure on tampered tag (2.62ms)
[92/850] PASS: decrypt: authentication failure on tampered ad (2.63ms)
[93/850] PASS: construct: seq 0 is just the IV (2.63ms)
[94/850] PASS: construct: seq increments flip the right bytes (2.63ms)
[95/850] PASS: construct: XOR with non-zero IV (2.63ms)
[96/850] PASS: construct: seq max u64 produces expected nonce (2.64ms)
[97/850] PASS: parse: close_notify (2.64ms)
[98/850] PASS: parse: warning-level error alert is fatal (2.64ms)
[99/850] PASS: parse: unknown alert description is fatal (2.64ms)
[100/850] PASS: parse: user_canceled is not fatal (2.65ms)
[101/850] PASS: parse: truncated (2.65ms)
[102/850] PASS: parse: rejects coalesced alert bytes (2.65ms)
[103/850] PASS: encode (2.65ms)
[104/850] PASS: fuzz: parse handles arbitrary input (2.65ms)
[105/850] PASS: alertForError: certificate failures map to certificate alerts (2.66ms)
[106/850] PASS: alertForError: parser and semantic failures map to protocol alerts (2.66ms)
[107/850] PASS: alertForError: provider failure maps to internal_error (2.66ms)
[108/850] PASS: alertForError: unknown error maps to internal_error (2.66ms)
[109/850] PASS: parse: oversized cert_len does not overflow bounds check (2.67ms)
[110/850] PASS: parseClientCertificate: oversized ctx_len does not overflow (2.67ms)
[111/850] PASS: parse: extracts public key from ECDSA P-256 certificate (2.68ms)
[112/850] PASS: parse: wrong handshake type (2.69ms)
[113/850] PASS: parse: rejects mismatched Certificate handshake body length (2.69ms)
[114/850] PASS: encodeWithRequestContext: encodes empty client certificate list (2.69ms)
[115/850] PASS: encodeWithRequestContext: rejects oversized request context (2.69ms)
[116/850] PASS: parseClientCertificate: accepts empty certificate with matching context (2.70ms)
[117/850] PASS: parseClientCertificate: rejects mismatched request context (2.70ms)
[118/850] PASS: parse: rejects non-empty server certificate request context (2.70ms)
[119/850] PASS: parse: rejects empty certificate list (2.70ms)
[120/850] PASS: parse: rejects certificate list length shorter than entries (2.71ms)
[121/850] PASS: encode: round trips certificate chain (9.49ms)
[122/850] PASS: parse: rejects unsupported CertificateEntry status_request (9.49ms)
[123/850] PASS: parse: rejects unsupported CertificateEntry SCT (9.49ms)
[124/850] PASS: parse: rejects forbidden CertificateEntry status_request_v2 (9.50ms)
[125/850] PASS: parse: rejects duplicate CertificateEntry status_request (9.50ms)
[126/850] PASS: parse: rejects malformed CertificateEntry extension length (9.50ms)
[127/850] PASS: parse: ignores unknown CertificateEntry extension (9.51ms)
[128/850] PASS: parse: validates hostname (9.52ms)
[129/850] PASS: parse: rejects hostname mismatch (9.52ms)
[130/850] PASS: parse: rejects missing trust anchor by default (9.53ms)
[131/850] PASS: parse: validates leaf against trust bundle (16.37ms)
[132/850] PASS: parse: validates leaf-intermediate-root chain (29.85ms)
[133/850] PASS: parse: rejects end-entity certificate used as issuer (29.95ms)
[134/850] PASS: parse: rejects chain with intermediate before leaf (30.03ms)
[135/850] PASS: parse: anchors chain below a cross-signed root (50.11ms)
[136/850] PASS: parse: rejects cross-signed root without a bundle anchor below it (63.40ms)
[137/850] PASS: parse: rejects chain with missing intermediate (63.50ms)
[138/850] PASS: parse: rejects chain hostname mismatch (63.58ms)
[139/850] PASS: parse: rejects untrusted leaf when bundle misses issuer (63.59ms)
[140/850] PASS: parse: accepts chain with matching DNS name constraints (76.63ms)
[141/850] PASS: parse: rejects chain with excluded DNS name constraints (89.66ms)
[142/850] PASS: parse: rejects chain outside permitted DNS name constraints (102.72ms)
[143/850] PASS: parse: insecure no-anchor path still enforces name constraints (109.44ms)
[144/850] PASS: parse: rejects signed unprocessed critical extension for both roles (109.53ms)
[145/850] PASS: parse: accepts signed noncritical extension and supported critical extensions (136.34ms)
[146/850] PASS: parse: rejects signed SAN with an invalid wrapper (136.45ms)
[147/850] PASS: parse: rejects chain exceeding pathLenConstraint zero (156.07ms)
[148/850] PASS: parse: accepts pathLenConstraint zero with a CA target (169.16ms)
[149/850] PASS: parse: rejects chain exceeding pathLenConstraint one (195.10ms)
[150/850] PASS: parse: accepts chain at pathLenConstraint one (214.58ms)
[151/850] PASS: parse: imposes no path-length limit when pathLenConstraint is absent (234.19ms)
[152/850] PASS: parse: enforces the tightest of multiple pathLenConstraints (260.21ms)
[153/850] PASS: parse: accepts multiple satisfied pathLenConstraints (279.74ms)
[154/850] PASS: parse: self-issued intermediate does not consume path length (299.40ms)
[155/850] PASS: parse: intermediate below a self-issued certificate still counts (325.56ms)
[156/850] PASS: parse: trust anchor pathLenConstraint limits intermediates below it (345.17ms)
[157/850] PASS: parse: trust anchor pathLenConstraint satisfied (358.18ms)
[158/850] PASS: parse: certificates above the anchored path are outside the path (384.26ms)
[159/850] PASS: parse: cross-signed root constraint binds inside the anchored path (410.31ms)
[160/850] PASS: parseClientChain: rejects client chain exceeding pathLenConstraint zero (430.50ms)
[161/850] PASS: parseClientChain: accepts client chain at pathLenConstraint zero (443.97ms)
[162/850] PASS: parse: insecure no-anchor path still enforces pathLenConstraint (457.36ms)
[163/850] PASS: parse: insecure no-anchor path accepts constrained chain with self-issued steps (470.80ms)
[164/850] PASS: parse: malformed DER length is rejected, not crashed (470.81ms)
[165/850] PASS: certificate_policy.verifyServerAuth: non-v3 certificates are rejected (470.81ms)
[166/850] PASS: certificate_policy.verifyServerAuth: KeyUsage without digitalSignature is rejected (470.81ms)
[167/850] PASS: certificate_policy.verifyServerAuth: EKU without serverAuth is rejected (470.82ms)
[168/850] PASS: certificate_policy.verifyClientAuth: EKU without clientAuth is rejected (470.82ms)
[169/850] PASS: certificate_policy.verifyClientAuth: KeyUsage without digitalSignature is rejected (470.82ms)
[170/850] PASS: certificate_policy.verifyClientAuth: clientAuth EKU is accepted (470.82ms)
[171/850] PASS: certificate_policy.verifyServerAuth: legacy certificate signatures are rejected (470.83ms)
[172/850] PASS: certificate_policy.verifyServerAuth: RSA PKCS1 SHA-256 certificate signature is accepted (470.83ms)
[173/850] PASS: certificate_policy: Ed25519 chain signature algorithm accepted when advertised (470.83ms)
[174/850] PASS: certificate_policy: Ed25519 chain signature algorithm rejected when not advertised (470.83ms)
[175/850] PASS: parse: Ed25519 self-signed certificate verified via std.crypto (470.84ms)
[176/850] PASS: certificate_policy.verifyServerAuth: rejects certificate signature outside policy (470.84ms)
[177/850] PASS: certificate signature policy checks non-self-signed chain certificates (470.85ms)
[178/850] PASS: certificate signature policy skips self-signed chain certificates (470.85ms)
[179/850] PASS: certificate_policy.verifyServerAuth: unrestricted supported leaf is accepted (470.85ms)
[180/850] PASS: encodeCertificateVerify: wraps signature (470.86ms)
[181/850] PASS: verifySignature: valid ECDSA P-256 signature (470.92ms)
[182/850] PASS: verifySignature: valid RSA-PSS SHA-256 signature (470.97ms)
[183/850] PASS: verifySignature: rejects RSA-PSS signature with wrong salt length (470.99ms)
[184/850] PASS: verifySignature: wrong transcript hash (471.04ms)
[185/850] PASS: verifySignature: rejects scheme absent from offered list (471.05ms)
[186/850] PASS: verifySignature: client CV rejects scheme absent from offered list (471.05ms)
[187/850] PASS: verifySignature: rejects RSA PKCS1 CertificateVerify scheme (471.06ms)
[188/850] PASS: verifySignature: rejects certificate key and scheme mismatch (471.06ms)
[189/850] PASS: verifySignature: server signature is not valid for client context (471.11ms)
[190/850] PASS: verifySignature: wrong handshake type (471.12ms)
[191/850] PASS: parse: extracts critical name constraints (471.13ms)
[192/850] PASS: parse: extracts non-critical name constraints (471.13ms)
[193/850] PASS: fuzz: parse handles arbitrary input (471.14ms)
[194/850] PASS: CertificateChain: single certificate view (471.14ms)
[195/850] PASS: CertificateChain.fromPem: decodes a certificate chain (471.15ms)
[196/850] PASS: CertificateChain.fromPem: rejects malformed input (471.16ms)
[197/850] PASS: CertificateChain.fromPem: rejects exhausted caller storage (471.17ms)
[198/850] PASS: fuzz: CertificateChain.fromPem handles arbitrary input (471.17ms)
[199/850] PASS: active backend identity matches the private provider facade (471.17ms)
[200/850] PASS: hybrid capability queries match the active backend (471.17ms)
[201/850] PASS: validateHybridGroups reports local policy faults (471.18ms)
[202/850] PASS: requiresP384 identifies only P-384 hybrid policy (471.18ms)
[203/850] PASS: CipherSuite wire values (471.18ms)
[204/850] PASS: PskOfferIter: walks identity/binder pairs in offer order (471.18ms)
[205/850] PASS: PskOfferIter: rejects oversized lengths (471.19ms)
[206/850] PASS: PskOfferIter: rejects a slack-byte identities vector (471.19ms)
[207/850] PASS: PskOfferIter: rejects more binders than identities (471.19ms)
[208/850] PASS: encode: size matches encodedLen (471.20ms)
[209/850] PASS: encodeWithPsk: pre_shared_key is last, binder prefix and offset are correct (471.20ms)
[210/850] PASS: encodeWithPsk: rejects unsupported binder length (471.20ms)
[211/850] PASS: parse: ClientHello with pre_shared_key round-trips (471.21ms)
[212/850] PASS: encodeWithP256: size matches encodedLenWithP256 (471.21ms)
[213/850] PASS: encode: handshake type and legacy version (471.22ms)
[214/850] PASS: encode: cipher suites match backend capabilities (471.22ms)
[215/850] PASS: encode: legacy_session_id is empty (471.22ms)
[216/850] PASS: encode: supported_groups contains X25519 (471.23ms)
[217/850] PASS: encode: key_share contains public key (471.23ms)
[218/850] PASS: encodeWithP256: includes X25519 and secp256r1 key shares (471.24ms)
[219/850] PASS: encodeWithP256P384: includes X25519, secp256r1, and secp384r1 key shares (471.24ms)
[220/850] PASS: encodeWithP256P384: size matches encodedLenWithP256P384 (471.25ms)
[221/850] PASS: parse: accepts secp384r1 key share (471.89ms)
[222/850] PASS: parse: rejects compressed secp384r1 key share (471.90ms)
[223/850] PASS: encodeRetryAfterHrr: secp384r1 selected, no cookie (471.91ms)
[224/850] PASS: encode: SNI present when server_name set (471.91ms)
[225/850] PASS: encode: SNI absent when server_name is null (471.91ms)
[226/850] PASS: encode: supported_versions contains TLS 1.3 (471.92ms)
[227/850] PASS: encode: signature_algorithms match backend capabilities (471.92ms)
[228/850] PASS: encode: signature_algorithms_cert match backend capabilities (471.92ms)
[229/850] PASS: encode: ALPN present when protocols set (471.93ms)
[230/850] PASS: encode: rejects invalid ALPN protocols (471.93ms)
[231/850] PASS: parse: encoded ClientHello (471.93ms)
[232/850] PASS: parse: tracks offered SNI extension presence (471.94ms)
[233/850] PASS: parse: tracks offered record_size_limit extension presence (471.94ms)
[234/850] PASS: parse: accepts secp256r1 supported group and key share (471.98ms)
[235/850] PASS: parseSupportedGroups: records RFC 10024 groups (471.98ms)
[236/850] PASS: parse: rejects malformed X25519 key share (471.98ms)
[237/850] PASS: parse: rejects key share outside supported_groups (472.02ms)
[238/850] PASS: parse: rejects oversized legacy_session_id (472.03ms)
[239/850] PASS: parse: rejects SSLv3-or-lower legacy_version (472.03ms)
[240/850] PASS: parse: rejects missing supported_versions (472.03ms)
[241/850] PASS: parse: rejects supported_versions without TLS 1.3 (472.04ms)
[242/850] PASS: parse: rejects missing supported_groups (472.04ms)
[243/850] PASS: parse: rejects missing signature_algorithms (472.05ms)
[244/850] PASS: parse: rejects malformed signature_algorithms (472.05ms)
[245/850] PASS: parse: rejects signature_algorithms without TLS 1.3 handshake scheme (472.06ms)
[246/850] PASS: parse: rejects malformed ClientHello (472.06ms)
[247/850] PASS: parse: rejects malformed compression methods (472.07ms)
[248/850] PASS: parse: no shared supported group is rejected (472.07ms)
[249/850] PASS: parse: rejects duplicate x25519 key share entries (472.07ms)
[250/850] PASS: parseKeyShare: retains all RFC 10024 hybrid entries (472.08ms)
[251/850] PASS: encode: buffer too short (472.08ms)
[252/850] PASS: encode: server_name too long (472.08ms)
[253/850] PASS: parse: rejects duplicate supported_groups (472.09ms)
[254/850] PASS: parse: missing X25519 key share leaves public key null (472.09ms)
[255/850] PASS: parse: rejects duplicate signature_algorithms (472.09ms)
[256/850] PASS: parse: rejects duplicate signature_algorithms_cert (472.10ms)
[257/850] PASS: parse: ignores unknown extension (472.10ms)
[258/850] PASS: parse: ignores unknown supported_groups entries (472.11ms)
[259/850] PASS: fuzz: parse handles arbitrary input (472.11ms)
[260/850] PASS: encodeRetryAfterHrr: X25519 selected, no cookie (472.11ms)
[261/850] PASS: encodeRetryAfterHrr: preserves PSK key exchange mode (472.12ms)
[262/850] PASS: encodeRetryAfterHrr: secp256r1 selected, no cookie (472.13ms)
[263/850] PASS: encodeRetryAfterHrr: includes cookie when provided (472.15ms)
[264/850] PASS: encodeRetryAfterHrr: preserves SNI and ALPN from ClientHello1 (472.16ms)
[265/850] PASS: encodeRetryAfterHrr: rejects unsupported group (472.16ms)
[266/850] PASS: encodeRetryAfterHrr: missing configured hybrid share is a policy error (472.16ms)
[267/850] PASS: encodeWithHybridGroups: rejects unknown share group without panic (472.17ms)
[268/850] PASS: KEM key_share round-trip: ClientHello encode → parse preserves 1216-byte public key (472.18ms)
[269/850] PASS: parse: psk_key_exchange_modes list_len 0xFF rejected without overflow (472.18ms)
[270/850] PASS: SessionTicket.secureZero erases identity, PSK, and metadata (472.19ms)
[271/850] PASS: HybridPolicy.validate rejects an initial share outside its group list (472.19ms)
[272/850] PASS: Config.validate reports unavailable groups and missing P-384 material (472.24ms)
[273/850] PASS: start validates hybrid policy before key generation and output (472.33ms)
[274/850] PASS: transcript hash: RFC 8448 §3 ClientHello || ServerHello (472.37ms)
[275/850] PASS: deriveHandshakeKeys: RFC 8448 §3 server handshake key/iv/finished (472.42ms)
[276/850] PASS: processServerHello: RFC 8448 §3 installs server handshake keys (472.50ms)
[277/850] PASS: processServerHello: accepts secp256r1 key_share (472.62ms)
[278/850] PASS: processServerHello: rejects invalid secp256r1 point (472.67ms)
[279/850] PASS: processServerHello: rejects unoffered secp256r1 key_share (472.72ms)
[280/850] PASS: processServerHello: rejects mismatched session id echo (472.75ms)
[281/850] PASS: processServerHello: rejects unoffered cipher suite (472.80ms)
[282/850] PASS: processFlight: stores selected ALPN (472.88ms)
[283/850] PASS: processFlight: rejects unoffered ALPN (472.96ms)
[284/850] PASS: processFlight: rejects unanchored Certificate by default (473.45ms)
[285/850] PASS: processFlight: rejects non-empty server Certificate request context (473.91ms)
[286/850] PASS: processFlight: rejects empty server Certificate list (474.37ms)
[287/850] PASS: processFlight: rejects unsolicited EncryptedExtensions ALPN (474.45ms)
[288/850] PASS: processFlight: rejects unrequested server CertificateEntry status_request (474.90ms)
[289/850] PASS: processFlight: RFC 8448 §3 full server flight to connected (475.38ms)
[290/850] PASS: processFlight: rejects handshake message after server Finished (475.84ms)
[291/850] PASS: processFlight: handshake message spanning records needs buffer (476.33ms)
[292/850] PASS: processFlight: reassembles handshake message split across records (476.80ms)
[293/850] PASS: processFlight: buffered path rejects handshake message after server Finished (477.26ms)
[294/850] PASS: processFlight: RFC 8448 §3 flight split one message per record (477.73ms)
[295/850] PASS: handleRecord: malformed ServerHello is rejected (477.76ms)
[296/850] PASS: processFlight: rejects Finished before EncryptedExtensions (477.84ms)
[297/850] PASS: processFlight: rejects CertificateVerify before Certificate (478.29ms)
[298/850] PASS: processFlight: rejects Finished before CertificateVerify (478.75ms)
[299/850] PASS: processFlight: rejects unoffered CertificateVerify scheme (479.20ms)
[300/850] PASS: processFlight: rejects wrong CertificateVerify signature (479.67ms)
[301/850] PASS: processFlight: rejects wrong server Finished verify_data (480.16ms)
[302/850] PASS: handleRecord: plaintext fatal alert in wait_sh (480.22ms)
[303/850] PASS: handleRecord: malformed alert record does not set or replace lastPeerAlert (480.25ms)
[304/850] PASS: handleRecord: unknown alert codes are preserved (480.28ms)
[305/850] PASS: handleRecord: lastPeerAlert replaced by later alert, preserved by close/malformed (480.31ms)
[306/850] PASS: handleRecord: rejects ChangeCipherSpec before ClientHello (480.33ms)
[307/850] PASS: handleRecord: drops valid ChangeCipherSpec after ClientHello (480.37ms)
[308/850] PASS: handleRecord: rejects malformed ChangeCipherSpec payload (480.40ms)
[309/850] PASS: handleRecord: encrypted fatal alert during server flight (480.48ms)
[310/850] PASS: handleRecord: rejects server KeyUpdate before Finished (480.56ms)
[311/850] PASS: handleRecord: truncated encrypted flight is rejected (481.01ms)
[312/850] PASS: handleRecord: corrupted encrypted flight is rejected (481.46ms)
[313/850] PASS: handleRecord: post-handshake unexpected inner content type is rejected (481.96ms)
[314/850] PASS: handleRecord: encrypted application data during server flight is rejected (482.04ms)
[315/850] PASS: clientFinished: RFC 8448 §3 emits Finished and upgrades to app keys (482.52ms)
[316/850] PASS: processFlight: accepts CertificateRequest before server Certificate (482.97ms)
[317/850] PASS: processFlight: rejects non-empty handshake CertificateRequest context (483.42ms)
[318/850] PASS: clientFinished: sends empty Certificate before Finished for CertificateRequest (483.90ms)
[319/850] PASS: clientFinished: empty CertificateRequest with no credentials still finishes (484.43ms)
[320/850] PASS: client auth: setCredentials stores client credentials (484.47ms)
[321/850] PASS: ratchetClientKey: RFC 8446 §7.2 next application write key (484.96ms)
[322/850] PASS: handleRecord: application data resets both post-handshake flood counters (485.46ms)
[323/850] PASS: receiveRecord: RX progresses while a client TX record is pending (485.96ms)
[324/850] PASS: receiveKtlsRecord: client processes kernel-decrypted records (486.47ms)
[325/850] PASS: receiveKtlsRecord: client finds KeyUpdate after NewSessionTicket (486.97ms)
[326/850] PASS: ratchetKtlsTx: client advances only an idle TX epoch (487.47ms)
[327/850] PASS: handleRecord: server KeyUpdate(update_requested) ratchets rx and responds (487.98ms)
[328/850] PASS: handleRecord: KeyUpdate not at record boundary is rejected (488.50ms)
[329/850] PASS: handleRecord: invalid server KeyUpdate request is rejected (489.00ms)
[330/850] PASS: handleRecord: server KeyUpdate(update_not_requested) surfaces key_update rx only (489.49ms)
[331/850] PASS: handleRecord: self-initiated sendKeyUpdate response surfaces rx only (490.00ms)
[332/850] PASS: sendAlert: plaintext fatal alert before ServerHello (490.02ms)
[333/850] PASS: sendAlert: encrypted close_notify after handshake (490.51ms)
[334/850] PASS: handleRecord: close_notify returns closed (491.00ms)
[335/850] PASS: handleRecord: fatal alert returns PeerAlert (491.49ms)
[336/850] PASS: handleRecord: NewSessionTicket is surfaced as an event (492.00ms)
[337/850] PASS: clientFinished: RFC 8448 §4 resumption_master_secret over the live transcript (492.53ms)
[338/850] PASS: startWithPsk: binder matches an independent HMAC over the prefix (492.61ms)
[339/850] PASS: startWithPsk: advertises configured RFC 10024 key share (492.73ms)
[340/850] PASS: startWithPsk: ticket without early-data permission omits early_data (492.79ms)
[341/850] PASS: EncryptedExtensions: rejects early_data when server declined PSK (492.90ms)
[342/850] PASS: EncryptedExtensions: rejects early_data without early traffic keys (493.01ms)
[343/850] PASS: EncryptedExtensions: rejects early_data after HelloRetryRequest (493.12ms)
[344/850] PASS: processServerHello rejects selected PSK with incompatible cipher suite hash (493.27ms)
[345/850] PASS: handleRecord: PSK-offering client rejects bare Finished unless server selected PSK (493.54ms)
[346/850] PASS: handleRecord: accepts 17 consecutive NewSessionTickets (494.06ms)
[347/850] PASS: handleRecord: NewSessionTicket flood is rejected with ticket-specific error (494.57ms)
[348/850] PASS: handleRecord: malformed NewSessionTicket is rejected (495.06ms)
[349/850] PASS: handleRecord: KeyUpdate flood is rejected (495.73ms)
[350/850] PASS: handleRecord: empty application data does not reset flood counters (496.25ms)
[351/850] PASS: handleRecord: KeyUpdate flood cap fires despite empty app-data interleaving (496.94ms)
[352/850] PASS: start: uses Config host_name for SNI and policy (496.97ms)
[353/850] PASS: handleRecord: drives RFC 8448 §3 handshake to connected (497.46ms)
[354/850] PASS: handleRecord: unacknowledged write blocks further calls (497.96ms)
[355/850] PASS: sendEarlyData: unacknowledged write blocks further early data (498.03ms)
[356/850] PASS: handleRecord: zero-length plaintext handshake is rejected (498.06ms)
[357/850] PASS: handleRecord: zero-length encrypted handshake is rejected (498.14ms)
[358/850] PASS: handleRecord: all-zero inner plaintext maps to unexpected_message (498.63ms)
[359/850] PASS: handleRecord: application_data before ServerHello is rejected (498.66ms)
[360/850] PASS: HandshakeReader: splits coalesced messages (498.66ms)
[361/850] PASS: HandshakeReader: truncated body is UnexpectedEof (498.66ms)
[362/850] PASS: fuzz: HandshakeReader handles arbitrary input (498.67ms)
[363/850] PASS: fuzz: processFlight handles arbitrary decrypted bytes (498.90ms)
[364/850] PASS: fuzz: 0-RTT client state machine handles arbitrary inbound records (498.98ms)
[365/850] PASS: processHelloRetryRequest: rejects already-offered key_share group (499.01ms)
[366/850] PASS: processHelloRetryRequest: secp256r1 selected produces ClientHello2 (499.05ms)
[367/850] PASS: processHelloRetryRequest: transcript collapse matches §4.4.1 (499.08ms)
[368/850] PASS: processHelloRetryRequest: removes PSK with incompatible hash (499.20ms)
[369/850] PASS: processHelloRetryRequest: rejects second HRR (499.24ms)
[370/850] PASS: processHelloRetryRequest: rejects unoffered selected_group (499.27ms)
[371/850] PASS: processServerHello: post-HRR rejects mismatched cipher suite (499.30ms)
[372/850] PASS: processServerHello: post-HRR rejects mismatched key_share group (499.33ms)
[373/850] PASS: processServerHello: post-HRR accepts matching ServerHello (499.46ms)
[374/850] PASS: handleRecord: HRR returns ClientHello2 as write event (499.49ms)
[375/850] PASS: processHelloRetryRequest: returns null for normal ServerHello (499.52ms)
[376/850] PASS: processHelloRetryRequest: HRR with cookie echoes cookie in CH2 (499.55ms)
[377/850] PASS: deinit leaves caller-owned buffers to the caller (500.07ms)
[378/850] PASS: secureZero zeroes all secret material (500.77ms)
[379/850] PASS: Array.secureZero clears contents (500.77ms)
[380/850] PASS: lastIndexOfNonZero: last byte non-zero (fast path) (500.77ms)
[381/850] PASS: lastIndexOfNonZero: all zeros (500.78ms)
[382/850] PASS: lastIndexOfNonZero: single non-zero byte at start (500.78ms)
[383/850] PASS: lastIndexOfNonZero: single byte, non-zero (500.78ms)
[384/850] PASS: lastIndexOfNonZero: single byte, zero (500.78ms)
[385/850] PASS: lastIndexOfNonZero: non-zero in scalar tail (500.78ms)
[386/850] PASS: lastIndexOfNonZero: exactly chunk_len bytes, non-zero at start (500.79ms)
[387/850] PASS: lastIndexOfNonZero: exactly chunk_len bytes, all zeros (500.79ms)
[388/850] PASS: lastIndexOfNonZero: large buffer, non-zero in first chunk (500.79ms)
[389/850] PASS: lastIndexOfNonZero: large buffer, non-zero in middle chunk (500.79ms)
[390/850] PASS: lastIndexOfNonZero: large buffer, all zeros (500.80ms)
[391/850] PASS: encrypt: buffer too short (500.80ms)
[392/850] PASS: encrypt: sequence number overflow (500.80ms)
[393/850] PASS: deinit: clears caller-visible traffic key material (500.81ms)
[394/850] PASS: ktlsInfo: AES-GCM salt and IV reconstruct RFC 8446 nonce (500.81ms)
[395/850] PASS: ktlsInfo: cipher type uses Linux UAPI values (500.81ms)
[396/850] PASS: ktlsInfo: exported key material survives RecordLayer deinit (500.82ms)
[397/850] PASS: KtlsInfo.secureZero erases exported traffic material (500.82ms)
[398/850] PASS: encrypt/decrypt: key update required at AEAD usage limit (500.82ms)
[399/850] PASS: encryptPrepared/decrypt: round-trip (500.83ms)
[400/850] PASS: encrypt/decrypt: round-trip (500.83ms)
[401/850] PASS: encrypt/decrypt: sequence numbers advance (500.84ms)
[402/850] PASS: decrypt: failed auth exposes backend failure buffer behavior (500.84ms)
[403/850] PASS: decrypt: replayed record is rejected (500.84ms)
[404/850] PASS: encrypt/decrypt: zero-length application data (500.85ms)
[405/850] PASS: decrypt: rejects all-zero inner plaintext (500.85ms)
[406/850] PASS: encrypt/decrypt: maximum plaintext fragment length (500.93ms)
[407/850] PASS: decrypt: wrong content type (500.93ms)
[408/850] PASS: decrypt: payload shorter than tag (500.93ms)
[409/850] PASS: decrypt: truncated ciphertext record (500.93ms)
[410/850] PASS: decrypt: sequence number overflow (500.94ms)
[411/850] PASS: fuzz: decrypt handles arbitrary input (500.94ms)
[412/850] PASS: PendingWrite: mark and clear (500.94ms)
[413/850] PASS: SliceBuffer: append and retain (500.95ms)
[414/850] PASS: append and slice (500.95ms)
[415/850] PASS: appendAssumeCapacity (500.95ms)
[416/850] PASS: secureZero clears full storage and length (500.95ms)
[417/850] PASS: append returns error on overflow (500.96ms)
[418/850] PASS: clear resets length (500.96ms)
[419/850] PASS: Reader iterates coalesced messages (500.96ms)
[420/850] PASS: parseKeyUpdate (500.96ms)
[421/850] PASS: rejectDuplicateExtensions: rejects more than the extension count cap (500.97ms)
[422/850] PASS: rejectDuplicateExtensions: rejects duplicate unknown type (500.97ms)
[423/850] PASS: rejectDuplicateExtensions: accepts distinct extension types (500.97ms)
[424/850] PASS: ExtensionType.isGrease: detects reserved GREASE extension code points (500.98ms)
[425/850] PASS: rejectDuplicateExtensions: rejects malformed block (500.98ms)
[426/850] PASS: RFC 10024 hybrid groups round-trip (504.57ms)
[427/850] PASS: hybrid decapsulation rejects wrong server share length (504.63ms)
[428/850] PASS: NamedGroup wire identifiers (504.63ms)
[429/850] PASS: RFC 10024 hybrid group sizes (504.63ms)
[430/850] PASS: HkdfSha256.trafficKey: RFC 8448 §3 server handshake (504.64ms)
[431/850] PASS: HkdfSha384: traffic key/iv, finished key, traffic-upd (independent vector) (504.69ms)
[432/850] PASS: HkdfSha256.trafficIv: RFC 8448 §3 server handshake (504.70ms)
[433/850] PASS: HkdfSha256.earlySecret: RFC 8448 §3 (504.70ms)
[434/850] PASS: HkdfSha256: RFC 8448 §3/§4 PSK and resumption secrets (504.72ms)
[435/850] PASS: HkdfSha256.handshakeSecret: RFC 8448 §3 (504.73ms)
[436/850] PASS: HkdfSha256.masterSecret: RFC 8448 §3 (504.73ms)
[437/850] PASS: HkdfSha256.clientHandshakeTrafficSecret: RFC 8448 §3 (504.74ms)
[438/850] PASS: HkdfSha256.finishedKey: RFC 8448 §3 server (504.75ms)
[439/850] PASS: HkdfSha256.nextTrafficSecret: RFC 8446 §7.2 (504.75ms)
[440/850] PASS: HkdfSha256.serverHandshakeTrafficSecret: RFC 8448 §3 (504.76ms)
[441/850] PASS: sharedSecret: RFC 7748 X25519 vector (504.79ms)
[442/850] PASS: KeyPair.generateDeterministic: RFC 7748 public keys (504.83ms)
[443/850] PASS: KeyPair.generateDeterministic emits uncompressed SEC1 public key (504.85ms)
[444/850] PASS: sharedSecret: P-256 deterministic peers agree (505.00ms)
[445/850] PASS: KeyPair.generate: healthy entropy path (505.04ms)
[446/850] PASS: KeyPair.secureZero erases secret and public material (505.06ms)
[447/850] PASS: generateRetry: a LibcryptoFailed attempt is terminal, not retried (505.06ms)
[448/850] PASS: generateRetry: an invalid scalar retries exactly to the bound (505.07ms)
[449/850] PASS: generateRetry: retries a bad draw and succeeds (505.09ms)
[450/850] PASS: KeyPair.generateDeterministic enforces the scalar range [1, n-1] (505.12ms)
[451/850] PASS: sharedSecret: rejects compressed P-256 point (505.15ms)
[452/850] PASS: KeyPair.generateDeterministic emits uncompressed SEC1 public key (505.79ms)
[453/850] PASS: KeyPair.secureZero erases secret and public material (506.43ms)
[454/850] PASS: sharedSecret: P-384 deterministic peers agree (509.56ms)
[455/850] PASS: generateRetry: a LibcryptoFailed attempt is terminal, not retried (509.56ms)
[456/850] PASS: generateRetry: an invalid scalar retries exactly to the bound (509.56ms)
[457/850] PASS: generateRetry: retries a bad draw and succeeds (510.20ms)
[458/850] PASS: KeyPair.generateDeterministic enforces the scalar range [1, n-1] (510.85ms)
[459/850] PASS: sharedSecret: rejects compressed P-384 point (512.12ms)
[460/850] PASS: active backend matches the selected libcrypto headers (512.12ms)
[461/850] PASS: capabilities are non-empty for the active backend (512.12ms)
[462/850] PASS: x25519 handle shape matches active backend (512.12ms)
[463/850] PASS: client group capabilities match implemented client key-share plumbing (512.13ms)
[464/850] PASS: aead context shape matches active backend (512.15ms)
[465/850] SKIP: aws-lc aead deinit clears inline context (512.15ms)
[466/850] PASS: capability helpers recognize advertised algorithms (512.15ms)
[467/850] SKIP: fips: chacha20_poly1305_sha256 excluded from FIPS cipher_suites (512.15ms)
[468/850] SKIP: fips: rsa_pkcs1_sha* excluded from FIPS certificate_signature_schemes (512.16ms)
[469/850] SKIP: fips: ed25519 excluded from FIPS certificate_signature_schemes (512.16ms)
[470/850] SKIP: fips: ML-KEM disabled in FIPS capability table (512.16ms)
[471/850] SKIP: fips: FIPS capabilities are a subset of non-FIPS capabilities (512.16ms)
[472/850] PASS: fips: active capabilities follow FIPS identity (512.16ms)
[473/850] PASS: Parsed.verifyHostName rejects universal tag 2 as dNSName (512.17ms)
[474/850] PASS: Parsed.verifyHostName requires dNSName SAN (512.17ms)
[475/850] PASS: Parsed.checkHostName rejects public suffix wildcard (512.17ms)
[476/850] PASS: Parsed.checkHostName RFC 6125 compliance (512.18ms)
[477/850] PASS: Parsed.allowsKeyUsage reads digitalSignature (512.18ms)
[478/850] PASS: Parsed.allowsKeyUsage rejects malformed empty bit payload (512.18ms)
[479/850] PASS: Parsed.allowsExtKeyUsage finds serverAuth (512.19ms)
[480/850] PASS: Parsed.allowsExtKeyUsage rejects non-SEQUENCE wrapper (512.19ms)
[481/850] PASS: Parsed.nameConstraints extracts extension value (512.19ms)
[482/850] PASS: Parsed.nameConstraints absent returns empty (512.19ms)
[483/850] PASS: Parsed.verifyNameConstraints: DNS permitted subtree (512.20ms)
[484/850] PASS: Parsed.verifyNameConstraints: DNS permitted subtree mismatch (512.20ms)
[485/850] PASS: Parsed.verifyNameConstraints: DNS excluded subtree (512.20ms)
[486/850] PASS: Parsed.verifyNameConstraints: mixed DNS SAN violation is rejected (512.21ms)
[487/850] PASS: Parsed.verifyNameConstraints: DNS common name fallback (512.21ms)
[488/850] PASS: Parsed.verifyNameConstraints: IP permitted subnet (512.21ms)
[489/850] PASS: Parsed.verifyNameConstraints: permitted subtrees are type-specific (512.22ms)
[490/850] PASS: Parsed.verifyNameConstraints: email permitted subtree (512.22ms)
[491/850] PASS: Parsed.verifyNameConstraints: email mailbox local part is case-sensitive (512.22ms)
[492/850] PASS: Parsed.verifyNameConstraints: URI excluded subtree (512.23ms)
[493/850] PASS: Parsed.verifyNameConstraints: URI strips userinfo before host matching (512.23ms)
[494/850] PASS: Parsed.verifyNameConstraints: explicit minimum zero is accepted (512.23ms)
[495/850] PASS: Parsed.verifyNameConstraints: critical unsupported subtree is rejected (512.24ms)
[496/850] PASS: Parsed.verifyNameConstraints: non-critical unsupported subtree is ignored (512.24ms)
[497/850] PASS: parseBasicConstraints rejects pathLenConstraint without cA (512.24ms)
[498/850] PASS: parse rejects unknown critical extension (512.25ms)
[499/850] PASS: parse rejects duplicate recognized extensions (512.25ms)
[500/850] PASS: parse accepts old and new authority key identifier OIDs (512.26ms)
[501/850] PASS: parseBitString rejects empty bit string content (512.26ms)
[502/850] PASS: parseTime maps UTCTime centuries and expires 1999 certificates (512.26ms)
[503/850] PASS: parseTime enforces GeneralizedTime certificate grammar (512.27ms)
[504/850] PASS: parseTime rejects impossible dates and accepts leap day (512.27ms)
[505/850] PASS: certificate_parser.decltest.parseTimeDigits (512.27ms)
[506/850] PASS: certificate_parser.decltest.parseYear4 (512.28ms)
[507/850] PASS: certificate_parser.test_0 (512.28ms)
[508/850] PASS: PrivateKey.sign: RSA-PSS SHA-256 uses TLS parameters (513.04ms)
[509/850] PASS: PrivateKey.sign: short RSA-PSS output buffer is rejected (513.12ms)
[510/850] PASS: PrivateKey.sign: key and scheme mismatch is a libcrypto failure (513.14ms)
[511/850] PASS: PrivateKey.sign: deterministic ECDSA matches the RFC 6979 vector (513.16ms)
[512/850] PASS: PrivateKey.sign: deterministic ECDSA P-384 matches the RFC 6979 A.2.6 vector (513.75ms)
[513/850] PASS: PrivateKey.sign: deterministic nonce with RSA-PSS is rejected (513.84ms)
[514/850] PASS: PrivateKey.fromPemAuto: RSA PKCS#8 and PKCS#1 both infer rsa_pss_rsae_sha256 (514.65ms)
[515/850] PASS: PrivateKey.fromPemAuto: P-256 infers ecdsa_secp256r1_sha256 and signs (514.69ms)
[516/850] PASS: PrivateKey.fromPemAuto: P-384 infers ecdsa_secp384r1_sha384 and signs (515.34ms)
[517/850] PASS: PrivateKey.fromPemAuto: P-521 is rejected at load by the capability gate (516.92ms)
[518/850] PASS: PrivateKey.fromPemAuto: Ed25519 is rejected at load by the capability gate (516.96ms)
[519/850] PASS: PrivateKey.fromPemAuto: secp224r1 has no CertificateVerify scheme (517.05ms)
[520/850] PASS: PrivateKey.fromPemAuto: garbage PEM fails at load (517.06ms)
[521/850] PASS: PrivateKey.fromPem: encrypted PEM fails at load (517.16ms)
[522/850] PASS: PrivateKey.fromPemAuto: encrypted PEM fails at load (517.18ms)
[523/850] PASS: PrivateKey.pairsWith: P-256 scalar key pairs with its leaf certificate (517.21ms)
[524/850] PASS: PrivateKey.pairsWith: auto-inferred RSA and P-256 keys pair with their leaves (517.31ms)
[525/850] PASS: PrivateKey.pairsWith: same-algorithm mismatch is a named error (517.34ms)
[526/850] PASS: PrivateKey.pairsWith: cross-algorithm mismatch is a named error (517.36ms)
[527/850] PASS: PrivateKey.pairsWith: garbage leaf DER is not a certificate (517.37ms)
[528/850] PASS: PrivateKey.pairsWith: trailing bytes make leaf DER invalid (517.46ms)
[529/850] SKIP: OpenSSL AEAD initialization rejects wrong key length (517.46ms)
[530/850] PASS: ML-KEM-768 encapsulate/decapsulate round-trip (517.53ms)
[531/850] PASS: ML-KEM-1024 encapsulate/decapsulate round-trip (517.63ms)
[532/850] PASS: ML-KEM encapsulation-key modulus boundary (517.64ms)
[533/850] PASS: ML-KEM rejects non-canonical encapsulation keys (517.65ms)
[534/850] PASS: ML-KEM rejects a wrong-length ciphertext (517.67ms)
[535/850] PASS: classify: bounded PSK identity admission is a buffer-class limit (517.67ms)
[536/850] PASS: classify: certificate failures never fall into a generic bucket (517.68ms)
[537/850] PASS: classify: authentication failures are their own class (517.68ms)
[538/850] PASS: classify: remaining buckets (517.68ms)
[539/850] PASS: parseHeader: valid plaintext record (517.68ms)
[540/850] PASS: parseHeader: application_data record (TLSCiphertext) (517.69ms)
[541/850] PASS: parseHeader: ignores legacy_record_version (517.69ms)
[542/850] PASS: parseHeader: buffer too short (517.69ms)
[543/850] PASS: parseHeader: exactly 5 bytes (header only, no fragment) (517.69ms)
[544/850] PASS: parseHeader: max valid length (517.70ms)
[545/850] PASS: parseHeader: length exceeds max (517.70ms)
[546/850] PASS: Header.init round-trips with parseHeader (517.70ms)
[547/850] PASS: Header.write: emits TLS 1.2 legacy_record_version (517.70ms)
[548/850] PASS: fuzz: parseHeader handles arbitrary input (517.70ms)
[549/850] PASS: kernel cipher_type values match KtlsCipherType (517.71ms)
[550/850] PASS: kernel socket option constants (517.71ms)
[551/850] PASS: packed kTLS info secureZero methods erase every byte (517.71ms)
[552/850] PASS: packAesGcm128 splits the 12-byte IV and copies key/seq (517.72ms)
[553/850] PASS: packAesGcm128 rejects a non-AES-GCM-128 info (517.72ms)
[554/850] PASS: packChaCha20Poly1305 uses the full 12-byte IV (517.72ms)
[555/850] PASS: packAesGcm256 copies the 32-byte key and splits the IV (517.72ms)
[556/850] PASS: install errno decode maps onto InstallError (517.73ms)
[557/850] PASS: a record-type cmsg occupies the kernel's CMSG_LEN and CMSG_SPACE (517.73ms)
[558/850] PASS: ControlBuffer.init writes one cmsg and zeroes the padding (517.73ms)
[559/850] PASS: parseRecordType rejects control data off the kTLS contract (517.73ms)
[560/850] PASS: ulpInstall attaches once, and only to an established TCP socket (517.83ms)
[561/850] PASS: txInstall and rxInstall accept a synthetic TLS 1.3 AES-128-GCM key (517.88ms)
[562/850] PASS: installs without the ULP are typed Unavailable errors, not panics (517.91ms)
[563/850] PASS: a crypto_info the kernel cannot use is a typed EINVAL failure (517.93ms)
[564/850] PASS: record-type cmsg round-trips through a live kTLS pair (517.98ms)
[565/850] PASS: Outbox: fresh outbox is not write-blocked (517.99ms)
[566/850] PASS: Outbox: send drains fully and completes write once (517.99ms)
[567/850] PASS: Outbox: partial send stays blocked and does not complete write (518.00ms)
[568/850] PASS: Outbox: zero-byte progress stays blocked (518.00ms)
[569/850] PASS: Outbox: idle flush is drained without completing write (518.00ms)
[570/850] PASS: Outbox: partial drain resumes across flush calls (518.00ms)
[571/850] PASS: Outbox: queue while blocked returns PendingWrite (518.01ms)
[572/850] PASS: Outbox: writer error leaves pending tail and does not complete write (518.01ms)
[573/850] PASS: Outbox: writer over-reporting bytes returns WriteOverflow (518.01ms)
[574/850] PASS: Outbox: sequential records complete once each (518.01ms)
[575/850] PASS: next: two records coalesced in one fill (518.02ms)
[576/850] PASS: next: record split across two fills (518.02ms)
[577/850] PASS: next: truncated records return null (518.02ms)
[578/850] PASS: next: in-place mutation of a returned record survives across next() (518.02ms)
[579/850] PASS: next: oversized length is rejected (518.03ms)
[580/850] PASS: isEmpty distinguishes drained, partial, and complete records (518.03ms)
[581/850] PASS: parse: rejects oversized legacy_session_id_echo without overflow (518.03ms)
[582/850] PASS: encode: round trips through parse (518.04ms)
[583/850] PASS: parse: accepts secp256r1 key_share (518.04ms)
[584/850] PASS: parse: rejects compressed secp256r1 key_share (518.05ms)
[585/850] PASS: parse: accepts secp384r1 key_share (518.05ms)
[586/850] PASS: parse: rejects compressed secp384r1 key_share (518.05ms)
[587/850] PASS: encode: echoes session id (518.06ms)
[588/850] PASS: parse: RFC 8448 §3 ServerHello (518.06ms)
[589/850] PASS: parse: wrong handshake type (518.06ms)
[590/850] PASS: parse: truncated message (518.06ms)
[591/850] PASS: parse: rejects HelloRetryRequest (518.07ms)
[592/850] PASS: parse: missing extensions / no supported_versions yields UnsupportedTlsVersion (518.07ms)
[593/850] PASS: parse: rejects mismatched handshake length (518.07ms)
[594/850] PASS: parse: rejects unknown cipher suite (518.07ms)
[595/850] PASS: parse: rejects oversized extensions block (518.08ms)
[596/850] PASS: parse: rejects duplicate supported_versions (518.08ms)
[597/850] PASS: parse: rejects duplicate key_share (518.08ms)
[598/850] PASS: parse: rejects unknown unsolicited extension (518.09ms)
[599/850] PASS: parse: rejects GREASE ServerHello extension (518.09ms)
[600/850] PASS: parse: rejects forbidden signature_algorithms extension (518.09ms)
[601/850] PASS: parse: rejects forbidden heartbeat extension (518.09ms)
[602/850] PASS: parse: rejects record_size_limit in ServerHello (518.10ms)
[603/850] PASS: parse: rejects key_share for unsupported group (518.10ms)
[604/850] PASS: parse: unsupported TLS version in supported_versions is illegal_parameter (518.10ms)
[605/850] PASS: parse: rejects TLS 1.2 downgrade sentinel (518.11ms)
[606/850] PASS: parse: rejects TLS 1.1 downgrade sentinel (518.11ms)
[607/850] PASS: parse: rejects downgrade sentinel when supported_versions selects TLS 1.3 (518.11ms)
[608/850] PASS: parse: accepts non-0x0303 legacy_version when supported_versions selects TLS 1.3 (518.12ms)
[609/850] PASS: parse: no supported_versions + downgrade sentinel yields IllegalParameter (518.12ms)
[610/850] PASS: parse: rejects ServerHello without supported_versions as legacy (518.12ms)
[611/850] PASS: parse: rejects SSLv3-or-lower legacy version (518.12ms)
[612/850] PASS: parse: rejects mismatched session id echo (518.13ms)
[613/850] PASS: parse: rejects non-zero compression method (518.13ms)
[614/850] PASS: fuzz: parse handles arbitrary input (518.13ms)
[615/850] PASS: encodeHelloRetryRequest: parse round-trip (518.14ms)
[616/850] PASS: parseHelloRetryRequest: rejects mismatched session id echo (518.14ms)
[617/850] PASS: parseHelloRetryRequest: RFC 8448 §5 (518.15ms)
[618/850] PASS: parseHelloRetryRequest: no cookie (518.15ms)
[619/850] PASS: parseHelloRetryRequest: rejects non-HRR Random (518.15ms)
[620/850] PASS: parseHelloRetryRequest: rejects wrong type (518.15ms)
[621/850] PASS: parseHelloRetryRequest: rejects TLS 1.2 in supported_versions (518.16ms)
[622/850] PASS: parseHelloRetryRequest: ignores non-0x0303 legacy_version (518.16ms)
[623/850] PASS: parseHelloRetryRequest: rejects SSLv3-or-lower legacy version (518.16ms)
[624/850] PASS: parseHelloRetryRequest: rejects non-zero compression method (518.16ms)
[625/850] PASS: parseHelloRetryRequest: rejects unknown cipher suite (518.17ms)
[626/850] PASS: parseHelloRetryRequest: rejects trailing bytes after extensions (518.17ms)
[627/850] PASS: parseHelloRetryRequest: rejects cookie extension trailing bytes (518.17ms)
[628/850] PASS: parseHelloRetryRequest: rejects missing supported_versions (518.18ms)
[629/850] PASS: parseHelloRetryRequest: rejects unknown unsolicited extension (518.18ms)
[630/850] PASS: parseHelloRetryRequest: rejects record_size_limit (518.18ms)
[631/850] PASS: KEM key_share round-trip: ServerHello encode → parse preserves 1120-byte ciphertext (518.20ms)
[632/850] PASS: fuzz: parseHelloRetryRequest handles arbitrary input (518.20ms)
[633/850] PASS: Config.validate reports invalid lists and missing P-384 material (518.25ms)
[634/850] PASS: sendAlert: plaintext fatal alert before ClientHello (518.29ms)
[635/850] PASS: sendAlert: encrypted close_notify after handshake (518.47ms)
[636/850] PASS: handleRecord: rejects ChangeCipherSpec before ClientHello (518.51ms)
[637/850] PASS: handleRecord: drops valid ChangeCipherSpec while waiting for client Finished (518.62ms)
[638/850] PASS: handleRecord: rejects malformed ChangeCipherSpec payload (518.73ms)
[639/850] PASS: handleRecord: ClientHello returns ServerHello write and enforces pending write (518.84ms)
[640/850] PASS: handleRecord: zero-length plaintext handshake is rejected (518.88ms)
[641/850] PASS: handleRecord: rejects application_data before connected (518.92ms)
[642/850] PASS: acceptClientHello: emits ServerHello and installs handshake keys (519.11ms)
[643/850] PASS: acceptClientHello: negotiates secp256r1 key share (519.27ms)
[644/850] PASS: acceptClientHello: negotiates secp384r1 key share (522.54ms)
[645/850] PASS: acceptClientHello: emits HelloRetryRequest for missing secp256r1 key share (522.63ms)
[646/850] PASS: acceptClientHello: rejects ClientHello2 with changed SNI or ALPN after HRR (522.76ms)
[647/850] PASS: acceptClientHello: rejects early_data in ClientHello2 after HRR (522.83ms)
[648/850] PASS: acceptClientHello: rejects replaced PSK identity in ClientHello2 despite valid binder (522.92ms)
[649/850] PASS: acceptClientHello: rejects added, reordered, or dropped PSK identities in CH2 (523.14ms)
[650/850] PASS: acceptClientHello: accepts permitted ClientHello2 PSK updates after HRR (523.56ms)
[651/850] PASS: acceptClientHello: bounded PSK identity admission before HelloRetryRequest (523.72ms)
[652/850] PASS: acceptClientHello: rejects removal of an unknown identity whose binder claims the HRR hash (523.80ms)
[653/850] PASS: acceptClientHello: HRR path rejects a slack-byte identities vector in CH1 (523.87ms)
[654/850] PASS: acceptClientHello: HRR path rejects a slack-byte identities vector in CH2 (523.94ms)
[655/850] PASS: acceptClientHello: PSK selection rejects a slack-byte identities vector (524.00ms)
[656/850] PASS: acceptClientHello: rejects ClientHello2 that ignores HRR selected group (524.09ms)
[657/850] PASS: acceptClientHello: rejects ClientHello2 with extra key share (524.19ms)
[658/850] PASS: acceptClientHello: HRR sends at most one compatibility ChangeCipherSpec (524.31ms)
[659/850] PASS: acceptClientHello: emits compatibility ChangeCipherSpec for non-empty legacy_session_id (524.42ms)
[660/850] PASS: sendAnonymousFlightForTest: client decrypts EncryptedExtensions and Finished (524.63ms)
[661/850] PASS: sendPreparedServerFlight: credentials and pending write are enforced (524.88ms)
[662/850] PASS: sendPreparedServerFlight: encryption failure preserves handshake write epoch (525.11ms)
[663/850] PASS: sendAuthenticatedFlight: client decrypts authenticated server flight (525.34ms)
[664/850] PASS: sendAuthenticatedFlight: optional client auth sends CertificateRequest (525.57ms)
[665/850] PASS: NewSessionTicket emission derives matching client and server PSKs (525.92ms)
[666/850] PASS: NewSessionTicket emission rejects stale prepared PSK objects (526.24ms)
[667/850] PASS: server-issued NewSessionTicket resumes and can be renewed (526.85ms)
[668/850] PASS: NewSessionTicket emission owns unique bounded nonces (527.26ms)
[669/850] PASS: NewSessionTicket emission enforces write and kTLS ordering (527.57ms)
[670/850] PASS: NewSessionTicket emission preserves state on encoding failure (527.90ms)
[671/850] PASS: discardTicketPsk burns nonce and erases key material (528.24ms)
[672/850] PASS: processClientFinished: optional client auth accepts empty Certificate (528.56ms)
[673/850] PASS: processClientFinished: required client auth rejects empty Certificate (528.86ms)
[674/850] PASS: processClientFinished: required client auth verifies real client Certificate + CV (529.27ms)
[675/850] PASS: processClientFinished: bad client Finished does not retain identity (529.66ms)
[676/850] PASS: processClientFinished: client identity requires caller-owned storage (530.05ms)
[677/850] PASS: processClientFinished: required client auth rejects forged CertificateVerify (530.43ms)
[678/850] PASS: sendAuthenticatedFlight: client processes CertificateVerify and Finished (530.71ms)
[679/850] PASS: processClientFinished: verifies Finished and installs app keys (530.85ms)
[680/850] PASS: processClientFinished: rejects bad verify_data (530.97ms)
[681/850] PASS: processClientFinished: rejects EndOfEarlyData when 0-RTT was not accepted (531.09ms)
[682/850] PASS: handleRecord: rejects second plaintext ClientHello before Finished (531.22ms)
[683/850] PASS: handleRecord: rejects protected ClientHello after connected (531.36ms)
[684/850] PASS: handleRecord: rejects client KeyUpdate before Finished (531.48ms)
[685/850] PASS: receiveRecord: RX progresses while a server TX record is pending (531.62ms)
[686/850] PASS: receiveKtlsRecord: server processes kernel-decrypted records (531.78ms)
[687/850] PASS: ratchetKtlsTx: server advances only an idle TX epoch (531.92ms)
[688/850] PASS: handleRecord: client KeyUpdate(update_requested) ratchets rx and responds (532.10ms)
[689/850] PASS: handleRecord: client KeyUpdate(update_not_requested) ratchets rx only (532.26ms)
[690/850] PASS: sendKeyUpdate: server-initiated KeyUpdate encrypts under old key then ratchets tx (532.41ms)
[691/850] PASS: handleRecord: self-initiated sendKeyUpdate response surfaces rx only (532.55ms)
[692/850] PASS: handleRecord: KeyUpdate not at record boundary is rejected (532.69ms)
[693/850] PASS: handleRecord: invalid client KeyUpdate request is rejected (532.83ms)
[694/850] PASS: handleRecord: zero-length encrypted handshake is rejected (532.97ms)
[695/850] PASS: handleRecord: all-zero inner plaintext maps to unexpected_message (533.11ms)
[696/850] PASS: handleRecord: illegal post-handshake inner content type is rejected (533.25ms)
[697/850] PASS: handleRecord: empty application data does not reset post-handshake flood counter (533.39ms)
[698/850] PASS: handleRecord: KeyUpdate flood is rejected (533.70ms)
[699/850] PASS: handleRecord: KeyUpdate flood cap fires despite empty app-data interleaving (533.95ms)
[700/850] PASS: EstablishedSession: struct stays compact against the handshake engine (533.95ms)
[701/850] PASS: extractEstablished: connected events match the handshake engine (534.25ms)
[702/850] PASS: extractEstablished: engine is consumed and immediate deinit is safe (534.39ms)
[703/850] PASS: extractEstablished: moved-from rx/tx are wiped, the session's copies stay live (534.53ms)
[704/850] PASS: extractEstablished: deferred KeyUpdate obligation blocks application writes (534.68ms)
[705/850] PASS: extractEstablished: KeyUpdate flood cap survives extraction and resets on app data (534.92ms)
[706/850] PASS: extractEstablished: KeyUpdate fragment carries across extraction (535.07ms)
[707/850] PASS: extractEstablished: KeyUpdate record-boundary and fragment rules hold (535.21ms)
[708/850] PASS: extractEstablished: close_notify and fatal alerts keep server semantics (535.35ms)
[709/850] PASS: extractEstablished: sendAlert latches and ratchetTx advances the TX epoch (535.51ms)
[710/850] PASS: extractEstablished: SHA-384 suite ratchets and exchanges app data (536.03ms)
[711/850] PASS: extractEstablished: NewSessionTicket is issued before extraction (536.37ms)
[712/850] PASS: key update: simultaneous update_requested remains connected (536.74ms)
[713/850] PASS: fuzz: ServerHandshake.handleRecord rejects arbitrary input (536.78ms)
[714/850] PASS: fuzz: connected ServerHandshake.handleRecord rejects arbitrary input (537.48ms)
[715/850] PASS: application data: server sends and receives (537.62ms)
[716/850] PASS: in-memory authenticated client-server handshake reaches app data (537.93ms)
[717/850] PASS: in-memory authenticated client-server handshake suite matrix (539.42ms)
[718/850] PASS: in-memory KeyUpdate round trip across all cipher suites (541.11ms)
[719/850] PASS: selectPsk: verifies the binder for a matching PSK identity (541.18ms)
[720/850] PASS: selectPsk: returns null when the PSK binder does not verify (541.25ms)
[721/850] PASS: selectPsk: oversized binders_len does not overflow (541.31ms)
[722/850] PASS: PSK offer without psk_key_exchange_modes aborts (541.41ms)
[723/850] PASS: PSK offer with only psk_ke disables resumption and ticket issuance (541.57ms)
[724/850] PASS: client authentication policy declines PSK resumption (541.98ms)
[725/850] PASS: PSK selection skips cipher suites with an incompatible hash (542.46ms)
[726/850] PASS: in-memory PSK resumption reaches app data (542.73ms)
[727/850] PASS: in-memory RFC 10024 PSK resumption matrix reaches app data (547.03ms)
[728/850] PASS: in-memory RFC 10024 PSK resumption survives HRR (551.32ms)
[729/850] PASS: in-memory RFC 10024 SHA-384 PSK resumption survives HRR (558.23ms)
[730/850] PASS: PSK fast-path rejects bare Finished when server did NOT select PSK (558.43ms)
[731/850] PASS: in-memory 0-RTT early data is decrypted by the server (558.72ms)
[732/850] PASS: 0-RTT: accepted early data distinguishes authentication and handshake errors (559.26ms)
[733/850] PASS: 0-RTT: server rejects early data exceeding max_early_data_size (559.43ms)
[734/850] PASS: 0-RTT: max u32 early-data limit rejects bytes beyond remaining budget (559.47ms)
[735/850] PASS: 0-RTT: no PSK selected means early data is skipped and 1-RTT completes (559.81ms)
[736/850] PASS: 0-RTT: declined early records in flight are skipped and 1-RTT completes (560.10ms)
[737/850] PASS: 0-RTT: required client auth declines PSK, skips early data, completes 1-RTT (560.54ms)
[738/850] PASS: 0-RTT: decline skip budget exhaustion aborts the handshake (560.70ms)
[739/850] PASS: 0-RTT: corrupted record after the skip window aborts (560.90ms)
[740/850] PASS: 0-RTT: HRR decline skips in-flight early data and the retry handshake completes (561.30ms)
[741/850] PASS: 0-RTT: default decline-skip budget covers a full max-size early record (561.64ms)
[742/850] PASS: 0-RTT: HRR decline skip budget exhaustion aborts the handshake (561.75ms)
[743/850] PASS: 0-RTT: HRR decline skip rejects malformed application_data records (561.85ms)
[744/850] PASS: 0-RTT: HRR skip window closes at ClientHello2 (562.09ms)
[745/850] PASS: 0-RTT: server declines, client sends no EndOfEarlyData (562.37ms)
[746/850] PASS: 0-RTT: client rejects server-sent EndOfEarlyData (562.41ms)
[747/850] PASS: 0-RTT: processClientFinished rejects Finished before EndOfEarlyData (562.61ms)
[748/850] PASS: preferredHybridShare follows server preference (562.65ms)
[749/850] PASS: in-memory RFC 10024 hybrid group matrix reaches app data (567.06ms)
[750/850] PASS: RFC 10024 hybrid group matrix negotiates through HRR (571.02ms)
[751/850] PASS: hybrid share requires explicit server policy (571.18ms)
[752/850] PASS: in-memory HRR round trip reaches app data (571.51ms)
[753/850] PASS: acceptClientHello: server suite preference (571.62ms)
[754/850] PASS: acceptClientHello: exposes SNI via clientServerName (571.73ms)
[755/850] PASS: acceptClientHello: clientServerName is null when SNI absent (571.84ms)
[756/850] PASS: acceptClientHello: rejects unsupported suite (571.90ms)
[757/850] PASS: acceptClientHello: ignores unknown cipher suites in mixed list (572.16ms)
[758/850] PASS: acceptClientHello: rejects ClientHello with no shared group (572.22ms)
[759/850] PASS: handleRecord: reassembles ClientHello split across records (572.33ms)
[760/850] PASS: handleRecord: reassembles ClientHello with header and body in separate records (572.44ms)
[761/850] PASS: handleRecord: rejects CCS while ClientHello fragment pending (572.50ms)
[762/850] PASS: handleRecord: processes alert while ClientHello fragment pending (572.56ms)
[763/850] PASS: handleRecord: plaintext fatal alert in wait_ch records detail (572.63ms)
[764/850] PASS: handleRecord: unknown alert codes are preserved (572.67ms)
[765/850] PASS: handleRecord: lastPeerAlert replaced by later alert, preserved by close/malformed (572.71ms)
[766/850] PASS: handleRecord: rejects fragmented ClientHello without reassembly buffer (572.77ms)
[767/850] PASS: handleRecord: state reset after invalid fragmented ClientHello (572.88ms)
[768/850] PASS: handleRecord: rejects trailing bytes after fragmented ClientHello (572.99ms)
[769/850] PASS: handleRecord: reassembles ClientHello2 split across records after HRR (573.11ms)
[770/850] PASS: handleRecord: reassembles fragmented client Finished across encrypted records (573.24ms)
[771/850] PASS: handleRecord: rejects interleaved alert during Finished fragment reassembly (573.37ms)
[772/850] PASS: handleRecord: rejects plaintext alert during Finished fragment reassembly (573.49ms)
[773/850] PASS: handleRecord: encrypted fatal alert while waiting for Finished records detail (573.61ms)
[774/850] PASS: handleRecord: rejects plaintext alert while waiting for Finished (573.73ms)
[775/850] PASS: handleRecord: rejects zero-length encrypted handshake while waiting for Finished (573.85ms)
[776/850] PASS: handleRecord: reassembles ClientHello when handshake header is split after 1 byte (573.97ms)
[777/850] PASS: handleRecord: server reassembles 1-byte fragmented KeyUpdate(update_requested) (574.12ms)
[778/850] PASS: handleRecord: fragmented KeyUpdate(update_not_requested) works (574.27ms)
[779/850] PASS: handleRecord: non-KeyUpdate fragment starts are rejected (574.41ms)
[780/850] PASS: handleRecord: KeyUpdate with trailing record bytes is rejected before ratchet (574.54ms)
[781/850] PASS: handleRecord: app-data interleaving during KeyUpdate reassembly is rejected (574.68ms)
[782/850] PASS: receiveApplicationData: app-data interleaving during KeyUpdate reassembly is rejected (574.82ms)
[783/850] PASS: handleRecord: alert interleaving during KeyUpdate reassembly is rejected (574.96ms)
[784/850] PASS: handleRecord: connected close_notify is clean, fatal alert records detail (575.10ms)
[785/850] PASS: handleRecord: zero-length handshake during KeyUpdate reassembly is rejected (575.24ms)
[786/850] PASS: handleRecord: ClientHello body_len 0xFFFFFF rejected without overflow (fast path) (575.28ms)
[787/850] PASS: handleRecord: split-header reassembly body_len 0xFFFFFF rejected without overflow (575.32ms)
[788/850] PASS: deinit leaves caller-owned buffers to the caller (575.47ms)
[789/850] PASS: Writer.append: u8 (575.47ms)
[790/850] PASS: Writer.append: u16 big-endian (575.47ms)
[791/850] PASS: Writer.append: u24 big-endian (575.48ms)
[792/850] PASS: Writer.appendSlice (575.48ms)
[793/850] PASS: Writer.append: enum (575.48ms)
[794/850] PASS: Reader.read: u8 (575.48ms)
[795/850] PASS: Reader.read: u16 big-endian (575.48ms)
[796/850] PASS: Reader.read: enum (575.49ms)
[797/850] PASS: Reader.readSlice: zero-copy (575.49ms)
[798/850] PASS: Reader.read: UnexpectedEof (575.49ms)
[799/850] PASS: Reader assume methods skip bounds checks after caller validation (575.49ms)
[800/850] PASS: Writer.reserve: write directly into buffer (575.50ms)
[801/850] PASS: Writer: sequential appends (575.50ms)
[802/850] PASS: encode and parse NewSessionTicket round trip (575.50ms)
[803/850] PASS: encode validates NewSessionTicket bounds before writing (575.51ms)
[804/850] PASS: parse: valid NewSessionTicket (575.51ms)
[805/850] PASS: parse: captures early_data max_early_data_size (575.51ms)
[806/850] PASS: parse: skips unknown ticket extension (575.51ms)
[807/850] PASS: parse: skips GREASE ticket extension (575.52ms)
[808/850] PASS: parse: rejects duplicate early_data extension (575.52ms)
[809/850] PASS: parse: rejects malformed early_data length (575.52ms)
[810/850] PASS: parse: wrong handshake type (575.52ms)
[811/850] PASS: parse: rejects length mismatch (575.53ms)
[812/850] PASS: parse: rejects empty ticket (575.53ms)
[813/850] PASS: parse: rejects malformed extensions length (575.53ms)
[814/850] PASS: fuzz: parse handles arbitrary input (575.53ms)
[815/850] PASS: encode: empty EncryptedExtensions (575.54ms)
[816/850] PASS: encode: ALPN EncryptedExtensions (575.54ms)
[817/850] PASS: encode: early_data accepted in EncryptedExtensions (575.54ms)
[818/850] PASS: encode: early_data omitted when not accepted (575.54ms)
[819/850] PASS: parse: valid EncryptedExtensions (575.55ms)
[820/850] PASS: parse: ALPN selection (575.55ms)
[821/850] PASS: parse: rejects unsolicited ALPN (575.55ms)
[822/850] PASS: parse: rejects unoffered ALPN (575.56ms)
[823/850] PASS: parse: rejects duplicate ALPN extension (575.56ms)
[824/850] PASS: parse: rejects multiple ALPN protocols (575.56ms)
[825/850] PASS: parse: rejects forbidden supported_versions extension (575.56ms)
[826/850] PASS: parse: rejects forbidden key_share extension (575.56ms)
[827/850] PASS: parse: rejects forbidden heartbeat extension (575.57ms)
[828/850] PASS: parse: rejects GREASE EncryptedExtensions extension (575.57ms)
[829/850] PASS: parse: rejects unknown unsolicited extension (575.57ms)
[830/850] PASS: parse: accepts server_name acknowledgment when SNI offered (575.58ms)
[831/850] PASS: parse: rejects server_name when SNI not offered (575.58ms)
[832/850] PASS: parse: rejects server_name acknowledgment with non-empty extension_data (575.58ms)
[833/850] PASS: parse: rejects unoffered record_size_limit in EncryptedExtensions (575.58ms)
[834/850] PASS: parse: accepts offered record_size_limit in EncryptedExtensions (575.59ms)
[835/850] PASS: parse: rejects malformed record_size_limit in EncryptedExtensions (575.59ms)
[836/850] PASS: parse: ignores supported_groups extension (575.59ms)
[837/850] PASS: parse: wrong handshake type (575.59ms)
[838/850] PASS: parse: truncated (575.60ms)
[839/850] PASS: encode round-trips via parse (575.60ms)
[840/850] PASS: parse rejects wrong handshake type (575.60ms)
[841/850] PASS: parse rejects missing signature_algorithms (575.60ms)
[842/850] PASS: parse rejects duplicate signature_algorithms (575.61ms)
[843/850] PASS: encodedLen is accurate (575.61ms)
[844/850] PASS: verify: wrong verify_data (575.61ms)
[845/850] PASS: verify: wrong handshake type (575.62ms)
[846/850] PASS: encode then verify round-trip (575.62ms)
[847/850] PASS: messageHashSynthetic: SHA-256 header (575.62ms)
[848/850] PASS: messageHashSynthetic: SHA-384 header (575.63ms)
[849/850] PASS: messageHashSynthetic: RFC 8448 §5 ClientHello1 SHA-256 (575.63ms)
[850/850] PASS: fill writes caller buffer (575.63ms)

ztest: 843 passed, 0 failed, 7 skipped (of 850 total) in 1576ms
ALL TESTS PASSED

Build Summary: 8/8 steps succeeded
test success
+- run test success 1s MaxRSS:11M
|  +- compile test Debug native-native success 16s MaxRSS:729M
|     +- options success
+- run exe errq-alloc-check success 9us MaxRSS:2M
|  +- compile exe errq-alloc-check Debug native-native success 1s MaxRSS:230M
|     +- options (reused)
+- run exe encrypted-pem-check success 1ms MaxRSS:5M
   +- compile exe encrypted-pem-check Debug native-native success 1s MaxRSS:256M
      +- options (reused)

NO_COLOR=1 pkg-config --list-all
NO_COLOR=1 pkg-config libcrypto --cflags --libs
/nix/store/HASH-zig-0.15.2/bin/zig build-exe -OReleaseFast -target native-native -mcpu apple_m1 --dep benchmark --dep benchmark_root -Mroot=/tmp/ztls-plc-cache/global/p/benchmark-0.1.0-JS72VvXxAACo8j9BYddbkivgNHXIeD1V27013BuCtW-_/src/benchmark_main.zig -OReleaseFast -target native-native -mcpu apple_m1 --dep benchmark_filter -Mbenchmark=/tmp/ztls-plc-cache/global/p/benchmark-0.1.0-JS72VvXxAACo8j9BYddbkivgNHXIeD1V27013BuCtW-_/src/benchmark.zig -I/nix/store/HASH-boringssl-0.20260803.0-dev/include -L/nix/store/HASH-boringssl-0.20260803.0/lib -lcrypto -OReleaseFast -target native-native -mcpu apple_m1 --dep ztls --dep txtar --dep build_options --dep fixtures --dep benchmark -Mbenchmark_root=/Users/matt/code/ztls/src/bench.zig -OReleaseFast -target native-native -mcpu apple_m1 -Mbenchmark_filter=/tmp/ztls-plc-cache/global/p/benchmark-0.1.0-JS72VvXxAACo8j9BYddbkivgNHXIeD1V27013BuCtW-_/src/filter.zig -I/nix/store/HASH-boringssl-0.20260803.0-dev/include -ODebug -target native-native -mcpu apple_m1 --dep build_options=build_options0 -Mztls=/Users/matt/code/ztls/src/root.zig -ODebug -target native-native -mcpu apple_m1 -Mtxtar=/tmp/ztls-plc-cache/global/p/txtar-0.1.0-RyJLBJ5rAABCV5lD0YSt048wd3l9Nk9a4_TnEnm0MZ9P/src/root.zig -Mbuild_options=/tmp/tmp.bw7894mKhm/c/5f561f0723d3bca47c7861e3338782bd/options.zig -ODebug -target native-native -mcpu apple_m1 -Mfixtures=/Users/matt/code/ztls/tests/fixtures/fixtures.zig -Mbuild_options0=/tmp/tmp.bw7894mKhm/c/5f561f0723d3bca47c7861e3338782bd/options.zig -lc --cache-dir /tmp/tmp.bw7894mKhm --global-cache-dir /tmp/ztls-plc-cache/global --name benchmark --zig-lib-dir /nix/store/HASH-zig-0.15.2/lib/zig/ --listen=-
install -C /tmp/tmp.bw7894mKhm/o/6282c06d91f47fc7ecb8840cc6e31e25/benchmark /Users/matt/code/ztls/zig-out/bin/benchmark

Build Summary: 4/4 steps succeeded
bench-bin success
+- install benchmark success
   +- compile exe benchmark ReleaseFast native-native success 15s MaxRSS:516M
      +- options cached
      +- options (reused)

[client] ClientHello sent → state=wait_sh
[server] ServerHello sent → state=wait_client_finished
[client] handshake keys installed → state=wait_ee
[server] authenticated flight sent → state=wait_client_finished
[client] Finished sent → state=connected
[server] client Finished verified → state=connected

=== handshake complete (ALPN=h2) ===

[app]    client → server: ping
[app]    server → client: pong

=== in-memory handshake OK ===

Build Summary: 4/4 steps succeeded
example-in_memory_handshake success
+- run exe in_memory_handshake success 14us MaxRSS:7M
   +- compile exe in_memory_handshake Debug native-native success 3s MaxRSS:414M
      +- options cached

install -C /tmp/ztls-plc-cache/global/p/N-V-__8AAACiugX9TDNHS4gUMmDdAre7aDQZEvrSeorGViEk/lib/tls-test-framework-1.5.0.jar /Users/matt/code/ztls/conformance/zig-out/tools/lib/tls-test-framework-1.5.0.jar
install -C /tmp/ztls-plc-cache/global/p/N-V-__8AAACiugX9TDNHS4gUMmDdAre7aDQZEvrSeorGViEk/lib/junit-jupiter-engine-5.13.4.jar /Users/matt/code/ztls/conformance/zig-out/tools/lib/junit-jupiter-engine-5.13.4.jar
install -C /tmp/ztls-plc-cache/global/p/N-V-__8AAACiugX9TDNHS4gUMmDdAre7aDQZEvrSeorGViEk/lib/netty-codec-http-4.2.4.Final.jar /Users/matt/code/ztls/conformance/zig-out/tools/lib/netty-codec-http-4.2.4.Final.jar
install -C /tmp/ztls-plc-cache/global/p/N-V-__8AAACiugX9TDNHS4gUMmDdAre7aDQZEvrSeorGViEk/lib/netty-transport-4.2.4.Final.jar /Users/matt/code/ztls/conformance/zig-out/tools/lib/netty-transport-4.2.4.Final.jar
install -C /tmp/ztls-plc-cache/global/p/N-V-__8AAACiugX9TDNHS4gUMmDdAre7aDQZEvrSeorGViEk/lib/joda-time-2.14.0.jar /Users/matt/code/ztls/conformance/zig-out/tools/lib/joda-time-2.14.0.jar
install -C /tmp/ztls-plc-cache/global/p/N-V-__8AAACiugX9TDNHS4gUMmDdAre7aDQZEvrSeorGViEk/lib/automaton-1.11-8.jar /Users/matt/code/ztls/conformance/zig-out/tools/lib/automaton-1.11-8.jar
install -C /tmp/ztls-plc-cache/global/p/N-V-__8AAACiugX9TDNHS4gUMmDdAre7aDQZEvrSeorGViEk/lib/junit-platform-engine-1.13.4.jar /Users/matt/code/ztls/conformance/zig-out/tools/lib/junit-platform-engine-1.13.4.jar
install -C /tmp/ztls-plc-cache/global/p/N-V-__8AAACiugX9TDNHS4gUMmDdAre7aDQZEvrSeorGViEk/lib/commons-compress-1.28.0.jar /Users/matt/code/ztls/conformance/zig-out/tools/lib/commons-compress-1.28.0.jar
install -C /tmp/ztls-plc-cache/global/p/N-V-__8AAACiugX9TDNHS4gUMmDdAre7aDQZEvrSeorGViEk/lib/guava-33.4.8-jre.jar /Users/matt/code/ztls/conformance/zig-out/tools/lib/guava-33.4.8-jre.jar
install -C /tmp/ztls-plc-cache/global/p/N-V-__8AAACiugX9TDNHS4gUMmDdAre7aDQZEvrSeorGViEk/lib/netty-transport-native-kqueue-4.2.4.Final-osx-x86_64.jar /Users/matt/code/ztls/conformance/zig-out/tools/lib/netty-transport-native-kqueue-4.2.4.Final-osx-x86_64.jar
install -C /tmp/ztls-plc-cache/global/p/N-V-__8AAACiugX9TDNHS4gUMmDdAre7aDQZEvrSeorGViEk/lib/bcutil-jdk18on-1.81.1.jar /Users/matt/code/ztls/conformance/zig-out/tools/lib/bcutil-jdk18on-1.81.1.jar
install -C /tmp/ztls-plc-cache/global/p/N-V-__8AAACiugX9TDNHS4gUMmDdAre7aDQZEvrSeorGViEk/lib/netty-handler-4.2.4.Final.jar /Users/matt/code/ztls/conformance/zig-out/tools/lib/netty-handler-4.2.4.Final.jar
install -C /tmp/ztls-plc-cache/global/p/N-V-__8AAACiugX9TDNHS4gUMmDdAre7aDQZEvrSeorGViEk/lib/netty-common-4.2.4.Final.jar /Users/matt/code/ztls/conformance/zig-out/tools/lib/netty-common-4.2.4.Final.jar
install -C /tmp/ztls-plc-cache/global/p/N-V-__8AAACiugX9TDNHS4gUMmDdAre7aDQZEvrSeorGViEk/lib/jackson-dataformat-yaml-2.20.0.jar /Users/matt/code/ztls/conformance/zig-out/tools/lib/jackson-dataformat-yaml-2.20.0.jar
install -C /tmp/ztls-plc-cache/global/p/N-V-__8AAACiugX9TDNHS4gUMmDdAre7aDQZEvrSeorGViEk/lib/jheaps-0.11.jar /Users/matt/code/ztls/conformance/zig-out/tools/lib/jheaps-0.11.jar
install -C /tmp/ztls-plc-cache/global/p/N-V-__8AAACiugX9TDNHS4gUMmDdAre7aDQZEvrSeorGViEk/lib/netty-transport-native-unix-common-4.2.4.Final.jar /Users/matt/code/ztls/conformance/zig-out/tools/lib/netty-transport-native-unix-common-4.2.4.Final.jar
install -C /tmp/ztls-plc-cache/global/p/N-V-__8AAACiugX9TDNHS4gUMmDdAre7aDQZEvrSeorGViEk/lib/docker-java-transport-3.6.0.jar /Users/matt/code/ztls/conformance/zig-out/tools/lib/docker-java-transport-3.6.0.jar
install -C /tmp/ztls-plc-cache/global/p/N-V-__8AAACiugX9TDNHS4gUMmDdAre7aDQZEvrSeorGViEk/lib/error_prone_annotations-2.36.0.jar /Users/matt/code/ztls/conformance/zig-out/tools/lib/error_prone_annotations-2.36.0.jar
install -C /tmp/ztls-plc-cache/global/p/N-V-__8AAACiugX9TDNHS4gUMmDdAre7aDQZEvrSeorGViEk/lib/jackson-databind-2.20.0.jar /Users/matt/code/ztls/conformance/zig-out/tools/lib/jackson-databind-2.20.0.jar
install -C /tmp/ztls-plc-cache/global/p/N-V-__8AAACiugX9TDNHS4gUMmDdAre7aDQZEvrSeorGViEk/lib/jersey-apache-connector-2.47.jar /Users/matt/code/ztls/conformance/zig-out/tools/lib/jersey-apache-connector-2.47.jar
install -C /tmp/ztls-plc-cache/global/p/N-V-__8AAACiugX9TDNHS4gUMmDdAre7aDQZEvrSeorGViEk/lib/jackson-datatype-joda-2.20.0.jar /Users/matt/code/ztls/conformance/zig-out/tools/lib/jackson-datatype-joda-2.20.0.jar
install -C /tmp/ztls-plc-cache/global/p/N-V-__8AAACiugX9TDNHS4gUMmDdAre7aDQZEvrSeorGViEk/lib/javassist-3.28.0-GA.jar /Users/matt/code/ztls/conformance/zig-out/tools/lib/javassist-3.28.0-GA.jar
install -C /tmp/ztls-plc-cache/global/p/N-V-__8AAACiugX9TDNHS4gUMmDdAre7aDQZEvrSeorGViEk/lib/tls-docker-library-3.2.2.jar /Users/matt/code/ztls/conformance/zig-out/tools/lib/tls-docker-library-3.2.2.jar
install -C /tmp/ztls-plc-cache/global/p/N-V-__8AAACiugX9TDNHS4gUMmDdAre7aDQZEvrSeorGViEk/lib/osgi-resource-locator-1.0.3.jar /Users/matt/code/ztls/conformance/zig-out/tools/lib/osgi-resource-locator-1.0.3.jar
install -C /tmp/ztls-plc-cache/global/p/N-V-__8AAACiugX9TDNHS4gUMmDdAre7aDQZEvrSeorGViEk/lib/log4j-bom-2.24.3.pom /Users/matt/code/ztls/conformance/zig-out/tools/lib/log4j-bom-2.24.3.pom
install -C /tmp/ztls-plc-cache/global/p/N-V-__8AAACiugX9TDNHS4gUMmDdAre7aDQZEvrSeorGViEk/lib/asn1-attacker-4.2.3.jar /Users/matt/code/ztls/conformance/zig-out/tools/lib/asn1-attacker-4.2.3.jar
install -C /tmp/ztls-plc-cache/global/p/N-V-__8AAACiugX9TDNHS4gUMmDdAre7aDQZEvrSeorGViEk/lib/jackson-core-2.20.0.jar /Users/matt/code/ztls/conformance/zig-out/tools/lib/jackson-core-2.20.0.jar
install -C /tmp/ztls-plc-cache/global/p/N-V-__8AAACiugX9TDNHS4gUMmDdAre7aDQZEvrSeorGViEk/lib/dnsjava-3.6.3.jar /Users/matt/code/ztls/conformance/zig-out/tools/lib/dnsjava-3.6.3.jar
install -C /tmp/ztls-plc-cache/global/p/N-V-__8AAACiugX9TDNHS4gUMmDdAre7aDQZEvrSeorGViEk/lib/jaxb-runtime-4.0.5.jar /Users/matt/code/ztls/conformance/zig-out/tools/lib/jaxb-runtime-4.0.5.jar
install -C /tmp/ztls-plc-cache/global/p/N-V-__8AAACiugX9TDNHS4gUMmDdAre7aDQZEvrSeorGViEk/lib/listenablefuture-9999.0-empty-to-avoid-conflict-with-guava.jar /Users/matt/code/ztls/conformance/zig-out/tools/lib/listenablefuture-9999.0-empty-to-avoid-conflict-with-guava.jar
install -C /tmp/ztls-plc-cache/global/p/N-V-__8AAACiugX9TDNHS4gUMmDdAre7aDQZEvrSeorGViEk/lib/docker-java-3.6.0.jar /Users/matt/code/ztls/conformance/zig-out/tools/lib/docker-java-3.6.0.jar
install -C /tmp/ztls-plc-cache/global/p/N-V-__8AAACiugX9TDNHS4gUMmDdAre7aDQZEvrSeorGViEk/lib/siv-mode-1.6.1.jar /Users/matt/code/ztls/conformance/zig-out/tools/lib/siv-mode-1.6.1.jar
install -C /tmp/ztls-plc-cache/global/p/N-V-__8AAACiugX9TDNHS4gUMmDdAre7aDQZEvrSeorGViEk/lib/bctls-jdk18on-1.81.jar /Users/matt/code/ztls/conformance/zig-out/tools/lib/bctls-jdk18on-1.81.jar
install -C /tmp/ztls-plc-cache/global/p/N-V-__8AAACiugX9TDNHS4gUMmDdAre7aDQZEvrSeorGViEk/lib/log4j-slf4j-impl-2.25.1.jar /Users/matt/code/ztls/conformance/zig-out/tools/lib/log4j-slf4j-impl-2.25.1.jar
install -C /tmp/ztls-plc-cache/global/p/N-V-__8AAACiugX9TDNHS4gUMmDdAre7aDQZEvrSeorGViEk/lib/j2objc-annotations-3.0.0.jar /Users/matt/code/ztls/conformance/zig-out/tools/lib/j2objc-annotations-3.0.0.jar
install -C /tmp/ztls-plc-cache/global/p/N-V-__8AAACiugX9TDNHS4gUMmDdAre7aDQZEvrSeorGViEk/lib/netty-codec-base-4.2.4.Final.jar /Users/matt/code/ztls/conformance/zig-out/tools/lib/netty-codec-base-4.2.4.Final.jar
install -C /tmp/ztls-plc-cache/global/p/N-V-__8AAACiugX9TDNHS4gUMmDdAre7aDQZEvrSeorGViEk/lib/tls-server-scanner-7.4.0.jar /Users/matt/code/ztls/conformance/zig-out/tools/lib/tls-server-scanner-7.4.0.jar
install -C /tmp/ztls-plc-cache/global/p/N-V-__8AAACiugX9TDNHS4gUMmDdAre7aDQZEvrSeorGViEk/lib/commons-math3-3.6.1.jar /Users/matt/code/ztls/conformance/zig-out/tools/lib/commons-math3-3.6.1.jar
install -C /tmp/ztls-plc-cache/global/p/N-V-__8AAACiugX9TDNHS4gUMmDdAre7aDQZEvrSeorGViEk/lib/jna-5.18.1.jar /Users/matt/code/ztls/conformance/zig-out/tools/lib/jna-5.18.1.jar
install -C /tmp/ztls-plc-cache/global/p/N-V-__8AAACiugX9TDNHS4gUMmDdAre7aDQZEvrSeorGViEk/lib/tls-client-scanner-7.4.0.jar /Users/matt/code/ztls/conformance/zig-out/tools/lib/tls-client-scanner-7.4.0.jar
install -C /tmp/ztls-plc-cache/global/p/N-V-__8AAACiugX9TDNHS4gUMmDdAre7aDQZEvrSeorGViEk/lib/docker-java-transport-jersey-3.6.0.jar /Users/matt/code/ztls/conformance/zig-out/tools/lib/docker-java-transport-jersey-3.6.0.jar
install -C /tmp/ztls-plc-cache/global/p/N-V-__8AAACiugX9TDNHS4gUMmDdAre7aDQZEvrSeorGViEk/lib/log4j-api-2.25.1.jar /Users/matt/code/ztls/conformance/zig-out/tools/lib/log4j-api-2.25.1.jar
install -C /tmp/ztls-plc-cache/global/p/N-V-__8AAACiugX9TDNHS4gUMmDdAre7aDQZEvrSeorGViEk/lib/JLargeArrays-1.5.jar /Users/matt/code/ztls/conformance/zig-out/tools/lib/JLargeArrays-1.5.jar
install -C /tmp/ztls-plc-cache/global/p/N-V-__8AAACiugX9TDNHS4gUMmDdAre7aDQZEvrSeorGViEk/lib/jsonschema-module-jackson-4.38.0.jar /Users/matt/code/ztls/conformance/zig-out/tools/lib/jsonschema-module-jackson-4.38.0.jar
install -C /tmp/ztls-plc-cache/global/p/N-V-__8AAACiugX9TDNHS4gUMmDdAre7aDQZEvrSeorGViEk/lib/jakarta.activation-api-2.1.3.jar /Users/matt/code/ztls/conformance/zig-out/tools/lib/jakarta.activation-api-2.1.3.jar
install -C /tmp/ztls-plc-cache/global/p/N-V-__8AAACiugX9TDNHS4gUMmDdAre7aDQZEvrSeorGViEk/lib/netty-buffer-4.2.4.Final.jar /Users/matt/code/ztls/conformance/zig-out/tools/lib/netty-buffer-4.2.4.Final.jar
install -C /tmp/ztls-plc-cache/global/p/N-V-__8AAACiugX9TDNHS4gUMmDdAre7aDQZEvrSeorGViEk/lib/anvil-core-2.3.4.jar /Users/matt/code/ztls/conformance/zig-out/tools/lib/anvil-core-2.3.4.jar
install -C /tmp/ztls-plc-cache/global/p/N-V-__8AAACiugX9TDNHS4gUMmDdAre7aDQZEvrSeorGViEk/lib/terminal-utils-1.0.0.jar /Users/matt/code/ztls/conformance/zig-out/tools/lib/terminal-utils-1.0.0.jar
install -C /tmp/ztls-plc-cache/global/p/N-V-__8AAACiugX9TDNHS4gUMmDdAre7aDQZEvrSeorGViEk/lib/choco-solver-4.10.18.jar /Users/matt/code/ztls/conformance/zig-out/tools/lib/choco-solver-4.10.18.jar
install -C /tmp/ztls-plc-cache/global/p/N-V-__8AAACiugX9TDNHS4gUMmDdAre7aDQZEvrSeorGViEk/lib/commons-text-1.14.0.jar /Users/matt/code/ztls/conformance/zig-out/tools/lib/commons-text-1.14.0.jar
install -C /tmp/ztls-plc-cache/global/p/N-V-__8AAACiugX9TDNHS4gUMmDdAre7aDQZEvrSeorGViEk/lib/pcap4j-core-1.8.2.jar /Users/matt/code/ztls/conformance/zig-out/tools/lib/pcap4j-core-1.8.2.jar
install -C /tmp/ztls-plc-cache/global/p/N-V-__8AAACiugX9TDNHS4gUMmDdAre7aDQZEvrSeorGViEk/lib/junit-jupiter-5.13.4.jar /Users/matt/code/ztls/conformance/zig-out/tools/lib/junit-jupiter-5.13.4.jar
install -C /tmp/ztls-plc-cache/global/p/N-V-__8AAACiugX9TDNHS4gUMmDdAre7aDQZEvrSeorGViEk/lib/netty-resolver-4.2.4.Final.jar /Users/matt/code/ztls/conformance/zig-out/tools/lib/netty-resolver-4.2.4.Final.jar
install -C /tmp/ztls-plc-cache/global/p/N-V-__8AAACiugX9TDNHS4gUMmDdAre7aDQZEvrSeorGViEk/lib/classmate-1.7.0.jar /Users/matt/code/ztls/conformance/zig-out/tools/lib/classmate-1.7.0.jar
install -C /tmp/ztls-plc-cache/global/p/N-V-__8AAACiugX9TDNHS4gUMmDdAre7aDQZEvrSeorGViEk/lib/txw2-4.0.5.jar /Users/matt/code/ztls/conformance/zig-out/tools/lib/txw2-4.0.5.jar
install -C /tmp/ztls-plc-cache/global/p/N-V-__8AAACiugX9TDNHS4gUMmDdAre7aDQZEvrSeorGViEk/lib/junixsocket-common-2.10.1.jar /Users/matt/code/ztls/conformance/zig-out/tools/lib/junixsocket-common-2.10.1.jar
install -C /tmp/ztls-plc-cache/global/p/N-V-__8AAACiugX9TDNHS4gUMmDdAre7aDQZEvrSeorGViEk/lib/scanner-core-6.3.0.jar /Users/matt/code/ztls/conformance/zig-out/tools/lib/scanner-core-6.3.0.jar
install -C /tmp/ztls-plc-cache/global/p/N-V-__8AAACiugX9TDNHS4gUMmDdAre7aDQZEvrSeorGViEk/lib/junit-4.10.jar /Users/matt/code/ztls/conformance/zig-out/tools/lib/junit-4.10.jar
install -C /tmp/ztls-plc-cache/global/p/N-V-__8AAACiugX9TDNHS4gUMmDdAre7aDQZEvrSeorGViEk/lib/log4j-jul-2.25.1.jar /Users/matt/code/ztls/conformance/zig-out/tools/lib/log4j-jul-2.25.1.jar
NO_COLOR=1 pkg-config --list-all
install -C /tmp/ztls-plc-cache/global/p/N-V-__8AAACiugX9TDNHS4gUMmDdAre7aDQZEvrSeorGViEk/lib/jersey-client-2.47.jar /Users/matt/code/ztls/conformance/zig-out/tools/lib/jersey-client-2.47.jar
install -C /tmp/ztls-plc-cache/global/p/N-V-__8AAACiugX9TDNHS4gUMmDdAre7aDQZEvrSeorGViEk/lib/commons-io-2.20.0.jar /Users/matt/code/ztls/conformance/zig-out/tools/lib/commons-io-2.20.0.jar
install -C /tmp/ztls-plc-cache/global/p/N-V-__8AAACiugX9TDNHS4gUMmDdAre7aDQZEvrSeorGViEk/TLS-Anvil.jar /Users/matt/code/ztls/conformance/zig-out/tools/TLS-Anvil.jar
install -C /tmp/ztls-plc-cache/global/p/N-V-__8AAACiugX9TDNHS4gUMmDdAre7aDQZEvrSeorGViEk/lib/coffee4j-anvil-junit-jupiter-2.0.1.jar /Users/matt/code/ztls/conformance/zig-out/tools/lib/coffee4j-anvil-junit-jupiter-2.0.1.jar
install -C /tmp/ztls-plc-cache/global/p/N-V-__8AAACiugX9TDNHS4gUMmDdAre7aDQZEvrSeorGViEk/lib/jersey-hk2-2.47.jar /Users/matt/code/ztls/conformance/zig-out/tools/lib/jersey-hk2-2.47.jar
install -C /tmp/ztls-plc-cache/global/p/N-V-__8AAACiugX9TDNHS4gUMmDdAre7aDQZEvrSeorGViEk/lib/jackson-annotations-2.20.jar /Users/matt/code/ztls/conformance/zig-out/tools/lib/jackson-annotations-2.20.jar
install -C /tmp/ztls-plc-cache/global/p/N-V-__8AAACiugX9TDNHS4gUMmDdAre7aDQZEvrSeorGViEk/lib/json-simple-1.1.1.jar /Users/matt/code/ztls/conformance/zig-out/tools/lib/json-simple-1.1.1.jar
install -C /tmp/ztls-plc-cache/global/p/N-V-__8AAACiugX9TDNHS4gUMmDdAre7aDQZEvrSeorGViEk/lib/jakarta.inject-2.6.1.jar /Users/matt/code/ztls/conformance/zig-out/tools/lib/jakarta.inject-2.6.1.jar
install -C /tmp/ztls-plc-cache/global/p/N-V-__8AAACiugX9TDNHS4gUMmDdAre7aDQZEvrSeorGViEk/lib/junit-jupiter-params-5.13.4.jar /Users/matt/code/ztls/conformance/zig-out/tools/lib/junit-jupiter-params-5.13.4.jar
install -C /tmp/ztls-plc-cache/global/p/N-V-__8AAACiugX9TDNHS4gUMmDdAre7aDQZEvrSeorGViEk/lib/modifiable-variable-5.3.0.jar /Users/matt/code/ztls/conformance/zig-out/tools/lib/modifiable-variable-5.3.0.jar
install -C /tmp/ztls-plc-cache/global/p/N-V-__8AAACiugX9TDNHS4gUMmDdAre7aDQZEvrSeorGViEk/lib/jersey-common-2.47.jar /Users/matt/code/ztls/conformance/zig-out/tools/lib/jersey-common-2.47.jar
install -C /tmp/ztls-plc-cache/global/p/N-V-__8AAACiugX9TDNHS4gUMmDdAre7aDQZEvrSeorGViEk/lib/sizeof-0.4.3.jar /Users/matt/code/ztls/conformance/zig-out/tools/lib/sizeof-0.4.3.jar
install -C /tmp/ztls-plc-cache/global/p/N-V-__8AAACiugX9TDNHS4gUMmDdAre7aDQZEvrSeorGViEk/lib/jakarta.ws.rs-api-2.1.6.jar /Users/matt/code/ztls/conformance/zig-out/tools/lib/jakarta.ws.rs-api-2.1.6.jar
install -C /tmp/ztls-plc-cache/global/p/N-V-__8AAACiugX9TDNHS4gUMmDdAre7aDQZEvrSeorGViEk/lib/junit-platform-commons-1.13.4.jar /Users/matt/code/ztls/conformance/zig-out/tools/lib/junit-platform-commons-1.13.4.jar
install -C /tmp/ztls-plc-cache/global/p/N-V-__8AAACiugX9TDNHS4gUMmDdAre7aDQZEvrSeorGViEk/lib/JTransforms-3.1.jar /Users/matt/code/ztls/conformance/zig-out/tools/lib/JTransforms-3.1.jar
install -C /tmp/ztls-plc-cache/global/p/N-V-__8AAACiugX9TDNHS4gUMmDdAre7aDQZEvrSeorGViEk/lib/netty-transport-native-epoll-4.2.4.Final-linux-x86_64.jar /Users/matt/code/ztls/conformance/zig-out/tools/lib/netty-transport-native-epoll-4.2.4.Final-linux-x86_64.jar
install -C /tmp/ztls-plc-cache/global/p/N-V-__8AAACiugX9TDNHS4gUMmDdAre7aDQZEvrSeorGViEk/lib/httpcore5-5.3.4.jar /Users/matt/code/ztls/conformance/zig-out/tools/lib/httpcore5-5.3.4.jar
install -C /tmp/ztls-plc-cache/global/p/N-V-__8AAACiugX9TDNHS4gUMmDdAre7aDQZEvrSeorGViEk/lib/netty-codec-socks-4.2.4.Final.jar /Users/matt/code/ztls/conformance/zig-out/tools/lib/netty-codec-socks-4.2.4.Final.jar
install -C /tmp/ztls-plc-cache/global/p/N-V-__8AAACiugX9TDNHS4gUMmDdAre7aDQZEvrSeorGViEk/lib/netty-codec-compression-4.2.4.Final.jar /Users/matt/code/ztls/conformance/zig-out/tools/lib/netty-codec-compression-4.2.4.Final.jar
install -C /tmp/ztls-plc-cache/global/p/N-V-__8AAACiugX9TDNHS4gUMmDdAre7aDQZEvrSeorGViEk/lib/aopalliance-repackaged-2.6.1.jar /Users/matt/code/ztls/conformance/zig-out/tools/lib/aopalliance-repackaged-2.6.1.jar
install -C /tmp/ztls-plc-cache/global/p/N-V-__8AAACiugX9TDNHS4gUMmDdAre7aDQZEvrSeorGViEk/lib/docker-java-api-3.6.0.jar /Users/matt/code/ztls/conformance/zig-out/tools/lib/docker-java-api-3.6.0.jar
install -C /tmp/ztls-plc-cache/global/p/N-V-__8AAACiugX9TDNHS4gUMmDdAre7aDQZEvrSeorGViEk/lib/slf4j-api-1.7.32.jar /Users/matt/code/ztls/conformance/zig-out/tools/lib/slf4j-api-1.7.32.jar
install -C /tmp/ztls-plc-cache/global/p/N-V-__8AAACiugX9TDNHS4gUMmDdAre7aDQZEvrSeorGViEk/lib/commons-codec-1.19.0.jar /Users/matt/code/ztls/conformance/zig-out/tools/lib/commons-codec-1.19.0.jar
install -C /tmp/ztls-plc-cache/global/p/N-V-__8AAACiugX9TDNHS4gUMmDdAre7aDQZEvrSeorGViEk/lib/bcprov-jdk18on-1.81.jar /Users/matt/code/ztls/conformance/zig-out/tools/lib/bcprov-jdk18on-1.81.jar
install -C /tmp/ztls-plc-cache/global/p/N-V-__8AAACiugX9TDNHS4gUMmDdAre7aDQZEvrSeorGViEk/lib/commons-lang3-3.18.0.jar /Users/matt/code/ztls/conformance/zig-out/tools/lib/commons-lang3-3.18.0.jar
install -C /tmp/ztls-plc-cache/global/p/N-V-__8AAACiugX9TDNHS4gUMmDdAre7aDQZEvrSeorGViEk/lib/tls-core-7.7.0.jar /Users/matt/code/ztls/conformance/zig-out/tools/lib/tls-core-7.7.0.jar
install -C /tmp/ztls-plc-cache/global/p/N-V-__8AAACiugX9TDNHS4gUMmDdAre7aDQZEvrSeorGViEk/lib/failureaccess-1.0.3.jar /Users/matt/code/ztls/conformance/zig-out/tools/lib/failureaccess-1.0.3.jar
install -C /tmp/ztls-plc-cache/global/p/N-V-__8AAACiugX9TDNHS4gUMmDdAre7aDQZEvrSeorGViEk/lib/httpclient5-5.5.jar /Users/matt/code/ztls/conformance/zig-out/tools/lib/httpclient5-5.5.jar
install -C /tmp/ztls-plc-cache/global/p/N-V-__8AAACiugX9TDNHS4gUMmDdAre7aDQZEvrSeorGViEk/lib/jsoup-1.22.2.jar /Users/matt/code/ztls/conformance/zig-out/tools/lib/jsoup-1.22.2.jar
install -C /tmp/ztls-plc-cache/global/p/N-V-__8AAACiugX9TDNHS4gUMmDdAre7aDQZEvrSeorGViEk/lib/x509-attacker-4.3.10.jar /Users/matt/code/ztls/conformance/zig-out/tools/lib/x509-attacker-4.3.10.jar
install -C /tmp/ztls-plc-cache/global/p/N-V-__8AAACiugX9TDNHS4gUMmDdAre7aDQZEvrSeorGViEk/lib/httpcore5-h2-5.3.4.jar /Users/matt/code/ztls/conformance/zig-out/tools/lib/httpcore5-h2-5.3.4.jar
install -C /tmp/ztls-plc-cache/global/p/N-V-__8AAACiugX9TDNHS4gUMmDdAre7aDQZEvrSeorGViEk/lib/utils-7.7.0.jar /Users/matt/code/ztls/conformance/zig-out/tools/lib/utils-7.7.0.jar
install -C /tmp/ztls-plc-cache/global/p/N-V-__8AAACiugX9TDNHS4gUMmDdAre7aDQZEvrSeorGViEk/lib/junit-platform-launcher-1.13.4.jar /Users/matt/code/ztls/conformance/zig-out/tools/lib/junit-platform-launcher-1.13.4.jar
install -C /tmp/ztls-plc-cache/global/p/N-V-__8AAACiugX9TDNHS4gUMmDdAre7aDQZEvrSeorGViEk/lib/jakarta.xml.bind-api-4.0.2.jar /Users/matt/code/ztls/conformance/zig-out/tools/lib/jakarta.xml.bind-api-4.0.2.jar
install -C /tmp/ztls-plc-cache/global/p/N-V-__8AAACiugX9TDNHS4gUMmDdAre7aDQZEvrSeorGViEk/lib/log4j-iostreams-2.25.1.jar /Users/matt/code/ztls/conformance/zig-out/tools/lib/log4j-iostreams-2.25.1.jar
install -C /tmp/ztls-plc-cache/global/p/N-V-__8AAACiugX9TDNHS4gUMmDdAre7aDQZEvrSeorGViEk/lib/transport-7.7.0.jar /Users/matt/code/ztls/conformance/zig-out/tools/lib/transport-7.7.0.jar
install -C /tmp/ztls-plc-cache/global/p/N-V-__8AAACiugX9TDNHS4gUMmDdAre7aDQZEvrSeorGViEk/lib/bcpkix-jdk18on-1.81.jar /Users/matt/code/ztls/conformance/zig-out/tools/lib/bcpkix-jdk18on-1.81.jar
install -C /tmp/ztls-plc-cache/global/p/N-V-__8AAACiugX9TDNHS4gUMmDdAre7aDQZEvrSeorGViEk/lib/httpclient-4.5.12.jar /Users/matt/code/ztls/conformance/zig-out/tools/lib/httpclient-4.5.12.jar
install -C /tmp/ztls-plc-cache/global/p/N-V-__8AAACiugX9TDNHS4gUMmDdAre7aDQZEvrSeorGViEk/lib/jcl-over-slf4j-1.7.30.jar /Users/matt/code/ztls/conformance/zig-out/tools/lib/jcl-over-slf4j-1.7.30.jar
install -C /tmp/ztls-plc-cache/global/p/N-V-__8AAACiugX9TDNHS4gUMmDdAre7aDQZEvrSeorGViEk/lib/jsr305-3.0.2.jar /Users/matt/code/ztls/conformance/zig-out/tools/lib/jsr305-3.0.2.jar
install -C /tmp/ztls-plc-cache/global/p/N-V-__8AAACiugX9TDNHS4gUMmDdAre7aDQZEvrSeorGViEk/lib/opentest4j-1.3.0.jar /Users/matt/code/ztls/conformance/zig-out/tools/lib/opentest4j-1.3.0.jar
install -C /tmp/ztls-plc-cache/global/p/N-V-__8AAACiugX9TDNHS4gUMmDdAre7aDQZEvrSeorGViEk/lib/hk2-utils-2.6.1.jar /Users/matt/code/ztls/conformance/zig-out/tools/lib/hk2-utils-2.6.1.jar
install -C /tmp/ztls-plc-cache/global/p/N-V-__8AAACiugX9TDNHS4gUMmDdAre7aDQZEvrSeorGViEk/lib/trove4j-3.0.3.jar /Users/matt/code/ztls/conformance/zig-out/tools/lib/trove4j-3.0.3.jar
install -C /tmp/ztls-plc-cache/global/p/N-V-__8AAACiugX9TDNHS4gUMmDdAre7aDQZEvrSeorGViEk/lib/fastutil-8.5.15.jar /Users/matt/code/ztls/conformance/zig-out/tools/lib/fastutil-8.5.15.jar
install -C /tmp/ztls-plc-cache/global/p/N-V-__8AAACiugX9TDNHS4gUMmDdAre7aDQZEvrSeorGViEk/lib/jcommander-1.82.jar /Users/matt/code/ztls/conformance/zig-out/tools/lib/jcommander-1.82.jar
install -C /tmp/ztls-plc-cache/global/p/N-V-__8AAACiugX9TDNHS4gUMmDdAre7aDQZEvrSeorGViEk/lib/tls-scanner-core-7.4.0.jar /Users/matt/code/ztls/conformance/zig-out/tools/lib/tls-scanner-core-7.4.0.jar
install -C /tmp/ztls-plc-cache/global/p/N-V-__8AAACiugX9TDNHS4gUMmDdAre7aDQZEvrSeorGViEk/lib/protocol-attacker-2.2.2.jar /Users/matt/code/ztls/conformance/zig-out/tools/lib/protocol-attacker-2.2.2.jar
install -C /tmp/ztls-plc-cache/global/p/N-V-__8AAACiugX9TDNHS4gUMmDdAre7aDQZEvrSeorGViEk/lib/jsonschema-generator-4.38.0.jar /Users/matt/code/ztls/conformance/zig-out/tools/lib/jsonschema-generator-4.38.0.jar
install -C /tmp/ztls-plc-cache/global/p/N-V-__8AAACiugX9TDNHS4gUMmDdAre7aDQZEvrSeorGViEk/lib/junit-jupiter-api-5.13.4.jar /Users/matt/code/ztls/conformance/zig-out/tools/lib/junit-jupiter-api-5.13.4.jar
install -C /tmp/ztls-plc-cache/global/p/N-V-__8AAACiugX9TDNHS4gUMmDdAre7aDQZEvrSeorGViEk/lib/junixsocket-native-common-2.10.1.jar /Users/matt/code/ztls/conformance/zig-out/tools/lib/junixsocket-native-common-2.10.1.jar
install -C /tmp/ztls-plc-cache/global/p/N-V-__8AAACiugX9TDNHS4gUMmDdAre7aDQZEvrSeorGViEk/lib/apiguardian-api-1.1.2.jar /Users/matt/code/ztls/conformance/zig-out/tools/lib/apiguardian-api-1.1.2.jar
install -C /tmp/ztls-plc-cache/global/p/N-V-__8AAACiugX9TDNHS4gUMmDdAre7aDQZEvrSeorGViEk/lib/docker-java-transport-netty-3.6.0.jar /Users/matt/code/ztls/conformance/zig-out/tools/lib/docker-java-transport-netty-3.6.0.jar
install -C /tmp/ztls-plc-cache/global/p/N-V-__8AAACiugX9TDNHS4gUMmDdAre7aDQZEvrSeorGViEk/lib/hk2-api-2.6.1.jar /Users/matt/code/ztls/conformance/zig-out/tools/lib/hk2-api-2.6.1.jar
install -C /tmp/ztls-plc-cache/global/p/N-V-__8AAACiugX9TDNHS4gUMmDdAre7aDQZEvrSeorGViEk/lib/docker-java-core-3.6.0.jar /Users/matt/code/ztls/conformance/zig-out/tools/lib/docker-java-core-3.6.0.jar
install -C /tmp/ztls-plc-cache/global/p/N-V-__8AAACiugX9TDNHS4gUMmDdAre7aDQZEvrSeorGViEk/lib/jspecify-1.0.0.jar /Users/matt/code/ztls/conformance/zig-out/tools/lib/jspecify-1.0.0.jar
install -C /tmp/ztls-plc-cache/global/p/N-V-__8AAACiugX9TDNHS4gUMmDdAre7aDQZEvrSeorGViEk/lib/docker-java-transport-httpclient5-3.6.0.jar /Users/matt/code/ztls/conformance/zig-out/tools/lib/docker-java-transport-httpclient5-3.6.0.jar
install -C /tmp/ztls-plc-cache/global/p/N-V-__8AAACiugX9TDNHS4gUMmDdAre7aDQZEvrSeorGViEk/lib/coffee4j-anvil-model-2.0.1.jar /Users/matt/code/ztls/conformance/zig-out/tools/lib/coffee4j-anvil-model-2.0.1.jar
install -C /tmp/ztls-plc-cache/global/p/N-V-__8AAACiugX9TDNHS4gUMmDdAre7aDQZEvrSeorGViEk/lib/snakeyaml-2.4.jar /Users/matt/code/ztls/conformance/zig-out/tools/lib/snakeyaml-2.4.jar
install -C /tmp/ztls-plc-cache/global/p/N-V-__8AAACiugX9TDNHS4gUMmDdAre7aDQZEvrSeorGViEk/lib/hk2-locator-2.6.1.jar /Users/matt/code/ztls/conformance/zig-out/tools/lib/hk2-locator-2.6.1.jar
install -C /tmp/ztls-plc-cache/global/p/N-V-__8AAACiugX9TDNHS4gUMmDdAre7aDQZEvrSeorGViEk/lib/httpcore-4.4.16.jar /Users/matt/code/ztls/conformance/zig-out/tools/lib/httpcore-4.4.16.jar
install -C /tmp/ztls-plc-cache/global/p/N-V-__8AAACiugX9TDNHS4gUMmDdAre7aDQZEvrSeorGViEk/lib/log4j-core-2.25.1.jar /Users/matt/code/ztls/conformance/zig-out/tools/lib/log4j-core-2.25.1.jar
install -C /tmp/ztls-plc-cache/global/p/N-V-__8AAACiugX9TDNHS4gUMmDdAre7aDQZEvrSeorGViEk/lib/netty-transport-classes-kqueue-4.2.4.Final.jar /Users/matt/code/ztls/conformance/zig-out/tools/lib/netty-transport-classes-kqueue-4.2.4.Final.jar
install -C /tmp/ztls-plc-cache/global/p/N-V-__8AAACiugX9TDNHS4gUMmDdAre7aDQZEvrSeorGViEk/lib/jakarta.annotation-api-1.3.5.jar /Users/matt/code/ztls/conformance/zig-out/tools/lib/jakarta.annotation-api-1.3.5.jar
install -C /tmp/ztls-plc-cache/global/p/N-V-__8AAACiugX9TDNHS4gUMmDdAre7aDQZEvrSeorGViEk/lib/hamcrest-core-1.1.jar /Users/matt/code/ztls/conformance/zig-out/tools/lib/hamcrest-core-1.1.jar
install -C /tmp/ztls-plc-cache/global/p/N-V-__8AAACiugX9TDNHS4gUMmDdAre7aDQZEvrSeorGViEk/lib/istack-commons-runtime-4.1.2.jar /Users/matt/code/ztls/conformance/zig-out/tools/lib/istack-commons-runtime-4.1.2.jar
install -C /tmp/ztls-plc-cache/global/p/N-V-__8AAACiugX9TDNHS4gUMmDdAre7aDQZEvrSeorGViEk/lib/coffee4j-anvil-engine-2.0.1.jar /Users/matt/code/ztls/conformance/zig-out/tools/lib/coffee4j-anvil-engine-2.0.1.jar
install -C /tmp/ztls-plc-cache/global/p/N-V-__8AAACiugX9TDNHS4gUMmDdAre7aDQZEvrSeorGViEk/lib/netty-handler-proxy-4.2.4.Final.jar /Users/matt/code/ztls/conformance/zig-out/tools/lib/netty-handler-proxy-4.2.4.Final.jar
install -C /tmp/ztls-plc-cache/global/p/N-V-__8AAACiugX9TDNHS4gUMmDdAre7aDQZEvrSeorGViEk/lib/jaxb-core-4.0.5.jar /Users/matt/code/ztls/conformance/zig-out/tools/lib/jaxb-core-4.0.5.jar
install -C /tmp/ztls-plc-cache/global/p/N-V-__8AAACiugX9TDNHS4gUMmDdAre7aDQZEvrSeorGViEk/lib/netty-transport-classes-epoll-4.2.4.Final.jar /Users/matt/code/ztls/conformance/zig-out/tools/lib/netty-transport-classes-epoll-4.2.4.Final.jar
install -C /tmp/ztls-plc-cache/global/p/N-V-__8AAACiugX9TDNHS4gUMmDdAre7aDQZEvrSeorGViEk/lib/reflections-0.10.2.jar /Users/matt/code/ztls/conformance/zig-out/tools/lib/reflections-0.10.2.jar
install -C /tmp/ztls-plc-cache/global/p/N-V-__8AAACiugX9TDNHS4gUMmDdAre7aDQZEvrSeorGViEk/lib/jgrapht-core-1.4.0.jar /Users/matt/code/ztls/conformance/zig-out/tools/lib/jgrapht-core-1.4.0.jar
bash /Users/matt/code/ztls/conformance/scripts/anvil-chain-provider-patch/apply.sh /Users/matt/code/ztls/conformance/zig-out/tools/lib
patched X509CertificateChainProvider (basicConstraints cA) into /Users/matt/code/ztls/conformance/zig-out/tools/lib/tls-test-framework-1.5.0.jar
patched DateTimeAdapter (JAXB validity serialization) into /Users/matt/code/ztls/conformance/zig-out/tools/lib/x509-attacker-4.3.10.jar
NO_COLOR=1 pkg-config --list-all
NO_COLOR=1 pkg-config libcrypto --cflags --libs
/nix/store/HASH-zig-0.15.2/bin/zig build-exe -ODebug --dep ztls --dep net_compat --dep fixtures -Mroot=/Users/matt/code/ztls/conformance/src/anvil_client.zig -I/nix/store/HASH-boringssl-0.20260803.0-dev/include -L/nix/store/HASH-boringssl-0.20260803.0/lib -lcrypto -ODebug --dep build_options -Mztls=/Users/matt/code/ztls/src/root.zig -ODebug -Mnet_compat=/Users/matt/code/ztls/shared/net_compat.zig -ODebug -Mfixtures=/Users/matt/code/ztls/tests/fixtures/fixtures.zig -Mbuild_options=/tmp/tmp.bw7894mKhm/conformance/c/5f561f0723d3bca47c7861e3338782bd/options.zig -lc --cache-dir /tmp/tmp.bw7894mKhm/conformance --global-cache-dir /tmp/ztls-plc-cache/global --name anvil_client --zig-lib-dir /nix/store/HASH-zig-0.15.2/lib/zig/ --listen=-
NO_COLOR=1 pkg-config libcrypto --cflags --libs
/nix/store/HASH-zig-0.15.2/bin/zig build-exe -ODebug --dep ztls --dep net_compat --dep fixtures -Mroot=/Users/matt/code/ztls/conformance/src/tlsfuzzer_server.zig -I/nix/store/HASH-boringssl-0.20260803.0-dev/include -L/nix/store/HASH-boringssl-0.20260803.0/lib -lcrypto -ODebug --dep build_options -Mztls=/Users/matt/code/ztls/src/root.zig -ODebug -Mnet_compat=/Users/matt/code/ztls/shared/net_compat.zig -ODebug -Mfixtures=/Users/matt/code/ztls/tests/fixtures/fixtures.zig -Mbuild_options=/tmp/tmp.bw7894mKhm/conformance/c/5f561f0723d3bca47c7861e3338782bd/options.zig -lc --cache-dir /tmp/tmp.bw7894mKhm/conformance --global-cache-dir /tmp/ztls-plc-cache/global --name tlsfuzzer_server --zig-lib-dir /nix/store/HASH-zig-0.15.2/lib/zig/ --listen=-
install -C /tmp/tmp.bw7894mKhm/conformance/o/90436a0cf69d2de96e30a9afd67040b6/anvil_client /Users/matt/code/ztls/conformance/zig-out/bin/anvil_client
install -C /tmp/tmp.bw7894mKhm/conformance/o/9d02d365ee43c0bc8ce5044ed6845880/tlsfuzzer_server /Users/matt/code/ztls/conformance/zig-out/bin/tlsfuzzer_server

Build Summary: 9/9 steps succeeded
install success
+- install dependency to tools/TLS-Anvil.jar cached
+- install dependency/ success
+- run bash success 1s MaxRSS:184M
|  +- install dependency to tools/TLS-Anvil.jar (reused)
|  +- install dependency/ (reused)
+- install tlsfuzzer_server success
|  +- compile exe tlsfuzzer_server Debug native success 3s MaxRSS:411M
|     +- options success
+- install anvil_client success
   +- compile exe anvil_client Debug native success 3s MaxRSS:408M
      +- options (reused)

................                                                         [100%]
16 passed in 0.28s
