BenchmarkRecordEncryptPrepared/TLS_AES_128_GCM_SHA256/1350	       1	       288.0 ns/op	4687.50 MB/s
rt
errq-alloc-check: ok (allocs 113313, frees 107383, live 5930)
ztest: Running 850 tests...
[1/850] PASS: test_0 (845.13ms)
[2/850] PASS: Wycheproof: X25519 shared secret tcId 1 (848.83ms)
[3/850] PASS: Wycheproof boundary: X25519 identity element is rejected (848.90ms)
[4/850] PASS: Wycheproof boundary: X25519 small-order public key is rejected (848.95ms)
[5/850] PASS: Wycheproof: AES-128-GCM AAD/tag handling tcId 2 (849.18ms)
[6/850] PASS: Wycheproof boundary: AES-256-GCM AAD/tag handling (849.19ms)
[7/850] PASS: Wycheproof: ChaCha20-Poly1305 one-byte message tcId 4 (849.20ms)
[8/850] PASS: Wycheproof boundary: ChaCha20-Poly1305 AAD handling (849.21ms)
[9/850] PASS: OpenSSL s_server interoperates with ztls client (919.52ms)
[10/850] PASS: OpenSSL s_server interoperates with ztls P-384 client (948.97ms)
[11/850] PASS: OpenSSL s_server interoperates with ztls RFC 10024 client groups (1021.80ms)
[12/850] PASS: ztls client resumes with OpenSSL s_server (PSK resumption) (47.51ms)
[13/850] PASS: ztls client sends 0-RTT early data to OpenSSL s_server (73.15ms)
[14/850] PASS: OpenSSL s_client interoperates with ztls server (110.44ms)
[15/850] PASS: OpenSSL s_client resumes with ztls server-issued ticket (135.23ms)
[16/850] PASS: OpenSSL s_client interoperates with ztls P-384 server (151.13ms)
[17/850] PASS: OpenSSL s_client interoperates with ztls RFC 10024 server groups (191.56ms)
[18/850] PASS: OpenSSL s_client with -cert interoperates with ztls server (required client auth) (207.68ms)
[19/850] PASS: ztls client with credentials interoperates with OpenSSL s_server -Verify (233.39ms)
[20/850] PASS: ztls-to-ztls TCP KeyUpdate round trip with ChaCha20-Poly1305 (276.13ms)
[21/850] PASS: backend.x25519: RFC 7748 §5.2 shared secret (276.21ms)
[22/850] PASS: backend.x25519: RFC 7748 §6.1 mutual key agreement (276.32ms)
[23/850] PASS: backend.x25519: Wycheproof tcId 1 shared secret (276.38ms)
[24/850] PASS: backend.x25519: all-zero public key is rejected (IdentityElement) (276.43ms)
[25/850] PASS: backend.x25519: small-order public key is rejected (IdentityElement) (276.49ms)
[26/850] PASS: backend.aead: round-trip for every advertised cipher suite (276.51ms)
[27/850] PASS: backend.aead: tag corruption is rejected for every advertised cipher suite (276.52ms)
[28/850] PASS: backend.aead: ciphertext corruption is rejected for every advertised cipher suite (276.52ms)
[29/850] PASS: backend.aead: Wycheproof AES-128-GCM tcId 2 (276.53ms)
[30/850] PASS: backend.aead: Wycheproof AES-256-GCM AAD boundary (276.54ms)
[31/850] PASS: backend.aead: Wycheproof ChaCha20-Poly1305 AAD boundary (276.55ms)
[32/850] PASS: backend.aead: ChaCha20-Poly1305 RFC 8439 §2.8.2 known-answer vector (276.56ms)
[33/850] PASS: backend.p256: mutual key agreement with fixed scalars (276.78ms)
[34/850] PASS: backend.p256: non-04 SEC1 prefix is rejected (276.80ms)
[35/850] PASS: backend.p256: off-curve point is rejected (276.81ms)
[36/850] PASS: backend.p256: zero scalar private key is rejected (276.82ms)
[37/850] PASS: backend.p256: Wycheproof tcId 1 shared secret (276.92ms)
[38/850] PASS: backend.p384: mutual key agreement with fixed scalars (280.44ms)
[39/850] PASS: backend.p384: non-04 SEC1 prefix is rejected (281.58ms)
[40/850] PASS: backend.p384: off-curve point is rejected (281.59ms)
[41/850] PASS: backend.p384: zero scalar private key is rejected (281.60ms)
[42/850] PASS: backend.p384: Wycheproof tcId 1 shared secret (283.33ms)
[43/850] PASS: backend.sign: RSA-PSS SHA-256 sign/verify round-trip (284.63ms)
[44/850] PASS: backend.sign: RSA-PSS SHA-256 rejects tampered signature (285.54ms)
[45/850] PASS: backend.sign: RSA-PSS SHA-384 sign/verify round-trip and tamper rejection (286.46ms)
[46/850] PASS: backend.sign: ECDSA P-256 SHA-256 sign/verify round-trip (286.61ms)
[47/850] PASS: backend.sign: ECDSA P-256 SHA-256 rejects tampered signature (286.68ms)
[48/850] PASS: backend.sign: ECDSA P-384 SHA-384 sign/verify round-trip and tamper rejection (288.96ms)
[49/850] PASS: backend.sign: BufferTooShort on undersized output (289.00ms)
[50/850] PASS: backend.sign: key/scheme mismatch is a libcrypto failure (289.05ms)
[51/850] PASS: backend.sign: Wycheproof RSA-PSS tcId 3 verify (289.09ms)
[52/850] PASS: backend.sign: Wycheproof RSA-PSS tcId 62 invalid signature (289.14ms)
[53/850] PASS: backend.sign: Wycheproof ECDSA P-256 tcId 1 verify (289.22ms)
[54/850] PASS: backend.sign: Wycheproof ECDSA P-256 tcId 6 invalid signature (289.24ms)
[55/850] PASS: backend.sign: Wycheproof ECDSA P-384 tcId 1 verify (289.76ms)
[56/850] PASS: backend.sign: Wycheproof ECDSA P-384 tcId 6 invalid signature (289.79ms)
[57/850] PASS: backend error-queue hygiene: malformed EC public key leaves no residue (#88) (289.80ms)
[58/850] PASS: backend error-queue hygiene: caller queue entries survive a failing wrapper (#88) (290.05ms)
[59/850] PASS: backend error-queue hygiene: scalar key load does not nest guards (#88) (290.13ms)
[60/850] PASS: backend error-queue hygiene: repeated failures leave the queue empty each round (#88) (290.22ms)
[61/850] PASS: backend error-queue hygiene: successful key load preserves caller entries (#88) (290.32ms)
[62/850] PASS: backend error-queue hygiene: failed signature verification leaves no residue (#88) (290.35ms)
[63/850] PASS: backend error-queue hygiene: failed record decrypt leaves no residue (#88) (290.37ms)
[64/850] PASS: backend error-queue hygiene: failed decrypt preserves caller entries exactly (#88) (290.44ms)
[65/850] PASS: backend error-queue hygiene: DER key load preservation is lane-dependent (#88) (290.55ms)
[66/850] PASS: backend error-queue hygiene: scheme inference preserves caller entries (#112) (290.65ms)
[67/850] PASS: backend error-queue hygiene: declined encrypted PEM loads leave no residue (#114) (290.72ms)
[68/850] PASS: backend error-queue hygiene: cert/key mismatch preservation is lane-dependent (#113) (290.94ms)
[69/850] PASS: RFC 5280 §4.2.1.10 name-constraint verdicts vs OpenSSL 3.6.3 ground truth (291.40ms)
[70/850] PASS: fuzz: verifyNameConstraints handles arbitrary NameConstraints and SAN DER (291.41ms)
[71/850] PASS: capi: ztls_version returns a non-empty string (291.41ms)
[72/850] PASS: capi: insecure client init is explicitly named (291.41ms)
[73/850] PASS: capi: size and alignment are non-zero and sane (291.42ms)
[74/850] PASS: capi: NULL parameters are rejected (291.42ms)
[75/850] PASS: capi: full client handshake through the C ABI (291.94ms)
[76/850] PASS: capi: send_application_data before connected fails (291.99ms)
[77/850] PASS: capi: KeyUpdate response is surfaced as a write event (292.50ms)
[78/850] PASS: capi: KeyUpdate without response maps to none without pending write (292.97ms)
[79/850] PASS: capi: NewSessionTicket maps to none without pending write (293.41ms)
[80/850] PASS: encrypt: rejects mismatched plaintext and ciphertext lengths (293.41ms)
[81/850] PASS: decrypt: rejects mismatched plaintext and ciphertext lengths (293.42ms)
[82/850] PASS: Aes128Gcm: encrypt/decrypt round-trip (293.42ms)
[83/850] PASS: Aes256Gcm: encrypt/decrypt round-trip (293.43ms)
[84/850] PASS: ChaCha20Poly1305: encrypt/decrypt round-trip (293.43ms)
[85/850] PASS: ChaCha20Poly1305: RFC 8439 known-answer vector (293.45ms)
[86/850] PASS: ChaCha20Poly1305: empty plaintext known-answer vector (293.45ms)
[87/850] PASS: ChaCha20Poly1305: authentication failure on tampered ciphertext (293.46ms)
[88/850] PASS: ChaCha20Poly1305: authentication failure on tampered tag (293.46ms)
[89/850] PASS: ChaCha20Poly1305: authentication failure on tampered ad (293.47ms)
[90/850] PASS: decrypt: authentication failure on tampered ciphertext (293.47ms)
[91/850] PASS: decrypt: authentication failure on tampered tag (293.47ms)
[92/850] PASS: decrypt: authentication failure on tampered ad (293.48ms)
[93/850] PASS: construct: seq 0 is just the IV (293.48ms)
[94/850] PASS: construct: seq increments flip the right bytes (293.48ms)
[95/850] PASS: construct: XOR with non-zero IV (293.49ms)
[96/850] PASS: construct: seq max u64 produces expected nonce (293.49ms)
[97/850] PASS: parse: close_notify (293.49ms)
[98/850] PASS: parse: warning-level error alert is fatal (293.50ms)
[99/850] PASS: parse: unknown alert description is fatal (293.50ms)
[100/850] PASS: parse: user_canceled is not fatal (293.50ms)
[101/850] PASS: parse: truncated (293.50ms)
[102/850] PASS: parse: rejects coalesced alert bytes (293.51ms)
[103/850] PASS: encode (293.51ms)
[104/850] PASS: fuzz: parse handles arbitrary input (293.51ms)
[105/850] PASS: alertForError: certificate failures map to certificate alerts (293.51ms)
[106/850] PASS: alertForError: parser and semantic failures map to protocol alerts (293.52ms)
[107/850] PASS: alertForError: provider failure maps to internal_error (293.52ms)
[108/850] PASS: alertForError: unknown error maps to internal_error (293.52ms)
[109/850] PASS: parse: oversized cert_len does not overflow bounds check (293.52ms)
[110/850] PASS: parseClientCertificate: oversized ctx_len does not overflow (293.53ms)
[111/850] PASS: parse: extracts public key from ECDSA P-256 certificate (293.54ms)
[112/850] PASS: parse: wrong handshake type (293.54ms)
[113/850] PASS: parse: rejects mismatched Certificate handshake body length (293.55ms)
[114/850] PASS: encodeWithRequestContext: encodes empty client certificate list (293.55ms)
[115/850] PASS: encodeWithRequestContext: rejects oversized request context (293.55ms)
[116/850] PASS: parseClientCertificate: accepts empty certificate with matching context (293.55ms)
[117/850] PASS: parseClientCertificate: rejects mismatched request context (293.56ms)
[118/850] PASS: parse: rejects non-empty server certificate request context (293.56ms)
[119/850] PASS: parse: rejects empty certificate list (293.56ms)
[120/850] PASS: parse: rejects certificate list length shorter than entries (293.56ms)
[121/850] PASS: encode: round trips certificate chain (300.12ms)
[122/850] PASS: parse: rejects unsupported CertificateEntry status_request (300.12ms)
[123/850] PASS: parse: rejects unsupported CertificateEntry SCT (300.13ms)
[124/850] PASS: parse: rejects forbidden CertificateEntry status_request_v2 (300.13ms)
[125/850] PASS: parse: rejects duplicate CertificateEntry status_request (300.13ms)
[126/850] PASS: parse: rejects malformed CertificateEntry extension length (300.14ms)
[127/850] PASS: parse: ignores unknown CertificateEntry extension (300.14ms)
[128/850] PASS: parse: validates hostname (300.15ms)
[129/850] PASS: parse: rejects hostname mismatch (300.16ms)
[130/850] PASS: parse: rejects missing trust anchor by default (300.16ms)
[131/850] PASS: parse: validates leaf against trust bundle (306.81ms)
[132/850] PASS: parse: validates leaf-intermediate-root chain (319.86ms)
[133/850] PASS: parse: rejects end-entity certificate used as issuer (319.96ms)
[134/850] PASS: parse: rejects chain with intermediate before leaf (320.05ms)
[135/850] PASS: parse: anchors chain below a cross-signed root (339.49ms)
[136/850] PASS: parse: rejects cross-signed root without a bundle anchor below it (352.41ms)
[137/850] PASS: parse: rejects chain with missing intermediate (352.51ms)
[138/850] PASS: parse: rejects chain hostname mismatch (352.59ms)
[139/850] PASS: parse: rejects untrusted leaf when bundle misses issuer (352.60ms)
[140/850] PASS: parse: accepts chain with matching DNS name constraints (366.06ms)
[141/850] PASS: parse: rejects chain with excluded DNS name constraints (379.51ms)
[142/850] PASS: parse: rejects chain outside permitted DNS name constraints (393.01ms)
[143/850] PASS: parse: insecure no-anchor path still enforces name constraints (399.47ms)
[144/850] PASS: parse: rejects signed unprocessed critical extension for both roles (399.57ms)
[145/850] PASS: parse: accepts signed noncritical extension and supported critical extensions (425.63ms)
[146/850] PASS: parse: rejects signed SAN with an invalid wrapper (425.73ms)
[147/850] PASS: parse: rejects chain exceeding pathLenConstraint zero (445.91ms)
[148/850] PASS: parse: accepts pathLenConstraint zero with a CA target (459.40ms)
[149/850] PASS: parse: rejects chain exceeding pathLenConstraint one (486.26ms)
[150/850] PASS: parse: accepts chain at pathLenConstraint one (506.34ms)
[151/850] PASS: parse: imposes no path-length limit when pathLenConstraint is absent (526.52ms)
[152/850] PASS: parse: enforces the tightest of multiple pathLenConstraints (553.48ms)
[153/850] PASS: parse: accepts multiple satisfied pathLenConstraints (573.61ms)
[154/850] PASS: parse: self-issued intermediate does not consume path length (593.81ms)
[155/850] PASS: parse: intermediate below a self-issued certificate still counts (620.84ms)
[156/850] PASS: parse: trust anchor pathLenConstraint limits intermediates below it (641.05ms)
[157/850] PASS: parse: trust anchor pathLenConstraint satisfied (654.50ms)
[158/850] PASS: parse: certificates above the anchored path are outside the path (681.45ms)
[159/850] PASS: parse: cross-signed root constraint binds inside the anchored path (708.40ms)
[160/850] PASS: parseClientChain: rejects client chain exceeding pathLenConstraint zero (727.98ms)
[161/850] PASS: parseClientChain: accepts client chain at pathLenConstraint zero (741.07ms)
[162/850] PASS: parse: insecure no-anchor path still enforces pathLenConstraint (754.07ms)
[163/850] PASS: parse: insecure no-anchor path accepts constrained chain with self-issued steps (767.15ms)
[164/850] PASS: parse: malformed DER length is rejected, not crashed (767.16ms)
[165/850] PASS: certificate_policy.verifyServerAuth: non-v3 certificates are rejected (767.16ms)
[166/850] PASS: certificate_policy.verifyServerAuth: KeyUsage without digitalSignature is rejected (767.17ms)
[167/850] PASS: certificate_policy.verifyServerAuth: EKU without serverAuth is rejected (767.17ms)
[168/850] PASS: certificate_policy.verifyClientAuth: EKU without clientAuth is rejected (767.17ms)
[169/850] PASS: certificate_policy.verifyClientAuth: KeyUsage without digitalSignature is rejected (767.17ms)
[170/850] PASS: certificate_policy.verifyClientAuth: clientAuth EKU is accepted (767.18ms)
[171/850] PASS: certificate_policy.verifyServerAuth: legacy certificate signatures are rejected (767.18ms)
[172/850] PASS: certificate_policy.verifyServerAuth: RSA PKCS1 SHA-256 certificate signature is accepted (767.18ms)
[173/850] PASS: certificate_policy: Ed25519 chain signature algorithm accepted when advertised (767.18ms)
[174/850] PASS: certificate_policy: Ed25519 chain signature algorithm rejected when not advertised (767.19ms)
[175/850] PASS: parse: Ed25519 self-signed certificate verified via std.crypto (767.19ms)
[176/850] PASS: certificate_policy.verifyServerAuth: rejects certificate signature outside policy (767.20ms)
[177/850] PASS: certificate signature policy checks non-self-signed chain certificates (767.20ms)
[178/850] PASS: certificate signature policy skips self-signed chain certificates (767.20ms)
[179/850] PASS: certificate_policy.verifyServerAuth: unrestricted supported leaf is accepted (767.21ms)
[180/850] PASS: encodeCertificateVerify: wraps signature (767.21ms)
[181/850] PASS: verifySignature: valid ECDSA P-256 signature (767.33ms)
[182/850] PASS: verifySignature: valid RSA-PSS SHA-256 signature (767.38ms)
[183/850] PASS: verifySignature: rejects RSA-PSS signature with wrong salt length (767.42ms)
[184/850] PASS: verifySignature: wrong transcript hash (767.50ms)
[185/850] PASS: verifySignature: rejects scheme absent from offered list (767.51ms)
[186/850] PASS: verifySignature: client CV rejects scheme absent from offered list (767.51ms)
[187/850] PASS: verifySignature: rejects RSA PKCS1 CertificateVerify scheme (767.52ms)
[188/850] PASS: verifySignature: rejects certificate key and scheme mismatch (767.54ms)
[189/850] PASS: verifySignature: server signature is not valid for client context (767.61ms)
[190/850] PASS: verifySignature: wrong handshake type (767.62ms)
[191/850] PASS: parse: extracts critical name constraints (767.63ms)
[192/850] PASS: parse: extracts non-critical name constraints (767.64ms)
[193/850] PASS: fuzz: parse handles arbitrary input (767.64ms)
[194/850] PASS: CertificateChain: single certificate view (767.65ms)
[195/850] PASS: CertificateChain.fromPem: decodes a certificate chain (767.65ms)
[196/850] PASS: CertificateChain.fromPem: rejects malformed input (767.66ms)
[197/850] PASS: CertificateChain.fromPem: rejects exhausted caller storage (767.68ms)
[198/850] PASS: fuzz: CertificateChain.fromPem handles arbitrary input (767.68ms)
[199/850] PASS: active backend identity matches the private provider facade (767.68ms)
[200/850] PASS: hybrid capability queries match the active backend (767.69ms)
[201/850] PASS: validateHybridGroups reports local policy faults (767.69ms)
[202/850] PASS: requiresP384 identifies only P-384 hybrid policy (767.69ms)
[203/850] PASS: CipherSuite wire values (767.69ms)
[204/850] PASS: PskOfferIter: walks identity/binder pairs in offer order (767.70ms)
[205/850] PASS: PskOfferIter: rejects oversized lengths (767.70ms)
[206/850] PASS: PskOfferIter: rejects a slack-byte identities vector (767.70ms)
[207/850] PASS: PskOfferIter: rejects more binders than identities (767.70ms)
[208/850] PASS: encode: size matches encodedLen (767.71ms)
[209/850] PASS: encodeWithPsk: pre_shared_key is last, binder prefix and offset are correct (767.72ms)
[210/850] PASS: encodeWithPsk: rejects unsupported binder length (767.72ms)
[211/850] PASS: parse: ClientHello with pre_shared_key round-trips (767.73ms)
[212/850] PASS: encodeWithP256: size matches encodedLenWithP256 (767.73ms)
[213/850] PASS: encode: handshake type and legacy version (767.74ms)
[214/850] PASS: encode: cipher suites match backend capabilities (767.74ms)
[215/850] PASS: encode: legacy_session_id is empty (767.74ms)
[216/850] PASS: encode: supported_groups contains X25519 (767.74ms)
[217/850] PASS: encode: key_share contains public key (767.75ms)
[218/850] PASS: encodeWithP256: includes X25519 and secp256r1 key shares (767.75ms)
[219/850] PASS: encodeWithP256P384: includes X25519, secp256r1, and secp384r1 key shares (767.76ms)
[220/850] PASS: encodeWithP256P384: size matches encodedLenWithP256P384 (767.76ms)
[221/850] PASS: parse: accepts secp384r1 key share (768.94ms)
[222/850] PASS: parse: rejects compressed secp384r1 key share (768.95ms)
[223/850] PASS: encodeRetryAfterHrr: secp384r1 selected, no cookie (768.96ms)
[224/850] PASS: encode: SNI present when server_name set (768.96ms)
[225/850] PASS: encode: SNI absent when server_name is null (768.97ms)
[226/850] PASS: encode: supported_versions contains TLS 1.3 (768.97ms)
[227/850] PASS: encode: signature_algorithms match backend capabilities (768.97ms)
[228/850] PASS: encode: signature_algorithms_cert match backend capabilities (768.98ms)
[229/850] PASS: encode: ALPN present when protocols set (768.98ms)
[230/850] PASS: encode: rejects invalid ALPN protocols (768.98ms)
[231/850] PASS: parse: encoded ClientHello (768.99ms)
[232/850] PASS: parse: tracks offered SNI extension presence (768.99ms)
[233/850] PASS: parse: tracks offered record_size_limit extension presence (769.00ms)
[234/850] PASS: parse: accepts secp256r1 supported group and key share (769.03ms)
[235/850] PASS: parseSupportedGroups: records RFC 10024 groups (769.04ms)
[236/850] PASS: parse: rejects malformed X25519 key share (769.04ms)
[237/850] PASS: parse: rejects key share outside supported_groups (769.08ms)
[238/850] PASS: parse: rejects oversized legacy_session_id (769.08ms)
[239/850] PASS: parse: rejects SSLv3-or-lower legacy_version (769.09ms)
[240/850] PASS: parse: rejects missing supported_versions (769.09ms)
[241/850] PASS: parse: rejects supported_versions without TLS 1.3 (769.10ms)
[242/850] PASS: parse: rejects missing supported_groups (769.10ms)
[243/850] PASS: parse: rejects missing signature_algorithms (769.11ms)
[244/850] PASS: parse: rejects malformed signature_algorithms (769.11ms)
[245/850] PASS: parse: rejects signature_algorithms without TLS 1.3 handshake scheme (769.12ms)
[246/850] PASS: parse: rejects malformed ClientHello (769.12ms)
[247/850] PASS: parse: rejects malformed compression methods (769.12ms)
[248/850] PASS: parse: no shared supported group is rejected (769.13ms)
[249/850] PASS: parse: rejects duplicate x25519 key share entries (769.13ms)
[250/850] PASS: parseKeyShare: retains all RFC 10024 hybrid entries (769.14ms)
[251/850] PASS: encode: buffer too short (769.14ms)
[252/850] PASS: encode: server_name too long (769.14ms)
[253/850] PASS: parse: rejects duplicate supported_groups (769.15ms)
[254/850] PASS: parse: missing X25519 key share leaves public key null (769.15ms)
[255/850] PASS: parse: rejects duplicate signature_algorithms (769.15ms)
[256/850] PASS: parse: rejects duplicate signature_algorithms_cert (769.16ms)
[257/850] PASS: parse: ignores unknown extension (769.16ms)
[258/850] PASS: parse: ignores unknown supported_groups entries (769.17ms)
[259/850] PASS: fuzz: parse handles arbitrary input (769.17ms)
[260/850] PASS: encodeRetryAfterHrr: X25519 selected, no cookie (769.17ms)
[261/850] PASS: encodeRetryAfterHrr: preserves PSK key exchange mode (769.18ms)
[262/850] PASS: encodeRetryAfterHrr: secp256r1 selected, no cookie (769.19ms)
[263/850] PASS: encodeRetryAfterHrr: includes cookie when provided (769.19ms)
[264/850] PASS: encodeRetryAfterHrr: preserves SNI and ALPN from ClientHello1 (769.20ms)
[265/850] PASS: encodeRetryAfterHrr: rejects unsupported group (769.20ms)
[266/850] PASS: encodeRetryAfterHrr: missing configured hybrid share is a policy error (769.20ms)
[267/850] PASS: encodeWithHybridGroups: rejects unknown share group without panic (769.20ms)
[268/850] PASS: KEM key_share round-trip: ClientHello encode → parse preserves 1216-byte public key (769.22ms)
[269/850] PASS: parse: psk_key_exchange_modes list_len 0xFF rejected without overflow (769.22ms)
[270/850] PASS: SessionTicket.secureZero erases identity, PSK, and metadata (769.23ms)
[271/850] PASS: HybridPolicy.validate rejects an initial share outside its group list (769.23ms)
[272/850] PASS: Config.validate reports unavailable groups and missing P-384 material (769.28ms)
[273/850] PASS: start validates hybrid policy before key generation and output (769.39ms)
[274/850] PASS: transcript hash: RFC 8448 §3 ClientHello || ServerHello (769.43ms)
[275/850] PASS: deriveHandshakeKeys: RFC 8448 §3 server handshake key/iv/finished (769.49ms)
[276/850] PASS: processServerHello: RFC 8448 §3 installs server handshake keys (769.61ms)
[277/850] PASS: processServerHello: accepts secp256r1 key_share (769.78ms)
[278/850] PASS: processServerHello: rejects invalid secp256r1 point (769.85ms)
[279/850] PASS: processServerHello: rejects unoffered secp256r1 key_share (769.91ms)
[280/850] PASS: processServerHello: rejects mismatched session id echo (769.95ms)
[281/850] PASS: processServerHello: rejects unoffered cipher suite (770.00ms)
[282/850] PASS: processFlight: stores selected ALPN (770.11ms)
[283/850] PASS: processFlight: rejects unoffered ALPN (770.22ms)
[284/850] PASS: processFlight: rejects unanchored Certificate by default (770.75ms)
[285/850] PASS: processFlight: rejects non-empty server Certificate request context (771.24ms)
[286/850] PASS: processFlight: rejects empty server Certificate list (771.73ms)
[287/850] PASS: processFlight: rejects unsolicited EncryptedExtensions ALPN (771.85ms)
[288/850] PASS: processFlight: rejects unrequested server CertificateEntry status_request (772.36ms)
[289/850] PASS: processFlight: RFC 8448 §3 full server flight to connected (772.89ms)
[290/850] PASS: processFlight: rejects handshake message after server Finished (773.40ms)
[291/850] PASS: processFlight: handshake message spanning records needs buffer (773.88ms)
[292/850] PASS: processFlight: reassembles handshake message split across records (774.39ms)
[293/850] PASS: processFlight: buffered path rejects handshake message after server Finished (774.89ms)
[294/850] PASS: processFlight: RFC 8448 §3 flight split one message per record (775.40ms)
[295/850] PASS: handleRecord: malformed ServerHello is rejected (775.44ms)
[296/850] PASS: processFlight: rejects Finished before EncryptedExtensions (775.56ms)
[297/850] PASS: processFlight: rejects CertificateVerify before Certificate (776.05ms)
[298/850] PASS: processFlight: rejects Finished before CertificateVerify (776.57ms)
[299/850] PASS: processFlight: rejects unoffered CertificateVerify scheme (777.06ms)
[300/850] PASS: processFlight: rejects wrong CertificateVerify signature (777.57ms)
[301/850] PASS: processFlight: rejects wrong server Finished verify_data (778.08ms)
[302/850] PASS: handleRecord: plaintext fatal alert in wait_sh (778.15ms)
[303/850] PASS: handleRecord: malformed alert record does not set or replace lastPeerAlert (778.19ms)
[304/850] PASS: handleRecord: unknown alert codes are preserved (778.23ms)
[305/850] PASS: handleRecord: lastPeerAlert replaced by later alert, preserved by close/malformed (778.26ms)
[306/850] PASS: handleRecord: rejects ChangeCipherSpec before ClientHello (778.29ms)
[307/850] PASS: handleRecord: drops valid ChangeCipherSpec after ClientHello (778.33ms)
[308/850] PASS: handleRecord: rejects malformed ChangeCipherSpec payload (778.36ms)
[309/850] PASS: handleRecord: encrypted fatal alert during server flight (778.48ms)
[310/850] PASS: handleRecord: rejects server KeyUpdate before Finished (778.59ms)
[311/850] PASS: handleRecord: truncated encrypted flight is rejected (779.07ms)
[312/850] PASS: handleRecord: corrupted encrypted flight is rejected (779.55ms)
[313/850] PASS: handleRecord: post-handshake unexpected inner content type is rejected (780.13ms)
[314/850] PASS: handleRecord: encrypted application data during server flight is rejected (780.25ms)
[315/850] PASS: clientFinished: RFC 8448 §3 emits Finished and upgrades to app keys (780.79ms)
[316/850] PASS: processFlight: accepts CertificateRequest before server Certificate (781.27ms)
[317/850] PASS: processFlight: rejects non-empty handshake CertificateRequest context (781.75ms)
[318/850] PASS: clientFinished: sends empty Certificate before Finished for CertificateRequest (782.28ms)
[319/850] PASS: clientFinished: empty CertificateRequest with no credentials still finishes (782.81ms)
[320/850] PASS: client auth: setCredentials stores client credentials (782.86ms)
[321/850] PASS: ratchetClientKey: RFC 8446 §7.2 next application write key (783.39ms)
[322/850] PASS: handleRecord: application data resets both post-handshake flood counters (783.93ms)
[323/850] PASS: receiveRecord: RX progresses while a client TX record is pending (784.52ms)
[324/850] PASS: receiveKtlsRecord: client processes kernel-decrypted records (785.08ms)
[325/850] PASS: receiveKtlsRecord: client finds KeyUpdate after NewSessionTicket (785.63ms)
[326/850] PASS: ratchetKtlsTx: client advances only an idle TX epoch (786.17ms)
[327/850] PASS: handleRecord: server KeyUpdate(update_requested) ratchets rx and responds (786.73ms)
[328/850] PASS: handleRecord: KeyUpdate not at record boundary is rejected (787.27ms)
[329/850] PASS: handleRecord: invalid server KeyUpdate request is rejected (787.81ms)
[330/850] PASS: handleRecord: server KeyUpdate(update_not_requested) surfaces key_update rx only (788.39ms)
[331/850] PASS: handleRecord: self-initiated sendKeyUpdate response surfaces rx only (788.95ms)
[332/850] PASS: sendAlert: plaintext fatal alert before ServerHello (788.98ms)
[333/850] PASS: sendAlert: encrypted close_notify after handshake (789.51ms)
[334/850] PASS: handleRecord: close_notify returns closed (790.05ms)
[335/850] PASS: handleRecord: fatal alert returns PeerAlert (790.59ms)
[336/850] PASS: handleRecord: NewSessionTicket is surfaced as an event (791.14ms)
[337/850] PASS: clientFinished: RFC 8448 §4 resumption_master_secret over the live transcript (791.68ms)
[338/850] PASS: startWithPsk: binder matches an independent HMAC over the prefix (791.76ms)
[339/850] PASS: startWithPsk: advertises configured RFC 10024 key share (791.91ms)
[340/850] PASS: startWithPsk: ticket without early-data permission omits early_data (791.98ms)
[341/850] PASS: EncryptedExtensions: rejects early_data when server declined PSK (792.15ms)
[342/850] PASS: EncryptedExtensions: rejects early_data without early traffic keys (792.30ms)
[343/850] PASS: EncryptedExtensions: rejects early_data after HelloRetryRequest (792.44ms)
[344/850] PASS: processServerHello rejects selected PSK with incompatible cipher suite hash (792.63ms)
[345/850] PASS: handleRecord: PSK-offering client rejects bare Finished unless server selected PSK (793.00ms)
[346/850] PASS: handleRecord: accepts 17 consecutive NewSessionTickets (793.57ms)
[347/850] PASS: handleRecord: NewSessionTicket flood is rejected with ticket-specific error (794.14ms)
[348/850] PASS: handleRecord: malformed NewSessionTicket is rejected (794.69ms)
[349/850] PASS: handleRecord: KeyUpdate flood is rejected (795.43ms)
[350/850] PASS: handleRecord: empty application data does not reset flood counters (795.97ms)
[351/850] PASS: handleRecord: KeyUpdate flood cap fires despite empty app-data interleaving (796.81ms)
[352/850] PASS: start: uses Config host_name for SNI and policy (796.86ms)
[353/850] PASS: handleRecord: drives RFC 8448 §3 handshake to connected (797.40ms)
[354/850] PASS: handleRecord: unacknowledged write blocks further calls (797.93ms)
[355/850] PASS: sendEarlyData: unacknowledged write blocks further early data (798.02ms)
[356/850] PASS: handleRecord: zero-length plaintext handshake is rejected (798.05ms)
[357/850] PASS: handleRecord: zero-length encrypted handshake is rejected (798.16ms)
[358/850] PASS: handleRecord: all-zero inner plaintext maps to unexpected_message (798.70ms)
[359/850] PASS: handleRecord: application_data before ServerHello is rejected (798.74ms)
[360/850] PASS: HandshakeReader: splits coalesced messages (798.74ms)
[361/850] PASS: HandshakeReader: truncated body is UnexpectedEof (798.75ms)
[362/850] PASS: fuzz: HandshakeReader handles arbitrary input (798.75ms)
[363/850] PASS: fuzz: processFlight handles arbitrary decrypted bytes (799.07ms)
[364/850] PASS: fuzz: 0-RTT client state machine handles arbitrary inbound records (799.17ms)
[365/850] PASS: processHelloRetryRequest: rejects already-offered key_share group (799.21ms)
[366/850] PASS: processHelloRetryRequest: secp256r1 selected produces ClientHello2 (799.25ms)
[367/850] PASS: processHelloRetryRequest: transcript collapse matches §4.4.1 (799.29ms)
[368/850] PASS: processHelloRetryRequest: removes PSK with incompatible hash (799.43ms)
[369/850] PASS: processHelloRetryRequest: rejects second HRR (799.47ms)
[370/850] PASS: processHelloRetryRequest: rejects unoffered selected_group (799.50ms)
[371/850] PASS: processServerHello: post-HRR rejects mismatched cipher suite (799.54ms)
[372/850] PASS: processServerHello: post-HRR rejects mismatched key_share group (799.58ms)
[373/850] PASS: processServerHello: post-HRR accepts matching ServerHello (799.76ms)
[374/850] PASS: handleRecord: HRR returns ClientHello2 as write event (799.80ms)
[375/850] PASS: processHelloRetryRequest: returns null for normal ServerHello (799.84ms)
[376/850] PASS: processHelloRetryRequest: HRR with cookie echoes cookie in CH2 (799.88ms)
[377/850] PASS: deinit leaves caller-owned buffers to the caller (800.41ms)
[378/850] PASS: secureZero zeroes all secret material (801.60ms)
[379/850] PASS: Array.secureZero clears contents (801.60ms)
[380/850] PASS: lastIndexOfNonZero: last byte non-zero (fast path) (801.60ms)
[381/850] PASS: lastIndexOfNonZero: all zeros (801.61ms)
[382/850] PASS: lastIndexOfNonZero: single non-zero byte at start (801.61ms)
[383/850] PASS: lastIndexOfNonZero: single byte, non-zero (801.61ms)
[384/850] PASS: lastIndexOfNonZero: single byte, zero (801.61ms)
[385/850] PASS: lastIndexOfNonZero: non-zero in scalar tail (801.61ms)
[386/850] PASS: lastIndexOfNonZero: exactly chunk_len bytes, non-zero at start (801.62ms)
[387/850] PASS: lastIndexOfNonZero: exactly chunk_len bytes, all zeros (801.62ms)
[388/850] PASS: lastIndexOfNonZero: large buffer, non-zero in first chunk (801.62ms)
[389/850] PASS: lastIndexOfNonZero: large buffer, non-zero in middle chunk (801.63ms)
[390/850] PASS: lastIndexOfNonZero: large buffer, all zeros (801.63ms)
[391/850] PASS: encrypt: buffer too short (801.63ms)
[392/850] PASS: encrypt: sequence number overflow (801.64ms)
[393/850] PASS: deinit: clears caller-visible traffic key material (801.64ms)
[394/850] PASS: ktlsInfo: AES-GCM salt and IV reconstruct RFC 8446 nonce (801.64ms)
[395/850] PASS: ktlsInfo: cipher type uses Linux UAPI values (801.65ms)
[396/850] PASS: ktlsInfo: exported key material survives RecordLayer deinit (801.66ms)
[397/850] PASS: KtlsInfo.secureZero erases exported traffic material (801.66ms)
[398/850] PASS: encrypt/decrypt: key update required at AEAD usage limit (801.67ms)
[399/850] PASS: encryptPrepared/decrypt: round-trip (801.67ms)
[400/850] PASS: encrypt/decrypt: round-trip (801.68ms)
[401/850] PASS: encrypt/decrypt: sequence numbers advance (801.69ms)
[402/850] PASS: decrypt: failed auth exposes backend failure buffer behavior (801.69ms)
[403/850] PASS: decrypt: replayed record is rejected (801.70ms)
[404/850] PASS: encrypt/decrypt: zero-length application data (801.70ms)
[405/850] PASS: decrypt: rejects all-zero inner plaintext (801.71ms)
[406/850] PASS: encrypt/decrypt: maximum plaintext fragment length (801.80ms)
[407/850] PASS: decrypt: wrong content type (801.80ms)
[408/850] PASS: decrypt: payload shorter than tag (801.80ms)
[409/850] PASS: decrypt: truncated ciphertext record (801.81ms)
[410/850] PASS: decrypt: sequence number overflow (801.81ms)
[411/850] PASS: fuzz: decrypt handles arbitrary input (801.82ms)
[412/850] PASS: PendingWrite: mark and clear (801.82ms)
[413/850] PASS: SliceBuffer: append and retain (801.82ms)
[414/850] PASS: append and slice (801.82ms)
[415/850] PASS: appendAssumeCapacity (801.82ms)
[416/850] PASS: secureZero clears full storage and length (801.83ms)
[417/850] PASS: append returns error on overflow (801.83ms)
[418/850] PASS: clear resets length (801.83ms)
[419/850] PASS: Reader iterates coalesced messages (801.83ms)
[420/850] PASS: parseKeyUpdate (801.84ms)
[421/850] PASS: rejectDuplicateExtensions: rejects more than the extension count cap (801.84ms)
[422/850] PASS: rejectDuplicateExtensions: rejects duplicate unknown type (801.84ms)
[423/850] PASS: rejectDuplicateExtensions: accepts distinct extension types (801.85ms)
[424/850] PASS: ExtensionType.isGrease: detects reserved GREASE extension code points (801.85ms)
[425/850] PASS: rejectDuplicateExtensions: rejects malformed block (801.85ms)
[426/850] PASS: RFC 10024 hybrid groups round-trip (808.31ms)
[427/850] PASS: hybrid decapsulation rejects wrong server share length (808.39ms)
[428/850] PASS: NamedGroup wire identifiers (808.39ms)
[429/850] PASS: RFC 10024 hybrid group sizes (808.40ms)
[430/850] PASS: HkdfSha256.trafficKey: RFC 8448 §3 server handshake (808.40ms)
[431/850] PASS: HkdfSha384: traffic key/iv, finished key, traffic-upd (independent vector) (808.46ms)
[432/850] PASS: HkdfSha256.trafficIv: RFC 8448 §3 server handshake (808.46ms)
[433/850] PASS: HkdfSha256.earlySecret: RFC 8448 §3 (808.46ms)
[434/850] PASS: HkdfSha256: RFC 8448 §3/§4 PSK and resumption secrets (808.49ms)
[435/850] PASS: HkdfSha256.handshakeSecret: RFC 8448 §3 (808.49ms)
[436/850] PASS: HkdfSha256.masterSecret: RFC 8448 §3 (808.50ms)
[437/850] PASS: HkdfSha256.clientHandshakeTrafficSecret: RFC 8448 §3 (808.51ms)
[438/850] PASS: HkdfSha256.finishedKey: RFC 8448 §3 server (808.51ms)
[439/850] PASS: HkdfSha256.nextTrafficSecret: RFC 8446 §7.2 (808.52ms)
[440/850] PASS: HkdfSha256.serverHandshakeTrafficSecret: RFC 8448 §3 (808.52ms)
[441/850] PASS: sharedSecret: RFC 7748 X25519 vector (808.58ms)
[442/850] PASS: KeyPair.generateDeterministic: RFC 7748 public keys (808.63ms)
[443/850] PASS: KeyPair.generateDeterministic emits uncompressed SEC1 public key (808.65ms)
[444/850] PASS: sharedSecret: P-256 deterministic peers agree (808.89ms)
[445/850] PASS: KeyPair.generate: healthy entropy path (808.94ms)
[446/850] PASS: KeyPair.secureZero erases secret and public material (808.97ms)
[447/850] PASS: generateRetry: a LibcryptoFailed attempt is terminal, not retried (808.97ms)
[448/850] PASS: generateRetry: an invalid scalar retries exactly to the bound (808.99ms)
[449/850] PASS: generateRetry: retries a bad draw and succeeds (809.02ms)
[450/850] PASS: KeyPair.generateDeterministic enforces the scalar range [1, n-1] (809.05ms)
[451/850] PASS: sharedSecret: rejects compressed P-256 point (809.10ms)
[452/850] PASS: KeyPair.generateDeterministic emits uncompressed SEC1 public key (810.24ms)
[453/850] PASS: KeyPair.secureZero erases secret and public material (811.37ms)
[454/850] PASS: sharedSecret: P-384 deterministic peers agree (817.14ms)
[455/850] PASS: generateRetry: a LibcryptoFailed attempt is terminal, not retried (817.14ms)
[456/850] PASS: generateRetry: an invalid scalar retries exactly to the bound (817.17ms)
[457/850] PASS: generateRetry: retries a bad draw and succeeds (818.31ms)
[458/850] PASS: KeyPair.generateDeterministic enforces the scalar range [1, n-1] (819.42ms)
[459/850] PASS: sharedSecret: rejects compressed P-384 point (821.69ms)
[460/850] PASS: active backend matches the selected libcrypto headers (821.69ms)
[461/850] PASS: capabilities are non-empty for the active backend (821.70ms)
[462/850] PASS: x25519 handle shape matches active backend (821.70ms)
[463/850] PASS: client group capabilities match implemented client key-share plumbing (821.70ms)
[464/850] PASS: aead context shape matches active backend (821.70ms)
[465/850] SKIP: aws-lc aead deinit clears inline context (821.71ms)
[466/850] PASS: capability helpers recognize advertised algorithms (821.71ms)
[467/850] PASS: fips: chacha20_poly1305_sha256 excluded from FIPS cipher_suites (821.71ms)
[468/850] PASS: fips: rsa_pkcs1_sha* excluded from FIPS certificate_signature_schemes (821.71ms)
[469/850] PASS: fips: ed25519 excluded from FIPS certificate_signature_schemes (821.72ms)
[470/850] PASS: fips: ML-KEM disabled in FIPS capability table (821.72ms)
[471/850] PASS: fips: FIPS capabilities are a subset of non-FIPS capabilities (821.72ms)
[472/850] PASS: fips: active capabilities follow FIPS identity (821.72ms)
[473/850] PASS: OpenSSL AEAD initialization rejects wrong key length (821.73ms)
[474/850] PASS: Parsed.verifyHostName rejects universal tag 2 as dNSName (821.73ms)
[475/850] PASS: Parsed.verifyHostName requires dNSName SAN (821.73ms)
[476/850] PASS: Parsed.checkHostName rejects public suffix wildcard (821.74ms)
[477/850] PASS: Parsed.checkHostName RFC 6125 compliance (821.74ms)
[478/850] PASS: Parsed.allowsKeyUsage reads digitalSignature (821.74ms)
[479/850] PASS: Parsed.allowsKeyUsage rejects malformed empty bit payload (821.75ms)
[480/850] PASS: Parsed.allowsExtKeyUsage finds serverAuth (821.75ms)
[481/850] PASS: Parsed.allowsExtKeyUsage rejects non-SEQUENCE wrapper (821.75ms)
[482/850] PASS: Parsed.nameConstraints extracts extension value (821.76ms)
[483/850] PASS: Parsed.nameConstraints absent returns empty (821.76ms)
[484/850] PASS: Parsed.verifyNameConstraints: DNS permitted subtree (821.76ms)
[485/850] PASS: Parsed.verifyNameConstraints: DNS permitted subtree mismatch (821.77ms)
[486/850] PASS: Parsed.verifyNameConstraints: DNS excluded subtree (821.77ms)
[487/850] PASS: Parsed.verifyNameConstraints: mixed DNS SAN violation is rejected (821.77ms)
[488/850] PASS: Parsed.verifyNameConstraints: DNS common name fallback (821.77ms)
[489/850] PASS: Parsed.verifyNameConstraints: IP permitted subnet (821.78ms)
[490/850] PASS: Parsed.verifyNameConstraints: permitted subtrees are type-specific (821.78ms)
[491/850] PASS: Parsed.verifyNameConstraints: email permitted subtree (821.78ms)
[492/850] PASS: Parsed.verifyNameConstraints: email mailbox local part is case-sensitive (821.79ms)
[493/850] PASS: Parsed.verifyNameConstraints: URI excluded subtree (821.79ms)
[494/850] PASS: Parsed.verifyNameConstraints: URI strips userinfo before host matching (821.79ms)
[495/850] PASS: Parsed.verifyNameConstraints: explicit minimum zero is accepted (821.80ms)
[496/850] PASS: Parsed.verifyNameConstraints: critical unsupported subtree is rejected (821.80ms)
[497/850] PASS: Parsed.verifyNameConstraints: non-critical unsupported subtree is ignored (821.80ms)
[498/850] PASS: parseBasicConstraints rejects pathLenConstraint without cA (821.81ms)
[499/850] PASS: parse rejects unknown critical extension (821.81ms)
[500/850] PASS: parse rejects duplicate recognized extensions (821.82ms)
[501/850] PASS: parse accepts old and new authority key identifier OIDs (821.82ms)
[502/850] PASS: parseBitString rejects empty bit string content (821.82ms)
[503/850] PASS: parseTime maps UTCTime centuries and expires 1999 certificates (821.83ms)
[504/850] PASS: parseTime enforces GeneralizedTime certificate grammar (821.83ms)
[505/850] PASS: parseTime rejects impossible dates and accepts leap day (821.84ms)
[506/850] PASS: certificate_parser.decltest.parseTimeDigits (821.84ms)
[507/850] PASS: certificate_parser.decltest.parseYear4 (821.84ms)
[508/850] PASS: certificate_parser.test_0 (821.84ms)
[509/850] PASS: PrivateKey.sign: RSA-PSS SHA-256 uses TLS parameters (822.76ms)
[510/850] PASS: PrivateKey.sign: short RSA-PSS output buffer is rejected (822.79ms)
[511/850] PASS: PrivateKey.sign: key and scheme mismatch is a libcrypto failure (822.83ms)
[512/850] PASS: PrivateKey.sign: deterministic ECDSA matches the RFC 6979 vector (822.97ms)
[513/850] PASS: PrivateKey.sign: deterministic ECDSA P-384 matches the RFC 6979 A.2.6 vector (825.34ms)
[514/850] PASS: PrivateKey.sign: deterministic nonce with RSA-PSS is rejected (825.37ms)
[515/850] PASS: PrivateKey.fromPemAuto: RSA PKCS#8 and PKCS#1 both infer rsa_pss_rsae_sha256 (826.27ms)
[516/850] PASS: PrivateKey.fromPemAuto: P-256 infers ecdsa_secp256r1_sha256 and signs (826.34ms)
[517/850] PASS: PrivateKey.fromPemAuto: P-384 infers ecdsa_secp384r1_sha384 and signs (826.97ms)
[518/850] PASS: PrivateKey.fromPemAuto: P-521 is rejected at load by the capability gate (827.07ms)
[519/850] PASS: PrivateKey.fromPemAuto: Ed25519 is rejected at load by the capability gate (827.15ms)
[520/850] PASS: PrivateKey.fromPemAuto: secp224r1 has no CertificateVerify scheme (827.19ms)
[521/850] PASS: PrivateKey.fromPemAuto: garbage PEM fails at load (827.20ms)
[522/850] PASS: PrivateKey.fromPem: encrypted PEM fails at load (827.28ms)
[523/850] PASS: PrivateKey.fromPemAuto: encrypted PEM fails at load (827.32ms)
[524/850] PASS: PrivateKey.pairsWith: P-256 scalar key pairs with its leaf certificate (827.51ms)
[525/850] PASS: PrivateKey.pairsWith: auto-inferred RSA and P-256 keys pair with their leaves (827.61ms)
[526/850] PASS: PrivateKey.pairsWith: same-algorithm mismatch is a named error (827.67ms)
[527/850] PASS: PrivateKey.pairsWith: cross-algorithm mismatch is a named error (827.70ms)
[528/850] PASS: PrivateKey.pairsWith: garbage leaf DER is not a certificate (827.73ms)
[529/850] PASS: PrivateKey.pairsWith: trailing bytes make leaf DER invalid (827.77ms)
[530/850] PASS: ML-KEM-768 encapsulate/decapsulate round-trip (827.85ms)
[531/850] PASS: ML-KEM-1024 encapsulate/decapsulate round-trip (827.95ms)
[532/850] PASS: ML-KEM encapsulation-key modulus boundary (827.97ms)
[533/850] PASS: ML-KEM rejects non-canonical encapsulation keys (827.97ms)
[534/850] PASS: ML-KEM rejects a wrong-length ciphertext (828.00ms)
[535/850] PASS: classify: bounded PSK identity admission is a buffer-class limit (828.01ms)
[536/850] PASS: classify: certificate failures never fall into a generic bucket (828.01ms)
[537/850] PASS: classify: authentication failures are their own class (828.02ms)
[538/850] PASS: classify: remaining buckets (828.02ms)
[539/850] PASS: parseHeader: valid plaintext record (828.02ms)
[540/850] PASS: parseHeader: application_data record (TLSCiphertext) (828.02ms)
[541/850] PASS: parseHeader: ignores legacy_record_version (828.03ms)
[542/850] PASS: parseHeader: buffer too short (828.03ms)
[543/850] PASS: parseHeader: exactly 5 bytes (header only, no fragment) (828.03ms)
[544/850] PASS: parseHeader: max valid length (828.03ms)
[545/850] PASS: parseHeader: length exceeds max (828.04ms)
[546/850] PASS: Header.init round-trips with parseHeader (828.04ms)
[547/850] PASS: Header.write: emits TLS 1.2 legacy_record_version (828.04ms)
[548/850] PASS: fuzz: parseHeader handles arbitrary input (828.04ms)
[549/850] PASS: kernel cipher_type values match KtlsCipherType (828.05ms)
[550/850] PASS: kernel socket option constants (828.05ms)
[551/850] PASS: packed kTLS info secureZero methods erase every byte (828.05ms)
[552/850] PASS: packAesGcm128 splits the 12-byte IV and copies key/seq (828.05ms)
[553/850] PASS: packAesGcm128 rejects a non-AES-GCM-128 info (828.06ms)
[554/850] PASS: packChaCha20Poly1305 uses the full 12-byte IV (828.08ms)
[555/850] PASS: packAesGcm256 copies the 32-byte key and splits the IV (828.09ms)
[556/850] PASS: install errno decode maps onto InstallError (828.10ms)
[557/850] PASS: a record-type cmsg occupies the kernel's CMSG_LEN and CMSG_SPACE (828.10ms)
[558/850] PASS: ControlBuffer.init writes one cmsg and zeroes the padding (828.10ms)
[559/850] PASS: parseRecordType rejects control data off the kTLS contract (828.10ms)
[560/850] PASS: ulpInstall attaches once, and only to an established TCP socket (828.20ms)
[561/850] PASS: txInstall and rxInstall accept a synthetic TLS 1.3 AES-128-GCM key (828.25ms)
[562/850] PASS: installs without the ULP are typed Unavailable errors, not panics (828.28ms)
[563/850] PASS: a crypto_info the kernel cannot use is a typed EINVAL failure (828.30ms)
[564/850] PASS: record-type cmsg round-trips through a live kTLS pair (828.35ms)
[565/850] PASS: Outbox: fresh outbox is not write-blocked (828.36ms)
[566/850] PASS: Outbox: send drains fully and completes write once (828.36ms)
[567/850] PASS: Outbox: partial send stays blocked and does not complete write (828.37ms)
[568/850] PASS: Outbox: zero-byte progress stays blocked (828.37ms)
[569/850] PASS: Outbox: idle flush is drained without completing write (828.37ms)
[570/850] PASS: Outbox: partial drain resumes across flush calls (828.37ms)
[571/850] PASS: Outbox: queue while blocked returns PendingWrite (828.38ms)
[572/850] PASS: Outbox: writer error leaves pending tail and does not complete write (828.38ms)
[573/850] PASS: Outbox: writer over-reporting bytes returns WriteOverflow (828.38ms)
[574/850] PASS: Outbox: sequential records complete once each (828.38ms)
[575/850] PASS: next: two records coalesced in one fill (828.39ms)
[576/850] PASS: next: record split across two fills (828.39ms)
[577/850] PASS: next: truncated records return null (828.39ms)
[578/850] PASS: next: in-place mutation of a returned record survives across next() (828.40ms)
[579/850] PASS: next: oversized length is rejected (828.40ms)
[580/850] PASS: isEmpty distinguishes drained, partial, and complete records (828.40ms)
[581/850] PASS: parse: rejects oversized legacy_session_id_echo without overflow (828.40ms)
[582/850] PASS: encode: round trips through parse (828.41ms)
[583/850] PASS: parse: accepts secp256r1 key_share (828.41ms)
[584/850] PASS: parse: rejects compressed secp256r1 key_share (828.42ms)
[585/850] PASS: parse: accepts secp384r1 key_share (828.42ms)
[586/850] PASS: parse: rejects compressed secp384r1 key_share (828.42ms)
[587/850] PASS: encode: echoes session id (828.43ms)
[588/850] PASS: parse: RFC 8448 §3 ServerHello (828.43ms)
[589/850] PASS: parse: wrong handshake type (828.43ms)
[590/850] PASS: parse: truncated message (828.44ms)
[591/850] PASS: parse: rejects HelloRetryRequest (828.44ms)
[592/850] PASS: parse: missing extensions / no supported_versions yields UnsupportedTlsVersion (828.44ms)
[593/850] PASS: parse: rejects mismatched handshake length (828.44ms)
[594/850] PASS: parse: rejects unknown cipher suite (828.45ms)
[595/850] PASS: parse: rejects oversized extensions block (828.45ms)
[596/850] PASS: parse: rejects duplicate supported_versions (828.45ms)
[597/850] PASS: parse: rejects duplicate key_share (828.45ms)
[598/850] PASS: parse: rejects unknown unsolicited extension (828.46ms)
[599/850] PASS: parse: rejects GREASE ServerHello extension (828.46ms)
[600/850] PASS: parse: rejects forbidden signature_algorithms extension (828.46ms)
[601/850] PASS: parse: rejects forbidden heartbeat extension (828.47ms)
[602/850] PASS: parse: rejects record_size_limit in ServerHello (828.47ms)
[603/850] PASS: parse: rejects key_share for unsupported group (828.47ms)
[604/850] PASS: parse: unsupported TLS version in supported_versions is illegal_parameter (828.47ms)
[605/850] PASS: parse: rejects TLS 1.2 downgrade sentinel (828.48ms)
[606/850] PASS: parse: rejects TLS 1.1 downgrade sentinel (828.48ms)
[607/850] PASS: parse: rejects downgrade sentinel when supported_versions selects TLS 1.3 (828.48ms)
[608/850] PASS: parse: accepts non-0x0303 legacy_version when supported_versions selects TLS 1.3 (828.49ms)
[609/850] PASS: parse: no supported_versions + downgrade sentinel yields IllegalParameter (828.49ms)
[610/850] PASS: parse: rejects ServerHello without supported_versions as legacy (828.50ms)
[611/850] PASS: parse: rejects SSLv3-or-lower legacy version (828.50ms)
[612/850] PASS: parse: rejects mismatched session id echo (828.50ms)
[613/850] PASS: parse: rejects non-zero compression method (828.50ms)
[614/850] PASS: fuzz: parse handles arbitrary input (828.51ms)
[615/850] PASS: encodeHelloRetryRequest: parse round-trip (828.51ms)
[616/850] PASS: parseHelloRetryRequest: rejects mismatched session id echo (828.51ms)
[617/850] PASS: parseHelloRetryRequest: RFC 8448 §5 (828.52ms)
[618/850] PASS: parseHelloRetryRequest: no cookie (828.52ms)
[619/850] PASS: parseHelloRetryRequest: rejects non-HRR Random (828.52ms)
[620/850] PASS: parseHelloRetryRequest: rejects wrong type (828.53ms)
[621/850] PASS: parseHelloRetryRequest: rejects TLS 1.2 in supported_versions (828.53ms)
[622/850] PASS: parseHelloRetryRequest: ignores non-0x0303 legacy_version (828.53ms)
[623/850] PASS: parseHelloRetryRequest: rejects SSLv3-or-lower legacy version (828.53ms)
[624/850] PASS: parseHelloRetryRequest: rejects non-zero compression method (828.54ms)
[625/850] PASS: parseHelloRetryRequest: rejects unknown cipher suite (828.54ms)
[626/850] PASS: parseHelloRetryRequest: rejects trailing bytes after extensions (828.54ms)
[627/850] PASS: parseHelloRetryRequest: rejects cookie extension trailing bytes (828.55ms)
[628/850] PASS: parseHelloRetryRequest: rejects missing supported_versions (828.55ms)
[629/850] PASS: parseHelloRetryRequest: rejects unknown unsolicited extension (828.55ms)
[630/850] PASS: parseHelloRetryRequest: rejects record_size_limit (828.55ms)
[631/850] PASS: KEM key_share round-trip: ServerHello encode → parse preserves 1120-byte ciphertext (828.57ms)
[632/850] PASS: fuzz: parseHelloRetryRequest handles arbitrary input (828.58ms)
[633/850] PASS: Config.validate reports invalid lists and missing P-384 material (828.64ms)
[634/850] PASS: sendAlert: plaintext fatal alert before ClientHello (828.69ms)
[635/850] PASS: sendAlert: encrypted close_notify after handshake (828.91ms)
[636/850] PASS: handleRecord: rejects ChangeCipherSpec before ClientHello (828.96ms)
[637/850] PASS: handleRecord: drops valid ChangeCipherSpec while waiting for client Finished (829.11ms)
[638/850] PASS: handleRecord: rejects malformed ChangeCipherSpec payload (829.26ms)
[639/850] PASS: handleRecord: ClientHello returns ServerHello write and enforces pending write (829.41ms)
[640/850] PASS: handleRecord: zero-length plaintext handshake is rejected (829.46ms)
[641/850] PASS: handleRecord: rejects application_data before connected (829.51ms)
[642/850] PASS: acceptClientHello: emits ServerHello and installs handshake keys (829.77ms)
[643/850] PASS: acceptClientHello: negotiates secp256r1 key share (829.99ms)
[644/850] PASS: acceptClientHello: negotiates secp384r1 key share (835.88ms)
[645/850] PASS: acceptClientHello: emits HelloRetryRequest for missing secp256r1 key share (835.99ms)
[646/850] PASS: acceptClientHello: rejects ClientHello2 with changed SNI or ALPN after HRR (836.16ms)
[647/850] PASS: acceptClientHello: rejects early_data in ClientHello2 after HRR (836.25ms)
[648/850] PASS: acceptClientHello: rejects replaced PSK identity in ClientHello2 despite valid binder (836.36ms)
[649/850] PASS: acceptClientHello: rejects added, reordered, or dropped PSK identities in CH2 (836.61ms)
[650/850] PASS: acceptClientHello: accepts permitted ClientHello2 PSK updates after HRR (837.12ms)
[651/850] PASS: acceptClientHello: bounded PSK identity admission before HelloRetryRequest (837.34ms)
[652/850] PASS: acceptClientHello: rejects removal of an unknown identity whose binder claims the HRR hash (837.43ms)
[653/850] PASS: acceptClientHello: HRR path rejects a slack-byte identities vector in CH1 (837.51ms)
[654/850] PASS: acceptClientHello: HRR path rejects a slack-byte identities vector in CH2 (837.60ms)
[655/850] PASS: acceptClientHello: PSK selection rejects a slack-byte identities vector (837.68ms)
[656/850] PASS: acceptClientHello: rejects ClientHello2 that ignores HRR selected group (837.78ms)
[657/850] PASS: acceptClientHello: rejects ClientHello2 with extra key share (837.89ms)
[658/850] PASS: acceptClientHello: HRR sends at most one compatibility ChangeCipherSpec (838.04ms)
[659/850] PASS: acceptClientHello: emits compatibility ChangeCipherSpec for non-empty legacy_session_id (838.19ms)
[660/850] PASS: sendAnonymousFlightForTest: client decrypts EncryptedExtensions and Finished (838.47ms)
[661/850] PASS: sendPreparedServerFlight: credentials and pending write are enforced (838.82ms)
[662/850] PASS: sendPreparedServerFlight: encryption failure preserves handshake write epoch (839.14ms)
[663/850] PASS: sendAuthenticatedFlight: client decrypts authenticated server flight (839.46ms)
[664/850] PASS: sendAuthenticatedFlight: optional client auth sends CertificateRequest (839.79ms)
[665/850] PASS: NewSessionTicket emission derives matching client and server PSKs (840.30ms)
[666/850] PASS: NewSessionTicket emission rejects stale prepared PSK objects (840.75ms)
[667/850] PASS: server-issued NewSessionTicket resumes and can be renewed (841.57ms)
[668/850] PASS: NewSessionTicket emission owns unique bounded nonces (842.14ms)
[669/850] PASS: NewSessionTicket emission enforces write and kTLS ordering (842.59ms)
[670/850] PASS: NewSessionTicket emission preserves state on encoding failure (843.03ms)
[671/850] PASS: discardTicketPsk burns nonce and erases key material (843.48ms)
[672/850] PASS: processClientFinished: optional client auth accepts empty Certificate (843.92ms)
[673/850] PASS: processClientFinished: required client auth rejects empty Certificate (844.39ms)
[674/850] PASS: processClientFinished: required client auth verifies real client Certificate + CV (844.98ms)
[675/850] PASS: processClientFinished: bad client Finished does not retain identity (845.55ms)
[676/850] PASS: processClientFinished: client identity requires caller-owned storage (846.12ms)
[677/850] PASS: processClientFinished: required client auth rejects forged CertificateVerify (846.67ms)
[678/850] PASS: sendAuthenticatedFlight: client processes CertificateVerify and Finished (847.08ms)
[679/850] PASS: processClientFinished: verifies Finished and installs app keys (847.26ms)
[680/850] PASS: processClientFinished: rejects bad verify_data (847.42ms)
[681/850] PASS: processClientFinished: rejects EndOfEarlyData when 0-RTT was not accepted (847.58ms)
[682/850] PASS: handleRecord: rejects second plaintext ClientHello before Finished (847.75ms)
[683/850] PASS: handleRecord: rejects protected ClientHello after connected (847.93ms)
[684/850] PASS: handleRecord: rejects client KeyUpdate before Finished (848.12ms)
[685/850] PASS: receiveRecord: RX progresses while a server TX record is pending (848.31ms)
[686/850] PASS: receiveKtlsRecord: server processes kernel-decrypted records (848.51ms)
[687/850] PASS: ratchetKtlsTx: server advances only an idle TX epoch (848.69ms)
[688/850] PASS: handleRecord: client KeyUpdate(update_requested) ratchets rx and responds (848.89ms)
[689/850] PASS: handleRecord: client KeyUpdate(update_not_requested) ratchets rx only (849.07ms)
[690/850] PASS: sendKeyUpdate: server-initiated KeyUpdate encrypts under old key then ratchets tx (849.26ms)
[691/850] PASS: handleRecord: self-initiated sendKeyUpdate response surfaces rx only (849.45ms)
[692/850] PASS: handleRecord: KeyUpdate not at record boundary is rejected (849.63ms)
[693/850] PASS: handleRecord: invalid client KeyUpdate request is rejected (849.81ms)
[694/850] PASS: handleRecord: zero-length encrypted handshake is rejected (849.99ms)
[695/850] PASS: handleRecord: all-zero inner plaintext maps to unexpected_message (850.17ms)
[696/850] PASS: handleRecord: illegal post-handshake inner content type is rejected (850.35ms)
[697/850] PASS: handleRecord: empty application data does not reset post-handshake flood counter (850.53ms)
[698/850] PASS: handleRecord: KeyUpdate flood is rejected (850.91ms)
[699/850] PASS: handleRecord: KeyUpdate flood cap fires despite empty app-data interleaving (851.23ms)
[700/850] PASS: EstablishedSession: struct stays compact against the handshake engine (851.24ms)
[701/850] PASS: extractEstablished: connected events match the handshake engine (851.63ms)
[702/850] PASS: extractEstablished: engine is consumed and immediate deinit is safe (851.81ms)
[703/850] PASS: extractEstablished: moved-from rx/tx are wiped, the session's copies stay live (851.99ms)
[704/850] PASS: extractEstablished: deferred KeyUpdate obligation blocks application writes (852.21ms)
[705/850] PASS: extractEstablished: KeyUpdate flood cap survives extraction and resets on app data (852.52ms)
[706/850] PASS: extractEstablished: KeyUpdate fragment carries across extraction (852.71ms)
[707/850] PASS: extractEstablished: KeyUpdate record-boundary and fragment rules hold (852.89ms)
[708/850] PASS: extractEstablished: close_notify and fatal alerts keep server semantics (853.07ms)
[709/850] PASS: extractEstablished: sendAlert latches and ratchetTx advances the TX epoch (853.26ms)
[710/850] PASS: extractEstablished: SHA-384 suite ratchets and exchanges app data (853.81ms)
[711/850] PASS: extractEstablished: NewSessionTicket is issued before extraction (854.27ms)
[712/850] PASS: key update: simultaneous update_requested remains connected (854.77ms)
[713/850] PASS: fuzz: ServerHandshake.handleRecord rejects arbitrary input (854.82ms)
[714/850] PASS: fuzz: connected ServerHandshake.handleRecord rejects arbitrary input (855.72ms)
[715/850] PASS: application data: server sends and receives (855.91ms)
[716/850] PASS: in-memory authenticated client-server handshake reaches app data (856.38ms)
[717/850] PASS: in-memory authenticated client-server handshake suite matrix (858.24ms)
[718/850] PASS: in-memory KeyUpdate round trip across all cipher suites (860.32ms)
[719/850] PASS: selectPsk: verifies the binder for a matching PSK identity (860.41ms)
[720/850] PASS: selectPsk: returns null when the PSK binder does not verify (860.48ms)
[721/850] PASS: selectPsk: oversized binders_len does not overflow (860.56ms)
[722/850] PASS: PSK offer without psk_key_exchange_modes aborts (860.67ms)
[723/850] PASS: PSK offer with only psk_ke disables resumption and ticket issuance (860.88ms)
[724/850] PASS: client authentication policy declines PSK resumption (861.47ms)
[725/850] PASS: PSK selection skips cipher suites with an incompatible hash (862.03ms)
[726/850] PASS: in-memory PSK resumption reaches app data (862.39ms)
[727/850] PASS: in-memory RFC 10024 PSK resumption matrix reaches app data (869.61ms)
[728/850] PASS: in-memory RFC 10024 PSK resumption survives HRR (876.80ms)
[729/850] PASS: in-memory RFC 10024 SHA-384 PSK resumption survives HRR (886.61ms)
[730/850] PASS: PSK fast-path rejects bare Finished when server did NOT select PSK (886.89ms)
[731/850] PASS: in-memory 0-RTT early data is decrypted by the server (887.26ms)
[732/850] PASS: 0-RTT: accepted early data distinguishes authentication and handshake errors (887.96ms)
[733/850] PASS: 0-RTT: server rejects early data exceeding max_early_data_size (888.21ms)
[734/850] PASS: 0-RTT: max u32 early-data limit rejects bytes beyond remaining budget (888.26ms)
[735/850] PASS: 0-RTT: no PSK selected means early data is skipped and 1-RTT completes (888.73ms)
[736/850] PASS: 0-RTT: declined early records in flight are skipped and 1-RTT completes (889.10ms)
[737/850] PASS: 0-RTT: required client auth declines PSK, skips early data, completes 1-RTT (889.70ms)
[738/850] PASS: 0-RTT: decline skip budget exhaustion aborts the handshake (889.90ms)
[739/850] PASS: 0-RTT: corrupted record after the skip window aborts (890.18ms)
[740/850] PASS: 0-RTT: HRR decline skips in-flight early data and the retry handshake completes (890.68ms)
[741/850] PASS: 0-RTT: default decline-skip budget covers a full max-size early record (891.14ms)
[742/850] PASS: 0-RTT: HRR decline skip budget exhaustion aborts the handshake (891.27ms)
[743/850] PASS: 0-RTT: HRR decline skip rejects malformed application_data records (891.40ms)
[744/850] PASS: 0-RTT: HRR skip window closes at ClientHello2 (891.70ms)
[745/850] PASS: 0-RTT: server declines, client sends no EndOfEarlyData (892.09ms)
[746/850] PASS: 0-RTT: client rejects server-sent EndOfEarlyData (892.15ms)
[747/850] PASS: 0-RTT: processClientFinished rejects Finished before EndOfEarlyData (892.40ms)
[748/850] PASS: preferredHybridShare follows server preference (892.46ms)
[749/850] PASS: in-memory RFC 10024 hybrid group matrix reaches app data (899.87ms)
[750/850] PASS: RFC 10024 hybrid group matrix negotiates through HRR (906.67ms)
[751/850] PASS: hybrid share requires explicit server policy (906.88ms)
[752/850] PASS: in-memory HRR round trip reaches app data (907.34ms)
[753/850] PASS: acceptClientHello: server suite preference (907.49ms)
[754/850] PASS: acceptClientHello: exposes SNI via clientServerName (907.64ms)
[755/850] PASS: acceptClientHello: clientServerName is null when SNI absent (907.79ms)
[756/850] PASS: acceptClientHello: rejects unsupported suite (907.86ms)
[757/850] PASS: acceptClientHello: ignores unknown cipher suites in mixed list (908.16ms)
[758/850] PASS: acceptClientHello: rejects ClientHello with no shared group (908.24ms)
[759/850] PASS: handleRecord: reassembles ClientHello split across records (908.39ms)
[760/850] PASS: handleRecord: reassembles ClientHello with header and body in separate records (908.54ms)
[761/850] PASS: handleRecord: rejects CCS while ClientHello fragment pending (908.61ms)
[762/850] PASS: handleRecord: processes alert while ClientHello fragment pending (908.68ms)
[763/850] PASS: handleRecord: plaintext fatal alert in wait_ch records detail (908.78ms)
[764/850] PASS: handleRecord: unknown alert codes are preserved (908.83ms)
[765/850] PASS: handleRecord: lastPeerAlert replaced by later alert, preserved by close/malformed (908.88ms)
[766/850] PASS: handleRecord: rejects fragmented ClientHello without reassembly buffer (908.95ms)
[767/850] PASS: handleRecord: state reset after invalid fragmented ClientHello (909.10ms)
[768/850] PASS: handleRecord: rejects trailing bytes after fragmented ClientHello (909.24ms)
[769/850] PASS: handleRecord: reassembles ClientHello2 split across records after HRR (909.40ms)
[770/850] PASS: handleRecord: reassembles fragmented client Finished across encrypted records (909.58ms)
[771/850] PASS: handleRecord: rejects interleaved alert during Finished fragment reassembly (909.74ms)
[772/850] PASS: handleRecord: rejects plaintext alert during Finished fragment reassembly (909.90ms)
[773/850] PASS: handleRecord: encrypted fatal alert while waiting for Finished records detail (910.06ms)
[774/850] PASS: handleRecord: rejects plaintext alert while waiting for Finished (910.22ms)
[775/850] PASS: handleRecord: rejects zero-length encrypted handshake while waiting for Finished (910.38ms)
[776/850] PASS: handleRecord: reassembles ClientHello when handshake header is split after 1 byte (910.53ms)
[777/850] PASS: handleRecord: server reassembles 1-byte fragmented KeyUpdate(update_requested) (910.73ms)
[778/850] PASS: handleRecord: fragmented KeyUpdate(update_not_requested) works (910.92ms)
[779/850] PASS: handleRecord: non-KeyUpdate fragment starts are rejected (911.10ms)
[780/850] PASS: handleRecord: KeyUpdate with trailing record bytes is rejected before ratchet (911.28ms)
[781/850] PASS: handleRecord: app-data interleaving during KeyUpdate reassembly is rejected (911.46ms)
[782/850] PASS: receiveApplicationData: app-data interleaving during KeyUpdate reassembly is rejected (911.64ms)
[783/850] PASS: handleRecord: alert interleaving during KeyUpdate reassembly is rejected (911.82ms)
[784/850] PASS: handleRecord: connected close_notify is clean, fatal alert records detail (912.00ms)
[785/850] PASS: handleRecord: zero-length handshake during KeyUpdate reassembly is rejected (912.21ms)
[786/850] PASS: handleRecord: ClientHello body_len 0xFFFFFF rejected without overflow (fast path) (912.26ms)
[787/850] PASS: handleRecord: split-header reassembly body_len 0xFFFFFF rejected without overflow (912.31ms)
[788/850] PASS: deinit leaves caller-owned buffers to the caller (912.47ms)
[789/850] PASS: Writer.append: u8 (912.48ms)
[790/850] PASS: Writer.append: u16 big-endian (912.48ms)
[791/850] PASS: Writer.append: u24 big-endian (912.49ms)
[792/850] PASS: Writer.appendSlice (912.49ms)
[793/850] PASS: Writer.append: enum (912.49ms)
[794/850] PASS: Reader.read: u8 (912.49ms)
[795/850] PASS: Reader.read: u16 big-endian (912.49ms)
[796/850] PASS: Reader.read: enum (912.50ms)
[797/850] PASS: Reader.readSlice: zero-copy (912.50ms)
[798/850] PASS: Reader.read: UnexpectedEof (912.50ms)
[799/850] PASS: Reader assume methods skip bounds checks after caller validation (912.50ms)
[800/850] PASS: Writer.reserve: write directly into buffer (912.51ms)
[801/850] PASS: Writer: sequential appends (912.51ms)
[802/850] PASS: encode and parse NewSessionTicket round trip (912.51ms)
[803/850] PASS: encode validates NewSessionTicket bounds before writing (912.52ms)
[804/850] PASS: parse: valid NewSessionTicket (912.52ms)
[805/850] PASS: parse: captures early_data max_early_data_size (912.52ms)
[806/850] PASS: parse: skips unknown ticket extension (912.52ms)
[807/850] PASS: parse: skips GREASE ticket extension (912.53ms)
[808/850] PASS: parse: rejects duplicate early_data extension (912.53ms)
[809/850] PASS: parse: rejects malformed early_data length (912.53ms)
[810/850] PASS: parse: wrong handshake type (912.53ms)
[811/850] PASS: parse: rejects length mismatch (912.54ms)
[812/850] PASS: parse: rejects empty ticket (912.54ms)
[813/850] PASS: parse: rejects malformed extensions length (912.54ms)
[814/850] PASS: fuzz: parse handles arbitrary input (912.54ms)
[815/850] PASS: encode: empty EncryptedExtensions (912.55ms)
[816/850] PASS: encode: ALPN EncryptedExtensions (912.55ms)
[817/850] PASS: encode: early_data accepted in EncryptedExtensions (912.55ms)
[818/850] PASS: encode: early_data omitted when not accepted (912.55ms)
[819/850] PASS: parse: valid EncryptedExtensions (912.56ms)
[820/850] PASS: parse: ALPN selection (912.56ms)
[821/850] PASS: parse: rejects unsolicited ALPN (912.56ms)
[822/850] PASS: parse: rejects unoffered ALPN (912.56ms)
[823/850] PASS: parse: rejects duplicate ALPN extension (912.57ms)
[824/850] PASS: parse: rejects multiple ALPN protocols (912.57ms)
[825/850] PASS: parse: rejects forbidden supported_versions extension (912.57ms)
[826/850] PASS: parse: rejects forbidden key_share extension (912.57ms)
[827/850] PASS: parse: rejects forbidden heartbeat extension (912.58ms)
[828/850] PASS: parse: rejects GREASE EncryptedExtensions extension (912.58ms)
[829/850] PASS: parse: rejects unknown unsolicited extension (912.58ms)
[830/850] PASS: parse: accepts server_name acknowledgment when SNI offered (912.58ms)
[831/850] PASS: parse: rejects server_name when SNI not offered (912.59ms)
[832/850] PASS: parse: rejects server_name acknowledgment with non-empty extension_data (912.59ms)
[833/850] PASS: parse: rejects unoffered record_size_limit in EncryptedExtensions (912.59ms)
[834/850] PASS: parse: accepts offered record_size_limit in EncryptedExtensions (912.59ms)
[835/850] PASS: parse: rejects malformed record_size_limit in EncryptedExtensions (912.60ms)
[836/850] PASS: parse: ignores supported_groups extension (912.60ms)
[837/850] PASS: parse: wrong handshake type (912.60ms)
[838/850] PASS: parse: truncated (912.60ms)
[839/850] PASS: encode round-trips via parse (912.61ms)
[840/850] PASS: parse rejects wrong handshake type (912.61ms)
[841/850] PASS: parse rejects missing signature_algorithms (912.61ms)
[842/850] PASS: parse rejects duplicate signature_algorithms (912.61ms)
[843/850] PASS: encodedLen is accurate (912.62ms)
[844/850] PASS: verify: wrong verify_data (912.62ms)
[845/850] PASS: verify: wrong handshake type (912.62ms)
[846/850] PASS: encode then verify round-trip (912.63ms)
[847/850] PASS: messageHashSynthetic: SHA-256 header (912.63ms)
[848/850] PASS: messageHashSynthetic: SHA-384 header (912.63ms)
[849/850] PASS: messageHashSynthetic: RFC 8448 §5 ClientHello1 SHA-256 (912.64ms)
[850/850] PASS: fill writes caller buffer (912.64ms)

ztest: 849 passed, 0 failed, 1 skipped (of 850 total) in 1913ms
ALL TESTS PASSED
encrypted-pem-check: ok (pipe, terminal)

Build Summary: 8/8 steps succeeded
test success
+- run test success 1s MaxRSS:13M
|  +- compile test Debug native-native cached 35ms MaxRSS:41M
|     +- options cached
+- run exe errq-alloc-check success 31ms MaxRSS:7M
|  +- compile exe errq-alloc-check Debug native-native cached 34ms MaxRSS:41M
|     +- options (reused)
+- run exe encrypted-pem-check success 2ms MaxRSS:7M
   +- compile exe encrypted-pem-check Debug native-native cached 53ms MaxRSS:41M
      +- options (reused)

NO_COLOR=1 pkg-config --list-all
NO_COLOR=1 pkg-config --list-all
NO_COLOR=1 pkg-config --list-all
NO_COLOR=1 pkg-config libcrypto --cflags --libs
NO_COLOR=1 pkg-config libcrypto --cflags --libs
NO_COLOR=1 pkg-config libcrypto --cflags --libs
/nix/store/HASH-zig-0.15.2/bin/zig test -I/nix/store/HASH-aws-lc-5.5.0-dev/include -L/nix/store/HASH-aws-lc-5.5.0/lib -lcrypto -ODebug -target native-native -mcpu apple_m1 --dep build_options --dep txtar --dep fixtures -Mroot=/Users/matt/code/ztls/src/test.zig -Mbuild_options=/tmp/tmp.kvua1RXm4w/c/5f561f0723d3bca47c7861e3338782bd/options.zig -ODebug -target native-native -mcpu apple_m1 -Mtxtar=/tmp/ztls-plc-cache/global/p/txtar-0.1.0-RyJLBJ5rAABCV5lD0YSt048wd3l9Nk9a4_TnEnm0MZ9P/src/root.zig -ODebug -target native-native -mcpu apple_m1 -Mfixtures=/Users/matt/code/ztls/tests/fixtures/fixtures.zig -lc --test-runner /tmp/ztls-plc-cache/global/p/ztest-0.2.0-h6PBzyKEAAC49mtm1NO2CTeniItVuL0l06TpBDMDTe19/src/test_runner.zig --cache-dir /tmp/tmp.kvua1RXm4w --global-cache-dir /tmp/ztls-plc-cache/global --name test --zig-lib-dir /nix/store/HASH-zig-0.15.2/lib/zig/ --listen=-
/nix/store/HASH-zig-0.15.2/bin/zig build-exe -I/nix/store/HASH-aws-lc-5.5.0-dev/include -L/nix/store/HASH-aws-lc-5.5.0/lib -lcrypto -ODebug -target native-native -mcpu apple_m1 --dep ztls --dep fixtures -Mroot=/Users/matt/code/ztls/src/test/errq_alloc_check.zig -I/nix/store/HASH-aws-lc-5.5.0-dev/include -ODebug -target native-native -mcpu apple_m1 --dep build_options -Mztls=/Users/matt/code/ztls/src/root.zig -ODebug -target native-native -mcpu apple_m1 -Mfixtures=/Users/matt/code/ztls/tests/fixtures/fixtures.zig -Mbuild_options=/tmp/tmp.kvua1RXm4w/c/5f561f0723d3bca47c7861e3338782bd/options.zig -lc --cache-dir /tmp/tmp.kvua1RXm4w --global-cache-dir /tmp/ztls-plc-cache/global --name errq-alloc-check --zig-lib-dir /nix/store/HASH-zig-0.15.2/lib/zig/ --listen=-
/nix/store/HASH-zig-0.15.2/bin/zig build-exe -I/nix/store/HASH-aws-lc-5.5.0-dev/include -L/nix/store/HASH-aws-lc-5.5.0/lib -lcrypto -ODebug -target native-native -mcpu apple_m1 --dep ztls --dep fixtures -Mroot=/Users/matt/code/ztls/src/test/encrypted_pem_check.zig -I/nix/store/HASH-aws-lc-5.5.0-dev/include -ODebug -target native-native -mcpu apple_m1 --dep build_options -Mztls=/Users/matt/code/ztls/src/root.zig -ODebug -target native-native -mcpu apple_m1 -Mfixtures=/Users/matt/code/ztls/tests/fixtures/fixtures.zig -Mbuild_options=/tmp/tmp.kvua1RXm4w/c/5f561f0723d3bca47c7861e3338782bd/options.zig -lc --cache-dir /tmp/tmp.kvua1RXm4w --global-cache-dir /tmp/ztls-plc-cache/global --name encrypted-pem-check --zig-lib-dir /nix/store/HASH-zig-0.15.2/lib/zig/ --listen=-
/tmp/tmp.kvua1RXm4w/o/637c111c7eca63456fcd17beb9c98fb4/encrypted-pem-check
encrypted-pem-check: ok (pipe, terminal)
/tmp/tmp.kvua1RXm4w/o/d364e38b0a5e82fdbce2ac60f7016f9f/errq-alloc-check
errq-alloc-check: early client abort
errq-alloc-check: early server abort
errq-alloc-check: ok (allocs 6120, frees 6120, live 0)
/tmp/tmp.kvua1RXm4w/o/50a53fc9b25d473d8fff56d240e57b78/test
ztest: Running 850 tests...
[1/850] PASS: test_0 (248.81ms)
[2/850] PASS: Wycheproof: X25519 shared secret tcId 1 (248.87ms)
[3/850] PASS: Wycheproof boundary: X25519 identity element is rejected (248.90ms)
[4/850] PASS: Wycheproof boundary: X25519 small-order public key is rejected (248.92ms)
[5/850] PASS: Wycheproof: AES-128-GCM AAD/tag handling tcId 2 (248.95ms)
[6/850] PASS: Wycheproof boundary: AES-256-GCM AAD/tag handling (248.96ms)
[7/850] PASS: Wycheproof: ChaCha20-Poly1305 one-byte message tcId 4 (248.97ms)
[8/850] PASS: Wycheproof boundary: ChaCha20-Poly1305 AAD handling (248.97ms)
[9/850] PASS: OpenSSL s_server interoperates with ztls client (317.20ms)
[10/850] PASS: OpenSSL s_server interoperates with ztls P-384 client (343.54ms)
[11/850] PASS: OpenSSL s_server interoperates with ztls RFC 10024 client groups (438.22ms)
[12/850] PASS: ztls client resumes with OpenSSL s_server (PSK resumption) (463.53ms)
[13/850] PASS: ztls client sends 0-RTT early data to OpenSSL s_server (488.78ms)
[14/850] PASS: OpenSSL s_client interoperates with ztls server (525.48ms)
[15/850] PASS: OpenSSL s_client resumes with ztls server-issued ticket (549.87ms)
[16/850] PASS: OpenSSL s_client interoperates with ztls P-384 server (563.16ms)
[17/850] PASS: OpenSSL s_client interoperates with ztls RFC 10024 server groups (600.92ms)
[18/850] PASS: OpenSSL s_client with -cert interoperates with ztls server (required client auth) (616.94ms)
[19/850] PASS: ztls client with credentials interoperates with OpenSSL s_server -Verify (642.49ms)
[20/850] PASS: ztls-to-ztls TCP KeyUpdate round trip with ChaCha20-Poly1305 (684.08ms)
[21/850] PASS: backend.x25519: RFC 7748 §5.2 shared secret (684.12ms)
[22/850] PASS: backend.x25519: RFC 7748 §6.1 mutual key agreement (684.18ms)
[23/850] PASS: backend.x25519: Wycheproof tcId 1 shared secret (684.21ms)
[24/850] PASS: backend.x25519: all-zero public key is rejected (IdentityElement) (684.24ms)
[25/850] PASS: backend.x25519: small-order public key is rejected (IdentityElement) (684.26ms)
[26/850] PASS: backend.aead: round-trip for every advertised cipher suite (684.27ms)
[27/850] PASS: backend.aead: tag corruption is rejected for every advertised cipher suite (684.28ms)
[28/850] PASS: backend.aead: ciphertext corruption is rejected for every advertised cipher suite (684.28ms)
[29/850] PASS: backend.aead: Wycheproof AES-128-GCM tcId 2 (684.29ms)
[30/850] PASS: backend.aead: Wycheproof AES-256-GCM AAD boundary (684.29ms)
[31/850] PASS: backend.aead: Wycheproof ChaCha20-Poly1305 AAD boundary (684.30ms)
[32/850] PASS: backend.aead: ChaCha20-Poly1305 RFC 8439 §2.8.2 known-answer vector (684.31ms)
[33/850] PASS: backend.p256: mutual key agreement with fixed scalars (684.43ms)
[34/850] PASS: backend.p256: non-04 SEC1 prefix is rejected (684.45ms)
[35/850] PASS: backend.p256: off-curve point is rejected (684.46ms)
[36/850] PASS: backend.p256: zero scalar private key is rejected (684.46ms)
[37/850] PASS: backend.p256: Wycheproof tcId 1 shared secret (684.52ms)
[38/850] PASS: backend.p384: mutual key agreement with fixed scalars (684.98ms)
[39/850] PASS: backend.p384: non-04 SEC1 prefix is rejected (685.07ms)
[40/850] PASS: backend.p384: off-curve point is rejected (685.07ms)
[41/850] PASS: backend.p384: zero scalar private key is rejected (685.08ms)
[42/850] PASS: backend.p384: Wycheproof tcId 1 shared secret (685.30ms)
[43/850] PASS: backend.sign: RSA-PSS SHA-256 sign/verify round-trip (686.17ms)
[44/850] PASS: backend.sign: RSA-PSS SHA-256 rejects tampered signature (687.00ms)
[45/850] PASS: backend.sign: RSA-PSS SHA-384 sign/verify round-trip and tamper rejection (687.85ms)
[46/850] PASS: backend.sign: ECDSA P-256 SHA-256 sign/verify round-trip (687.92ms)
[47/850] PASS: backend.sign: ECDSA P-256 SHA-256 rejects tampered signature (687.96ms)
[48/850] PASS: backend.sign: ECDSA P-384 SHA-384 sign/verify round-trip and tamper rejection (688.34ms)
[49/850] PASS: backend.sign: BufferTooShort on undersized output (688.46ms)
[50/850] PASS: backend.sign: key/scheme mismatch is a libcrypto failure (688.47ms)
[51/850] PASS: backend.sign: Wycheproof RSA-PSS tcId 3 verify (688.51ms)
[52/850] PASS: backend.sign: Wycheproof RSA-PSS tcId 62 invalid signature (688.54ms)
[53/850] PASS: backend.sign: Wycheproof ECDSA P-256 tcId 1 verify (688.59ms)
[54/850] PASS: backend.sign: Wycheproof ECDSA P-256 tcId 6 invalid signature (688.59ms)
[55/850] PASS: backend.sign: Wycheproof ECDSA P-384 tcId 1 verify (688.78ms)
[56/850] PASS: backend.sign: Wycheproof ECDSA P-384 tcId 6 invalid signature (688.79ms)
[57/850] PASS: backend error-queue hygiene: malformed EC public key leaves no residue (#88) (688.79ms)
[58/850] PASS: backend error-queue hygiene: caller queue entries survive a failing wrapper (#88) (688.80ms)
[59/850] PASS: backend error-queue hygiene: scalar key load does not nest guards (#88) (688.80ms)
[60/850] PASS: backend error-queue hygiene: repeated failures leave the queue empty each round (#88) (688.81ms)
[61/850] PASS: backend error-queue hygiene: successful key load preserves caller entries (#88) (688.82ms)
[62/850] PASS: backend error-queue hygiene: failed signature verification leaves no residue (#88) (688.84ms)
[63/850] PASS: backend error-queue hygiene: failed record decrypt leaves no residue (#88) (688.85ms)
[64/850] PASS: backend error-queue hygiene: failed decrypt preserves caller entries exactly (#88) (688.85ms)
[65/850] PASS: backend error-queue hygiene: DER key load preservation is lane-dependent (#88) (688.85ms)
[66/850] PASS: backend error-queue hygiene: scheme inference preserves caller entries (#112) (688.87ms)
[67/850] PASS: backend error-queue hygiene: declined encrypted PEM loads leave no residue (#114) (688.90ms)
[68/850] PASS: backend error-queue hygiene: cert/key mismatch preservation is lane-dependent (#113) (688.93ms)
[69/850] PASS: RFC 5280 §4.2.1.10 name-constraint verdicts vs OpenSSL 3.6.3 ground truth (689.39ms)
[70/850] PASS: fuzz: verifyNameConstraints handles arbitrary NameConstraints and SAN DER (689.40ms)
[71/850] PASS: capi: ztls_version returns a non-empty string (689.40ms)
[72/850] PASS: capi: insecure client init is explicitly named (689.40ms)
[73/850] PASS: capi: size and alignment are non-zero and sane (689.41ms)
[74/850] PASS: capi: NULL parameters are rejected (689.41ms)
[75/850] PASS: capi: full client handshake through the C ABI (689.74ms)
[76/850] PASS: capi: send_application_data before connected fails (689.77ms)
[77/850] PASS: capi: KeyUpdate response is surfaced as a write event (690.07ms)
[78/850] PASS: capi: KeyUpdate without response maps to none without pending write (690.36ms)
[79/850] PASS: capi: NewSessionTicket maps to none without pending write (690.64ms)
[80/850] PASS: encrypt: rejects mismatched plaintext and ciphertext lengths (690.64ms)
[81/850] PASS: decrypt: rejects mismatched plaintext and ciphertext lengths (690.64ms)
[82/850] PASS: Aes128Gcm: encrypt/decrypt round-trip (690.65ms)
[83/850] PASS: Aes256Gcm: encrypt/decrypt round-trip (690.65ms)
[84/850] PASS: ChaCha20Poly1305: encrypt/decrypt round-trip (690.65ms)
[85/850] PASS: ChaCha20Poly1305: RFC 8439 known-answer vector (690.66ms)
[86/850] PASS: ChaCha20Poly1305: empty plaintext known-answer vector (690.67ms)
[87/850] PASS: ChaCha20Poly1305: authentication failure on tampered ciphertext (690.67ms)
[88/850] PASS: ChaCha20Poly1305: authentication failure on tampered tag (690.68ms)
[89/850] PASS: ChaCha20Poly1305: authentication failure on tampered ad (690.68ms)
[90/850] PASS: decrypt: authentication failure on tampered ciphertext (690.68ms)
[91/850] PASS: decrypt: authentication failure on tampered tag (690.69ms)
[92/850] PASS: decrypt: authentication failure on tampered ad (690.69ms)
[93/850] PASS: construct: seq 0 is just the IV (690.69ms)
[94/850] PASS: construct: seq increments flip the right bytes (690.69ms)
[95/850] PASS: construct: XOR with non-zero IV (690.70ms)
[96/850] PASS: construct: seq max u64 produces expected nonce (690.70ms)
[97/850] PASS: parse: close_notify (690.70ms)
[98/850] PASS: parse: warning-level error alert is fatal (690.70ms)
[99/850] PASS: parse: unknown alert description is fatal (690.71ms)
[100/850] PASS: parse: user_canceled is not fatal (690.71ms)
[101/850] PASS: parse: truncated (690.71ms)
[102/850] PASS: parse: rejects coalesced alert bytes (690.71ms)
[103/850] PASS: encode (690.71ms)
[104/850] PASS: fuzz: parse handles arbitrary input (690.72ms)
[105/850] PASS: alertForError: certificate failures map to certificate alerts (690.72ms)
[106/850] PASS: alertForError: parser and semantic failures map to protocol alerts (690.72ms)
[107/850] PASS: alertForError: provider failure maps to internal_error (690.72ms)
[108/850] PASS: alertForError: unknown error maps to internal_error (690.73ms)
[109/850] PASS: parse: oversized cert_len does not overflow bounds check (690.73ms)
[110/850] PASS: parseClientCertificate: oversized ctx_len does not overflow (690.73ms)
[111/850] PASS: parse: extracts public key from ECDSA P-256 certificate (690.74ms)
[112/850] PASS: parse: wrong handshake type (690.75ms)
[113/850] PASS: parse: rejects mismatched Certificate handshake body length (690.75ms)
[114/850] PASS: encodeWithRequestContext: encodes empty client certificate list (690.75ms)
[115/850] PASS: encodeWithRequestContext: rejects oversized request context (690.75ms)
[116/850] PASS: parseClientCertificate: accepts empty certificate with matching context (690.76ms)
[117/850] PASS: parseClientCertificate: rejects mismatched request context (690.76ms)
[118/850] PASS: parse: rejects non-empty server certificate request context (690.76ms)
[119/850] PASS: parse: rejects empty certificate list (690.77ms)
[120/850] PASS: parse: rejects certificate list length shorter than entries (690.77ms)
[121/850] PASS: encode: round trips certificate chain (697.55ms)
[122/850] PASS: parse: rejects unsupported CertificateEntry status_request (697.55ms)
[123/850] PASS: parse: rejects unsupported CertificateEntry SCT (697.56ms)
[124/850] PASS: parse: rejects forbidden CertificateEntry status_request_v2 (697.56ms)
[125/850] PASS: parse: rejects duplicate CertificateEntry status_request (697.56ms)
[126/850] PASS: parse: rejects malformed CertificateEntry extension length (697.56ms)
[127/850] PASS: parse: ignores unknown CertificateEntry extension (697.57ms)
[128/850] PASS: parse: validates hostname (697.58ms)
[129/850] PASS: parse: rejects hostname mismatch (697.58ms)
[130/850] PASS: parse: rejects missing trust anchor by default (697.59ms)
[131/850] PASS: parse: validates leaf against trust bundle (704.43ms)
[132/850] PASS: parse: validates leaf-intermediate-root chain (717.93ms)
[133/850] PASS: parse: rejects end-entity certificate used as issuer (718.02ms)
[134/850] PASS: parse: rejects chain with intermediate before leaf (718.10ms)
[135/850] PASS: parse: anchors chain below a cross-signed root (738.19ms)
[136/850] PASS: parse: rejects cross-signed root without a bundle anchor below it (751.49ms)
[137/850] PASS: parse: rejects chain with missing intermediate (751.58ms)
[138/850] PASS: parse: rejects chain hostname mismatch (751.67ms)
[139/850] PASS: parse: rejects untrusted leaf when bundle misses issuer (751.67ms)
[140/850] PASS: parse: accepts chain with matching DNS name constraints (764.74ms)
[141/850] PASS: parse: rejects chain with excluded DNS name constraints (777.78ms)
[142/850] PASS: parse: rejects chain outside permitted DNS name constraints (790.85ms)
[143/850] PASS: parse: insecure no-anchor path still enforces name constraints (797.56ms)
[144/850] PASS: parse: rejects signed unprocessed critical extension for both roles (797.66ms)
[145/850] PASS: parse: accepts signed noncritical extension and supported critical extensions (824.52ms)
[146/850] PASS: parse: rejects signed SAN with an invalid wrapper (824.63ms)
[147/850] PASS: parse: rejects chain exceeding pathLenConstraint zero (844.25ms)
[148/850] PASS: parse: accepts pathLenConstraint zero with a CA target (857.33ms)
[149/850] PASS: parse: rejects chain exceeding pathLenConstraint one (883.31ms)
[150/850] PASS: parse: accepts chain at pathLenConstraint one (902.81ms)
[151/850] PASS: parse: imposes no path-length limit when pathLenConstraint is absent (922.41ms)
[152/850] PASS: parse: enforces the tightest of multiple pathLenConstraints (948.46ms)
[153/850] PASS: parse: accepts multiple satisfied pathLenConstraints (968.01ms)
[154/850] PASS: parse: self-issued intermediate does not consume path length (987.65ms)
[155/850] PASS: parse: intermediate below a self-issued certificate still counts (1013.81ms)
[156/850] PASS: parse: trust anchor pathLenConstraint limits intermediates below it (33.44ms)
[157/850] PASS: parse: trust anchor pathLenConstraint satisfied (46.46ms)
[158/850] PASS: parse: certificates above the anchored path are outside the path (72.55ms)
[159/850] PASS: parse: cross-signed root constraint binds inside the anchored path (98.63ms)
[160/850] PASS: parseClientChain: rejects client chain exceeding pathLenConstraint zero (118.85ms)
[161/850] PASS: parseClientChain: accepts client chain at pathLenConstraint zero (132.37ms)
[162/850] PASS: parse: insecure no-anchor path still enforces pathLenConstraint (145.75ms)
[163/850] PASS: parse: insecure no-anchor path accepts constrained chain with self-issued steps (159.15ms)
[164/850] PASS: parse: malformed DER length is rejected, not crashed (159.15ms)
[165/850] PASS: certificate_policy.verifyServerAuth: non-v3 certificates are rejected (159.16ms)
[166/850] PASS: certificate_policy.verifyServerAuth: KeyUsage without digitalSignature is rejected (159.16ms)
[167/850] PASS: certificate_policy.verifyServerAuth: EKU without serverAuth is rejected (159.16ms)
[168/850] PASS: certificate_policy.verifyClientAuth: EKU without clientAuth is rejected (159.17ms)
[169/850] PASS: certificate_policy.verifyClientAuth: KeyUsage without digitalSignature is rejected (159.17ms)
[170/850] PASS: certificate_policy.verifyClientAuth: clientAuth EKU is accepted (159.17ms)
[171/850] PASS: certificate_policy.verifyServerAuth: legacy certificate signatures are rejected (159.17ms)
[172/850] PASS: certificate_policy.verifyServerAuth: RSA PKCS1 SHA-256 certificate signature is accepted (159.18ms)
[173/850] PASS: certificate_policy: Ed25519 chain signature algorithm accepted when advertised (159.18ms)
[174/850] PASS: certificate_policy: Ed25519 chain signature algorithm rejected when not advertised (159.18ms)
[175/850] PASS: parse: Ed25519 self-signed certificate verified via std.crypto (159.19ms)
[176/850] PASS: certificate_policy.verifyServerAuth: rejects certificate signature outside policy (159.19ms)
[177/850] PASS: certificate signature policy checks non-self-signed chain certificates (159.19ms)
[178/850] PASS: certificate signature policy skips self-signed chain certificates (159.20ms)
[179/850] PASS: certificate_policy.verifyServerAuth: unrestricted supported leaf is accepted (159.20ms)
[180/850] PASS: encodeCertificateVerify: wraps signature (159.20ms)
[181/850] PASS: verifySignature: valid ECDSA P-256 signature (159.27ms)
[182/850] PASS: verifySignature: valid RSA-PSS SHA-256 signature (159.30ms)
[183/850] PASS: verifySignature: rejects RSA-PSS signature with wrong salt length (159.32ms)
[184/850] PASS: verifySignature: wrong transcript hash (159.37ms)
[185/850] PASS: verifySignature: rejects scheme absent from offered list (159.38ms)
[186/850] PASS: verifySignature: client CV rejects scheme absent from offered list (159.39ms)
[187/850] PASS: verifySignature: rejects RSA PKCS1 CertificateVerify scheme (159.39ms)
[188/850] PASS: verifySignature: rejects certificate key and scheme mismatch (159.40ms)
[189/850] PASS: verifySignature: server signature is not valid for client context (159.45ms)
[190/850] PASS: verifySignature: wrong handshake type (159.45ms)
[191/850] PASS: parse: extracts critical name constraints (159.46ms)
[192/850] PASS: parse: extracts non-critical name constraints (159.47ms)
[193/850] PASS: fuzz: parse handles arbitrary input (159.48ms)
[194/850] PASS: CertificateChain: single certificate view (159.48ms)
[195/850] PASS: CertificateChain.fromPem: decodes a certificate chain (159.49ms)
[196/850] PASS: CertificateChain.fromPem: rejects malformed input (159.50ms)
[197/850] PASS: CertificateChain.fromPem: rejects exhausted caller storage (159.50ms)
[198/850] PASS: fuzz: CertificateChain.fromPem handles arbitrary input (159.51ms)
[199/850] PASS: active backend identity matches the private provider facade (159.51ms)
[200/850] PASS: hybrid capability queries match the active backend (159.51ms)
[201/850] PASS: validateHybridGroups reports local policy faults (159.52ms)
[202/850] PASS: requiresP384 identifies only P-384 hybrid policy (159.52ms)
[203/850] PASS: CipherSuite wire values (159.52ms)
[204/850] PASS: PskOfferIter: walks identity/binder pairs in offer order (159.52ms)
[205/850] PASS: PskOfferIter: rejects oversized lengths (159.53ms)
[206/850] PASS: PskOfferIter: rejects a slack-byte identities vector (159.53ms)
[207/850] PASS: PskOfferIter: rejects more binders than identities (159.53ms)
[208/850] PASS: encode: size matches encodedLen (159.54ms)
[209/850] PASS: encodeWithPsk: pre_shared_key is last, binder prefix and offset are correct (159.54ms)
[210/850] PASS: encodeWithPsk: rejects unsupported binder length (159.54ms)
[211/850] PASS: parse: ClientHello with pre_shared_key round-trips (159.55ms)
[212/850] PASS: encodeWithP256: size matches encodedLenWithP256 (159.56ms)
[213/850] PASS: encode: handshake type and legacy version (159.56ms)
[214/850] PASS: encode: cipher suites match backend capabilities (159.56ms)
[215/850] PASS: encode: legacy_session_id is empty (159.57ms)
[216/850] PASS: encode: supported_groups contains X25519 (159.57ms)
[217/850] PASS: encode: key_share contains public key (159.57ms)
[218/850] PASS: encodeWithP256: includes X25519 and secp256r1 key shares (159.58ms)
[219/850] PASS: encodeWithP256P384: includes X25519, secp256r1, and secp384r1 key shares (159.59ms)
[220/850] PASS: encodeWithP256P384: size matches encodedLenWithP256P384 (159.59ms)
[221/850] PASS: parse: accepts secp384r1 key share (159.69ms)
[222/850] PASS: parse: rejects compressed secp384r1 key share (159.70ms)
[223/850] PASS: encodeRetryAfterHrr: secp384r1 selected, no cookie (159.71ms)
[224/850] PASS: encode: SNI present when server_name set (159.71ms)
[225/850] PASS: encode: SNI absent when server_name is null (159.71ms)
[226/850] PASS: encode: supported_versions contains TLS 1.3 (159.72ms)
[227/850] PASS: encode: signature_algorithms match backend capabilities (159.72ms)
[228/850] PASS: encode: signature_algorithms_cert match backend capabilities (159.72ms)
[229/850] PASS: encode: ALPN present when protocols set (159.73ms)
[230/850] PASS: encode: rejects invalid ALPN protocols (159.73ms)
[231/850] PASS: parse: encoded ClientHello (159.74ms)
[232/850] PASS: parse: tracks offered SNI extension presence (159.74ms)
[233/850] PASS: parse: tracks offered record_size_limit extension presence (159.75ms)
[234/850] PASS: parse: accepts secp256r1 supported group and key share (159.78ms)
[235/850] PASS: parseSupportedGroups: records RFC 10024 groups (159.78ms)
[236/850] PASS: parse: rejects malformed X25519 key share (159.78ms)
[237/850] PASS: parse: rejects key share outside supported_groups (159.81ms)
[238/850] PASS: parse: rejects oversized legacy_session_id (159.81ms)
[239/850] PASS: parse: rejects SSLv3-or-lower legacy_version (159.82ms)
[240/850] PASS: parse: rejects missing supported_versions (159.82ms)
[241/850] PASS: parse: rejects supported_versions without TLS 1.3 (159.82ms)
[242/850] PASS: parse: rejects missing supported_groups (159.83ms)
[243/850] PASS: parse: rejects missing signature_algorithms (159.83ms)
[244/850] PASS: parse: rejects malformed signature_algorithms (159.84ms)
[245/850] PASS: parse: rejects signature_algorithms without TLS 1.3 handshake scheme (159.84ms)
[246/850] PASS: parse: rejects malformed ClientHello (159.85ms)
[247/850] PASS: parse: rejects malformed compression methods (159.85ms)
[248/850] PASS: parse: no shared supported group is rejected (159.86ms)
[249/850] PASS: parse: rejects duplicate x25519 key share entries (159.86ms)
[250/850] PASS: parseKeyShare: retains all RFC 10024 hybrid entries (159.86ms)
[251/850] PASS: encode: buffer too short (159.87ms)
[252/850] PASS: encode: server_name too long (159.87ms)
[253/850] PASS: parse: rejects duplicate supported_groups (159.87ms)
[254/850] PASS: parse: missing X25519 key share leaves public key null (159.88ms)
[255/850] PASS: parse: rejects duplicate signature_algorithms (159.88ms)
[256/850] PASS: parse: rejects duplicate signature_algorithms_cert (159.88ms)
[257/850] PASS: parse: ignores unknown extension (159.89ms)
[258/850] PASS: parse: ignores unknown supported_groups entries (159.89ms)
[259/850] PASS: fuzz: parse handles arbitrary input (159.90ms)
[260/850] PASS: encodeRetryAfterHrr: X25519 selected, no cookie (159.90ms)
[261/850] PASS: encodeRetryAfterHrr: preserves PSK key exchange mode (159.91ms)
[262/850] PASS: encodeRetryAfterHrr: secp256r1 selected, no cookie (159.91ms)
[263/850] PASS: encodeRetryAfterHrr: includes cookie when provided (159.91ms)
[264/850] PASS: encodeRetryAfterHrr: preserves SNI and ALPN from ClientHello1 (159.92ms)
[265/850] PASS: encodeRetryAfterHrr: rejects unsupported group (159.92ms)
[266/850] PASS: encodeRetryAfterHrr: missing configured hybrid share is a policy error (159.93ms)
[267/850] PASS: encodeWithHybridGroups: rejects unknown share group without panic (159.93ms)
[268/850] PASS: KEM key_share round-trip: ClientHello encode → parse preserves 1216-byte public key (159.94ms)
[269/850] PASS: parse: psk_key_exchange_modes list_len 0xFF rejected without overflow (159.95ms)
[270/850] PASS: SessionTicket.secureZero erases identity, PSK, and metadata (159.95ms)
[271/850] PASS: HybridPolicy.validate rejects an initial share outside its group list (159.95ms)
[272/850] PASS: Config.validate reports unavailable groups and missing P-384 material (159.98ms)
[273/850] PASS: start validates hybrid policy before key generation and output (160.09ms)
[274/850] PASS: transcript hash: RFC 8448 §3 ClientHello || ServerHello (160.12ms)
[275/850] PASS: deriveHandshakeKeys: RFC 8448 §3 server handshake key/iv/finished (160.17ms)
[276/850] PASS: processServerHello: RFC 8448 §3 installs server handshake keys (160.24ms)
[277/850] PASS: processServerHello: accepts secp256r1 key_share (160.35ms)
[278/850] PASS: processServerHello: rejects invalid secp256r1 point (160.39ms)
[279/850] PASS: processServerHello: rejects unoffered secp256r1 key_share (160.44ms)
[280/850] PASS: processServerHello: rejects mismatched session id echo (160.46ms)
[281/850] PASS: processServerHello: rejects unoffered cipher suite (160.50ms)
[282/850] PASS: processFlight: stores selected ALPN (160.56ms)
[283/850] PASS: processFlight: rejects unoffered ALPN (160.63ms)
[284/850] PASS: processFlight: rejects unanchored Certificate by default (161.10ms)
[285/850] PASS: processFlight: rejects non-empty server Certificate request context (161.54ms)
[286/850] PASS: processFlight: rejects empty server Certificate list (161.99ms)
[287/850] PASS: processFlight: rejects unsolicited EncryptedExtensions ALPN (162.06ms)
[288/850] PASS: processFlight: rejects unrequested server CertificateEntry status_request (162.50ms)
[289/850] PASS: processFlight: RFC 8448 §3 full server flight to connected (162.97ms)
[290/850] PASS: processFlight: rejects handshake message after server Finished (163.43ms)
[291/850] PASS: processFlight: handshake message spanning records needs buffer (163.87ms)
[292/850] PASS: processFlight: reassembles handshake message split across records (164.36ms)
[293/850] PASS: processFlight: buffered path rejects handshake message after server Finished (164.82ms)
[294/850] PASS: processFlight: RFC 8448 §3 flight split one message per record (165.27ms)
[295/850] PASS: handleRecord: malformed ServerHello is rejected (165.30ms)
[296/850] PASS: processFlight: rejects Finished before EncryptedExtensions (165.37ms)
[297/850] PASS: processFlight: rejects CertificateVerify before Certificate (165.81ms)
[298/850] PASS: processFlight: rejects Finished before CertificateVerify (166.26ms)
[299/850] PASS: processFlight: rejects unoffered CertificateVerify scheme (166.70ms)
[300/850] PASS: processFlight: rejects wrong CertificateVerify signature (167.16ms)
[301/850] PASS: processFlight: rejects wrong server Finished verify_data (167.61ms)
[302/850] PASS: handleRecord: plaintext fatal alert in wait_sh (167.66ms)
[303/850] PASS: handleRecord: malformed alert record does not set or replace lastPeerAlert (167.68ms)
[304/850] PASS: handleRecord: unknown alert codes are preserved (167.71ms)
[305/850] PASS: handleRecord: lastPeerAlert replaced by later alert, preserved by close/malformed (167.74ms)
[306/850] PASS: handleRecord: rejects ChangeCipherSpec before ClientHello (167.76ms)
[307/850] PASS: handleRecord: drops valid ChangeCipherSpec after ClientHello (167.78ms)
[308/850] PASS: handleRecord: rejects malformed ChangeCipherSpec payload (167.81ms)
[309/850] PASS: handleRecord: encrypted fatal alert during server flight (167.87ms)
[310/850] PASS: handleRecord: rejects server KeyUpdate before Finished (167.94ms)
[311/850] PASS: handleRecord: truncated encrypted flight is rejected (168.41ms)
[312/850] PASS: handleRecord: corrupted encrypted flight is rejected (168.85ms)
[313/850] PASS: handleRecord: post-handshake unexpected inner content type is rejected (169.34ms)
[314/850] PASS: handleRecord: encrypted application data during server flight is rejected (169.41ms)
[315/850] PASS: clientFinished: RFC 8448 §3 emits Finished and upgrades to app keys (169.88ms)
[316/850] PASS: processFlight: accepts CertificateRequest before server Certificate (170.33ms)
[317/850] PASS: processFlight: rejects non-empty handshake CertificateRequest context (170.76ms)
[318/850] PASS: clientFinished: sends empty Certificate before Finished for CertificateRequest (171.24ms)
[319/850] PASS: clientFinished: empty CertificateRequest with no credentials still finishes (171.71ms)
[320/850] PASS: client auth: setCredentials stores client credentials (171.74ms)
[321/850] PASS: ratchetClientKey: RFC 8446 §7.2 next application write key (172.24ms)
[322/850] PASS: handleRecord: application data resets both post-handshake flood counters (172.73ms)
[323/850] PASS: receiveRecord: RX progresses while a client TX record is pending (173.22ms)
[324/850] PASS: receiveKtlsRecord: client processes kernel-decrypted records (173.72ms)
[325/850] PASS: receiveKtlsRecord: client finds KeyUpdate after NewSessionTicket (174.20ms)
[326/850] PASS: ratchetKtlsTx: client advances only an idle TX epoch (174.69ms)
[327/850] PASS: handleRecord: server KeyUpdate(update_requested) ratchets rx and responds (175.19ms)
[328/850] PASS: handleRecord: KeyUpdate not at record boundary is rejected (175.68ms)
[329/850] PASS: handleRecord: invalid server KeyUpdate request is rejected (176.19ms)
[330/850] PASS: handleRecord: server KeyUpdate(update_not_requested) surfaces key_update rx only (176.67ms)
[331/850] PASS: handleRecord: self-initiated sendKeyUpdate response surfaces rx only (177.16ms)
[332/850] PASS: sendAlert: plaintext fatal alert before ServerHello (177.19ms)
[333/850] PASS: sendAlert: encrypted close_notify after handshake (177.66ms)
[334/850] PASS: handleRecord: close_notify returns closed (178.15ms)
[335/850] PASS: handleRecord: fatal alert returns PeerAlert (178.63ms)
[336/850] PASS: handleRecord: NewSessionTicket is surfaced as an event (179.12ms)
[337/850] PASS: clientFinished: RFC 8448 §4 resumption_master_secret over the live transcript (179.60ms)
[338/850] PASS: startWithPsk: binder matches an independent HMAC over the prefix (179.66ms)
[339/850] PASS: startWithPsk: advertises configured RFC 10024 key share (179.76ms)
[340/850] PASS: startWithPsk: ticket without early-data permission omits early_data (179.81ms)
[341/850] PASS: EncryptedExtensions: rejects early_data when server declined PSK (179.90ms)
[342/850] PASS: EncryptedExtensions: rejects early_data without early traffic keys (179.99ms)
[343/850] PASS: EncryptedExtensions: rejects early_data after HelloRetryRequest (180.14ms)
[344/850] PASS: processServerHello rejects selected PSK with incompatible cipher suite hash (180.27ms)
[345/850] PASS: handleRecord: PSK-offering client rejects bare Finished unless server selected PSK (180.49ms)
[346/850] PASS: handleRecord: accepts 17 consecutive NewSessionTickets (181.00ms)
[347/850] PASS: handleRecord: NewSessionTicket flood is rejected with ticket-specific error (181.51ms)
[348/850] PASS: handleRecord: malformed NewSessionTicket is rejected (181.99ms)
[349/850] PASS: handleRecord: KeyUpdate flood is rejected (182.65ms)
[350/850] PASS: handleRecord: empty application data does not reset flood counters (183.14ms)
[351/850] PASS: handleRecord: KeyUpdate flood cap fires despite empty app-data interleaving (183.81ms)
[352/850] PASS: start: uses Config host_name for SNI and policy (183.84ms)
[353/850] PASS: handleRecord: drives RFC 8448 §3 handshake to connected (184.36ms)
[354/850] PASS: handleRecord: unacknowledged write blocks further calls (184.84ms)
[355/850] PASS: sendEarlyData: unacknowledged write blocks further early data (184.90ms)
[356/850] PASS: handleRecord: zero-length plaintext handshake is rejected (184.92ms)
[357/850] PASS: handleRecord: zero-length encrypted handshake is rejected (184.99ms)
[358/850] PASS: handleRecord: all-zero inner plaintext maps to unexpected_message (185.47ms)
[359/850] PASS: handleRecord: application_data before ServerHello is rejected (185.50ms)
[360/850] PASS: HandshakeReader: splits coalesced messages (185.50ms)
[361/850] PASS: HandshakeReader: truncated body is UnexpectedEof (185.51ms)
[362/850] PASS: fuzz: HandshakeReader handles arbitrary input (185.51ms)
[363/850] PASS: fuzz: processFlight handles arbitrary decrypted bytes (185.70ms)
[364/850] PASS: fuzz: 0-RTT client state machine handles arbitrary inbound records (185.78ms)
[365/850] PASS: processHelloRetryRequest: rejects already-offered key_share group (185.81ms)
[366/850] PASS: processHelloRetryRequest: secp256r1 selected produces ClientHello2 (185.84ms)
[367/850] PASS: processHelloRetryRequest: transcript collapse matches §4.4.1 (185.87ms)
[368/850] PASS: processHelloRetryRequest: removes PSK with incompatible hash (185.98ms)
[369/850] PASS: processHelloRetryRequest: rejects second HRR (186.00ms)
[370/850] PASS: processHelloRetryRequest: rejects unoffered selected_group (186.03ms)
[371/850] PASS: processServerHello: post-HRR rejects mismatched cipher suite (186.06ms)
[372/850] PASS: processServerHello: post-HRR rejects mismatched key_share group (186.09ms)
[373/850] PASS: processServerHello: post-HRR accepts matching ServerHello (186.20ms)
[374/850] PASS: handleRecord: HRR returns ClientHello2 as write event (186.23ms)
[375/850] PASS: processHelloRetryRequest: returns null for normal ServerHello (186.26ms)
[376/850] PASS: processHelloRetryRequest: HRR with cookie echoes cookie in CH2 (186.29ms)
[377/850] PASS: deinit leaves caller-owned buffers to the caller (186.76ms)
[378/850] PASS: secureZero zeroes all secret material (186.89ms)
[379/850] PASS: Array.secureZero clears contents (186.89ms)
[380/850] PASS: lastIndexOfNonZero: last byte non-zero (fast path) (186.89ms)
[381/850] PASS: lastIndexOfNonZero: all zeros (186.89ms)
[382/850] PASS: lastIndexOfNonZero: single non-zero byte at start (186.90ms)
[383/850] PASS: lastIndexOfNonZero: single byte, non-zero (186.90ms)
[384/850] PASS: lastIndexOfNonZero: single byte, zero (186.90ms)
[385/850] PASS: lastIndexOfNonZero: non-zero in scalar tail (186.90ms)
[386/850] PASS: lastIndexOfNonZero: exactly chunk_len bytes, non-zero at start (186.90ms)
[387/850] PASS: lastIndexOfNonZero: exactly chunk_len bytes, all zeros (186.91ms)
[388/850] PASS: lastIndexOfNonZero: large buffer, non-zero in first chunk (186.91ms)
[389/850] PASS: lastIndexOfNonZero: large buffer, non-zero in middle chunk (186.91ms)
[390/850] PASS: lastIndexOfNonZero: large buffer, all zeros (186.91ms)
[391/850] PASS: encrypt: buffer too short (186.92ms)
[392/850] PASS: encrypt: sequence number overflow (186.92ms)
[393/850] PASS: deinit: clears caller-visible traffic key material (186.92ms)
[394/850] PASS: ktlsInfo: AES-GCM salt and IV reconstruct RFC 8446 nonce (186.93ms)
[395/850] PASS: ktlsInfo: cipher type uses Linux UAPI values (186.93ms)
[396/850] PASS: ktlsInfo: exported key material survives RecordLayer deinit (186.94ms)
[397/850] PASS: KtlsInfo.secureZero erases exported traffic material (186.94ms)
[398/850] PASS: encrypt/decrypt: key update required at AEAD usage limit (186.94ms)
[399/850] PASS: encryptPrepared/decrypt: round-trip (186.95ms)
[400/850] PASS: encrypt/decrypt: round-trip (186.95ms)
[401/850] PASS: encrypt/decrypt: sequence numbers advance (186.95ms)
[402/850] PASS: decrypt: failed auth exposes backend failure buffer behavior (186.96ms)
[403/850] PASS: decrypt: replayed record is rejected (186.96ms)
[404/850] PASS: encrypt/decrypt: zero-length application data (186.97ms)
[405/850] PASS: decrypt: rejects all-zero inner plaintext (186.97ms)
[406/850] PASS: encrypt/decrypt: maximum plaintext fragment length (187.05ms)
[407/850] PASS: decrypt: wrong content type (187.05ms)
[408/850] PASS: decrypt: payload shorter than tag (187.05ms)
[409/850] PASS: decrypt: truncated ciphertext record (187.06ms)
[410/850] PASS: decrypt: sequence number overflow (187.06ms)
[411/850] PASS: fuzz: decrypt handles arbitrary input (187.06ms)
[412/850] PASS: PendingWrite: mark and clear (187.07ms)
[413/850] PASS: SliceBuffer: append and retain (187.07ms)
[414/850] PASS: append and slice (187.07ms)
[415/850] PASS: appendAssumeCapacity (187.07ms)
[416/850] PASS: secureZero clears full storage and length (187.08ms)
[417/850] PASS: append returns error on overflow (187.08ms)
[418/850] PASS: clear resets length (187.08ms)
[419/850] PASS: Reader iterates coalesced messages (187.08ms)
[420/850] PASS: parseKeyUpdate (187.09ms)
[421/850] PASS: rejectDuplicateExtensions: rejects more than the extension count cap (187.09ms)
[422/850] PASS: rejectDuplicateExtensions: rejects duplicate unknown type (187.09ms)
[423/850] PASS: rejectDuplicateExtensions: accepts distinct extension types (187.10ms)
[424/850] PASS: ExtensionType.isGrease: detects reserved GREASE extension code points (187.10ms)
[425/850] PASS: rejectDuplicateExtensions: rejects malformed block (187.10ms)
[426/850] PASS: RFC 10024 hybrid groups round-trip (188.11ms)
[427/850] PASS: hybrid decapsulation rejects wrong server share length (188.15ms)
[428/850] PASS: NamedGroup wire identifiers (188.15ms)
[429/850] PASS: RFC 10024 hybrid group sizes (188.15ms)
[430/850] PASS: HkdfSha256.trafficKey: RFC 8448 §3 server handshake (188.16ms)
[431/850] PASS: HkdfSha384: traffic key/iv, finished key, traffic-upd (independent vector) (188.21ms)
[432/850] PASS: HkdfSha256.trafficIv: RFC 8448 §3 server handshake (188.21ms)
[433/850] PASS: HkdfSha256.earlySecret: RFC 8448 §3 (188.22ms)
[434/850] PASS: HkdfSha256: RFC 8448 §3/§4 PSK and resumption secrets (188.24ms)
[435/850] PASS: HkdfSha256.handshakeSecret: RFC 8448 §3 (188.24ms)
[436/850] PASS: HkdfSha256.masterSecret: RFC 8448 §3 (188.25ms)
[437/850] PASS: HkdfSha256.clientHandshakeTrafficSecret: RFC 8448 §3 (188.26ms)
[438/850] PASS: HkdfSha256.finishedKey: RFC 8448 §3 server (188.26ms)
[439/850] PASS: HkdfSha256.nextTrafficSecret: RFC 8446 §7.2 (188.27ms)
[440/850] PASS: HkdfSha256.serverHandshakeTrafficSecret: RFC 8448 §3 (188.28ms)
[441/850] PASS: sharedSecret: RFC 7748 X25519 vector (188.30ms)
[442/850] PASS: KeyPair.generateDeterministic: RFC 7748 public keys (188.32ms)
[443/850] PASS: KeyPair.generateDeterministic emits uncompressed SEC1 public key (188.34ms)
[444/850] PASS: sharedSecret: P-256 deterministic peers agree (188.47ms)
[445/850] PASS: KeyPair.generate: healthy entropy path (188.51ms)
[446/850] PASS: KeyPair.secureZero erases secret and public material (188.53ms)
[447/850] PASS: generateRetry: a LibcryptoFailed attempt is terminal, not retried (188.53ms)
[448/850] PASS: generateRetry: an invalid scalar retries exactly to the bound (188.53ms)
[449/850] PASS: generateRetry: retries a bad draw and succeeds (188.55ms)
[450/850] PASS: KeyPair.generateDeterministic enforces the scalar range [1, n-1] (188.57ms)
[451/850] PASS: sharedSecret: rejects compressed P-256 point (188.60ms)
[452/850] PASS: KeyPair.generateDeterministic emits uncompressed SEC1 public key (188.70ms)
[453/850] PASS: KeyPair.secureZero erases secret and public material (188.79ms)
[454/850] PASS: sharedSecret: P-384 deterministic peers agree (189.41ms)
[455/850] PASS: generateRetry: a LibcryptoFailed attempt is terminal, not retried (189.41ms)
[456/850] PASS: generateRetry: an invalid scalar retries exactly to the bound (189.42ms)
[457/850] PASS: generateRetry: retries a bad draw and succeeds (189.51ms)
[458/850] PASS: KeyPair.generateDeterministic enforces the scalar range [1, n-1] (189.61ms)
[459/850] PASS: sharedSecret: rejects compressed P-384 point (189.79ms)
[460/850] PASS: active backend matches the selected libcrypto headers (189.79ms)
[461/850] PASS: capabilities are non-empty for the active backend (189.80ms)
[462/850] PASS: x25519 handle shape matches active backend (189.80ms)
[463/850] PASS: client group capabilities match implemented client key-share plumbing (189.80ms)
[464/850] PASS: aead context shape matches active backend (189.80ms)
[465/850] PASS: aws-lc aead deinit clears inline context (189.81ms)
[466/850] PASS: capability helpers recognize advertised algorithms (189.81ms)
[467/850] PASS: fips: chacha20_poly1305_sha256 excluded from FIPS cipher_suites (189.81ms)
[468/850] PASS: fips: rsa_pkcs1_sha* excluded from FIPS certificate_signature_schemes (189.81ms)
[469/850] PASS: fips: ed25519 excluded from FIPS certificate_signature_schemes (189.82ms)
[470/850] PASS: fips: ML-KEM disabled in FIPS capability table (189.82ms)
[471/850] PASS: fips: FIPS capabilities are a subset of non-FIPS capabilities (189.82ms)
[472/850] PASS: fips: active capabilities follow FIPS identity (189.83ms)
[473/850] PASS: Parsed.verifyHostName rejects universal tag 2 as dNSName (189.83ms)
[474/850] PASS: Parsed.verifyHostName requires dNSName SAN (189.83ms)
[475/850] PASS: Parsed.checkHostName rejects public suffix wildcard (189.83ms)
[476/850] PASS: Parsed.checkHostName RFC 6125 compliance (189.84ms)
[477/850] PASS: Parsed.allowsKeyUsage reads digitalSignature (189.84ms)
[478/850] PASS: Parsed.allowsKeyUsage rejects malformed empty bit payload (189.85ms)
[479/850] PASS: Parsed.allowsExtKeyUsage finds serverAuth (189.85ms)
[480/850] PASS: Parsed.allowsExtKeyUsage rejects non-SEQUENCE wrapper (189.85ms)
[481/850] PASS: Parsed.nameConstraints extracts extension value (189.85ms)
[482/850] PASS: Parsed.nameConstraints absent returns empty (189.86ms)
[483/850] PASS: Parsed.verifyNameConstraints: DNS permitted subtree (189.86ms)
[484/850] PASS: Parsed.verifyNameConstraints: DNS permitted subtree mismatch (189.86ms)
[485/850] PASS: Parsed.verifyNameConstraints: DNS excluded subtree (189.87ms)
[486/850] PASS: Parsed.verifyNameConstraints: mixed DNS SAN violation is rejected (189.87ms)
[487/850] PASS: Parsed.verifyNameConstraints: DNS common name fallback (189.87ms)
[488/850] PASS: Parsed.verifyNameConstraints: IP permitted subnet (189.88ms)
[489/850] PASS: Parsed.verifyNameConstraints: permitted subtrees are type-specific (189.88ms)
[490/850] PASS: Parsed.verifyNameConstraints: email permitted subtree (189.88ms)
[491/850] PASS: Parsed.verifyNameConstraints: email mailbox local part is case-sensitive (189.88ms)
[492/850] PASS: Parsed.verifyNameConstraints: URI excluded subtree (189.89ms)
[493/850] PASS: Parsed.verifyNameConstraints: URI strips userinfo before host matching (189.89ms)
[494/850] PASS: Parsed.verifyNameConstraints: explicit minimum zero is accepted (189.90ms)
[495/850] PASS: Parsed.verifyNameConstraints: critical unsupported subtree is rejected (189.90ms)
[496/850] PASS: Parsed.verifyNameConstraints: non-critical unsupported subtree is ignored (189.90ms)
[497/850] PASS: parseBasicConstraints rejects pathLenConstraint without cA (189.90ms)
[498/850] PASS: parse rejects unknown critical extension (189.91ms)
[499/850] PASS: parse rejects duplicate recognized extensions (189.91ms)
[500/850] PASS: parse accepts old and new authority key identifier OIDs (189.92ms)
[501/850] PASS: parseBitString rejects empty bit string content (189.92ms)
[502/850] PASS: parseTime maps UTCTime centuries and expires 1999 certificates (189.93ms)
[503/850] PASS: parseTime enforces GeneralizedTime certificate grammar (189.93ms)
[504/850] PASS: parseTime rejects impossible dates and accepts leap day (189.93ms)
[505/850] PASS: certificate_parser.decltest.parseTimeDigits (189.94ms)
[506/850] PASS: certificate_parser.decltest.parseYear4 (189.94ms)
[507/850] PASS: certificate_parser.test_0 (189.94ms)
[508/850] PASS: PrivateKey.sign: RSA-PSS SHA-256 uses TLS parameters (190.76ms)
[509/850] PASS: PrivateKey.sign: short RSA-PSS output buffer is rejected (190.88ms)
[510/850] PASS: PrivateKey.sign: key and scheme mismatch is a libcrypto failure (190.90ms)
[511/850] PASS: PrivateKey.sign: deterministic ECDSA matches the RFC 6979 vector (190.91ms)
[512/850] PASS: PrivateKey.sign: deterministic ECDSA P-384 matches the RFC 6979 A.2.6 vector (191.01ms)
[513/850] PASS: PrivateKey.sign: deterministic nonce with RSA-PSS is rejected (191.12ms)
[514/850] PASS: PrivateKey.fromPemAuto: RSA PKCS#8 and PKCS#1 both infer rsa_pss_rsae_sha256 (192.05ms)
[515/850] PASS: PrivateKey.fromPemAuto: P-256 infers ecdsa_secp256r1_sha256 and signs (192.10ms)
[516/850] PASS: PrivateKey.fromPemAuto: P-384 infers ecdsa_secp384r1_sha384 and signs (192.22ms)
[517/850] PASS: PrivateKey.fromPemAuto: P-521 is rejected at load by the capability gate (192.38ms)
[518/850] PASS: PrivateKey.fromPemAuto: Ed25519 is rejected at load by the capability gate (192.41ms)
[519/850] PASS: PrivateKey.fromPemAuto: secp224r1 has no CertificateVerify scheme (192.43ms)
[520/850] PASS: PrivateKey.fromPemAuto: garbage PEM fails at load (192.43ms)
[521/850] PASS: PrivateKey.fromPem: encrypted PEM fails at load (192.57ms)
[522/850] PASS: PrivateKey.fromPemAuto: encrypted PEM fails at load (192.59ms)
[523/850] PASS: PrivateKey.pairsWith: P-256 scalar key pairs with its leaf certificate (192.62ms)
[524/850] PASS: PrivateKey.pairsWith: auto-inferred RSA and P-256 keys pair with their leaves (192.77ms)
[525/850] PASS: PrivateKey.pairsWith: same-algorithm mismatch is a named error (192.79ms)
[526/850] PASS: PrivateKey.pairsWith: cross-algorithm mismatch is a named error (192.81ms)
[527/850] PASS: PrivateKey.pairsWith: garbage leaf DER is not a certificate (192.83ms)
[528/850] PASS: PrivateKey.pairsWith: trailing bytes make leaf DER invalid (192.96ms)
[529/850] PASS: OpenSSL AEAD initialization rejects wrong key length (192.96ms)
[530/850] PASS: ML-KEM-768 encapsulate/decapsulate round-trip (193.00ms)
[531/850] PASS: ML-KEM-1024 encapsulate/decapsulate round-trip (193.05ms)
[532/850] PASS: ML-KEM encapsulation-key modulus boundary (193.07ms)
[533/850] PASS: ML-KEM rejects non-canonical encapsulation keys (193.07ms)
[534/850] PASS: ML-KEM rejects a wrong-length ciphertext (193.08ms)
[535/850] PASS: classify: bounded PSK identity admission is a buffer-class limit (193.08ms)
[536/850] PASS: classify: certificate failures never fall into a generic bucket (193.09ms)
[537/850] PASS: classify: authentication failures are their own class (193.09ms)
[538/850] PASS: classify: remaining buckets (193.09ms)
[539/850] PASS: parseHeader: valid plaintext record (193.10ms)
[540/850] PASS: parseHeader: application_data record (TLSCiphertext) (193.10ms)
[541/850] PASS: parseHeader: ignores legacy_record_version (193.10ms)
[542/850] PASS: parseHeader: buffer too short (193.10ms)
[543/850] PASS: parseHeader: exactly 5 bytes (header only, no fragment) (193.10ms)
[544/850] PASS: parseHeader: max valid length (193.11ms)
[545/850] PASS: parseHeader: length exceeds max (193.11ms)
[546/850] PASS: Header.init round-trips with parseHeader (193.11ms)
[547/850] PASS: Header.write: emits TLS 1.2 legacy_record_version (193.11ms)
[548/850] PASS: fuzz: parseHeader handles arbitrary input (193.12ms)
[549/850] PASS: kernel cipher_type values match KtlsCipherType (193.12ms)
[550/850] PASS: kernel socket option constants (193.12ms)
[551/850] PASS: packed kTLS info secureZero methods erase every byte (193.12ms)
[552/850] PASS: packAesGcm128 splits the 12-byte IV and copies key/seq (193.13ms)
[553/850] PASS: packAesGcm128 rejects a non-AES-GCM-128 info (193.13ms)
[554/850] PASS: packChaCha20Poly1305 uses the full 12-byte IV (193.13ms)
[555/850] PASS: packAesGcm256 copies the 32-byte key and splits the IV (193.13ms)
[556/850] PASS: install errno decode maps onto InstallError (193.14ms)
[557/850] PASS: a record-type cmsg occupies the kernel's CMSG_LEN and CMSG_SPACE (193.14ms)
[558/850] PASS: ControlBuffer.init writes one cmsg and zeroes the padding (193.14ms)
[559/850] PASS: parseRecordType rejects control data off the kTLS contract (193.14ms)
[560/850] PASS: ulpInstall attaches once, and only to an established TCP socket (193.24ms)
[561/850] PASS: txInstall and rxInstall accept a synthetic TLS 1.3 AES-128-GCM key (193.28ms)
[562/850] PASS: installs without the ULP are typed Unavailable errors, not panics (193.31ms)
[563/850] PASS: a crypto_info the kernel cannot use is a typed EINVAL failure (193.34ms)
[564/850] PASS: record-type cmsg round-trips through a live kTLS pair (193.39ms)
[565/850] PASS: Outbox: fresh outbox is not write-blocked (193.39ms)
[566/850] PASS: Outbox: send drains fully and completes write once (193.39ms)
[567/850] PASS: Outbox: partial send stays blocked and does not complete write (193.40ms)
[568/850] PASS: Outbox: zero-byte progress stays blocked (193.40ms)
[569/850] PASS: Outbox: idle flush is drained without completing write (193.40ms)
[570/850] PASS: Outbox: partial drain resumes across flush calls (193.40ms)
[571/850] PASS: Outbox: queue while blocked returns PendingWrite (193.41ms)
[572/850] PASS: Outbox: writer error leaves pending tail and does not complete write (193.41ms)
[573/850] PASS: Outbox: writer over-reporting bytes returns WriteOverflow (193.41ms)
[574/850] PASS: Outbox: sequential records complete once each (193.41ms)
[575/850] PASS: next: two records coalesced in one fill (193.42ms)
[576/850] PASS: next: record split across two fills (193.42ms)
[577/850] PASS: next: truncated records return null (193.42ms)
[578/850] PASS: next: in-place mutation of a returned record survives across next() (193.43ms)
[579/850] PASS: next: oversized length is rejected (193.43ms)
[580/850] PASS: isEmpty distinguishes drained, partial, and complete records (193.43ms)
[581/850] PASS: parse: rejects oversized legacy_session_id_echo without overflow (193.43ms)
[582/850] PASS: encode: round trips through parse (193.44ms)
[583/850] PASS: parse: accepts secp256r1 key_share (193.44ms)
[584/850] PASS: parse: rejects compressed secp256r1 key_share (193.45ms)
[585/850] PASS: parse: accepts secp384r1 key_share (193.45ms)
[586/850] PASS: parse: rejects compressed secp384r1 key_share (193.45ms)
[587/850] PASS: encode: echoes session id (193.46ms)
[588/850] PASS: parse: RFC 8448 §3 ServerHello (193.46ms)
[589/850] PASS: parse: wrong handshake type (193.46ms)
[590/850] PASS: parse: truncated message (193.46ms)
[591/850] PASS: parse: rejects HelloRetryRequest (193.47ms)
[592/850] PASS: parse: missing extensions / no supported_versions yields UnsupportedTlsVersion (193.47ms)
[593/850] PASS: parse: rejects mismatched handshake length (193.47ms)
[594/850] PASS: parse: rejects unknown cipher suite (193.47ms)
[595/850] PASS: parse: rejects oversized extensions block (193.48ms)
[596/850] PASS: parse: rejects duplicate supported_versions (193.48ms)
[597/850] PASS: parse: rejects duplicate key_share (193.48ms)
[598/850] PASS: parse: rejects unknown unsolicited extension (193.49ms)
[599/850] PASS: parse: rejects GREASE ServerHello extension (193.49ms)
[600/850] PASS: parse: rejects forbidden signature_algorithms extension (193.49ms)
[601/850] PASS: parse: rejects forbidden heartbeat extension (193.49ms)
[602/850] PASS: parse: rejects record_size_limit in ServerHello (193.50ms)
[603/850] PASS: parse: rejects key_share for unsupported group (193.50ms)
[604/850] PASS: parse: unsupported TLS version in supported_versions is illegal_parameter (193.50ms)
[605/850] PASS: parse: rejects TLS 1.2 downgrade sentinel (193.51ms)
[606/850] PASS: parse: rejects TLS 1.1 downgrade sentinel (193.51ms)
[607/850] PASS: parse: rejects downgrade sentinel when supported_versions selects TLS 1.3 (193.51ms)
[608/850] PASS: parse: accepts non-0x0303 legacy_version when supported_versions selects TLS 1.3 (193.52ms)
[609/850] PASS: parse: no supported_versions + downgrade sentinel yields IllegalParameter (193.52ms)
[610/850] PASS: parse: rejects ServerHello without supported_versions as legacy (193.52ms)
[611/850] PASS: parse: rejects SSLv3-or-lower legacy version (193.53ms)
[612/850] PASS: parse: rejects mismatched session id echo (193.53ms)
[613/850] PASS: parse: rejects non-zero compression method (193.53ms)
[614/850] PASS: fuzz: parse handles arbitrary input (193.54ms)
[615/850] PASS: encodeHelloRetryRequest: parse round-trip (193.54ms)
[616/850] PASS: parseHelloRetryRequest: rejects mismatched session id echo (193.54ms)
[617/850] PASS: parseHelloRetryRequest: RFC 8448 §5 (193.55ms)
[618/850] PASS: parseHelloRetryRequest: no cookie (193.55ms)
[619/850] PASS: parseHelloRetryRequest: rejects non-HRR Random (193.55ms)
[620/850] PASS: parseHelloRetryRequest: rejects wrong type (193.55ms)
[621/850] PASS: parseHelloRetryRequest: rejects TLS 1.2 in supported_versions (193.56ms)
[622/850] PASS: parseHelloRetryRequest: ignores non-0x0303 legacy_version (193.56ms)
[623/850] PASS: parseHelloRetryRequest: rejects SSLv3-or-lower legacy version (193.56ms)
[624/850] PASS: parseHelloRetryRequest: rejects non-zero compression method (193.56ms)
[625/850] PASS: parseHelloRetryRequest: rejects unknown cipher suite (193.57ms)
[626/850] PASS: parseHelloRetryRequest: rejects trailing bytes after extensions (193.57ms)
[627/850] PASS: parseHelloRetryRequest: rejects cookie extension trailing bytes (193.57ms)
[628/850] PASS: parseHelloRetryRequest: rejects missing supported_versions (193.58ms)
[629/850] PASS: parseHelloRetryRequest: rejects unknown unsolicited extension (193.58ms)
[630/850] PASS: parseHelloRetryRequest: rejects record_size_limit (193.58ms)
[631/850] PASS: KEM key_share round-trip: ServerHello encode → parse preserves 1120-byte ciphertext (193.60ms)
[632/850] PASS: fuzz: parseHelloRetryRequest handles arbitrary input (193.60ms)
[633/850] PASS: Config.validate reports invalid lists and missing P-384 material (193.63ms)
[634/850] PASS: sendAlert: plaintext fatal alert before ClientHello (193.66ms)
[635/850] PASS: sendAlert: encrypted close_notify after handshake (193.81ms)
[636/850] PASS: handleRecord: rejects ChangeCipherSpec before ClientHello (193.83ms)
[637/850] PASS: handleRecord: drops valid ChangeCipherSpec while waiting for client Finished (193.92ms)
[638/850] PASS: handleRecord: rejects malformed ChangeCipherSpec payload (194.00ms)
[639/850] PASS: handleRecord: ClientHello returns ServerHello write and enforces pending write (194.08ms)
[640/850] PASS: handleRecord: zero-length plaintext handshake is rejected (194.10ms)
[641/850] PASS: handleRecord: rejects application_data before connected (194.13ms)
[642/850] PASS: acceptClientHello: emits ServerHello and installs handshake keys (194.28ms)
[643/850] PASS: acceptClientHello: negotiates secp256r1 key share (194.41ms)
[644/850] PASS: acceptClientHello: negotiates secp384r1 key share (195.14ms)
[645/850] PASS: acceptClientHello: emits HelloRetryRequest for missing secp256r1 key share (195.19ms)
[646/850] PASS: acceptClientHello: rejects ClientHello2 with changed SNI or ALPN after HRR (195.28ms)
[647/850] PASS: acceptClientHello: rejects early_data in ClientHello2 after HRR (195.33ms)
[648/850] PASS: acceptClientHello: rejects replaced PSK identity in ClientHello2 despite valid binder (195.40ms)
[649/850] PASS: acceptClientHello: rejects added, reordered, or dropped PSK identities in CH2 (195.56ms)
[650/850] PASS: acceptClientHello: accepts permitted ClientHello2 PSK updates after HRR (195.90ms)
[651/850] PASS: acceptClientHello: bounded PSK identity admission before HelloRetryRequest (196.10ms)
[652/850] PASS: acceptClientHello: rejects removal of an unknown identity whose binder claims the HRR hash (196.16ms)
[653/850] PASS: acceptClientHello: HRR path rejects a slack-byte identities vector in CH1 (196.20ms)
[654/850] PASS: acceptClientHello: HRR path rejects a slack-byte identities vector in CH2 (196.25ms)
[655/850] PASS: acceptClientHello: PSK selection rejects a slack-byte identities vector (196.29ms)
[656/850] PASS: acceptClientHello: rejects ClientHello2 that ignores HRR selected group (196.34ms)
[657/850] PASS: acceptClientHello: rejects ClientHello2 with extra key share (196.40ms)
[658/850] PASS: acceptClientHello: HRR sends at most one compatibility ChangeCipherSpec (196.49ms)
[659/850] PASS: acceptClientHello: emits compatibility ChangeCipherSpec for non-empty legacy_session_id (196.57ms)
[660/850] PASS: sendAnonymousFlightForTest: client decrypts EncryptedExtensions and Finished (196.74ms)
[661/850] PASS: sendPreparedServerFlight: credentials and pending write are enforced (196.93ms)
[662/850] PASS: sendPreparedServerFlight: encryption failure preserves handshake write epoch (197.13ms)
[663/850] PASS: sendAuthenticatedFlight: client decrypts authenticated server flight (197.31ms)
[664/850] PASS: sendAuthenticatedFlight: optional client auth sends CertificateRequest (197.50ms)
[665/850] PASS: NewSessionTicket emission derives matching client and server PSKs (197.80ms)
[666/850] PASS: NewSessionTicket emission rejects stale prepared PSK objects (198.08ms)
[667/850] PASS: server-issued NewSessionTicket resumes and can be renewed (198.61ms)
[668/850] PASS: NewSessionTicket emission owns unique bounded nonces (198.97ms)
[669/850] PASS: NewSessionTicket emission enforces write and kTLS ordering (199.25ms)
[670/850] PASS: NewSessionTicket emission preserves state on encoding failure (199.53ms)
[671/850] PASS: discardTicketPsk burns nonce and erases key material (199.80ms)
[672/850] PASS: processClientFinished: optional client auth accepts empty Certificate (200.10ms)
[673/850] PASS: processClientFinished: required client auth rejects empty Certificate (200.36ms)
[674/850] PASS: processClientFinished: required client auth verifies real client Certificate + CV (200.73ms)
[675/850] PASS: processClientFinished: bad client Finished does not retain identity (201.07ms)
[676/850] PASS: processClientFinished: client identity requires caller-owned storage (201.42ms)
[677/850] PASS: processClientFinished: required client auth rejects forged CertificateVerify (201.76ms)
[678/850] PASS: sendAuthenticatedFlight: client processes CertificateVerify and Finished (202.00ms)
[679/850] PASS: processClientFinished: verifies Finished and installs app keys (202.10ms)
[680/850] PASS: processClientFinished: rejects bad verify_data (202.20ms)
[681/850] PASS: processClientFinished: rejects EndOfEarlyData when 0-RTT was not accepted (202.29ms)
[682/850] PASS: handleRecord: rejects second plaintext ClientHello before Finished (202.38ms)
[683/850] PASS: handleRecord: rejects protected ClientHello after connected (202.50ms)
[684/850] PASS: handleRecord: rejects client KeyUpdate before Finished (202.59ms)
[685/850] PASS: receiveRecord: RX progresses while a server TX record is pending (202.71ms)
[686/850] PASS: receiveKtlsRecord: server processes kernel-decrypted records (202.83ms)
[687/850] PASS: ratchetKtlsTx: server advances only an idle TX epoch (202.94ms)
[688/850] PASS: handleRecord: client KeyUpdate(update_requested) ratchets rx and responds (203.07ms)
[689/850] PASS: handleRecord: client KeyUpdate(update_not_requested) ratchets rx only (203.18ms)
[690/850] PASS: sendKeyUpdate: server-initiated KeyUpdate encrypts under old key then ratchets tx (203.30ms)
[691/850] PASS: handleRecord: self-initiated sendKeyUpdate response surfaces rx only (203.42ms)
[692/850] PASS: handleRecord: KeyUpdate not at record boundary is rejected (203.53ms)
[693/850] PASS: handleRecord: invalid client KeyUpdate request is rejected (203.64ms)
[694/850] PASS: handleRecord: zero-length encrypted handshake is rejected (203.75ms)
[695/850] PASS: handleRecord: all-zero inner plaintext maps to unexpected_message (203.86ms)
[696/850] PASS: handleRecord: illegal post-handshake inner content type is rejected (203.96ms)
[697/850] PASS: handleRecord: empty application data does not reset post-handshake flood counter (204.11ms)
[698/850] PASS: handleRecord: KeyUpdate flood is rejected (204.39ms)
[699/850] PASS: handleRecord: KeyUpdate flood cap fires despite empty app-data interleaving (204.61ms)
[700/850] PASS: EstablishedSession: struct stays compact against the handshake engine (204.62ms)
[701/850] PASS: extractEstablished: connected events match the handshake engine (204.86ms)
[702/850] PASS: extractEstablished: engine is consumed and immediate deinit is safe (204.97ms)
[703/850] PASS: extractEstablished: moved-from rx/tx are wiped, the session's copies stay live (205.08ms)
[704/850] PASS: extractEstablished: deferred KeyUpdate obligation blocks application writes (205.20ms)
[705/850] PASS: extractEstablished: KeyUpdate flood cap survives extraction and resets on app data (205.41ms)
[706/850] PASS: extractEstablished: KeyUpdate fragment carries across extraction (205.53ms)
[707/850] PASS: extractEstablished: KeyUpdate record-boundary and fragment rules hold (205.64ms)
[708/850] PASS: extractEstablished: close_notify and fatal alerts keep server semantics (205.75ms)
[709/850] PASS: extractEstablished: sendAlert latches and ratchetTx advances the TX epoch (205.87ms)
[710/850] PASS: extractEstablished: SHA-384 suite ratchets and exchanges app data (206.34ms)
[711/850] PASS: extractEstablished: NewSessionTicket is issued before extraction (206.63ms)
[712/850] PASS: key update: simultaneous update_requested remains connected (206.95ms)
[713/850] PASS: fuzz: ServerHandshake.handleRecord rejects arbitrary input (206.97ms)
[714/850] PASS: fuzz: connected ServerHandshake.handleRecord rejects arbitrary input (207.52ms)
[715/850] PASS: application data: server sends and receives (207.63ms)
[716/850] PASS: in-memory authenticated client-server handshake reaches app data (207.91ms)
[717/850] PASS: in-memory authenticated client-server handshake suite matrix (209.29ms)
[718/850] PASS: in-memory KeyUpdate round trip across all cipher suites (210.83ms)
[719/850] PASS: selectPsk: verifies the binder for a matching PSK identity (210.89ms)
[720/850] PASS: selectPsk: returns null when the PSK binder does not verify (210.94ms)
[721/850] PASS: selectPsk: oversized binders_len does not overflow (210.99ms)
[722/850] PASS: PSK offer without psk_key_exchange_modes aborts (211.06ms)
[723/850] PASS: PSK offer with only psk_ke disables resumption and ticket issuance (211.19ms)
[724/850] PASS: client authentication policy declines PSK resumption (211.56ms)
[725/850] PASS: PSK selection skips cipher suites with an incompatible hash (211.96ms)
[726/850] PASS: in-memory PSK resumption reaches app data (212.23ms)
[727/850] PASS: in-memory RFC 10024 PSK resumption matrix reaches app data (213.84ms)
[728/850] PASS: in-memory RFC 10024 PSK resumption survives HRR (215.43ms)
[729/850] PASS: in-memory RFC 10024 SHA-384 PSK resumption survives HRR (219.67ms)
[730/850] PASS: PSK fast-path rejects bare Finished when server did NOT select PSK (219.83ms)
[731/850] PASS: in-memory 0-RTT early data is decrypted by the server (220.10ms)
[732/850] PASS: 0-RTT: accepted early data distinguishes authentication and handshake errors (220.56ms)
[733/850] PASS: 0-RTT: server rejects early data exceeding max_early_data_size (220.70ms)
[734/850] PASS: 0-RTT: max u32 early-data limit rejects bytes beyond remaining budget (220.73ms)
[735/850] PASS: 0-RTT: no PSK selected means early data is skipped and 1-RTT completes (221.03ms)
[736/850] PASS: 0-RTT: declined early records in flight are skipped and 1-RTT completes (221.27ms)
[737/850] PASS: 0-RTT: required client auth declines PSK, skips early data, completes 1-RTT (221.64ms)
[738/850] PASS: 0-RTT: decline skip budget exhaustion aborts the handshake (221.77ms)
[739/850] PASS: 0-RTT: corrupted record after the skip window aborts (221.94ms)
[740/850] PASS: 0-RTT: HRR decline skips in-flight early data and the retry handshake completes (222.26ms)
[741/850] PASS: 0-RTT: default decline-skip budget covers a full max-size early record (222.55ms)
[742/850] PASS: 0-RTT: HRR decline skip budget exhaustion aborts the handshake (222.64ms)
[743/850] PASS: 0-RTT: HRR decline skip rejects malformed application_data records (222.72ms)
[744/850] PASS: 0-RTT: HRR skip window closes at ClientHello2 (222.90ms)
[745/850] PASS: 0-RTT: server declines, client sends no EndOfEarlyData (223.13ms)
[746/850] PASS: 0-RTT: client rejects server-sent EndOfEarlyData (223.17ms)
[747/850] PASS: 0-RTT: processClientFinished rejects Finished before EndOfEarlyData (223.33ms)
[748/850] PASS: preferredHybridShare follows server preference (223.36ms)
[749/850] PASS: in-memory RFC 10024 hybrid group matrix reaches app data (225.09ms)
[750/850] PASS: RFC 10024 hybrid group matrix negotiates through HRR (226.35ms)
[751/850] PASS: hybrid share requires explicit server policy (226.47ms)
[752/850] PASS: in-memory HRR round trip reaches app data (226.75ms)
[753/850] PASS: acceptClientHello: server suite preference (226.83ms)
[754/850] PASS: acceptClientHello: exposes SNI via clientServerName (226.91ms)
[755/850] PASS: acceptClientHello: clientServerName is null when SNI absent (226.99ms)
[756/850] PASS: acceptClientHello: rejects unsupported suite (227.03ms)
[757/850] PASS: acceptClientHello: ignores unknown cipher suites in mixed list (227.24ms)
[758/850] PASS: acceptClientHello: rejects ClientHello with no shared group (227.28ms)
[759/850] PASS: handleRecord: reassembles ClientHello split across records (227.36ms)
[760/850] PASS: handleRecord: reassembles ClientHello with header and body in separate records (227.44ms)
[761/850] PASS: handleRecord: rejects CCS while ClientHello fragment pending (227.47ms)
[762/850] PASS: handleRecord: processes alert while ClientHello fragment pending (227.51ms)
[763/850] PASS: handleRecord: plaintext fatal alert in wait_ch records detail (227.56ms)
[764/850] PASS: handleRecord: unknown alert codes are preserved (227.58ms)
[765/850] PASS: handleRecord: lastPeerAlert replaced by later alert, preserved by close/malformed (227.61ms)
[766/850] PASS: handleRecord: rejects fragmented ClientHello without reassembly buffer (227.65ms)
[767/850] PASS: handleRecord: state reset after invalid fragmented ClientHello (227.73ms)
[768/850] PASS: handleRecord: rejects trailing bytes after fragmented ClientHello (227.81ms)
[769/850] PASS: handleRecord: reassembles ClientHello2 split across records after HRR (227.90ms)
[770/850] PASS: handleRecord: reassembles fragmented client Finished across encrypted records (228.01ms)
[771/850] PASS: handleRecord: rejects interleaved alert during Finished fragment reassembly (228.12ms)
[772/850] PASS: handleRecord: rejects plaintext alert during Finished fragment reassembly (228.22ms)
[773/850] PASS: handleRecord: encrypted fatal alert while waiting for Finished records detail (228.31ms)
[774/850] PASS: handleRecord: rejects plaintext alert while waiting for Finished (228.40ms)
[775/850] PASS: handleRecord: rejects zero-length encrypted handshake while waiting for Finished (228.49ms)
[776/850] PASS: handleRecord: reassembles ClientHello when handshake header is split after 1 byte (228.57ms)
[777/850] PASS: handleRecord: server reassembles 1-byte fragmented KeyUpdate(update_requested) (228.70ms)
[778/850] PASS: handleRecord: fragmented KeyUpdate(update_not_requested) works (228.82ms)
[779/850] PASS: handleRecord: non-KeyUpdate fragment starts are rejected (228.93ms)
[780/850] PASS: handleRecord: KeyUpdate with trailing record bytes is rejected before ratchet (229.03ms)
[781/850] PASS: handleRecord: app-data interleaving during KeyUpdate reassembly is rejected (229.14ms)
[782/850] PASS: receiveApplicationData: app-data interleaving during KeyUpdate reassembly is rejected (229.25ms)
[783/850] PASS: handleRecord: alert interleaving during KeyUpdate reassembly is rejected (229.36ms)
[784/850] PASS: handleRecord: connected close_notify is clean, fatal alert records detail (229.47ms)
[785/850] PASS: handleRecord: zero-length handshake during KeyUpdate reassembly is rejected (229.58ms)
[786/850] PASS: handleRecord: ClientHello body_len 0xFFFFFF rejected without overflow (fast path) (229.61ms)
[787/850] PASS: handleRecord: split-header reassembly body_len 0xFFFFFF rejected without overflow (229.63ms)
[788/850] PASS: deinit leaves caller-owned buffers to the caller (229.77ms)
[789/850] PASS: Writer.append: u8 (229.78ms)
[790/850] PASS: Writer.append: u16 big-endian (229.78ms)
[791/850] PASS: Writer.append: u24 big-endian (229.78ms)
[792/850] PASS: Writer.appendSlice (229.78ms)
[793/850] PASS: Writer.append: enum (229.78ms)
[794/850] PASS: Reader.read: u8 (229.79ms)
[795/850] PASS: Reader.read: u16 big-endian (229.79ms)
[796/850] PASS: Reader.read: enum (229.79ms)
[797/850] PASS: Reader.readSlice: zero-copy (229.79ms)
[798/850] PASS: Reader.read: UnexpectedEof (229.80ms)
[799/850] PASS: Reader assume methods skip bounds checks after caller validation (229.80ms)
[800/850] PASS: Writer.reserve: write directly into buffer (229.80ms)
[801/850] PASS: Writer: sequential appends (229.80ms)
[802/850] PASS: encode and parse NewSessionTicket round trip (229.81ms)
[803/850] PASS: encode validates NewSessionTicket bounds before writing (229.81ms)
[804/850] PASS: parse: valid NewSessionTicket (229.81ms)
[805/850] PASS: parse: captures early_data max_early_data_size (229.82ms)
[806/850] PASS: parse: skips unknown ticket extension (229.82ms)
[807/850] PASS: parse: skips GREASE ticket extension (229.82ms)
[808/850] PASS: parse: rejects duplicate early_data extension (229.82ms)
[809/850] PASS: parse: rejects malformed early_data length (229.83ms)
[810/850] PASS: parse: wrong handshake type (229.83ms)
[811/850] PASS: parse: rejects length mismatch (229.83ms)
[812/850] PASS: parse: rejects empty ticket (229.83ms)
[813/850] PASS: parse: rejects malformed extensions length (229.84ms)
[814/850] PASS: fuzz: parse handles arbitrary input (229.84ms)
[815/850] PASS: encode: empty EncryptedExtensions (229.84ms)
[816/850] PASS: encode: ALPN EncryptedExtensions (229.85ms)
[817/850] PASS: encode: early_data accepted in EncryptedExtensions (229.85ms)
[818/850] PASS: encode: early_data omitted when not accepted (229.85ms)
[819/850] PASS: parse: valid EncryptedExtensions (229.85ms)
[820/850] PASS: parse: ALPN selection (229.86ms)
[821/850] PASS: parse: rejects unsolicited ALPN (229.86ms)
[822/850] PASS: parse: rejects unoffered ALPN (229.86ms)
[823/850] PASS: parse: rejects duplicate ALPN extension (229.86ms)
[824/850] PASS: parse: rejects multiple ALPN protocols (229.87ms)
[825/850] PASS: parse: rejects forbidden supported_versions extension (229.87ms)
[826/850] PASS: parse: rejects forbidden key_share extension (229.87ms)
[827/850] PASS: parse: rejects forbidden heartbeat extension (229.87ms)
[828/850] PASS: parse: rejects GREASE EncryptedExtensions extension (229.88ms)
[829/850] PASS: parse: rejects unknown unsolicited extension (229.88ms)
[830/850] PASS: parse: accepts server_name acknowledgment when SNI offered (229.88ms)
[831/850] PASS: parse: rejects server_name when SNI not offered (229.88ms)
[832/850] PASS: parse: rejects server_name acknowledgment with non-empty extension_data (229.89ms)
[833/850] PASS: parse: rejects unoffered record_size_limit in EncryptedExtensions (229.89ms)
[834/850] PASS: parse: accepts offered record_size_limit in EncryptedExtensions (229.89ms)
[835/850] PASS: parse: rejects malformed record_size_limit in EncryptedExtensions (229.89ms)
[836/850] PASS: parse: ignores supported_groups extension (229.90ms)
[837/850] PASS: parse: wrong handshake type (229.90ms)
[838/850] PASS: parse: truncated (229.90ms)
[839/850] PASS: encode round-trips via parse (229.90ms)
[840/850] PASS: parse rejects wrong handshake type (229.91ms)
[841/850] PASS: parse rejects missing signature_algorithms (229.91ms)
[842/850] PASS: parse rejects duplicate signature_algorithms (229.91ms)
[843/850] PASS: encodedLen is accurate (229.91ms)
[844/850] PASS: verify: wrong verify_data (229.92ms)
[845/850] PASS: verify: wrong handshake type (229.92ms)
[846/850] PASS: encode then verify round-trip (229.93ms)
[847/850] PASS: messageHashSynthetic: SHA-256 header (229.93ms)
[848/850] PASS: messageHashSynthetic: SHA-384 header (229.93ms)
[849/850] PASS: messageHashSynthetic: RFC 8448 §5 ClientHello1 SHA-256 (229.94ms)
[850/850] PASS: fill writes caller buffer (229.94ms)

ztest: 850 passed, 0 failed, 0 skipped (of 850 total) in 1230ms
ALL TESTS PASSED

Build Summary: 8/8 steps succeeded
test success
+- run test success 981ms MaxRSS:11M
|  +- compile test Debug native-native success 16s MaxRSS:729M
|     +- options success
+- run exe errq-alloc-check success 19ms MaxRSS:4M
|  +- compile exe errq-alloc-check Debug native-native success 1s MaxRSS:283M
|     +- options (reused)
+- run exe encrypted-pem-check success 979us MaxRSS:4M
   +- compile exe encrypted-pem-check Debug native-native success 1s MaxRSS:253M
      +- options (reused)

NO_COLOR=1 pkg-config --list-all
NO_COLOR=1 pkg-config libcrypto --cflags --libs
/nix/store/HASH-zig-0.15.2/bin/zig build-exe -OReleaseFast -target native-native -mcpu apple_m1 --dep benchmark --dep benchmark_root -Mroot=/tmp/ztls-plc-cache/global/p/benchmark-0.1.0-JS72VvXxAACo8j9BYddbkivgNHXIeD1V27013BuCtW-_/src/benchmark_main.zig -OReleaseFast -target native-native -mcpu apple_m1 --dep benchmark_filter -Mbenchmark=/tmp/ztls-plc-cache/global/p/benchmark-0.1.0-JS72VvXxAACo8j9BYddbkivgNHXIeD1V27013BuCtW-_/src/benchmark.zig -I/nix/store/HASH-aws-lc-5.5.0-dev/include -L/nix/store/HASH-aws-lc-5.5.0/lib -lcrypto -OReleaseFast -target native-native -mcpu apple_m1 --dep ztls --dep txtar --dep build_options --dep fixtures --dep benchmark -Mbenchmark_root=/Users/matt/code/ztls/src/bench.zig -OReleaseFast -target native-native -mcpu apple_m1 -Mbenchmark_filter=/tmp/ztls-plc-cache/global/p/benchmark-0.1.0-JS72VvXxAACo8j9BYddbkivgNHXIeD1V27013BuCtW-_/src/filter.zig -I/nix/store/HASH-aws-lc-5.5.0-dev/include -ODebug -target native-native -mcpu apple_m1 --dep build_options=build_options0 -Mztls=/Users/matt/code/ztls/src/root.zig -ODebug -target native-native -mcpu apple_m1 -Mtxtar=/tmp/ztls-plc-cache/global/p/txtar-0.1.0-RyJLBJ5rAABCV5lD0YSt048wd3l9Nk9a4_TnEnm0MZ9P/src/root.zig -Mbuild_options=/tmp/tmp.kvua1RXm4w/c/5f561f0723d3bca47c7861e3338782bd/options.zig -ODebug -target native-native -mcpu apple_m1 -Mfixtures=/Users/matt/code/ztls/tests/fixtures/fixtures.zig -Mbuild_options0=/tmp/tmp.kvua1RXm4w/c/5f561f0723d3bca47c7861e3338782bd/options.zig -lc --cache-dir /tmp/tmp.kvua1RXm4w --global-cache-dir /tmp/ztls-plc-cache/global --name benchmark --zig-lib-dir /nix/store/HASH-zig-0.15.2/lib/zig/ --listen=-
install -C /tmp/tmp.kvua1RXm4w/o/8cd77544f5d493785ec3a6a4a3e974f3/benchmark /Users/matt/code/ztls/zig-out/bin/benchmark

Build Summary: 4/4 steps succeeded
bench-bin success
+- install benchmark success
   +- compile exe benchmark ReleaseFast native-native success 15s MaxRSS:514M
      +- options cached
      +- options (reused)

[client] ClientHello sent → state=wait_sh
[server] ServerHello sent → state=wait_client_finished
[client] handshake keys installed → state=wait_ee
[server] authenticated flight sent → state=wait_client_finished
[client] Finished sent → state=connected
[server] client Finished verified → state=connected

=== handshake complete (ALPN=h2) ===

[app]    client → server: ping
[app]    server → client: pong

=== in-memory handshake OK ===

Build Summary: 4/4 steps succeeded
example-in_memory_handshake success
+- run exe in_memory_handshake success 26ms MaxRSS:6M
   +- compile exe in_memory_handshake Debug native-native success 3s MaxRSS:414M
      +- options cached

install -C /tmp/ztls-plc-cache/global/p/N-V-__8AAACiugX9TDNHS4gUMmDdAre7aDQZEvrSeorGViEk/TLS-Anvil.jar /Users/matt/code/ztls/conformance/zig-out/tools/TLS-Anvil.jar
install -C /tmp/ztls-plc-cache/global/p/N-V-__8AAACiugX9TDNHS4gUMmDdAre7aDQZEvrSeorGViEk/lib/tls-test-framework-1.5.0.jar /Users/matt/code/ztls/conformance/zig-out/tools/lib/tls-test-framework-1.5.0.jar
install -C /tmp/ztls-plc-cache/global/p/N-V-__8AAACiugX9TDNHS4gUMmDdAre7aDQZEvrSeorGViEk/lib/junit-jupiter-engine-5.13.4.jar /Users/matt/code/ztls/conformance/zig-out/tools/lib/junit-jupiter-engine-5.13.4.jar
install -C /tmp/ztls-plc-cache/global/p/N-V-__8AAACiugX9TDNHS4gUMmDdAre7aDQZEvrSeorGViEk/lib/netty-codec-http-4.2.4.Final.jar /Users/matt/code/ztls/conformance/zig-out/tools/lib/netty-codec-http-4.2.4.Final.jar
install -C /tmp/ztls-plc-cache/global/p/N-V-__8AAACiugX9TDNHS4gUMmDdAre7aDQZEvrSeorGViEk/lib/netty-transport-4.2.4.Final.jar /Users/matt/code/ztls/conformance/zig-out/tools/lib/netty-transport-4.2.4.Final.jar
install -C /tmp/ztls-plc-cache/global/p/N-V-__8AAACiugX9TDNHS4gUMmDdAre7aDQZEvrSeorGViEk/lib/joda-time-2.14.0.jar /Users/matt/code/ztls/conformance/zig-out/tools/lib/joda-time-2.14.0.jar
install -C /tmp/ztls-plc-cache/global/p/N-V-__8AAACiugX9TDNHS4gUMmDdAre7aDQZEvrSeorGViEk/lib/automaton-1.11-8.jar /Users/matt/code/ztls/conformance/zig-out/tools/lib/automaton-1.11-8.jar
install -C /tmp/ztls-plc-cache/global/p/N-V-__8AAACiugX9TDNHS4gUMmDdAre7aDQZEvrSeorGViEk/lib/junit-platform-engine-1.13.4.jar /Users/matt/code/ztls/conformance/zig-out/tools/lib/junit-platform-engine-1.13.4.jar
install -C /tmp/ztls-plc-cache/global/p/N-V-__8AAACiugX9TDNHS4gUMmDdAre7aDQZEvrSeorGViEk/lib/commons-compress-1.28.0.jar /Users/matt/code/ztls/conformance/zig-out/tools/lib/commons-compress-1.28.0.jar
install -C /tmp/ztls-plc-cache/global/p/N-V-__8AAACiugX9TDNHS4gUMmDdAre7aDQZEvrSeorGViEk/lib/guava-33.4.8-jre.jar /Users/matt/code/ztls/conformance/zig-out/tools/lib/guava-33.4.8-jre.jar
install -C /tmp/ztls-plc-cache/global/p/N-V-__8AAACiugX9TDNHS4gUMmDdAre7aDQZEvrSeorGViEk/lib/netty-transport-native-kqueue-4.2.4.Final-osx-x86_64.jar /Users/matt/code/ztls/conformance/zig-out/tools/lib/netty-transport-native-kqueue-4.2.4.Final-osx-x86_64.jar
install -C /tmp/ztls-plc-cache/global/p/N-V-__8AAACiugX9TDNHS4gUMmDdAre7aDQZEvrSeorGViEk/lib/bcutil-jdk18on-1.81.1.jar /Users/matt/code/ztls/conformance/zig-out/tools/lib/bcutil-jdk18on-1.81.1.jar
install -C /tmp/ztls-plc-cache/global/p/N-V-__8AAACiugX9TDNHS4gUMmDdAre7aDQZEvrSeorGViEk/lib/netty-handler-4.2.4.Final.jar /Users/matt/code/ztls/conformance/zig-out/tools/lib/netty-handler-4.2.4.Final.jar
install -C /tmp/ztls-plc-cache/global/p/N-V-__8AAACiugX9TDNHS4gUMmDdAre7aDQZEvrSeorGViEk/lib/netty-common-4.2.4.Final.jar /Users/matt/code/ztls/conformance/zig-out/tools/lib/netty-common-4.2.4.Final.jar
install -C /tmp/ztls-plc-cache/global/p/N-V-__8AAACiugX9TDNHS4gUMmDdAre7aDQZEvrSeorGViEk/lib/jackson-dataformat-yaml-2.20.0.jar /Users/matt/code/ztls/conformance/zig-out/tools/lib/jackson-dataformat-yaml-2.20.0.jar
install -C /tmp/ztls-plc-cache/global/p/N-V-__8AAACiugX9TDNHS4gUMmDdAre7aDQZEvrSeorGViEk/lib/jheaps-0.11.jar /Users/matt/code/ztls/conformance/zig-out/tools/lib/jheaps-0.11.jar
install -C /tmp/ztls-plc-cache/global/p/N-V-__8AAACiugX9TDNHS4gUMmDdAre7aDQZEvrSeorGViEk/lib/netty-transport-native-unix-common-4.2.4.Final.jar /Users/matt/code/ztls/conformance/zig-out/tools/lib/netty-transport-native-unix-common-4.2.4.Final.jar
install -C /tmp/ztls-plc-cache/global/p/N-V-__8AAACiugX9TDNHS4gUMmDdAre7aDQZEvrSeorGViEk/lib/docker-java-transport-3.6.0.jar /Users/matt/code/ztls/conformance/zig-out/tools/lib/docker-java-transport-3.6.0.jar
install -C /tmp/ztls-plc-cache/global/p/N-V-__8AAACiugX9TDNHS4gUMmDdAre7aDQZEvrSeorGViEk/lib/error_prone_annotations-2.36.0.jar /Users/matt/code/ztls/conformance/zig-out/tools/lib/error_prone_annotations-2.36.0.jar
install -C /tmp/ztls-plc-cache/global/p/N-V-__8AAACiugX9TDNHS4gUMmDdAre7aDQZEvrSeorGViEk/lib/jackson-databind-2.20.0.jar /Users/matt/code/ztls/conformance/zig-out/tools/lib/jackson-databind-2.20.0.jar
install -C /tmp/ztls-plc-cache/global/p/N-V-__8AAACiugX9TDNHS4gUMmDdAre7aDQZEvrSeorGViEk/lib/jersey-apache-connector-2.47.jar /Users/matt/code/ztls/conformance/zig-out/tools/lib/jersey-apache-connector-2.47.jar
install -C /tmp/ztls-plc-cache/global/p/N-V-__8AAACiugX9TDNHS4gUMmDdAre7aDQZEvrSeorGViEk/lib/jackson-datatype-joda-2.20.0.jar /Users/matt/code/ztls/conformance/zig-out/tools/lib/jackson-datatype-joda-2.20.0.jar
install -C /tmp/ztls-plc-cache/global/p/N-V-__8AAACiugX9TDNHS4gUMmDdAre7aDQZEvrSeorGViEk/lib/javassist-3.28.0-GA.jar /Users/matt/code/ztls/conformance/zig-out/tools/lib/javassist-3.28.0-GA.jar
install -C /tmp/ztls-plc-cache/global/p/N-V-__8AAACiugX9TDNHS4gUMmDdAre7aDQZEvrSeorGViEk/lib/tls-docker-library-3.2.2.jar /Users/matt/code/ztls/conformance/zig-out/tools/lib/tls-docker-library-3.2.2.jar
install -C /tmp/ztls-plc-cache/global/p/N-V-__8AAACiugX9TDNHS4gUMmDdAre7aDQZEvrSeorGViEk/lib/osgi-resource-locator-1.0.3.jar /Users/matt/code/ztls/conformance/zig-out/tools/lib/osgi-resource-locator-1.0.3.jar
install -C /tmp/ztls-plc-cache/global/p/N-V-__8AAACiugX9TDNHS4gUMmDdAre7aDQZEvrSeorGViEk/lib/log4j-bom-2.24.3.pom /Users/matt/code/ztls/conformance/zig-out/tools/lib/log4j-bom-2.24.3.pom
install -C /tmp/ztls-plc-cache/global/p/N-V-__8AAACiugX9TDNHS4gUMmDdAre7aDQZEvrSeorGViEk/lib/asn1-attacker-4.2.3.jar /Users/matt/code/ztls/conformance/zig-out/tools/lib/asn1-attacker-4.2.3.jar
install -C /tmp/ztls-plc-cache/global/p/N-V-__8AAACiugX9TDNHS4gUMmDdAre7aDQZEvrSeorGViEk/lib/jackson-core-2.20.0.jar /Users/matt/code/ztls/conformance/zig-out/tools/lib/jackson-core-2.20.0.jar
install -C /tmp/ztls-plc-cache/global/p/N-V-__8AAACiugX9TDNHS4gUMmDdAre7aDQZEvrSeorGViEk/lib/dnsjava-3.6.3.jar /Users/matt/code/ztls/conformance/zig-out/tools/lib/dnsjava-3.6.3.jar
install -C /tmp/ztls-plc-cache/global/p/N-V-__8AAACiugX9TDNHS4gUMmDdAre7aDQZEvrSeorGViEk/lib/jaxb-runtime-4.0.5.jar /Users/matt/code/ztls/conformance/zig-out/tools/lib/jaxb-runtime-4.0.5.jar
install -C /tmp/ztls-plc-cache/global/p/N-V-__8AAACiugX9TDNHS4gUMmDdAre7aDQZEvrSeorGViEk/lib/listenablefuture-9999.0-empty-to-avoid-conflict-with-guava.jar /Users/matt/code/ztls/conformance/zig-out/tools/lib/listenablefuture-9999.0-empty-to-avoid-conflict-with-guava.jar
install -C /tmp/ztls-plc-cache/global/p/N-V-__8AAACiugX9TDNHS4gUMmDdAre7aDQZEvrSeorGViEk/lib/docker-java-3.6.0.jar /Users/matt/code/ztls/conformance/zig-out/tools/lib/docker-java-3.6.0.jar
install -C /tmp/ztls-plc-cache/global/p/N-V-__8AAACiugX9TDNHS4gUMmDdAre7aDQZEvrSeorGViEk/lib/siv-mode-1.6.1.jar /Users/matt/code/ztls/conformance/zig-out/tools/lib/siv-mode-1.6.1.jar
install -C /tmp/ztls-plc-cache/global/p/N-V-__8AAACiugX9TDNHS4gUMmDdAre7aDQZEvrSeorGViEk/lib/bctls-jdk18on-1.81.jar /Users/matt/code/ztls/conformance/zig-out/tools/lib/bctls-jdk18on-1.81.jar
install -C /tmp/ztls-plc-cache/global/p/N-V-__8AAACiugX9TDNHS4gUMmDdAre7aDQZEvrSeorGViEk/lib/log4j-slf4j-impl-2.25.1.jar /Users/matt/code/ztls/conformance/zig-out/tools/lib/log4j-slf4j-impl-2.25.1.jar
install -C /tmp/ztls-plc-cache/global/p/N-V-__8AAACiugX9TDNHS4gUMmDdAre7aDQZEvrSeorGViEk/lib/j2objc-annotations-3.0.0.jar /Users/matt/code/ztls/conformance/zig-out/tools/lib/j2objc-annotations-3.0.0.jar
install -C /tmp/ztls-plc-cache/global/p/N-V-__8AAACiugX9TDNHS4gUMmDdAre7aDQZEvrSeorGViEk/lib/netty-codec-base-4.2.4.Final.jar /Users/matt/code/ztls/conformance/zig-out/tools/lib/netty-codec-base-4.2.4.Final.jar
install -C /tmp/ztls-plc-cache/global/p/N-V-__8AAACiugX9TDNHS4gUMmDdAre7aDQZEvrSeorGViEk/lib/tls-server-scanner-7.4.0.jar /Users/matt/code/ztls/conformance/zig-out/tools/lib/tls-server-scanner-7.4.0.jar
install -C /tmp/ztls-plc-cache/global/p/N-V-__8AAACiugX9TDNHS4gUMmDdAre7aDQZEvrSeorGViEk/lib/commons-math3-3.6.1.jar /Users/matt/code/ztls/conformance/zig-out/tools/lib/commons-math3-3.6.1.jar
install -C /tmp/ztls-plc-cache/global/p/N-V-__8AAACiugX9TDNHS4gUMmDdAre7aDQZEvrSeorGViEk/lib/jna-5.18.1.jar /Users/matt/code/ztls/conformance/zig-out/tools/lib/jna-5.18.1.jar
install -C /tmp/ztls-plc-cache/global/p/N-V-__8AAACiugX9TDNHS4gUMmDdAre7aDQZEvrSeorGViEk/lib/tls-client-scanner-7.4.0.jar /Users/matt/code/ztls/conformance/zig-out/tools/lib/tls-client-scanner-7.4.0.jar
install -C /tmp/ztls-plc-cache/global/p/N-V-__8AAACiugX9TDNHS4gUMmDdAre7aDQZEvrSeorGViEk/lib/docker-java-transport-jersey-3.6.0.jar /Users/matt/code/ztls/conformance/zig-out/tools/lib/docker-java-transport-jersey-3.6.0.jar
install -C /tmp/ztls-plc-cache/global/p/N-V-__8AAACiugX9TDNHS4gUMmDdAre7aDQZEvrSeorGViEk/lib/log4j-api-2.25.1.jar /Users/matt/code/ztls/conformance/zig-out/tools/lib/log4j-api-2.25.1.jar
install -C /tmp/ztls-plc-cache/global/p/N-V-__8AAACiugX9TDNHS4gUMmDdAre7aDQZEvrSeorGViEk/lib/JLargeArrays-1.5.jar /Users/matt/code/ztls/conformance/zig-out/tools/lib/JLargeArrays-1.5.jar
install -C /tmp/ztls-plc-cache/global/p/N-V-__8AAACiugX9TDNHS4gUMmDdAre7aDQZEvrSeorGViEk/lib/jsonschema-module-jackson-4.38.0.jar /Users/matt/code/ztls/conformance/zig-out/tools/lib/jsonschema-module-jackson-4.38.0.jar
install -C /tmp/ztls-plc-cache/global/p/N-V-__8AAACiugX9TDNHS4gUMmDdAre7aDQZEvrSeorGViEk/lib/jakarta.activation-api-2.1.3.jar /Users/matt/code/ztls/conformance/zig-out/tools/lib/jakarta.activation-api-2.1.3.jar
install -C /tmp/ztls-plc-cache/global/p/N-V-__8AAACiugX9TDNHS4gUMmDdAre7aDQZEvrSeorGViEk/lib/netty-buffer-4.2.4.Final.jar /Users/matt/code/ztls/conformance/zig-out/tools/lib/netty-buffer-4.2.4.Final.jar
install -C /tmp/ztls-plc-cache/global/p/N-V-__8AAACiugX9TDNHS4gUMmDdAre7aDQZEvrSeorGViEk/lib/anvil-core-2.3.4.jar /Users/matt/code/ztls/conformance/zig-out/tools/lib/anvil-core-2.3.4.jar
install -C /tmp/ztls-plc-cache/global/p/N-V-__8AAACiugX9TDNHS4gUMmDdAre7aDQZEvrSeorGViEk/lib/terminal-utils-1.0.0.jar /Users/matt/code/ztls/conformance/zig-out/tools/lib/terminal-utils-1.0.0.jar
install -C /tmp/ztls-plc-cache/global/p/N-V-__8AAACiugX9TDNHS4gUMmDdAre7aDQZEvrSeorGViEk/lib/choco-solver-4.10.18.jar /Users/matt/code/ztls/conformance/zig-out/tools/lib/choco-solver-4.10.18.jar
install -C /tmp/ztls-plc-cache/global/p/N-V-__8AAACiugX9TDNHS4gUMmDdAre7aDQZEvrSeorGViEk/lib/commons-text-1.14.0.jar /Users/matt/code/ztls/conformance/zig-out/tools/lib/commons-text-1.14.0.jar
install -C /tmp/ztls-plc-cache/global/p/N-V-__8AAACiugX9TDNHS4gUMmDdAre7aDQZEvrSeorGViEk/lib/pcap4j-core-1.8.2.jar /Users/matt/code/ztls/conformance/zig-out/tools/lib/pcap4j-core-1.8.2.jar
install -C /tmp/ztls-plc-cache/global/p/N-V-__8AAACiugX9TDNHS4gUMmDdAre7aDQZEvrSeorGViEk/lib/junit-jupiter-5.13.4.jar /Users/matt/code/ztls/conformance/zig-out/tools/lib/junit-jupiter-5.13.4.jar
install -C /tmp/ztls-plc-cache/global/p/N-V-__8AAACiugX9TDNHS4gUMmDdAre7aDQZEvrSeorGViEk/lib/netty-resolver-4.2.4.Final.jar /Users/matt/code/ztls/conformance/zig-out/tools/lib/netty-resolver-4.2.4.Final.jar
install -C /tmp/ztls-plc-cache/global/p/N-V-__8AAACiugX9TDNHS4gUMmDdAre7aDQZEvrSeorGViEk/lib/classmate-1.7.0.jar /Users/matt/code/ztls/conformance/zig-out/tools/lib/classmate-1.7.0.jar
install -C /tmp/ztls-plc-cache/global/p/N-V-__8AAACiugX9TDNHS4gUMmDdAre7aDQZEvrSeorGViEk/lib/txw2-4.0.5.jar /Users/matt/code/ztls/conformance/zig-out/tools/lib/txw2-4.0.5.jar
install -C /tmp/ztls-plc-cache/global/p/N-V-__8AAACiugX9TDNHS4gUMmDdAre7aDQZEvrSeorGViEk/lib/junixsocket-common-2.10.1.jar /Users/matt/code/ztls/conformance/zig-out/tools/lib/junixsocket-common-2.10.1.jar
NO_COLOR=1 pkg-config --list-all
install -C /tmp/ztls-plc-cache/global/p/N-V-__8AAACiugX9TDNHS4gUMmDdAre7aDQZEvrSeorGViEk/lib/scanner-core-6.3.0.jar /Users/matt/code/ztls/conformance/zig-out/tools/lib/scanner-core-6.3.0.jar
install -C /tmp/ztls-plc-cache/global/p/N-V-__8AAACiugX9TDNHS4gUMmDdAre7aDQZEvrSeorGViEk/lib/junit-4.10.jar /Users/matt/code/ztls/conformance/zig-out/tools/lib/junit-4.10.jar
install -C /tmp/ztls-plc-cache/global/p/N-V-__8AAACiugX9TDNHS4gUMmDdAre7aDQZEvrSeorGViEk/lib/log4j-jul-2.25.1.jar /Users/matt/code/ztls/conformance/zig-out/tools/lib/log4j-jul-2.25.1.jar
install -C /tmp/ztls-plc-cache/global/p/N-V-__8AAACiugX9TDNHS4gUMmDdAre7aDQZEvrSeorGViEk/lib/jersey-client-2.47.jar /Users/matt/code/ztls/conformance/zig-out/tools/lib/jersey-client-2.47.jar
install -C /tmp/ztls-plc-cache/global/p/N-V-__8AAACiugX9TDNHS4gUMmDdAre7aDQZEvrSeorGViEk/lib/commons-io-2.20.0.jar /Users/matt/code/ztls/conformance/zig-out/tools/lib/commons-io-2.20.0.jar
install -C /tmp/ztls-plc-cache/global/p/N-V-__8AAACiugX9TDNHS4gUMmDdAre7aDQZEvrSeorGViEk/lib/coffee4j-anvil-junit-jupiter-2.0.1.jar /Users/matt/code/ztls/conformance/zig-out/tools/lib/coffee4j-anvil-junit-jupiter-2.0.1.jar
install -C /tmp/ztls-plc-cache/global/p/N-V-__8AAACiugX9TDNHS4gUMmDdAre7aDQZEvrSeorGViEk/lib/jersey-hk2-2.47.jar /Users/matt/code/ztls/conformance/zig-out/tools/lib/jersey-hk2-2.47.jar
install -C /tmp/ztls-plc-cache/global/p/N-V-__8AAACiugX9TDNHS4gUMmDdAre7aDQZEvrSeorGViEk/lib/jackson-annotations-2.20.jar /Users/matt/code/ztls/conformance/zig-out/tools/lib/jackson-annotations-2.20.jar
install -C /tmp/ztls-plc-cache/global/p/N-V-__8AAACiugX9TDNHS4gUMmDdAre7aDQZEvrSeorGViEk/lib/json-simple-1.1.1.jar /Users/matt/code/ztls/conformance/zig-out/tools/lib/json-simple-1.1.1.jar
install -C /tmp/ztls-plc-cache/global/p/N-V-__8AAACiugX9TDNHS4gUMmDdAre7aDQZEvrSeorGViEk/lib/jakarta.inject-2.6.1.jar /Users/matt/code/ztls/conformance/zig-out/tools/lib/jakarta.inject-2.6.1.jar
install -C /tmp/ztls-plc-cache/global/p/N-V-__8AAACiugX9TDNHS4gUMmDdAre7aDQZEvrSeorGViEk/lib/junit-jupiter-params-5.13.4.jar /Users/matt/code/ztls/conformance/zig-out/tools/lib/junit-jupiter-params-5.13.4.jar
install -C /tmp/ztls-plc-cache/global/p/N-V-__8AAACiugX9TDNHS4gUMmDdAre7aDQZEvrSeorGViEk/lib/modifiable-variable-5.3.0.jar /Users/matt/code/ztls/conformance/zig-out/tools/lib/modifiable-variable-5.3.0.jar
install -C /tmp/ztls-plc-cache/global/p/N-V-__8AAACiugX9TDNHS4gUMmDdAre7aDQZEvrSeorGViEk/lib/jersey-common-2.47.jar /Users/matt/code/ztls/conformance/zig-out/tools/lib/jersey-common-2.47.jar
install -C /tmp/ztls-plc-cache/global/p/N-V-__8AAACiugX9TDNHS4gUMmDdAre7aDQZEvrSeorGViEk/lib/sizeof-0.4.3.jar /Users/matt/code/ztls/conformance/zig-out/tools/lib/sizeof-0.4.3.jar
install -C /tmp/ztls-plc-cache/global/p/N-V-__8AAACiugX9TDNHS4gUMmDdAre7aDQZEvrSeorGViEk/lib/jakarta.ws.rs-api-2.1.6.jar /Users/matt/code/ztls/conformance/zig-out/tools/lib/jakarta.ws.rs-api-2.1.6.jar
install -C /tmp/ztls-plc-cache/global/p/N-V-__8AAACiugX9TDNHS4gUMmDdAre7aDQZEvrSeorGViEk/lib/junit-platform-commons-1.13.4.jar /Users/matt/code/ztls/conformance/zig-out/tools/lib/junit-platform-commons-1.13.4.jar
install -C /tmp/ztls-plc-cache/global/p/N-V-__8AAACiugX9TDNHS4gUMmDdAre7aDQZEvrSeorGViEk/lib/JTransforms-3.1.jar /Users/matt/code/ztls/conformance/zig-out/tools/lib/JTransforms-3.1.jar
install -C /tmp/ztls-plc-cache/global/p/N-V-__8AAACiugX9TDNHS4gUMmDdAre7aDQZEvrSeorGViEk/lib/netty-transport-native-epoll-4.2.4.Final-linux-x86_64.jar /Users/matt/code/ztls/conformance/zig-out/tools/lib/netty-transport-native-epoll-4.2.4.Final-linux-x86_64.jar
install -C /tmp/ztls-plc-cache/global/p/N-V-__8AAACiugX9TDNHS4gUMmDdAre7aDQZEvrSeorGViEk/lib/httpcore5-5.3.4.jar /Users/matt/code/ztls/conformance/zig-out/tools/lib/httpcore5-5.3.4.jar
install -C /tmp/ztls-plc-cache/global/p/N-V-__8AAACiugX9TDNHS4gUMmDdAre7aDQZEvrSeorGViEk/lib/netty-codec-socks-4.2.4.Final.jar /Users/matt/code/ztls/conformance/zig-out/tools/lib/netty-codec-socks-4.2.4.Final.jar
install -C /tmp/ztls-plc-cache/global/p/N-V-__8AAACiugX9TDNHS4gUMmDdAre7aDQZEvrSeorGViEk/lib/netty-codec-compression-4.2.4.Final.jar /Users/matt/code/ztls/conformance/zig-out/tools/lib/netty-codec-compression-4.2.4.Final.jar
install -C /tmp/ztls-plc-cache/global/p/N-V-__8AAACiugX9TDNHS4gUMmDdAre7aDQZEvrSeorGViEk/lib/aopalliance-repackaged-2.6.1.jar /Users/matt/code/ztls/conformance/zig-out/tools/lib/aopalliance-repackaged-2.6.1.jar
install -C /tmp/ztls-plc-cache/global/p/N-V-__8AAACiugX9TDNHS4gUMmDdAre7aDQZEvrSeorGViEk/lib/docker-java-api-3.6.0.jar /Users/matt/code/ztls/conformance/zig-out/tools/lib/docker-java-api-3.6.0.jar
install -C /tmp/ztls-plc-cache/global/p/N-V-__8AAACiugX9TDNHS4gUMmDdAre7aDQZEvrSeorGViEk/lib/slf4j-api-1.7.32.jar /Users/matt/code/ztls/conformance/zig-out/tools/lib/slf4j-api-1.7.32.jar
install -C /tmp/ztls-plc-cache/global/p/N-V-__8AAACiugX9TDNHS4gUMmDdAre7aDQZEvrSeorGViEk/lib/commons-codec-1.19.0.jar /Users/matt/code/ztls/conformance/zig-out/tools/lib/commons-codec-1.19.0.jar
install -C /tmp/ztls-plc-cache/global/p/N-V-__8AAACiugX9TDNHS4gUMmDdAre7aDQZEvrSeorGViEk/lib/bcprov-jdk18on-1.81.jar /Users/matt/code/ztls/conformance/zig-out/tools/lib/bcprov-jdk18on-1.81.jar
install -C /tmp/ztls-plc-cache/global/p/N-V-__8AAACiugX9TDNHS4gUMmDdAre7aDQZEvrSeorGViEk/lib/commons-lang3-3.18.0.jar /Users/matt/code/ztls/conformance/zig-out/tools/lib/commons-lang3-3.18.0.jar
install -C /tmp/ztls-plc-cache/global/p/N-V-__8AAACiugX9TDNHS4gUMmDdAre7aDQZEvrSeorGViEk/lib/tls-core-7.7.0.jar /Users/matt/code/ztls/conformance/zig-out/tools/lib/tls-core-7.7.0.jar
install -C /tmp/ztls-plc-cache/global/p/N-V-__8AAACiugX9TDNHS4gUMmDdAre7aDQZEvrSeorGViEk/lib/failureaccess-1.0.3.jar /Users/matt/code/ztls/conformance/zig-out/tools/lib/failureaccess-1.0.3.jar
install -C /tmp/ztls-plc-cache/global/p/N-V-__8AAACiugX9TDNHS4gUMmDdAre7aDQZEvrSeorGViEk/lib/httpclient5-5.5.jar /Users/matt/code/ztls/conformance/zig-out/tools/lib/httpclient5-5.5.jar
NO_COLOR=1 pkg-config --list-all
install -C /tmp/ztls-plc-cache/global/p/N-V-__8AAACiugX9TDNHS4gUMmDdAre7aDQZEvrSeorGViEk/lib/jsoup-1.22.2.jar /Users/matt/code/ztls/conformance/zig-out/tools/lib/jsoup-1.22.2.jar
install -C /tmp/ztls-plc-cache/global/p/N-V-__8AAACiugX9TDNHS4gUMmDdAre7aDQZEvrSeorGViEk/lib/x509-attacker-4.3.10.jar /Users/matt/code/ztls/conformance/zig-out/tools/lib/x509-attacker-4.3.10.jar
install -C /tmp/ztls-plc-cache/global/p/N-V-__8AAACiugX9TDNHS4gUMmDdAre7aDQZEvrSeorGViEk/lib/httpcore5-h2-5.3.4.jar /Users/matt/code/ztls/conformance/zig-out/tools/lib/httpcore5-h2-5.3.4.jar
install -C /tmp/ztls-plc-cache/global/p/N-V-__8AAACiugX9TDNHS4gUMmDdAre7aDQZEvrSeorGViEk/lib/utils-7.7.0.jar /Users/matt/code/ztls/conformance/zig-out/tools/lib/utils-7.7.0.jar
install -C /tmp/ztls-plc-cache/global/p/N-V-__8AAACiugX9TDNHS4gUMmDdAre7aDQZEvrSeorGViEk/lib/junit-platform-launcher-1.13.4.jar /Users/matt/code/ztls/conformance/zig-out/tools/lib/junit-platform-launcher-1.13.4.jar
install -C /tmp/ztls-plc-cache/global/p/N-V-__8AAACiugX9TDNHS4gUMmDdAre7aDQZEvrSeorGViEk/lib/jakarta.xml.bind-api-4.0.2.jar /Users/matt/code/ztls/conformance/zig-out/tools/lib/jakarta.xml.bind-api-4.0.2.jar
install -C /tmp/ztls-plc-cache/global/p/N-V-__8AAACiugX9TDNHS4gUMmDdAre7aDQZEvrSeorGViEk/lib/log4j-iostreams-2.25.1.jar /Users/matt/code/ztls/conformance/zig-out/tools/lib/log4j-iostreams-2.25.1.jar
install -C /tmp/ztls-plc-cache/global/p/N-V-__8AAACiugX9TDNHS4gUMmDdAre7aDQZEvrSeorGViEk/lib/transport-7.7.0.jar /Users/matt/code/ztls/conformance/zig-out/tools/lib/transport-7.7.0.jar
install -C /tmp/ztls-plc-cache/global/p/N-V-__8AAACiugX9TDNHS4gUMmDdAre7aDQZEvrSeorGViEk/lib/bcpkix-jdk18on-1.81.jar /Users/matt/code/ztls/conformance/zig-out/tools/lib/bcpkix-jdk18on-1.81.jar
install -C /tmp/ztls-plc-cache/global/p/N-V-__8AAACiugX9TDNHS4gUMmDdAre7aDQZEvrSeorGViEk/lib/httpclient-4.5.12.jar /Users/matt/code/ztls/conformance/zig-out/tools/lib/httpclient-4.5.12.jar
install -C /tmp/ztls-plc-cache/global/p/N-V-__8AAACiugX9TDNHS4gUMmDdAre7aDQZEvrSeorGViEk/lib/jcl-over-slf4j-1.7.30.jar /Users/matt/code/ztls/conformance/zig-out/tools/lib/jcl-over-slf4j-1.7.30.jar
install -C /tmp/ztls-plc-cache/global/p/N-V-__8AAACiugX9TDNHS4gUMmDdAre7aDQZEvrSeorGViEk/lib/jsr305-3.0.2.jar /Users/matt/code/ztls/conformance/zig-out/tools/lib/jsr305-3.0.2.jar
install -C /tmp/ztls-plc-cache/global/p/N-V-__8AAACiugX9TDNHS4gUMmDdAre7aDQZEvrSeorGViEk/lib/opentest4j-1.3.0.jar /Users/matt/code/ztls/conformance/zig-out/tools/lib/opentest4j-1.3.0.jar
install -C /tmp/ztls-plc-cache/global/p/N-V-__8AAACiugX9TDNHS4gUMmDdAre7aDQZEvrSeorGViEk/lib/hk2-utils-2.6.1.jar /Users/matt/code/ztls/conformance/zig-out/tools/lib/hk2-utils-2.6.1.jar
install -C /tmp/ztls-plc-cache/global/p/N-V-__8AAACiugX9TDNHS4gUMmDdAre7aDQZEvrSeorGViEk/lib/trove4j-3.0.3.jar /Users/matt/code/ztls/conformance/zig-out/tools/lib/trove4j-3.0.3.jar
install -C /tmp/ztls-plc-cache/global/p/N-V-__8AAACiugX9TDNHS4gUMmDdAre7aDQZEvrSeorGViEk/lib/fastutil-8.5.15.jar /Users/matt/code/ztls/conformance/zig-out/tools/lib/fastutil-8.5.15.jar
install -C /tmp/ztls-plc-cache/global/p/N-V-__8AAACiugX9TDNHS4gUMmDdAre7aDQZEvrSeorGViEk/lib/jcommander-1.82.jar /Users/matt/code/ztls/conformance/zig-out/tools/lib/jcommander-1.82.jar
install -C /tmp/ztls-plc-cache/global/p/N-V-__8AAACiugX9TDNHS4gUMmDdAre7aDQZEvrSeorGViEk/lib/tls-scanner-core-7.4.0.jar /Users/matt/code/ztls/conformance/zig-out/tools/lib/tls-scanner-core-7.4.0.jar
install -C /tmp/ztls-plc-cache/global/p/N-V-__8AAACiugX9TDNHS4gUMmDdAre7aDQZEvrSeorGViEk/lib/protocol-attacker-2.2.2.jar /Users/matt/code/ztls/conformance/zig-out/tools/lib/protocol-attacker-2.2.2.jar
install -C /tmp/ztls-plc-cache/global/p/N-V-__8AAACiugX9TDNHS4gUMmDdAre7aDQZEvrSeorGViEk/lib/jsonschema-generator-4.38.0.jar /Users/matt/code/ztls/conformance/zig-out/tools/lib/jsonschema-generator-4.38.0.jar
install -C /tmp/ztls-plc-cache/global/p/N-V-__8AAACiugX9TDNHS4gUMmDdAre7aDQZEvrSeorGViEk/lib/junit-jupiter-api-5.13.4.jar /Users/matt/code/ztls/conformance/zig-out/tools/lib/junit-jupiter-api-5.13.4.jar
install -C /tmp/ztls-plc-cache/global/p/N-V-__8AAACiugX9TDNHS4gUMmDdAre7aDQZEvrSeorGViEk/lib/junixsocket-native-common-2.10.1.jar /Users/matt/code/ztls/conformance/zig-out/tools/lib/junixsocket-native-common-2.10.1.jar
install -C /tmp/ztls-plc-cache/global/p/N-V-__8AAACiugX9TDNHS4gUMmDdAre7aDQZEvrSeorGViEk/lib/apiguardian-api-1.1.2.jar /Users/matt/code/ztls/conformance/zig-out/tools/lib/apiguardian-api-1.1.2.jar
install -C /tmp/ztls-plc-cache/global/p/N-V-__8AAACiugX9TDNHS4gUMmDdAre7aDQZEvrSeorGViEk/lib/docker-java-transport-netty-3.6.0.jar /Users/matt/code/ztls/conformance/zig-out/tools/lib/docker-java-transport-netty-3.6.0.jar
install -C /tmp/ztls-plc-cache/global/p/N-V-__8AAACiugX9TDNHS4gUMmDdAre7aDQZEvrSeorGViEk/lib/hk2-api-2.6.1.jar /Users/matt/code/ztls/conformance/zig-out/tools/lib/hk2-api-2.6.1.jar
install -C /tmp/ztls-plc-cache/global/p/N-V-__8AAACiugX9TDNHS4gUMmDdAre7aDQZEvrSeorGViEk/lib/docker-java-core-3.6.0.jar /Users/matt/code/ztls/conformance/zig-out/tools/lib/docker-java-core-3.6.0.jar
install -C /tmp/ztls-plc-cache/global/p/N-V-__8AAACiugX9TDNHS4gUMmDdAre7aDQZEvrSeorGViEk/lib/jspecify-1.0.0.jar /Users/matt/code/ztls/conformance/zig-out/tools/lib/jspecify-1.0.0.jar
install -C /tmp/ztls-plc-cache/global/p/N-V-__8AAACiugX9TDNHS4gUMmDdAre7aDQZEvrSeorGViEk/lib/docker-java-transport-httpclient5-3.6.0.jar /Users/matt/code/ztls/conformance/zig-out/tools/lib/docker-java-transport-httpclient5-3.6.0.jar
install -C /tmp/ztls-plc-cache/global/p/N-V-__8AAACiugX9TDNHS4gUMmDdAre7aDQZEvrSeorGViEk/lib/coffee4j-anvil-model-2.0.1.jar /Users/matt/code/ztls/conformance/zig-out/tools/lib/coffee4j-anvil-model-2.0.1.jar
install -C /tmp/ztls-plc-cache/global/p/N-V-__8AAACiugX9TDNHS4gUMmDdAre7aDQZEvrSeorGViEk/lib/snakeyaml-2.4.jar /Users/matt/code/ztls/conformance/zig-out/tools/lib/snakeyaml-2.4.jar
install -C /tmp/ztls-plc-cache/global/p/N-V-__8AAACiugX9TDNHS4gUMmDdAre7aDQZEvrSeorGViEk/lib/hk2-locator-2.6.1.jar /Users/matt/code/ztls/conformance/zig-out/tools/lib/hk2-locator-2.6.1.jar
install -C /tmp/ztls-plc-cache/global/p/N-V-__8AAACiugX9TDNHS4gUMmDdAre7aDQZEvrSeorGViEk/lib/httpcore-4.4.16.jar /Users/matt/code/ztls/conformance/zig-out/tools/lib/httpcore-4.4.16.jar
install -C /tmp/ztls-plc-cache/global/p/N-V-__8AAACiugX9TDNHS4gUMmDdAre7aDQZEvrSeorGViEk/lib/log4j-core-2.25.1.jar /Users/matt/code/ztls/conformance/zig-out/tools/lib/log4j-core-2.25.1.jar
install -C /tmp/ztls-plc-cache/global/p/N-V-__8AAACiugX9TDNHS4gUMmDdAre7aDQZEvrSeorGViEk/lib/netty-transport-classes-kqueue-4.2.4.Final.jar /Users/matt/code/ztls/conformance/zig-out/tools/lib/netty-transport-classes-kqueue-4.2.4.Final.jar
install -C /tmp/ztls-plc-cache/global/p/N-V-__8AAACiugX9TDNHS4gUMmDdAre7aDQZEvrSeorGViEk/lib/jakarta.annotation-api-1.3.5.jar /Users/matt/code/ztls/conformance/zig-out/tools/lib/jakarta.annotation-api-1.3.5.jar
install -C /tmp/ztls-plc-cache/global/p/N-V-__8AAACiugX9TDNHS4gUMmDdAre7aDQZEvrSeorGViEk/lib/hamcrest-core-1.1.jar /Users/matt/code/ztls/conformance/zig-out/tools/lib/hamcrest-core-1.1.jar
install -C /tmp/ztls-plc-cache/global/p/N-V-__8AAACiugX9TDNHS4gUMmDdAre7aDQZEvrSeorGViEk/lib/istack-commons-runtime-4.1.2.jar /Users/matt/code/ztls/conformance/zig-out/tools/lib/istack-commons-runtime-4.1.2.jar
install -C /tmp/ztls-plc-cache/global/p/N-V-__8AAACiugX9TDNHS4gUMmDdAre7aDQZEvrSeorGViEk/lib/coffee4j-anvil-engine-2.0.1.jar /Users/matt/code/ztls/conformance/zig-out/tools/lib/coffee4j-anvil-engine-2.0.1.jar
install -C /tmp/ztls-plc-cache/global/p/N-V-__8AAACiugX9TDNHS4gUMmDdAre7aDQZEvrSeorGViEk/lib/netty-handler-proxy-4.2.4.Final.jar /Users/matt/code/ztls/conformance/zig-out/tools/lib/netty-handler-proxy-4.2.4.Final.jar
install -C /tmp/ztls-plc-cache/global/p/N-V-__8AAACiugX9TDNHS4gUMmDdAre7aDQZEvrSeorGViEk/lib/jaxb-core-4.0.5.jar /Users/matt/code/ztls/conformance/zig-out/tools/lib/jaxb-core-4.0.5.jar
install -C /tmp/ztls-plc-cache/global/p/N-V-__8AAACiugX9TDNHS4gUMmDdAre7aDQZEvrSeorGViEk/lib/netty-transport-classes-epoll-4.2.4.Final.jar /Users/matt/code/ztls/conformance/zig-out/tools/lib/netty-transport-classes-epoll-4.2.4.Final.jar
install -C /tmp/ztls-plc-cache/global/p/N-V-__8AAACiugX9TDNHS4gUMmDdAre7aDQZEvrSeorGViEk/lib/reflections-0.10.2.jar /Users/matt/code/ztls/conformance/zig-out/tools/lib/reflections-0.10.2.jar
install -C /tmp/ztls-plc-cache/global/p/N-V-__8AAACiugX9TDNHS4gUMmDdAre7aDQZEvrSeorGViEk/lib/jgrapht-core-1.4.0.jar /Users/matt/code/ztls/conformance/zig-out/tools/lib/jgrapht-core-1.4.0.jar
bash /Users/matt/code/ztls/conformance/scripts/anvil-chain-provider-patch/apply.sh /Users/matt/code/ztls/conformance/zig-out/tools/lib
patched X509CertificateChainProvider (basicConstraints cA) into /Users/matt/code/ztls/conformance/zig-out/tools/lib/tls-test-framework-1.5.0.jar
patched DateTimeAdapter (JAXB validity serialization) into /Users/matt/code/ztls/conformance/zig-out/tools/lib/x509-attacker-4.3.10.jar
NO_COLOR=1 pkg-config libcrypto --cflags --libs
NO_COLOR=1 pkg-config libcrypto --cflags --libs
/nix/store/HASH-zig-0.15.2/bin/zig build-exe -ODebug --dep ztls --dep net_compat --dep fixtures -Mroot=/Users/matt/code/ztls/conformance/src/tlsfuzzer_server.zig -I/nix/store/HASH-aws-lc-5.5.0-dev/include -L/nix/store/HASH-aws-lc-5.5.0/lib -lcrypto -ODebug --dep build_options -Mztls=/Users/matt/code/ztls/src/root.zig -ODebug -Mnet_compat=/Users/matt/code/ztls/shared/net_compat.zig -ODebug -Mfixtures=/Users/matt/code/ztls/tests/fixtures/fixtures.zig -Mbuild_options=/tmp/tmp.kvua1RXm4w/conformance/c/5f561f0723d3bca47c7861e3338782bd/options.zig -lc --cache-dir /tmp/tmp.kvua1RXm4w/conformance --global-cache-dir /tmp/ztls-plc-cache/global --name tlsfuzzer_server --zig-lib-dir /nix/store/HASH-zig-0.15.2/lib/zig/ --listen=-
/nix/store/HASH-zig-0.15.2/bin/zig build-exe -ODebug --dep ztls --dep net_compat --dep fixtures -Mroot=/Users/matt/code/ztls/conformance/src/anvil_client.zig -I/nix/store/HASH-aws-lc-5.5.0-dev/include -L/nix/store/HASH-aws-lc-5.5.0/lib -lcrypto -ODebug --dep build_options -Mztls=/Users/matt/code/ztls/src/root.zig -ODebug -Mnet_compat=/Users/matt/code/ztls/shared/net_compat.zig -ODebug -Mfixtures=/Users/matt/code/ztls/tests/fixtures/fixtures.zig -Mbuild_options=/tmp/tmp.kvua1RXm4w/conformance/c/5f561f0723d3bca47c7861e3338782bd/options.zig -lc --cache-dir /tmp/tmp.kvua1RXm4w/conformance --global-cache-dir /tmp/ztls-plc-cache/global --name anvil_client --zig-lib-dir /nix/store/HASH-zig-0.15.2/lib/zig/ --listen=-
install -C /tmp/tmp.kvua1RXm4w/conformance/o/bd53cdb98316546904e6ff2eeeb942ec/tlsfuzzer_server /Users/matt/code/ztls/conformance/zig-out/bin/tlsfuzzer_server
install -C /tmp/tmp.kvua1RXm4w/conformance/o/dbc5dd70653c5506ea4010967a4741c3/anvil_client /Users/matt/code/ztls/conformance/zig-out/bin/anvil_client

Build Summary: 9/9 steps succeeded
install success
+- install dependency to tools/TLS-Anvil.jar cached
+- install dependency/ success
+- run bash success 1s MaxRSS:192M
|  +- install dependency to tools/TLS-Anvil.jar (reused)
|  +- install dependency/ (reused)
+- install tlsfuzzer_server success
|  +- compile exe tlsfuzzer_server Debug native success 3s MaxRSS:406M
|     +- options success
+- install anvil_client success
   +- compile exe anvil_client Debug native success 3s MaxRSS:412M
      +- options (reused)

................                                                         [100%]
16 passed in 0.33s
zig fmt --check src/ examples/ bench/ shared/ tests/distribution-consumer/ build.zig
ziglint build.zig examples bench shared tests/distribution-consumer $(fd --extension zig --exclude certificate_parser.zig . src)
ast-grep scan --rule rules/no-ztls-owned-allocations.yml src --globs '*.zig' --globs '!src/test/**' --globs '!src/bench/**' --globs '!src/interop.zig' --report-style short
ast-grep scan --rule rules/no-c-pointer-types.yml src --globs '*.zig' --report-style short
# std-alias rules: enforce the aliases we always want. certificate_parser.zig
# is an upstream-derived std fork kept close to upstream, so it is excluded
# like ziglint does.
rc=0; for rule in rules/std-alias-*.yml; do ast-grep scan --rule "$rule" src examples bench shared --globs '*.zig' --globs '!src/certificate_parser.zig' --report-style short || rc=1; done; exit $rc
shellcheck --severity=warning scripts/*.sh infra/bench/*.sh infra/iam/*.sh
pinact run --fix=false --no-api .github/workflows/*.yml
zizmor .github
 INFO zizmor: 🌈 zizmor v1.30.1
 WARN audit: zizmor: zizmor is running in offline mode by default; some audits and auto-fixes will not be available. see https://docs.zizmor.sh/usage/#operating-modes for details
 INFO audit: zizmor: 🌈 completed .github/dependabot.yml
 INFO audit: zizmor: 🌈 completed .github/workflows/ci.yml
 INFO audit: zizmor: 🌈 completed .github/workflows/tls-anvil-client.yml
 INFO audit: zizmor: 🌈 completed .github/workflows/tls-anvil-server.yml
 INFO audit: zizmor: 🌈 completed .github/workflows/update-flake-lock.yml
 INFO audit: zizmor: 🌈 completed .github/workflows/zizmor.yml
No findings to report. Good job! (21 suppressed)
no status-language drift
no active-work headings referencing issues
README index matches research files
no closed-issue citations in research doc headings
no tracked binary fixture files
cargo fmt --check --manifest-path bench/rustls/Cargo.toml
cargo clippy --all-targets --release --manifest-path bench/rustls/Cargo.toml -- -D warnings
    Finished `release` profile [optimized] target(s) in 0.02s
just conformance/lint
uv run ruff format --check .
12 files already formatted
uv run ruff check .
All checks passed!
uv run ty check .
All checks passed!
zig fmt --check build.zig src/
ziglint build.zig src/
just --check --fmt --unstable --justfile justfile
./scripts/consumer-gate.sh --selftest
consumer-gate selftest: 23 checks passed
zig build example-tcp_loopback --summary all
[tcp]    server listening on 127.0.0.1:45845
[client] connected to 127.0.0.1:45845
[server] accepted connection
[client] ClientHello sent → state=wait_sh
[client] handshake complete (ALPN=h2)
[client] sent: GET / HTTP/1.0

[server] handshake complete (ALPN=h2)
[client] received: HTTP/1.0 200 OK
Content-Length: 5

hello

=== TCP loopback OK ===

Build Summary: 4/4 steps succeeded
example-tcp_loopback success
+- run exe tcp_loopback success 47ms MaxRSS:9M
   +- compile exe tcp_loopback Debug native-native cached 22ms MaxRSS:41M
      +- options cached

zig build example-in_memory_handshake --summary all
[client] ClientHello sent → state=wait_sh
[server] ServerHello sent → state=wait_client_finished
[client] handshake keys installed → state=wait_ee
[server] authenticated flight sent → state=wait_client_finished
[client] Finished sent → state=connected
[server] client Finished verified → state=connected

=== handshake complete (ALPN=h2) ===

[app]    client → server: ping
[app]    server → client: pong

=== in-memory handshake OK ===

Build Summary: 4/4 steps succeeded
example-in_memory_handshake success
+- run exe in_memory_handshake success 2ms MaxRSS:8M
   +- compile exe in_memory_handshake Debug native-native cached 23ms MaxRSS:41M
      +- options cached

zig build example-epoll_pingpong --summary all
[server] listening on 127.0.0.1:35743
[client] connected to 127.0.0.1:35743
[client] ClientHello sent → state=wait_sh
[server] accepted connection
[client] handshake complete (ALPN=pingpong)
[server] handshake complete (ALPN=pingpong)
[client] received: pong 1
[client] received: pong 2
[client] received: pong 3
[client] received: pong 4

=== epoll ping-pong OK ===

Build Summary: 4/4 steps succeeded
example-epoll_pingpong success
+- run exe epoll_pingpong success 52ms MaxRSS:10M
   +- compile exe epoll_pingpong Debug native-native cached 22ms MaxRSS:41M
      +- options cached

zig build example-iouring_pingpong --summary all
[iouring] server listening on 127.0.0.1:38233
[client] connected to 127.0.0.1:38233
[server] accepted connection
[client] ClientHello sent → state=wait_sh
[client] handshake complete (ALPN=pingpong)
[server] handshake complete (ALPN=pingpong)
[client] received: pong 1
[client] received: pong 2
[client] received: pong 3
[client] received: pong 4

=== io_uring ping-pong OK ===

Build Summary: 4/4 steps succeeded
example-iouring_pingpong success
+- run exe iouring_pingpong success 48ms MaxRSS:9M
   +- compile exe iouring_pingpong Debug native-native cached 21ms MaxRSS:41M
      +- options cached


Build Summary: 5/5 steps succeeded
install cached
+- install ztls cached
|  +- compile lib ztls Debug native-native cached 20ms MaxRSS:41M
|     +- options cached
+- install include/ztls.h to include/ztls.h cached

/tmp/ztls-signoff-20260919/resource-ci-cache/o/2e4c5bbfec6060e354b8328d46e67e1e/libztls_zcu.o
ClientHello: 247 bytes, header 0x16 0x03 0x03 — OK
record length field: 242 — OK
ztls C ABI example: OK
./scripts/distribution-smoke.sh core

Build Summary: 5/5 steps succeeded
install success
+- install ztls-distribution-consumer success
   +- compile exe ztls-distribution-consumer Debug native success 2s MaxRSS:343M
      +- options success
      +- options success

ztls core distribution smoke passed from an isolated fetched package
if [ "$(uname -s)" = Linux ]; then just check-memory; fi
Memory evidence: /tmp/ztls-memory.qCZeeD
warning: Git tree '/Users/matt/code/ztls' is dirty
test: zero Memcheck errors
benchmark: zero Memcheck errors
Memory evidence retained: /tmp/ztls-memory.qCZeeD
just conformance/ci
zig build test
just tlsfuzzer -v
zig build
patched X509CertificateChainProvider (basicConstraints cA) into /Users/matt/code/ztls/conformance/zig-out/tools/lib/tls-test-framework-1.5.0.jar
patched DateTimeAdapter (JAXB validity serialization) into /Users/matt/code/ztls/conformance/zig-out/tools/lib/x509-attacker-4.3.10.jar
uv run pytest -v
============================= test session starts ==============================
platform linux -- Python 3.14.7, pytest-9.0.3, pluggy-1.6.0 -- /Users/matt/code/ztls/conformance/.venv/bin/python
cachedir: .pytest_cache
rootdir: /Users/matt/code/ztls/conformance
configfile: pyproject.toml
collecting ... collected 102 items

tests/test_anvil_adapter.py::test_extract_feature_from_tls_anvil_class_id PASSED [  0%]
tests/test_anvil_adapter.py::test_extract_feature_unknown_when_id_shape_is_not_tls_anvil PASSED [  1%]
tests/test_anvil_adapter.py::test_adapter_normalizes_per_test_json_directory PASSED [  2%]
tests/test_anvil_adapter.py::test_adapter_prefers_class_method_over_opaque_test_id PASSED [  3%]
tests/test_anvil_adapter.py::test_adapter_accepts_report_json_with_normalized_tests PASSED [  4%]
tests/test_anvil_adapter.py::test_adapter_falls_back_to_per_test_files_when_report_json_is_not_normalized PASSED [  5%]
tests/test_anvil_adapter.py::test_adapter_to_report_matches_skip_patterns_by_stable_id PASSED [  6%]
tests/test_anvil_adapter.py::test_adapter_rejects_raw_tls_anvil_report_that_is_still_running PASSED [  7%]
tests/test_anvil_adapter.py::test_adapter_rejects_still_running_report_zip PASSED [  8%]
tests/test_anvil_adapter.py::test_adapter_allow_partial_accepts_still_running_report PASSED [  9%]
tests/test_anvil_adapter.py::test_adapter_allow_partial_accepts_still_running_report_zip PASSED [ 10%]
tests/test_anvil_adapter.py::test_adapter_rejects_directory_without_result_json PASSED [ 11%]
tests/test_anvil_adapter.py::test_adapter_marks_unknown_results_as_not_specified PASSED [ 12%]
tests/test_anvil_adapter.py::test_adapter_carries_failure_inducing_combinations PASSED [ 13%]
tests/test_anvil_adapter.py::test_adapter_carries_failure_combinations_from_normalized_report_json PASSED [ 14%]
tests/test_anvil_client.py::test_write_run_metadata_records_command_git_and_client_fields PASSED [ 15%]
tests/test_anvil_client.py::test_main_writes_run_metadata_before_launching_tls_anvil PASSED [ 16%]
tests/test_anvil_client.py::test_main_uses_tls_anvil_client_mode_with_trigger_script PASSED [ 17%]
tests/test_anvil_client.py::test_trigger_script_is_executable_stdlib_python_without_shell_helpers PASSED [ 18%]
tests/test_anvil_client.py::test_trigger_script_reads_the_clock_once_and_only_via_time_ns PASSED [ 19%]
tests/test_anvil_client.py::test_start_record_has_subsecond_utc_and_single_snapshot_identity PASSED [ 20%]
tests/test_anvil_client.py::test_each_invocation_is_attributable_via_ledger_not_filename_order PASSED [ 21%]
tests/test_anvil_client.py::test_trigger_script_quotes_paths_with_spaces_and_quotes PASSED [ 22%]
tests/test_anvil_client.py::test_trigger_fails_loudly_when_invocation_file_cannot_be_created PASSED [ 23%]
tests/test_anvil_client.py::test_trigger_script_preserves_client_signal_death PASSED [ 24%]
tests/test_anvil_client.py::test_invocation_header_constant_matches_generated_script PASSED [ 25%]
tests/test_anvil_report.py::test_skip_list_loaded PASSED                 [ 26%]
tests/test_anvil_report.py::test_synthetic_fixture_loads PASSED          [ 27%]
tests/test_anvil_report.py::test_pattern_hello_retry_request_reason_matches PASSED [ 28%]
tests/test_anvil_report.py::test_pattern_psk_disabled_reason_matches PASSED [ 29%]
tests/test_anvil_report.py::test_pattern_tls12_lowercase_id_matches PASSED [ 30%]
tests/test_anvil_report.py::test_named_group_disabled_cases_use_exact_ids PASSED [ 31%]
tests/test_anvil_report.py::test_end_of_early_data_pass_not_hidden_by_skip_list PASSED [ 32%]
tests/test_anvil_report.py::test_server_early_data_disabled_still_caught_by_skip_list PASSED [ 33%]
tests/test_anvil_report.py::test_end_of_early_data_pass_is_clean_pass_in_pipeline PASSED [ 34%]
tests/test_anvil_report.py::test_skip_pattern_falsification_caught PASSED [ 35%]
tests/test_anvil_report.py::test_skip_pattern_matches_disabled_reason_when_name_and_id_are_generic PASSED [ 36%]
tests/test_anvil_report.py::test_skip_pattern_matches_stable_test_id_when_name_is_generic PASSED [ 37%]
tests/test_anvil_report.py::test_report_on_synthetic_fixture PASSED      [ 38%]
tests/test_anvil_report.py::test_summary_json_structure PASSED           [ 39%]
tests/test_anvil_report.py::test_summary_json_counts_match_expected PASSED [ 40%]
tests/test_anvil_report.py::test_committed_skip_list_reports_unmatched_patterns_for_synthetic_fixture PASSED [ 41%]
tests/test_anvil_report.py::test_summary_json_unexpected_count_match_expected PASSED [ 42%]
tests/test_anvil_report.py::test_summary_json_feature_breakdown_size PASSED [ 43%]
tests/test_anvil_report.py::test_summary_json_unexpected_pass_has_rationale PASSED [ 44%]
tests/test_anvil_report.py::test_skip_pattern_does_not_hide_failed_test PASSED [ 45%]
tests/test_anvil_report.py::test_summary_json_unexpected_fail_has_rationale PASSED [ 46%]
tests/test_anvil_report.py::test_summary_json_and_txt_carry_provenance PASSED [ 47%]
tests/test_anvil_report.py::test_report_rejects_allow_partial_provenance PASSED [ 48%]
tests/test_anvil_report.py::test_report_rejects_incomplete_tls_anvil_provenance PASSED [ 49%]
tests/test_anvil_report.py::test_summary_txt_contains_counts PASSED      [ 50%]
tests/test_anvil_report.py::test_summary_txt_contains_per_feature PASSED [ 50%]
tests/test_anvil_report.py::test_unmatched_skip_patterns_reported PASSED [ 51%]
tests/test_anvil_report.py::test_failed_test_with_matching_disabled_reason_still_fails PASSED [ 52%]
tests/test_anvil_report.py::test_endpoint_mode_disabled_is_not_attempted PASSED [ 53%]
tests/test_anvil_report.py::test_disabled_reason_skip_pattern_counts_as_expected_skip PASSED [ 54%]
tests/test_anvil_report.py::test_unexpected_skipped_has_rationale PASSED [ 55%]
tests/test_anvil_report.py::test_all_passing_report_exits_zero PASSED    [ 56%]
tests/test_anvil_report.py::test_parser_rejects_missing_input PASSED     [ 57%]
tests/test_anvil_report.py::test_parser_rejects_missing_skip_list PASSED [ 58%]
tests/test_anvil_report.py::test_dsa_root_failure_classified_as_expected_failed PASSED [ 59%]
tests/test_anvil_report.py::test_dsa_root_failure_all_six_gated_ids PASSED [ 60%]
tests/test_anvil_report.py::test_non_dsa_root_failure_stays_unexpected PASSED [ 61%]
tests/test_anvil_report.py::test_dsa_root_failure_with_wrong_test_id_stays_unexpected PASSED [ 62%]
tests/test_anvil_report.py::test_dsa_root_failure_without_combinations_stays_unexpected PASSED [ 63%]
tests/test_anvil_report.py::test_mixed_combinations_with_non_dsa_stays_unexpected PASSED [ 64%]
tests/test_anvil_report.py::test_dsa_root_all_three_rsa_leaf_sizes PASSED [ 65%]
tests/test_anvil_report.py::test_dsa_root_non_rsa_leaf_stays_unexpected PASSED [ 66%]
tests/test_anvil_report.py::test_expected_failed_not_counted_as_unexpected_for_exit_code PASSED [ 67%]
tests/test_anvil_report.py::test_expected_failed_feature_breakdown PASSED [ 68%]
tests/test_anvil_report.py::test_expected_failed_not_in_expected_skipped PASSED [ 69%]
tests/test_anvil_server.py::test_write_run_metadata_records_command_and_git PASSED [ 70%]
tests/test_anvil_server.py::test_main_writes_run_metadata_before_launching_tls_anvil PASSED [ 71%]
tests/test_anvil_server.py::test_snapshot_logs_returns_empty_for_missing_or_empty_dir PASSED [ 72%]
tests/test_anvil_server.py::test_copy_new_logs_copies_only_new_or_changed_files PASSED [ 73%]
tests/test_anvil_server.py::test_copy_new_logs_ignores_missing_source PASSED [ 74%]
tests/test_anvil_server.py::test_copy_new_logs_ignores_unchanged_files PASSED [ 75%]
tests/test_anvil_server.py::test_chain_provider_provenance_detects_patched_artifact PASSED [ 76%]
tests/test_anvil_server.py::test_chain_provider_provenance_detects_unpatched_and_stale_artifacts PASSED [ 77%]
tests/test_anvil_server.py::test_write_run_metadata_records_chain_provider_provenance PASSED [ 78%]
tests/test_anvil_server.py::test_validity_adapter_provenance_detects_patched_artifact PASSED [ 79%]
tests/test_anvil_server.py::test_validity_adapter_provenance_detects_unpatched_tampered_and_stale PASSED [ 80%]
tests/test_anvil_server.py::test_write_run_metadata_records_validity_adapter_provenance PASSED [ 81%]
tests/test_tls13.py::test_tls13_handshake_and_application_echo PASSED    [ 82%]
tests/test_tls13.py::test_tls13_aes256_gcm_echo PASSED                   [ 83%]
tests/test_tls13.py::test_tls13_chacha20_poly1305_echo PASSED            [ 84%]
tests/test_tls13.py::test_tls13_keyupdate_update_requested PASSED        [ 85%]
tests/test_tls13.py::test_tls13_corrupted_app_data_record_is_rejected PASSED [ 86%]
tests/test_tls13.py::test_tls13_rejects_truncated_keyupdate PASSED       [ 87%]
tests/test_tls13.py::test_tls13_rejects_invalid_keyupdate_request PASSED [ 88%]
tests/test_tls13.py::test_tls13_oversized_record_is_rejected PASSED      [ 89%]
tests/test_tls13.py::test_tls13_close_notify_before_handshake PASSED     [ 90%]
tests/test_tls13.py::test_tls13_rejects_garbage_pre_handshake PASSED     [ 91%]
tests/test_tls13.py::test_tls13_rejects_finished_before_handshake PASSED [ 92%]
tests/test_tls13.py::test_tls13_rejects_truncated_client_hello_record PASSED [ 93%]
tests/test_tls13.py::test_tls13_rejects_empty_client_hello_record PASSED [ 94%]
tests/test_tls13.py::test_tls13_rejects_truncated_key_share_extension PASSED [ 95%]
tests/test_tls13.py::test_tls13_rejects_unshared_alpn PASSED             [ 96%]
tests/test_tls13.py::test_tls13_rejects_unsupported_cipher_suite PASSED  [ 97%]
tests/test_tls13_mlkem.py::test_upstream_tls13_mlkem_matrix PASSED       [ 98%]
tests/test_tlsanvil.py::test_tls_anvil_cli_dependencies_are_installed PASSED [ 99%]
tests/test_tlsanvil.py::test_tls_anvil_skip_list_uses_github_issue_refs PASSED [100%]

============================= 102 passed in 4.43s ==============================
just anvil-report-test
uv run pytest -q tests/test_anvil_report.py
.............................................                            [100%]
45 passed in 1.68s
just anvil-adapter-test
uv run pytest -q tests/test_anvil_adapter.py
...............                                                          [100%]
15 passed in 0.70s
just anvil-server-test
uv run pytest -q tests/test_anvil_server.py
............                                                             [100%]
12 passed in 0.05s
just anvil-client-test
uv run pytest -q tests/test_anvil_client.py
...........                                                              [100%]
11 passed in 0.22s
just anvil-chain-patch-test
zig build
patched X509CertificateChainProvider (basicConstraints cA) into /Users/matt/code/ztls/conformance/zig-out/tools/lib/tls-test-framework-1.5.0.jar
patched DateTimeAdapter (JAXB validity serialization) into /Users/matt/code/ztls/conformance/zig-out/tools/lib/x509-attacker-4.3.10.jar
bash scripts/anvil-chain-provider-patch/probe.sh
Note: /Users/matt/code/ztls/conformance/scripts/anvil-chain-provider-patch/ValidityRoundTripProbe.java uses or overrides a deprecated API.
Note: Recompile with -Xlint:deprecation for details.
code_source=file:/Users/matt/code/ztls/conformance/zig-out/tools/lib/tls-test-framework-1.5.0.jar
leaf_public_key_types=[dsa, ecdh_ecdsa, rsa, rsaes_oaep, rsassa_pss]
leaf_rsa_modulus_bits=[1024, 2048, 4096]
PROBE_OK signing-cert configs carry critical basicConstraints cA=true
config_code_source=file:/Users/matt/code/ztls/conformance/zig-out/tools/lib/x509-attacker-4.3.10.jar
ok   X509CertificateConfig loaded from installed x509-attacker-4.3.10.jar
adapter_code_source=file:/Users/matt/code/ztls/conformance/zig-out/tools/lib/x509-attacker-4.3.10.jar
ok   DateTimeAdapter loaded from installed x509-attacker-4.3.10.jar
ok   package-level @XmlJavaTypeAdapter(DateTimeAdapter) is effective
ok   unmarshal(null) returns null
ok   marshal(null) returns null
ok   adapter round trip preserves millis and +03:00 offset: 2019-07-06T05:06:07.891+03:00
ok   unmarshal(malformed string) throws IllegalArgumentException
ok   provider chain has leaf and signing configs
ok   baseline cert 0 notBefore is 2026: 2026-01-01T00:00:00.000Z
ok   baseline cert 0 notAfter is 2028: 2028-01-01T00:00:00.000Z
ok   baseline cert 1 notBefore is 2026: 2026-01-01T00:00:00.000Z
ok   baseline cert 1 notAfter is 2028: 2028-01-01T00:00:00.000Z
ok   createCopy x3 default window: all chain configs survive
ok   createCopy x3 default window: cert 0 notBefore preserved: 2026-01-01T00:00:00.000Z
ok   createCopy x3 default window: cert 0 notAfter preserved: 2028-01-01T00:00:00.000Z
ok   createCopy x3 default window: cert 1 notBefore preserved: 2026-01-01T00:00:00.000Z
ok   createCopy x3 default window: cert 1 notAfter preserved: 2028-01-01T00:00:00.000Z
ok   createCopy default window: built both chain certificates
ok   createCopy default window: DER cert 0 notBefore=Wed Dec 31 16:00:00 PST 2025 matches config 2026-01-01T00:00:00.000Z
ok   createCopy default window: DER cert 0 notAfter=Fri Dec 31 16:00:00 PST 2027 matches config 2028-01-01T00:00:00.000Z
ok   createCopy default window: DER cert 1 notBefore=Wed Dec 31 16:00:00 PST 2025 matches config 2026-01-01T00:00:00.000Z
ok   createCopy default window: DER cert 1 notAfter=Fri Dec 31 16:00:00 PST 2027 matches config 2028-01-01T00:00:00.000Z
ok   ConfigIO default window: all chain configs survive
ok   ConfigIO default window: cert 0 notBefore preserved: 2026-01-01T00:00:00.000Z
ok   ConfigIO default window: cert 0 notAfter preserved: 2028-01-01T00:00:00.000Z
ok   ConfigIO default window: cert 1 notBefore preserved: 2026-01-01T00:00:00.000Z
ok   ConfigIO default window: cert 1 notAfter preserved: 2028-01-01T00:00:00.000Z
ok   ConfigIO default window: built both chain certificates
ok   ConfigIO default window: DER cert 0 notBefore=Wed Dec 31 16:00:00 PST 2025 matches config 2026-01-01T00:00:00.000Z
ok   ConfigIO default window: DER cert 0 notAfter=Fri Dec 31 16:00:00 PST 2027 matches config 2028-01-01T00:00:00.000Z
ok   ConfigIO default window: DER cert 1 notBefore=Wed Dec 31 16:00:00 PST 2025 matches config 2026-01-01T00:00:00.000Z
ok   ConfigIO default window: DER cert 1 notAfter=Fri Dec 31 16:00:00 PST 2027 matches config 2028-01-01T00:00:00.000Z
ok   createCopy x3 custom windows: all chain configs survive
ok   createCopy x3 custom windows: cert 0 notBefore preserved: 2019-07-06T05:06:07.891+03:00
ok   createCopy x3 custom windows: cert 0 notAfter preserved: 2031-02-03T04:05:06.789-09:30
ok   createCopy x3 custom windows: cert 1 notBefore preserved: 2018-03-04T05:06:07.000Z
ok   createCopy x3 custom windows: cert 1 notAfter preserved: 2019-12-31T23:59:59.000Z
ok   createCopy custom windows: built both chain certificates
ok   createCopy custom windows: DER cert 0 notBefore=Fri Jul 05 19:06:07 PDT 2019 matches config 2019-07-06T05:06:07.891+03:00
ok   createCopy custom windows: DER cert 0 notAfter=Mon Feb 03 05:35:06 PST 2031 matches config 2031-02-03T04:05:06.789-09:30
ok   createCopy custom windows: DER cert 1 notBefore=Sat Mar 03 21:06:07 PST 2018 matches config 2018-03-04T05:06:07.000Z
ok   createCopy custom windows: DER cert 1 notAfter=Tue Dec 31 15:59:59 PST 2019 matches config 2019-12-31T23:59:59.000Z
ok   ConfigIO custom windows: all chain configs survive
ok   ConfigIO custom windows: cert 0 notBefore preserved: 2019-07-06T05:06:07.891+03:00
ok   ConfigIO custom windows: cert 0 notAfter preserved: 2031-02-03T04:05:06.789-09:30
ok   ConfigIO custom windows: cert 1 notBefore preserved: 2018-03-04T05:06:07.000Z
ok   ConfigIO custom windows: cert 1 notAfter preserved: 2019-12-31T23:59:59.000Z
ok   ConfigIO custom windows: built both chain certificates
ok   ConfigIO custom windows: DER cert 0 notBefore=Fri Jul 05 19:06:07 PDT 2019 matches config 2019-07-06T05:06:07.891+03:00
ok   ConfigIO custom windows: DER cert 0 notAfter=Mon Feb 03 05:35:06 PST 2031 matches config 2031-02-03T04:05:06.789-09:30
ok   ConfigIO custom windows: DER cert 1 notBefore=Sat Mar 03 21:06:07 PST 2018 matches config 2018-03-04T05:06:07.000Z
ok   ConfigIO custom windows: DER cert 1 notAfter=Tue Dec 31 15:59:59 PST 2019 matches config 2019-12-31T23:59:59.000Z
ok   future window: all chain configs survive
ok   future window: cert 0 notBefore preserved: 2040-01-01T00:00:00.000Z
ok   future window: cert 0 notAfter preserved: 2041-01-01T00:00:00.000Z
ok   future window: cert 1 notBefore preserved: 2018-03-04T05:06:07.000Z
ok   future window: cert 1 notAfter preserved: 2019-12-31T23:59:59.000Z
ok   future window: built both chain certificates
ok   future window: DER cert 0 notBefore=Sat Dec 31 16:00:00 PST 2039 matches config 2040-01-01T00:00:00.000Z
ok   future window: DER cert 0 notAfter=Mon Dec 31 16:00:00 PST 2040 matches config 2041-01-01T00:00:00.000Z
ok   future window: DER cert 1 notBefore=Sat Mar 03 21:06:07 PST 2018 matches config 2018-03-04T05:06:07.000Z
ok   future window: DER cert 1 notAfter=Tue Dec 31 15:59:59 PST 2019 matches config 2019-12-31T23:59:59.000Z
PASS validity round trip
